Date,Open,High,Low,Close,Volume,Dividends,Stock Splits
1973-01-02,14.967350006103516,14.967350006103516,14.967350006103516,14.967350006103516,0,0.0,0.0
1973-01-03,15.032715797424316,15.032715797424316,15.032715797424316,15.032715797424316,0,0.0,0.0
1973-01-04,14.85841464996338,14.85841464996338,14.85841464996338,14.85841464996338,0,0.0,0.0
1973-01-05,14.945573806762695,14.945573806762695,14.945573806762695,14.945573806762695,0,0.0,0.0
1973-01-08,14.901994705200195,14.901994705200195,14.901994705200195,14.901994705200195,0,0.0,0.0
1973-01-09,14.989144325256348,14.989144325256348,14.989144325256348,14.989144325256348,0,0.0,0.0
1973-01-11,15.09807300567627,15.09807300567627,15.09807300567627,15.09807300567627,0,0.0,0.0
1973-01-12,15.119861602783203,15.119861602783203,15.119861602783203,15.119861602783203,0,0.0,0.0
1973-01-15,15.163437843322754,15.163437843322754,15.163437843322754,15.163437843322754,0,0.0,0.0
1973-01-16,14.923783302307127,14.923783302307127,14.923783302307127,14.923783302307127,0,0.0,0.0
1973-01-17,14.684123992919922,14.684123992919922,14.684123992919922,14.684123992919922,0,0.0,0.0
1973-01-18,14.5969820022583,14.5969820022583,14.5969820022583,14.5969820022583,0,0.0,0.0
1973-01-19,14.400908470153809,14.400908470153809,14.400908470153809,14.400908470153809,0,0.0,0.0
1973-01-22,14.422690391540527,14.422690391540527,14.422690391540527,14.422690391540527,0,0.0,0.0
1973-01-23,14.509839057922363,14.509839057922363,14.509839057922363,14.509839057922363,0,0.0,0.0
1973-01-26,14.03052806854248,14.03052806854248,14.03052806854248,14.03052806854248,0,0.0,0.0
1973-01-29,13.594803810119627,13.594803810119627,13.594803810119627,13.594803810119627,0,0.0,0.0
1973-01-31,13.638378143310549,13.638378143310549,13.638378143310549,13.638378143310549,0,0.0,0.0
1973-02-02,13.573023796081545,13.573023796081545,13.573023796081545,13.573023796081545,0,0.0,0.0
1973-02-08,13.442294120788574,13.442294120788574,13.442294120788574,13.442294120788574,0,0.0,0.0
1973-02-09,13.507655143737791,13.507655143737791,13.507655143737791,13.507655143737791,0,0.0,0.0
1973-02-12,13.681941986083984,13.681941986083984,13.681941986083984,13.681941986083984,0,0.0,0.0
1973-02-13,13.856241226196287,13.856241226196287,13.856241226196287,13.856241226196287,0,0.0,0.0
1973-02-14,13.61659336090088,13.61659336090088,13.61659336090088,13.61659336090088,0,0.0,0.0
1973-02-15,13.289790153503418,13.289790153503418,13.289790153503418,13.289790153503418,0,0.0,0.0
1973-02-16,13.311573028564451,13.311573028564451,13.311573028564451,13.311573028564451,0,0.0,0.0
1973-02-20,13.420509338378906,13.420509338378906,13.420509338378906,13.420509338378906,0,0.0,0.0
1973-02-21,13.333362579345703,13.333362579345703,13.333362579345703,13.333362579345703,0,0.0,0.0
1973-02-23,13.093711853027344,13.093711853027344,13.093711853027344,13.093711853027344,0,0.0,0.0
1973-02-26,13.02834701538086,13.02834701538086,13.02834701538086,13.02834701538086,0,0.0,0.0
1973-02-27,12.48369026184082,12.48369026184082,12.48369026184082,12.48369026184082,0,0.0,0.0
1973-02-28,12.461902618408203,12.461902618408203,12.461902618408203,12.461902618408203,0,0.0,0.0
1973-03-02,12.657973289489746,12.657973289489746,12.657973289489746,12.657973289489746,0,0.0,0.0
1973-03-05,12.72334098815918,12.72334098815918,12.72334098815918,12.72334098815918,0,0.0,0.0
1973-03-12,13.376933097839355,13.376933097839355,13.376933097839355,13.376933097839355,0,0.0,0.0
1973-03-13,13.398719787597656,13.398719787597656,13.398719787597656,13.398719787597656,0,0.0,0.0
1973-03-19,13.13727855682373,13.13727855682373,13.13727855682373,13.13727855682373,0,0.0,0.0
1973-03-21,12.832275390625,12.832275390625,12.832275390625,12.832275390625,0,0.0,0.0
1973-03-23,12.505474090576172,12.505474090576172,12.505474090576172,12.505474090576172,0,0.0,0.0
1973-03-27,12.614408493041992,12.614408493041992,12.614408493041992,12.614408493041992,0,0.0,0.0
1973-03-28,13.071927070617676,13.071927070617676,13.071927070617676,13.071927070617676,0,0.0,0.0
1973-03-30,13.159072875976562,13.159072875976562,13.159072875976562,13.159072875976562,0,0.0,0.0
1973-04-02,12.897631645202637,12.897631645202637,12.897631645202637,12.897631645202637,0,0.0,0.0
1973-04-03,12.766913414001465,12.766913414001465,12.766913414001465,12.766913414001465,0,0.0,0.0
1973-04-04,12.33117389678955,12.33117389678955,12.33117389678955,12.33117389678955,0,0.0,0.0
1973-04-06,12.54904556274414,12.54904556274414,12.54904556274414,12.54904556274414,0,0.0,0.0
1973-04-16,12.74512767791748,12.74512767791748,12.74512767791748,12.74512767791748,0,0.0,0.0
1973-04-19,12.592617988586426,12.592617988586426,12.592617988586426,12.592617988586426,0,0.0,0.0
1973-04-23,12.440113067626951,12.440113067626951,12.440113067626951,12.440113067626951,0,0.0,0.0
1973-04-24,12.24403476715088,12.24403476715088,12.24403476715088,12.24403476715088,0,0.0,0.0
1973-04-25,12.156893730163574,12.156893730163574,12.156893730163574,12.156893730163574,0,0.0,0.0
1973-04-26,12.069746971130373,12.069746971130373,12.069746971130373,12.069746971130373,0,0.0,0.0
1973-04-27,11.939022064208984,11.939022064208984,11.939022064208984,11.939022064208984,0,0.0,0.0
1973-04-30,11.89544677734375,11.89544677734375,11.89544677734375,11.89544677734375,0,0.0,0.0
1973-05-01,11.67758560180664,11.67758560180664,11.67758560180664,11.67758560180664,0,0.0,0.0
1973-05-02,11.742938995361328,11.742938995361328,11.742938995361328,11.742938995361328,0,0.0,0.0
1973-05-04,12.11331558227539,12.11331558227539,12.11331558227539,12.11331558227539,0,0.0,0.0
1973-05-08,11.78651237487793,11.78651237487793,11.78651237487793,11.78651237487793,0,0.0,0.0
1973-05-09,11.721160888671877,11.721160888671877,11.721160888671877,11.721160888671877,0,0.0,0.0
1973-05-10,11.61221981048584,11.61221981048584,11.61221981048584,11.61221981048584,0,0.0,0.0
1973-05-11,11.48149871826172,11.48149871826172,11.48149871826172,11.48149871826172,0,0.0,0.0
1973-05-14,10.762551307678224,10.762551307678224,10.762551307678224,10.762551307678224,0,0.0,0.0
1973-05-15,10.806118965148926,10.806118965148926,10.806118965148926,10.806118965148926,0,0.0,0.0
1973-05-16,10.849698066711426,10.849698066711426,10.849698066711426,10.849698066711426,0,0.0,0.0
1973-05-18,10.522894859313965,10.522894859313965,10.522894859313965,10.522894859313965,0,0.0,0.0
1973-05-21,10.479326248168944,10.479326248168944,10.479326248168944,10.479326248168944,0,0.0,0.0
1973-05-23,10.675403594970703,10.675403594970703,10.675403594970703,10.675403594970703,0,0.0,0.0
1973-05-25,11.590438842773438,11.590438842773438,11.590438842773438,11.590438842773438,0,0.0,0.0
1973-05-29,11.372575759887695,11.372575759887695,11.372575759887695,11.372575759887695,0,0.0,0.0
1973-06-01,10.63183307647705,10.63183307647705,10.63183307647705,10.63183307647705,0,0.0,0.0
1973-06-06,10.69719409942627,10.69719409942627,10.69719409942627,10.69719409942627,0,0.0,0.0
1973-06-07,10.82790756225586,10.82790756225586,10.82790756225586,10.82790756225586,0,0.0,0.0
1973-06-08,11.132920265197754,11.132920265197754,11.132920265197754,11.132920265197754,0,0.0,0.0
1973-06-11,11.111141204833984,11.111141204833984,11.111141204833984,11.111141204833984,0,0.0,0.0
1973-06-12,11.764737129211426,11.764737129211426,11.764737129211426,11.764737129211426,0,0.0,0.0
1973-06-14,11.546860694885254,11.546860694885254,11.546860694885254,11.546860694885254,0,0.0,0.0
1973-06-15,11.220067977905272,11.220067977905272,11.220067977905272,11.220067977905272,0,0.0,0.0
1973-06-18,10.980416297912598,10.980416297912598,10.980416297912598,10.980416297912598,0,0.0,0.0
1973-06-19,11.023990631103516,11.023990631103516,11.023990631103516,11.023990631103516,0,0.0,0.0
1973-06-22,11.328999519348145,11.328999519348145,11.328999519348145,11.328999519348145,0,0.0,0.0
1973-06-25,10.915059089660645,10.915059089660645,10.915059089660645,10.915059089660645,0,0.0,0.0
1973-06-26,11.24185276031494,11.24185276031494,11.24185276031494,11.24185276031494,0,0.0,0.0
1973-06-27,11.285430908203123,11.285430908203123,11.285430908203123,11.285430908203123,0,0.0,0.0
1973-06-28,11.394360542297363,11.394360542297363,11.394360542297363,11.394360542297363,0,0.0,0.0
1973-07-05,11.503289222717283,11.503289222717283,11.503289222717283,11.503289222717283,0,0.0,0.0
1973-07-09,12.374744415283203,12.374744415283203,12.374744415283203,12.374744415283203,0,0.0,0.0
1973-07-11,12.984782218933104,12.984782218933104,12.984782218933104,12.984782218933104,0,0.0,0.0
1973-07-12,12.875847816467283,12.875847816467283,12.875847816467283,12.875847816467283,0,0.0,0.0
1973-07-13,12.91942024230957,12.91942024230957,12.91942024230957,12.91942024230957,0,0.0,0.0
1973-07-20,14.204826354980469,14.204826354980469,14.204826354980469,14.204826354980469,0,0.0,0.0
1973-07-25,13.986958503723145,13.986958503723145,13.986958503723145,13.986958503723145,0,0.0,0.0
1973-07-26,13.943387985229492,13.943387985229492,13.943387985229492,13.943387985229492,0,0.0,0.0
1973-07-27,13.89981460571289,13.89981460571289,13.89981460571289,13.89981460571289,0,0.0,0.0
1973-07-30,13.812664985656738,13.812664985656738,13.812664985656738,13.812664985656738,0,0.0,0.0
1973-07-31,13.834449768066406,13.834449768066406,13.834449768066406,13.834449768066406,0,0.0,0.0
1973-08-01,13.46408748626709,13.46408748626709,13.46408748626709,13.46408748626709,0,0.0,0.0
1973-08-03,13.246219635009766,13.246219635009766,13.246219635009766,13.246219635009766,0,0.0,0.0
1973-08-07,13.551227569580078,13.551227569580078,13.551227569580078,13.551227569580078,0,0.0,0.0
1973-08-13,13.769097328186035,13.769097328186035,13.769097328186035,13.769097328186035,0,0.0,0.0
1973-08-14,13.725513458251951,13.725513458251951,13.725513458251951,13.725513458251951,0,0.0,0.0
1973-08-31,14.117680549621582,14.117680549621582,14.117680549621582,14.117680549621582,0,0.0,0.0
1973-09-04,14.640560150146484,14.640560150146484,14.640560150146484,14.640560150146484,0,0.0,0.0
1973-09-07,15.337716102600098,15.337716102600098,15.337716102600098,15.337716102600098,0,0.0,0.0
1973-09-17,14.074102401733398,14.074102401733398,14.074102401733398,14.074102401733398,0,0.0,0.0
1973-09-27,14.727699279785156,14.727699279785156,14.727699279785156,14.727699279785156,0,0.0,0.0
1973-10-08,14.553407669067385,14.553407669067385,14.553407669067385,14.553407669067385,0,0.0,0.0
1973-10-24,15.207001686096191,15.207001686096191,15.207001686096191,15.207001686096191,0,0.0,0.0
1973-10-25,15.25058364868164,15.25058364868164,15.25058364868164,15.25058364868164,0,0.0,0.0
1973-11-05,14.291975021362305,14.291975021362305,14.291975021362305,14.291975021362305,0,0.0,0.0
1973-11-08,14.16124439239502,14.16124439239502,14.16124439239502,14.16124439239502,0,0.0,0.0
1973-11-19,12.679764747619627,12.679764747619627,12.679764747619627,12.679764747619627,0,0.0,0.0
1973-11-20,12.810490608215332,12.810490608215332,12.810490608215332,12.810490608215332,0,0.0,0.0
1973-11-26,12.941204071044922,12.941204071044922,12.941204071044922,12.941204071044922,0,0.0,0.0
1973-12-13,12.418326377868652,12.418326377868652,12.418326377868652,12.418326377868652,0,0.0,0.0
1973-12-17,11.982598304748535,11.982598304748535,11.982598304748535,11.982598304748535,0,0.0,0.0
1973-12-18,12.200458526611328,12.200458526611328,12.200458526611328,12.200458526611328,0,0.0,0.0
1973-12-21,12.026167869567873,12.026167869567873,12.026167869567873,12.026167869567873,0,0.0,0.0
1973-12-26,12.287605285644531,12.287605285644531,12.287605285644531,12.287605285644531,0,0.0,0.0
1974-01-17,12.854056358337402,12.854056358337402,12.854056358337402,12.854056358337402,0,0.0,0.0
1974-01-28,13.115501403808594,13.115501403808594,13.115501403808594,13.115501403808594,0,0.0,0.0
1974-02-11,11.0675630569458,11.0675630569458,11.0675630569458,11.0675630569458,0,0.0,0.0
1974-03-19,11.851874351501465,11.851874351501465,11.851874351501465,11.851874351501465,0,0.0,0.0
1974-03-20,11.808302879333496,11.808302879333496,11.808302879333496,11.808302879333496,0,0.0,0.0
1974-04-01,11.873659133911133,11.873659133911133,11.873659133911133,11.873659133911133,0,0.0,1.25
1974-04-04,12.472792625427246,12.472792625427246,12.472792625427246,12.472792625427246,0,0.0,0.0
1974-04-05,12.309389114379885,12.309389114379885,12.309389114379885,12.309389114379885,0,0.0,0.0
1974-04-08,12.091525077819824,12.091525077819824,12.091525077819824,12.091525077819824,0,0.0,0.0
1974-04-09,12.254926681518556,12.254926681518556,12.254926681518556,12.254926681518556,0,0.0,0.0
1974-04-16,12.363861083984377,12.363861083984377,12.363861083984377,12.363861083984377,0,0.0,0.0
1974-04-19,12.03706169128418,12.03706169128418,12.03706169128418,12.03706169128418,0,0.0,0.0
1974-04-25,11.274534225463867,11.274534225463867,11.274534225463867,11.274534225463867,0,0.0,0.0
1974-04-30,11.655803680419922,11.655803680419922,11.655803680419922,11.655803680419922,0,0.0,0.0
1974-05-01,11.819198608398438,11.819198608398438,11.819198608398438,11.819198608398438,0,0.0,0.0
1974-05-02,11.92812728881836,11.92812728881836,11.92812728881836,11.92812728881836,0,0.0,0.0
1974-05-10,10.348605155944824,10.348605155944824,10.348605155944824,10.348605155944824,0,0.0,0.0
1974-05-13,10.23967170715332,10.23967170715332,10.23967170715332,10.23967170715332,0,0.0,0.0
1974-05-14,10.511998176574709,10.511998176574709,10.511998176574709,10.511998176574709,0,0.0,0.0
1974-05-15,10.403070449829102,10.403070449829102,10.403070449829102,10.403070449829102,0,0.0,0.0
1974-05-17,9.912880897521973,9.912880897521973,9.912880897521973,9.912880897521973,0,0.0,0.0
1974-05-21,9.9673433303833,9.9673433303833,9.9673433303833,9.9673433303833,0,0.0,0.0
1974-05-23,10.130742073059082,10.130742073059082,10.130742073059082,10.130742073059082,0,0.0,0.0
1974-05-29,9.640545845031738,9.640545845031738,9.640545845031738,9.640545845031738,0,0.0,0.0
1974-05-31,9.531609535217283,9.531609535217283,9.531609535217283,9.531609535217283,0,0.0,0.0
1974-06-03,9.858410835266112,9.858410835266112,9.858410835266112,9.858410835266112,0,0.0,0.0
1974-06-04,10.56647491455078,10.56647491455078,10.56647491455078,10.56647491455078,0,0.0,0.0
1974-06-05,10.893266677856444,10.893266677856444,10.893266677856444,10.893266677856444,0,0.0,0.0
1974-06-06,10.78432846069336,10.78432846069336,10.78432846069336,10.78432846069336,0,0.0,0.0
1974-06-07,10.94773769378662,10.94773769378662,10.94773769378662,10.94773769378662,0,0.0,0.0
1974-06-11,11.601341247558594,11.601341247558594,11.601341247558594,11.601341247558594,0,0.0,0.0
1974-06-13,11.873659133911133,11.873659133911133,11.873659133911133,11.873659133911133,0,0.0,0.0
1974-06-17,11.165597915649414,11.165597915649414,11.165597915649414,11.165597915649414,0,0.0,0.0
1974-06-19,10.620938301086426,10.620938301086426,10.620938301086426,10.620938301086426,0,0.0,0.0
1974-06-24,10.72987461090088,10.72987461090088,10.72987461090088,10.72987461090088,0,0.0,0.0
1974-07-01,10.021806716918944,10.021806716918944,10.021806716918944,10.021806716918944,0,0.0,0.0
1974-07-02,9.749479293823242,9.749479293823242,9.749479293823242,9.749479293823242,0,0.0,0.0
1974-07-05,9.695008277893066,9.695008277893066,9.695008277893066,9.695008277893066,0,0.0,0.0
1974-07-08,9.150345802307127,9.150345802307127,9.150345802307127,9.150345802307127,0,0.0,0.0
1974-07-09,8.769084930419922,8.769084930419922,8.769084930419922,8.769084930419922,0,0.0,0.0
1974-07-10,8.387819290161133,8.387819290161133,8.387819290161133,8.387819290161133,0,0.0,0.0
1974-07-11,8.442283630371094,8.442283630371094,8.442283630371094,8.442283630371094,0,0.0,0.0
1974-07-12,8.714616775512695,8.714616775512695,8.714616775512695,8.714616775512695,0,0.0,0.0
1974-07-18,8.986945152282715,8.986945152282715,8.986945152282715,8.986945152282715,0,0.0,0.0
1974-07-19,8.878018379211426,8.878018379211426,8.878018379211426,8.878018379211426,0,0.0,0.0
1974-07-23,9.47714614868164,9.47714614868164,9.47714614868164,9.47714614868164,0,0.0,0.0
1974-07-26,9.803947448730469,9.803947448730469,9.803947448730469,9.803947448730469,0,0.0,0.0
1974-07-29,9.58608055114746,9.58608055114746,9.58608055114746,9.58608055114746,0,0.0,0.0
1974-08-02,9.259278297424316,9.259278297424316,9.259278297424316,9.259278297424316,0,0.0,0.0
1974-08-05,8.932482719421387,8.932482719421387,8.932482719421387,8.932482719421387,0,0.0,0.0
1974-08-08,8.278885841369629,8.278885841369629,8.278885841369629,8.278885841369629,0,0.0,0.0
1974-08-09,8.224418640136719,8.224418640136719,8.224418640136719,8.224418640136719,0,0.0,0.0
1974-08-13,8.11549186706543,8.11549186706543,8.11549186706543,8.11549186706543,0,0.0,0.0
1974-08-14,8.006552696228027,8.006552696228027,8.006552696228027,8.006552696228027,0,0.0,0.0
1974-08-15,8.061023712158203,8.061023712158203,8.061023712158203,8.061023712158203,0,0.0,0.0
1974-08-16,7.843151092529297,7.843151092529297,7.843151092529297,7.843151092529297,0,0.0,0.0
1974-08-19,7.897619724273681,7.897619724273681,7.897619724273681,7.897619724273682,0,0.0,0.0
1974-08-21,7.4618916511535645,7.4618916511535645,7.4618916511535645,7.4618916511535645,0,0.0,0.0
1974-08-22,7.08062219619751,7.08062219619751,7.08062219619751,7.08062219619751,0,0.0,0.0
1974-08-23,6.31809663772583,6.31809663772583,6.31809663772583,6.31809663772583,0,0.0,0.0
1974-08-26,6.644895076751709,6.644895076751709,6.644895076751709,6.644895076751709,0,0.0,0.0
1974-08-27,6.699359893798828,6.699359893798828,6.699359893798828,6.699359893798828,0,0.0,0.0
1974-08-29,6.209163188934326,6.209163188934326,6.209163188934326,6.209163188934326,0,0.0,0.0
1974-09-03,5.610034942626953,5.610034942626953,5.610034942626953,5.610034942626953,0,0.0,0.0
1974-09-04,5.718965530395508,5.718965530395508,5.718965530395508,5.718965530395508,0,0.0,0.0
1974-09-05,5.773430347442627,5.773430347442627,5.773430347442627,5.773430347442627,0,0.0,0.0
1974-09-06,5.936829566955566,5.936829566955566,5.936829566955566,5.936829566955566,0,0.0,0.0
1974-09-09,5.228768825531006,5.228768825531006,5.228768825531006,5.228768825531006,0,0.0,0.0
1974-09-10,5.392164707183838,5.392164707183838,5.392164707183838,5.392164707183838,0,0.0,0.0
1974-09-11,5.664499759674072,5.664499759674072,5.664499759674072,5.664499759674072,0,0.0,0.0
1974-09-17,5.991299152374268,5.991299152374268,5.991299152374268,5.991299152374268,0,0.0,0.0
1974-09-18,5.882368564605713,5.882368564605713,5.882368564605713,5.882368564605713,0,0.0,0.0
1974-09-19,6.7538275718688965,6.7538275718688965,6.7538275718688965,6.7538275718688965,0,0.0,0.0
1974-09-24,6.481495380401611,6.481495380401611,6.481495380401611,6.481495380401611,0,0.0,0.0
1974-10-07,6.263628482818604,6.263628482818604,6.263628482818604,6.263628482818604,0,0.0,0.0
1974-10-09,6.590427398681641,6.590427398681641,6.590427398681641,6.590427398681641,0,0.0,0.0
1974-10-10,6.917223930358887,6.917223930358887,6.917223930358887,6.917223930358887,0,0.0,0.0
1974-10-11,7.189558506011963,7.189558506011963,7.189558506011963,7.189558506011963,0,0.0,0.0
1974-10-14,6.971693992614746,6.971693992614746,6.971693992614746,6.971693992614746,0,0.0,0.0
1974-10-16,6.427028179168701,6.427028179168701,6.427028179168701,6.427028179168701,0,0.0,0.0
1974-10-21,8.33335018157959,8.33335018157959,8.33335018157959,8.33335018157959,0,0.0,0.0
1974-10-25,8.605682373046875,8.605682373046875,8.605682373046875,8.605682373046875,0,0.0,0.0
1974-10-28,8.496752738952637,8.496752738952637,8.496752738952637,8.496752738952637,0,0.0,0.0
1974-10-29,9.368210792541504,9.368210792541504,9.368210792541504,9.368210792541504,0,0.0,0.0
1974-11-04,9.041411399841309,9.041411399841309,9.041411399841309,9.041411399841309,0,0.0,0.0
1974-11-06,9.313748359680176,9.313748359680176,9.313748359680176,9.313748359680176,0,0.0,0.0
1974-11-08,9.422677993774414,9.422677993774414,9.422677993774414,9.422677993774414,0,0.0,0.0
1974-11-22,8.660151481628418,8.660151481628418,8.660151481628418,8.660151481628418,0,0.0,0.0
1974-11-29,8.551220893859863,8.551220893859863,8.551220893859863,8.551220893859863,0,0.0,0.0
1974-12-23,8.823548316955566,8.823548316955566,8.823548316955566,8.823548316955566,0,0.0,0.0
1975-01-14,9.095879554748535,9.095879554748535,9.095879554748535,9.095879554748535,0,0.0,0.0
1975-02-04,9.20481300354004,9.20481300354004,9.20481300354004,9.20481300354004,0,0.0,0.0
1975-03-11,10.07627773284912,10.07627773284912,10.07627773284912,10.07627773284912,0,0.0,0.0
1975-03-20,10.18520736694336,10.18520736694336,10.18520736694336,10.18520736694336,0,0.0,0.0
1975-03-21,10.294139862060549,10.294139862060549,10.294139862060549,10.294139862060549,0,0.0,0.0
1975-03-31,10.457537651062012,10.457537651062012,10.457537651062012,10.457537651062012,0,0.0,0.0
1975-04-14,11.002199172973633,11.002199172973633,11.002199172973633,11.002199172973633,0,0.0,0.0
1975-04-17,11.437931060791016,11.437931060791016,11.437931060791016,11.437931060791016,0,0.0,0.0
1975-05-01,12.146000862121582,12.146000862121582,12.146000862121582,12.146000862121582,0,0.0,0.0
1975-05-05,12.527256965637209,12.527256965637209,12.527256965637209,12.527256965637209,0,0.0,0.0
1975-05-07,12.799593925476074,12.799593925476074,12.799593925476074,12.799593925476074,0,0.0,0.0
1975-05-12,13.453189849853514,13.453189849853514,13.453189849853514,13.453189849853516,0,0.0,0.0
1975-05-19,12.63619327545166,12.63619327545166,12.63619327545166,12.63619327545166,0,0.0,0.0
1975-05-21,12.908517837524414,12.908517837524414,12.908517837524414,12.908517837524414,0,0.0,0.0
1975-05-22,13.235321998596191,13.235321998596191,13.235321998596191,13.235321998596191,0,0.0,0.0
1975-05-30,14.052323341369627,14.052323341369627,14.052323341369627,14.052323341369627,0,0.0,0.0
1975-06-02,14.106788635253906,14.106788635253906,14.106788635253906,14.106788635253906,0,0.0,0.0
1975-06-06,13.997854232788086,13.997854232788086,13.997854232788086,13.997854232788086,0,0.0,0.0
1975-06-16,13.017448425292969,13.017448425292969,13.017448425292969,13.017448425292969,0,0.0,0.0
1975-06-27,12.69065761566162,12.69065761566162,12.69065761566162,12.69065761566162,0,0.0,0.0
1975-07-09,12.962990760803224,12.962990760803224,12.962990760803224,12.962990760803224,0,0.0,0.0
1975-07-30,11.492396354675291,11.492396354675291,11.492396354675291,11.492396354675291,0,0.0,0.0
1975-08-07,11.71026611328125,11.71026611328125,11.71026611328125,11.71026611328125,0,0.0,0.0
1975-08-11,11.383469581604004,11.383469581604004,11.383469581604004,11.383469581604004,0,0.0,0.0
1975-08-14,11.056669235229492,11.056669235229492,11.056669235229492,11.056669235229492,0,0.0,0.0
1975-11-25,10.838801383972168,10.838801383972168,10.838801383972168,10.838801383972168,0,0.0,0.0
1976-06-16,9.831177711486816,9.831177711486816,9.831177711486816,9.831177711486816,0,0.0,0.0
1977-03-29,8.578449249267578,8.578449249267578,8.578449249267578,8.578449249267578,0,0.0,1.25
1977-03-30,8.306118965148926,8.306118965148926,8.306118965148926,8.306118965148926,0,0.0,0.0
1977-03-31,8.374201774597168,8.374201774597168,8.374201774597168,8.374201774597168,0,0.0,0.0
1977-04-05,8.918865203857422,8.918865203857422,8.918865203857422,8.918865203857422,0,0.0,0.0
1977-04-06,8.578449249267578,8.578449249267578,8.578449249267578,8.578449249267578,0,0.0,0.0
1977-04-07,8.51037311553955,8.51037311553955,8.51037311553955,8.51037311553955,0,0.0,0.0
1977-04-14,8.64653205871582,8.64653205871582,8.64653205871582,8.64653205871582,0,0.0,0.0
1977-04-15,8.782697677612305,8.782697677612305,8.782697677612305,8.782697677612305,0,0.0,0.0
1977-04-26,8.169951438903809,8.169951438903809,8.169951438903809,8.169951438903809,0,0.0,0.0
1977-05-05,8.850785255432129,8.850785255432129,8.850785255432129,8.850785255432129,0,0.0,0.0
1977-05-18,9.191192626953123,9.191192626953123,9.191192626953123,9.191192626953123,0,0.0,0.0
1977-05-19,9.12311840057373,9.12311840057373,9.12311840057373,9.12311840057373,0,0.0,0.0
1977-05-24,9.055028915405272,9.055028915405272,9.055028915405272,9.055028915405272,0,0.0,0.0
1977-05-25,9.327363014221191,9.327363014221191,9.327363014221191,9.327363014221191,0,0.0,0.0
1977-05-26,9.395444869995115,9.395444869995115,9.395444869995115,9.395444869995115,0,0.0,0.0
1977-06-06,9.599693298339844,9.599693298339844,9.599693298339844,9.599693298339844,0,0.0,0.0
1977-06-13,9.940107345581056,9.940107345581056,9.940107345581056,9.940107345581056,0,0.0,0.0
1977-06-14,10.008190155029297,10.008190155029297,10.008190155029297,10.008190155029297,0,0.0,0.0
1977-06-16,10.21243381500244,10.21243381500244,10.21243381500244,10.21243381500244,0,0.0,0.0
1977-06-20,10.28052043914795,10.28052043914795,10.28052043914795,10.28052043914795,0,0.0,0.0
1977-06-22,10.144356727600098,10.144356727600098,10.144356727600098,10.144356727600098,0,0.0,0.0
1977-06-24,10.55285358428955,10.55285358428955,10.55285358428955,10.55285358428955,0,0.0,0.0
1977-06-27,10.484773635864258,10.484773635864258,10.484773635864258,10.484773635864258,0,0.0,0.0
1977-06-30,10.416691780090332,10.416691780090332,10.416691780090332,10.416691780090332,0,0.0,0.0
1977-08-12,9.73586082458496,9.73586082458496,9.73586082458496,9.73586082458496,0,0.0,0.0
1977-08-16,9.667779922485352,9.667779922485352,9.667779922485352,9.667779922485352,0,0.0,0.0
1977-08-29,9.872028350830078,9.872028350830078,9.872028350830078,9.872028350830078,0,0.0,0.0
1977-12-13,10.757102012634276,10.757102012634276,10.757102012634276,10.757102012634276,0,0.0,0.0
1977-12-14,10.68901538848877,10.68901538848877,10.68901538848877,10.68901538848877,0,0.0,0.0
1977-12-28,10.961346626281738,10.961346626281738,10.961346626281738,10.961346626281738,0,0.0,0.0
1977-12-30,11.369851112365724,11.369851112365724,11.369851112365724,11.369851112365724,0,0.0,0.0
1978-01-04,10.825190544128418,10.825190544128418,10.825190544128418,10.825190544128418,0,0.0,0.0
1978-04-14,11.097518920898438,11.097518920898438,11.097518920898438,11.097518920898438,0,0.0,0.0
1978-04-17,11.30176067352295,11.30176067352295,11.30176067352295,11.30176067352295,0,0.0,0.0
1978-04-21,11.233685493469238,11.233685493469238,11.233685493469238,11.233685493469238,0,0.0,0.0
1978-04-27,11.029433250427246,11.029433250427246,11.029433250427246,11.029433250427246,0,0.0,0.0
1978-05-05,11.574102401733398,11.574102401733398,11.574102401733398,11.574102401733398,0,0.0,0.0
1978-05-11,11.642181396484377,11.642181396484377,11.642181396484377,11.642181396484377,0,0.0,0.0
1978-05-12,11.914514541625977,11.914514541625977,11.914514541625977,11.914514541625977,0,0.0,0.0
1978-05-16,12.050678253173828,12.050678253173828,12.050678253173828,12.050678253173828,0,0.0,0.0
1978-05-17,12.186838150024414,12.186838150024414,12.186838150024414,12.186838150024414,0,0.0,0.0
1978-05-30,11.506021499633787,11.506021499633787,11.506021499633787,11.506021499633787,0,0.0,0.0
1978-06-09,12.11876106262207,12.11876106262207,12.11876106262207,12.11876106262207,0,0.0,0.0
1978-06-14,11.846429824829102,11.846429824829102,11.846429824829102,11.846429824829102,0,0.0,0.0
1978-06-16,11.778347969055176,11.778347969055176,11.778347969055176,11.778347969055176,0,0.0,0.0
1978-07-21,12.323016166687012,12.323016166687012,12.323016166687012,12.323016166687012,0,0.0,0.0
1978-07-26,13.003843307495115,13.003843307495115,13.003843307495115,13.003843307495115,0,0.0,0.0
1978-07-31,13.820838928222656,13.820838928222656,13.820838928222656,13.820838928222656,0,0.0,0.0
1978-08-01,14.025089263916016,14.025089263916016,14.025089263916016,14.025089263916016,0,0.0,0.0
1978-08-02,14.501667022705078,14.501667022705078,14.501667022705078,14.501667022705078,0,0.0,0.0
1978-08-03,14.637831687927246,14.637831687927246,14.637831687927246,14.637831687927246,0,0.0,0.0
1978-08-04,14.842084884643556,14.842084884643556,14.842084884643556,14.842084884643556,0,0.0,0.0
1978-08-07,14.978251457214355,14.978251457214355,14.978251457214355,14.978251457214355,0,0.0,0.0
1978-08-08,14.774006843566896,14.774006843566896,14.774006843566896,14.774006843566896,0,0.0,0.0
1978-08-10,14.569741249084473,14.569741249084473,14.569741249084473,14.569741249084473,0,0.0,0.0
1978-08-11,14.365498542785645,14.365498542785645,14.365498542785645,14.365498542785645,0,0.0,0.0
1978-08-17,14.29741382598877,14.29741382598877,14.29741382598877,14.29741382598877,0,0.0,0.0
1978-08-21,13.752750396728516,13.752750396728516,13.752750396728516,13.752750396728516,0,0.0,0.0
1978-08-22,13.888916015625,13.888916015625,13.888916015625,13.888916015625,0,0.0,0.0
1978-08-23,14.093167304992676,14.093167304992676,14.093167304992676,14.093167304992676,0,0.0,0.0
1978-08-25,14.910165786743164,14.910165786743164,14.910165786743164,14.910165786743164,0,0.0,0.0
1978-08-28,15.0463285446167,15.0463285446167,15.0463285446167,15.0463285446167,0,0.0,0.0
1978-08-29,15.11441135406494,15.11441135406494,15.11441135406494,15.11441135406494,0,0.0,0.0
1978-09-05,15.318666458129885,15.318666458129885,15.318666458129885,15.318666458129885,0,0.0,0.0
1978-09-06,15.522908210754396,15.522908210754396,15.522908210754396,15.522908210754396,0,0.0,0.0
1978-09-08,15.727161407470703,15.727161407470703,15.727161407470703,15.727161407470703,0,0.0,0.0
1978-09-12,15.795239448547362,15.795239448547362,15.795239448547362,15.795239448547363,0,0.0,0.0
1978-09-15,15.454830169677734,15.454830169677734,15.454830169677734,15.454830169677734,0,0.0,0.0
1978-09-20,14.433585166931152,14.433585166931152,14.433585166931152,14.433585166931152,0,0.0,0.0
1978-09-26,13.957002639770508,13.957002639770508,13.957002639770508,13.957002639770508,0,0.0,0.0
1978-10-16,15.18249797821045,15.18249797821045,15.18249797821045,15.18249797821045,0,0.0,0.0
1978-10-23,13.548505783081056,13.548505783081056,13.548505783081056,13.548505783081056,0,0.0,0.0
1978-10-24,12.935762405395508,12.935762405395508,12.935762405395508,12.935762405395508,0,0.0,0.0
1978-10-25,13.20809555053711,13.20809555053711,13.20809555053711,13.20809555053711,0,0.0,0.0
1978-11-01,13.14001178741455,13.14001178741455,13.14001178741455,13.14001178741455,0,0.0,0.0
1978-11-03,13.412339210510254,13.412339210510254,13.412339210510254,13.412339210510254,0,0.0,0.0
1978-11-06,13.344253540039062,13.344253540039062,13.344253540039062,13.344253540039062,0,0.0,0.0
1978-11-27,13.276172637939451,13.276172637939451,13.276172637939451,13.276172637939451,0,0.0,0.0
1979-02-08,13.684670448303224,13.684670448303224,13.684670448303224,13.684670448303224,0,0.0,0.0
1979-03-19,13.480423927307127,13.480423927307127,13.480423927307127,13.480423927307127,0,0.0,0.0
1979-06-21,14.70590877532959,14.70590877532959,14.70590877532959,14.70590877532959,0,0.0,0.0
1979-07-13,14.229330062866213,14.229330062866213,14.229330062866213,14.229330062866213,0,0.0,0.0
1979-08-10,15.590993881225586,15.590993881225586,15.590993881225586,15.590993881225586,0,0.0,0.0
1979-08-13,15.863322257995604,15.863322257995604,15.863322257995604,15.863322257995604,0,0.0,0.0
1979-08-16,15.931400299072266,15.931400299072266,15.931400299072266,15.931400299072266,0,0.0,0.0
1979-08-22,16.067577362060547,16.067577362060547,16.067577362060547,16.067577362060547,0,0.0,0.0
1979-08-24,16.13565444946289,16.13565444946289,16.13565444946289,16.13565444946289,0,0.0,0.0
1979-08-27,16.271825790405273,16.271825790405273,16.271825790405273,16.271825790405273,0,0.0,0.0
1979-08-28,16.2037353515625,16.2037353515625,16.2037353515625,16.2037353515625,0,0.0,0.0
1979-08-30,15.999496459960938,15.999496459960938,15.999496459960938,15.999496459960938,0,0.0,0.0
1979-09-13,16.680322647094727,16.680322647094727,16.680322647094727,16.680322647094727,0,0.0,0.0
1979-09-14,16.816478729248047,16.816478729248047,16.816478729248047,16.816478729248047,0,0.0,0.0
1979-09-17,16.748403549194336,16.748403549194336,16.748403549194336,16.748403549194336,0,0.0,0.0
1979-09-18,16.40798568725586,16.40798568725586,16.40798568725586,16.40798568725586,0,0.0,0.0
1979-09-19,16.339902877807617,16.339902877807617,16.339902877807617,16.339902877807617,0,0.0,0.0
1979-09-20,16.54414939880371,16.54414939880371,16.54414939880371,16.54414939880371,0,0.0,0.0
1979-09-26,16.884567260742188,16.884567260742188,16.884567260742188,16.884567260742188,0,0.0,0.0
1979-10-10,15.386743545532228,15.386743545532228,15.386743545532228,15.386743545532228,0,0.0,0.0
1979-10-12,15.659075736999512,15.659075736999512,15.659075736999512,15.659075736999512,0,0.0,0.0
1980-03-17,0.0,14.910164020746116,14.637831687927246,14.637831687927246,32259,0.0,0.0
1980-03-18,0.0,14.705917551233496,14.433585166931152,14.433585166931152,208012,0.0,0.0
1980-03-19,0.0,14.36549962094402,14.093167304992676,14.093167304992676,86542,0.0,0.0
1980-03-20,0.0,14.297421677691087,14.025089263916016,14.025089263916016,90102,0.0,0.0
1980-03-21,0.0,14.025081504234311,13.752750396728516,13.752750396728516,142828,0.0,0.0
1980-03-24,0.0,13.548503797671655,13.276172637939451,13.276172637939451,88767,0.0,0.0
1980-03-25,0.0,13.752755128511396,13.480423927307127,13.480423927307127,143273,0.0,0.0
1980-03-26,0.0,13.88892465032075,13.61659336090088,13.61659336090088,171972,0.0,0.0
1980-03-27,0.0,13.752755128511396,13.480423927307127,13.480423927307127,144830,0.0,0.0
1980-03-28,0.0,14.433575437528065,14.16124439239502,14.16124439239502,114574,0.0,0.0
1980-03-31,0.0,14.433575437528065,14.16124439239502,14.16124439239502,60513,0.0,0.0
1980-04-01,0.0,14.77399938371532,14.501667022705078,14.501667022705078,93216,0.0,0.0
1980-04-02,0.0,15.318660868622102,15.0463285446167,15.0463285446167,69412,0.0,0.0
1980-04-03,0.0,15.522916077349068,15.25058364868164,15.25058364868164,54951,0.0,0.0
1980-04-07,0.0,15.727161393400946,15.454830169677734,15.454830169677734,60068,0.0,0.0
1980-04-08,0.0,15.999493787033565,15.727161407470703,15.727161407470703,138823,0.0,0.0
1980-04-09,0.0,16.067571740975314,15.795239448547362,15.795239448547363,151282,0.0,0.0
1980-04-10,0.0,16.135653390301588,15.863322257995604,15.863322257995604,75863,0.0,0.0
1980-04-11,0.0,16.067571740975314,15.795239448547362,15.795239448547363,54951,0.0,0.0
1980-04-14,0.0,15.931408071769573,15.659075736999512,15.659075736999512,52504,0.0,0.0
1980-04-15,0.0,15.863326237444053,15.590993881225586,15.590993881225586,169525,0.0,0.0
1980-04-16,0.0,15.795239345815462,15.522908210754396,15.522908210754396,61403,0.0,0.0
1980-04-17,0.0,15.04633818648969,14.774006843566896,14.774006843566896,146387,0.0,0.0
1980-04-18,0.0,14.978240997114847,14.70590877532959,14.70590877532959,86542,0.0,0.0
1980-04-21,0.0,14.569744934611766,14.29741382598877,14.29741382598877,72971,0.0,0.0
1980-04-22,0.0,14.842073444414488,14.569741249084473,14.569741249084473,141270,0.0,0.0
1980-04-23,0.0,15.182496996221802,14.910165786743164,14.910165786743164,55396,0.0,0.0
1980-04-24,0.0,15.454830360899225,15.18249797821045,15.18249797821045,96776,0.0,0.0
1980-04-25,0.0,15.522916077349068,15.25058364868164,15.25058364868164,75641,0.0,0.0
1980-04-28,0.0,15.659074706789808,15.386743545532228,15.386743545532228,76086,0.0,0.0
1980-04-29,0.0,15.795239345815462,15.522908210754396,15.522908210754396,64072,0.0,0.0
1980-04-30,0.0,15.931408071769573,15.659075736999512,15.659075736999512,24695,0.0,0.0
1980-05-01,0.0,15.795239345815462,15.522908210754396,15.522908210754396,51836,0.0,0.0
1980-05-02,0.0,15.863326237444053,15.590993881225586,15.590993881225586,36486,0.0,0.0
1980-05-05,0.0,15.931408071769573,15.659075736999512,15.659075736999512,18688,0.0,0.0
1980-05-06,0.0,16.067571740975314,15.795239448547362,15.795239448547363,48722,0.0,0.0
1980-05-07,0.0,16.067571740975314,15.795239448547362,15.795239448547363,85430,0.0,0.0
1980-05-08,0.0,16.067571740975314,15.795239448547362,15.795239448547363,22915,0.0,0.0
1980-05-09,0.0,16.067571740975314,15.795239448547362,15.795239448547363,12236,0.0,0.0
1980-05-12,0.0,15.999493787033565,15.727161407470703,15.727161407470703,42715,0.0,0.0
1980-05-13,0.0,16.203731345380163,15.931400299072266,15.931400299072266,78088,0.0,0.0
1980-05-14,0.0,16.407986755240678,16.13565444946289,16.13565444946289,145942,0.0,0.0
1980-05-15,0.0,16.612235170235568,16.339902877807617,16.339902877807617,107899,0.0,0.0
1980-05-16,0.0,16.748401563695424,16.476070404052734,16.476070404052734,119246,0.0,0.0
1980-05-19,0.0,16.407986755240678,16.13565444946289,16.13565444946289,105230,0.0,0.0
1980-05-20,0.0,16.27182772942432,15.999496459960938,15.999496459960938,177089,0.0,0.0
1980-05-21,0.0,16.135653390301588,15.863322257995604,15.863322257995604,161516,0.0,0.0
1980-05-22,0.0,16.203731345380163,15.931400299072266,15.931400299072266,59400,0.0,0.0
1980-05-23,0.0,16.407986755240678,16.13565444946289,16.13565444946289,61180,0.0,0.0
1980-05-27,0.0,16.544158183012595,16.271825790405273,16.271825790405273,97443,0.0,0.0
1980-05-28,0.0,16.544158183012595,16.271825790405273,16.271825790405273,51836,0.0,0.0
1980-05-29,0.0,16.4760676207966,16.2037353515625,16.2037353515625,54061,0.0,0.0
1980-05-30,0.0,16.407986755240678,16.13565444946289,16.13565444946289,77643,0.0,0.0
1980-06-02,0.0,16.4760676207966,16.2037353515625,16.2037353515625,69634,0.0,0.0
1980-06-03,0.0,16.407986755240678,16.13565444946289,16.13565444946289,85652,0.0,0.0
1980-06-04,0.0,16.612235170235568,16.339902877807617,16.339902877807617,138378,0.0,0.0
1980-06-05,0.0,16.680316819712093,16.40798568725586,16.40798568725586,107677,0.0,0.0
1980-06-06,0.0,16.680316819712093,16.40798568725586,16.40798568725586,59178,0.0,0.0
1980-06-09,0.0,16.88456911237698,16.61223793029785,16.61223793029785,158846,0.0,0.0
1980-06-10,0.0,17.49731437655526,17.22498321533203,17.22498321533203,148167,0.0,0.0
1980-06-11,0.0,17.70156590305811,17.42923355102539,17.42923355102539,59623,0.0,0.0
1980-06-12,0.0,17.973901778190253,17.701570510864258,17.701570510864258,55396,0.0,0.0
1980-06-13,0.0,18.382388945372345,18.110057830810547,18.110057830810547,50724,0.0,0.0
1980-06-16,0.0,18.178140528803613,17.90580940246582,17.90580940246582,140381,0.0,0.0
1980-06-17,0.0,17.837726483881465,17.56539535522461,17.56539535522461,81203,0.0,0.0
1980-06-18,0.0,18.04197683677792,17.76964569091797,17.76964569091797,46719,0.0,0.0
1980-06-19,0.0,18.110062751873294,17.837730407714844,17.837730407714844,71859,0.0,0.0
1980-06-20,0.0,18.04197683677792,17.76964569091797,17.76964569091797,42047,0.0,0.0
1980-06-23,0.0,18.246222553644458,17.97389030456543,17.97389030456543,56731,0.0,0.0
1980-06-24,0.0,18.178140528803613,17.90580940246582,17.90580940246582,33371,0.0,0.0
1980-06-25,0.0,18.246222553644458,17.97389030456543,17.97389030456543,52726,0.0,0.0
1980-06-26,0.0,18.722795248617725,18.450464248657227,18.450464248657227,72304,0.0,0.0
1980-06-27,0.0,18.654717469375097,18.38238525390625,18.38238525390625,25362,0.0,0.0
1980-06-30,0.0,18.518568107279865,18.24623680114746,18.24623680114746,68299,0.0,0.0
1980-07-01,0.0,18.45047485978513,18.178142547607425,18.178142547607425,42937,0.0,0.0
1980-07-02,0.0,18.58663736220374,18.31430625915528,18.31430625915528,66075,0.0,0.0
1980-07-03,0.0,18.518568107279865,18.24623680114746,18.24623680114746,83650,0.0,0.0
1980-07-07,0.0,18.31431991657965,18.24623680114746,18.24623680114746,44272,0.0,0.0
1980-07-08,0.0,18.11005808987557,18.041975021362305,18.041975021362305,98556,0.0,0.0
1980-07-09,0.0,18.31431991657965,18.24623680114746,18.24623680114746,105452,0.0,0.0
1980-07-10,0.0,18.31431991657965,18.24623680114746,18.24623680114746,91214,0.0,0.0
1980-07-11,0.0,18.58663032643501,18.450464248657227,18.450464248657227,90992,0.0,0.0
1980-07-14,0.0,19.063225357896524,18.927059173583984,18.927059173583984,72749,0.0,0.0
1980-07-15,0.0,19.13130214013557,19.06321907043457,19.06321907043457,95219,0.0,0.0
1980-07-16,0.0,18.99514138654991,18.858976364135746,18.858976364135746,36708,0.0,0.0
1980-07-17,0.0,19.13131392838242,18.995147705078125,18.995147705078125,16463,0.0,0.0
1980-07-18,0.0,19.13131392838242,18.995147705078125,18.995147705078125,34038,0.0,0.0
1980-07-21,0.0,19.13130214013557,19.06321907043457,19.06321907043457,51391,0.0,0.0
1980-07-22,0.0,18.8589761700956,18.722808837890625,18.722808837890625,94551,0.0,0.0
1980-07-23,0.0,18.8589761700956,18.722808837890625,18.722808837890625,65407,0.0,0.0
1980-07-24,0.0,18.72281399959262,18.58664894104004,18.58664894104004,31369,0.0,0.0
1980-07-25,0.0,18.654732048114443,18.58664894104004,18.58664894104004,30479,0.0,0.0
1980-07-28,0.0,18.72280795795128,18.654726028442383,18.654726028442383,68077,0.0,0.0
1980-07-29,0.0,18.72280795795128,18.654726028442383,18.654726028442383,33148,0.0,0.0
1980-07-30,0.0,18.790891043056032,18.654726028442383,18.654726028442383,48944,0.0,0.0
1980-07-31,0.0,18.58663966795562,18.51855659484864,18.51855659484864,85430,0.0,0.0
1980-08-01,0.0,18.654732048114443,18.58664894104004,18.58664894104004,64072,0.0,0.0
1980-08-04,0.0,18.790891043056032,18.654726028442383,18.654726028442383,31146,0.0,0.0
1980-08-05,0.0,18.85897397596949,18.790889739990234,18.790889739990234,70969,0.0,0.0
1980-08-06,0.0,18.99514138654991,18.858976364135746,18.858976364135746,123473,0.0,0.0
1980-08-07,0.0,18.995142265740256,18.927059173583984,18.927059173583984,64517,0.0,0.0
1980-08-08,0.0,19.13131392838242,18.995147705078125,18.995147705078125,103450,0.0,0.0
1980-08-11,0.0,19.19938520983657,19.06321907043457,19.06321907043457,111459,0.0,0.0
1980-08-12,0.0,19.199384948657645,19.13130187988281,19.13130187988281,99890,0.0,0.0
1980-08-13,0.0,19.26746967129858,19.199386596679688,19.199386596679688,67632,0.0,0.0
1980-08-14,0.0,19.403642948655325,19.335559844970703,19.335559844970703,38710,0.0,0.0
1980-08-15,0.0,19.53980885972337,19.403642654418945,19.403642654418945,47164,0.0,0.0
1980-08-18,0.0,19.26746967129858,19.199386596679688,19.199386596679688,72304,0.0,0.0
1980-08-19,0.0,19.063225357896524,18.927059173583984,18.927059173583984,73861,0.0,0.0
1980-08-20,0.0,19.13130214013557,19.06321907043457,19.06321907043457,48944,0.0,0.0
1980-08-21,0.0,19.403636318724104,19.26747131347656,19.26747131347656,25584,0.0,0.0
1980-08-22,0.0,19.74406112314794,19.607894897460938,19.607894897460938,46497,0.0,0.0
1980-08-25,0.0,19.744051248960524,19.675968170166016,19.675968170166016,32926,0.0,0.0
1980-08-26,0.0,20.22063856389809,20.15255546569824,20.15255546569824,78311,0.0,0.0
1980-08-27,0.0,20.152546445510964,20.0163803100586,20.0163803100586,325923,0.0,0.0
1980-08-28,0.0,19.94830186340674,19.812135696411133,19.812135696411133,293665,0.0,0.0
1980-08-29,0.0,19.74406112314794,19.607894897460938,19.607894897460938,39823,0.0,0.0
1980-09-02,0.0,19.744051248960524,19.675968170166016,19.675968170166016,72304,0.0,0.0
1980-09-03,0.0,20.016376741501297,19.94829368591309,19.94829368591309,298336,0.0,0.0
1980-09-04,0.0,20.016376741501297,19.94829368591309,19.94829368591309,314577,0.0,0.0
1980-09-05,0.0,20.08446337778478,20.0163803100586,20.0163803100586,23137,0.0,0.0
1980-09-08,0.0,20.152546445510964,20.0163803100586,20.0163803100586,30034,0.0,0.0
1980-09-09,0.0,20.35680244910566,20.15255546569824,20.15255546569824,72749,0.0,0.0
1980-09-10,0.0,20.6291239405175,20.5610408782959,20.5610408782959,52059,0.0,0.0
1980-09-11,0.0,20.492950668480272,20.424867630004883,20.424867630004883,55173,0.0,0.0
1980-09-12,0.0,20.561044959279744,20.49296188354492,20.49296188354492,18465,0.0,0.0
1980-09-15,0.0,20.561044959279744,20.49296188354492,20.49296188354492,51169,0.0,0.0
1980-09-16,0.0,20.492950668480272,20.424867630004883,20.424867630004883,74751,0.0,0.0
1980-09-17,0.0,20.697207002739106,20.5610408782959,20.5610408782959,133261,0.0,0.0
1980-09-18,0.0,20.833374279978173,20.76529121398925,20.76529121398925,66075,0.0,0.0
1980-09-19,0.0,21.37804017814293,21.309959411621094,21.309959411621094,40713,0.0,0.0
1980-09-22,0.0,21.71846065141701,21.582294464111328,21.582294464111328,25807,0.0,0.0
1980-09-23,0.0,21.854616416898924,21.78653335571289,21.78653335571289,60735,0.0,0.0
1980-09-24,0.0,21.65037755776417,21.582294464111328,21.582294464111328,63405,0.0,0.0
1980-09-25,0.0,20.96954946501092,20.901466369628903,20.901466369628903,79645,0.0,0.0
1980-09-26,0.0,20.69722205827972,20.629138946533203,20.629138946533203,187100,0.0,0.0
1980-09-29,0.0,20.35679653361576,20.288713455200195,20.288713455200195,76086,0.0,0.0
1980-09-30,0.0,20.492950668480272,20.424867630004883,20.424867630004883,99223,0.0,0.0
1980-10-01,0.0,20.424875514708965,20.35679244995117,20.35679244995117,62960,0.0,0.0
1980-10-02,0.0,20.492950668480272,20.424867630004883,20.424867630004883,48277,0.0,0.0
1980-10-03,0.0,20.901466656497103,20.833383560180664,20.833383560180664,178423,0.0,0.0
1980-10-06,0.0,21.24187330458691,21.1057071685791,21.1057071685791,33148,0.0,0.0
1980-10-07,0.0,21.37804017814293,21.309959411621094,21.309959411621094,97888,0.0,0.0
1980-10-08,0.0,21.44612325585621,21.309959411621094,21.309959411621094,131037,0.0,0.0
1980-10-09,0.0,21.173789013592483,21.071666717529297,21.071666717529297,38710,0.0,0.0
1980-10-10,0.0,21.173789013592483,21.071666717529297,21.071666717529297,26697,0.0,0.0
1980-10-13,0.0,21.03763256039293,20.901466369628903,20.901466369628903,20912,0.0,0.0
1980-10-14,0.0,20.697207002739106,20.5610408782959,20.5610408782959,84317,0.0,0.0
1980-10-15,0.0,19.94829776065733,19.88021469116211,19.88021469116211,90547,0.0,0.0
1980-10-16,0.0,19.880218779908937,19.812135696411133,19.812135696411133,114574,0.0,0.0
1980-10-17,0.0,19.67597801030444,19.607894897460938,19.607894897460938,27809,0.0,0.0
1980-10-20,0.0,19.67597801030444,19.607894897460938,19.607894897460938,6897,0.0,0.0
1980-10-21,0.0,19.880218779908937,19.812135696411133,19.812135696411133,58065,0.0,0.0
1980-10-22,0.0,19.94830186340674,19.812135696411133,19.812135696411133,13793,0.0,0.0
1980-10-23,0.0,20.016376741501297,19.94829368591309,19.94829368591309,36041,0.0,0.0
1980-10-24,0.0,20.016376741501297,19.94829368591309,19.94829368591309,37375,0.0,0.0
1980-10-27,0.0,19.880218779908937,19.812135696411133,19.812135696411133,57176,0.0,0.0
1980-10-28,0.0,19.471725757071155,19.403642654418945,19.403642654418945,47164,0.0,0.0
1980-10-29,0.0,19.403642948655325,19.335559844970703,19.335559844970703,17575,0.0,0.0
1980-10-30,0.0,19.13130214013557,19.06321907043457,19.06321907043457,21135,0.0,0.0
1980-10-31,0.0,18.790891043056032,18.654726028442383,18.654726028442383,45162,0.0,0.0
1980-11-03,0.0,18.927055900757207,18.790889739990234,18.790889739990234,60068,0.0,0.0
1980-11-05,0.0,19.67597801030444,19.607894897460938,19.607894897460938,96331,0.0,0.0
1980-11-06,0.0,19.403642948655325,19.335559844970703,19.335559844970703,55618,0.0,0.0
1980-11-07,0.0,19.335553238302445,19.26747131347656,19.26747131347656,58733,0.0,0.0
1980-11-10,0.0,19.13130214013557,19.06321907043457,19.06321907043457,37820,0.0,0.0
1980-11-11,0.0,19.335551590321803,19.199386596679688,19.199386596679688,52059,0.0,0.0
1980-11-12,0.0,19.744051248960524,19.675968170166016,19.675968170166016,119913,0.0,0.0
1980-11-13,0.0,19.880222896854075,19.74405670166016,19.74405670166016,57843,0.0,0.0
1980-11-14,0.0,19.812134327755032,19.675968170166016,19.675968170166016,64072,0.0,0.0
1980-11-17,0.0,19.812134327755032,19.675968170166016,19.675968170166016,140158,0.0,0.0
1980-11-18,0.0,20.016380830152546,19.88021469116211,19.88021469116211,38265,0.0,0.0
1980-11-19,0.0,19.94830186340674,19.812135696411133,19.812135696411133,228480,0.0,0.0
1980-11-20,0.0,20.288719350905808,20.15255546569824,20.15255546569824,191327,0.0,0.0
1980-11-21,0.0,20.152546445510964,20.0163803100586,20.0163803100586,22470,0.0,0.0
1980-11-24,0.0,19.607887825747703,19.47172164916992,19.47172164916992,91881,0.0,0.0
1980-11-25,0.0,19.335553238302445,19.26747131347656,19.26747131347656,43160,0.0,0.0
1980-11-26,0.0,19.335553238302445,19.26747131347656,19.26747131347656,220026,0.0,0.0
1980-11-28,0.0,19.26746967129858,19.199386596679688,19.199386596679688,106565,0.0,0.0
1980-12-01,0.0,18.518551361640675,18.38238525390625,18.38238525390625,57176,0.0,0.0
1980-12-02,0.0,18.31430985929201,18.178142547607425,18.178142547607425,60735,0.0,0.0
1980-12-03,0.0,17.973892472949167,17.90580940246582,17.90580940246582,104117,0.0,0.0
1980-12-04,0.0,18.450468307773463,18.38238525390625,18.38238525390625,141270,0.0,0.0
1980-12-05,0.0,18.48450576810168,18.450464248657227,18.450464248657227,65630,0.0,0.0
1980-12-08,0.0,17.49731663903357,17.42923355102539,17.42923355102539,212462,0.0,0.0
1980-12-09,0.0,17.633483300918044,17.497318267822266,17.497318267822266,87654,0.0,0.0
1980-12-10,0.0,17.633477270692115,17.56539535522461,17.56539535522461,143940,0.0,0.0
1980-12-11,0.0,17.76965361659481,17.701570510864258,17.701570510864258,50501,0.0,0.0
1980-12-12,0.0,18.31430985929201,18.178142547607425,18.178142547607425,60958,0.0,0.0
1980-12-15,0.0,18.72280795795128,18.654726028442383,18.654726028442383,67632,0.0,0.0
1980-12-16,0.0,19.06323081673027,18.995147705078125,18.995147705078125,57621,0.0,0.0
1980-12-17,0.0,19.26746801743248,19.13130187988281,19.13130187988281,50946,0.0,0.0
1980-12-18,0.0,19.335553238302445,19.26747131347656,19.26747131347656,192439,0.0,0.0
1980-12-19,0.0,19.403642948655325,19.335559844970703,19.335559844970703,336379,0.0,0.0
1980-12-22,0.0,19.880218779908937,19.812135696411133,19.812135696411133,74751,0.0,0.0
1980-12-23,0.0,20.152546445510964,20.0163803100586,20.0163803100586,88767,0.0,0.0
1980-12-24,0.0,20.152544272543267,20.084461212158203,20.084461212158203,29811,0.0,0.0
1980-12-26,0.0,20.42487961203132,20.288713455200195,20.288713455200195,34038,0.0,0.0
1980-12-29,0.0,20.356804078602163,20.22064018249512,20.22064018249512,61625,0.0,0.0
1980-12-30,0.0,20.288719350905808,20.15255546569824,20.15255546569824,60735,0.0,0.0
1980-12-31,0.0,20.492950668480272,20.424867630004883,20.424867630004883,42047,0.0,0.0
1981-01-02,0.0,20.561033706955666,20.424867630004883,20.424867630004883,48722,0.0,0.0
1981-01-05,0.0,20.765305170026224,20.629138946533203,20.629138946533203,86097,0.0,0.0
1981-01-06,0.0,20.765305170026224,20.629138946533203,20.629138946533203,20912,0.0,0.0
1981-01-07,0.0,20.49295857946676,20.35679244995117,20.35679244995117,76531,0.0,0.0
1981-01-08,0.0,20.084459797089508,19.94829368591309,19.94829368591309,45162,0.0,0.0
1981-01-09,0.0,19.94829776065733,19.88021469116211,19.88021469116211,27364,0.0,0.0
1981-01-12,0.0,19.94829776065733,19.88021469116211,19.88021469116211,150392,0.0,0.0
1981-01-13,0.0,19.94829776065733,19.88021469116211,19.88021469116211,44717,0.0,0.0
1981-01-14,0.0,20.016376741501297,19.94829368591309,19.94829368591309,70746,0.0,0.0
1981-01-15,0.0,20.016380830152546,19.88021469116211,19.88021469116211,65630,0.0,0.0
1981-01-16,0.0,20.152546445510964,20.0163803100586,20.0163803100586,20023,0.0,0.0
1981-01-19,0.0,20.22062733292833,20.084461212158203,20.084461212158203,35151,0.0,0.0
1981-01-20,0.0,20.08446337778478,20.0163803100586,20.0163803100586,35596,0.0,0.0
1981-01-21,0.0,20.08446337778478,20.0163803100586,20.0163803100586,29811,0.0,0.0
1981-01-22,0.0,20.08446337778478,20.0163803100586,20.0163803100586,46274,0.0,0.0
1981-01-23,0.0,20.42487961203132,20.288713455200195,20.288713455200195,40490,0.0,0.0
1981-01-26,0.0,20.492950668480272,20.424867630004883,20.424867630004883,59178,0.0,0.0
1981-01-27,0.0,20.42487961203132,20.288713455200195,20.288713455200195,75196,0.0,0.0
1981-01-28,0.0,20.42487961203132,20.288713455200195,20.288713455200195,145052,0.0,0.0
1981-01-29,0.0,20.42487961203132,20.288713455200195,20.288713455200195,58955,0.0,0.0
1981-01-30,0.0,20.492950668480272,20.424867630004883,20.424867630004883,49389,0.0,0.0
1981-02-02,0.0,20.424887182251847,20.22064018249512,20.22064018249512,43605,0.0,0.0
1981-02-03,0.0,20.492950668480272,20.424867630004883,20.424867630004883,32926,0.0,0.0
1981-02-04,0.0,20.561033706955666,20.424867630004883,20.424867630004883,25807,0.0,0.0
1981-02-05,0.0,20.561033706955666,20.424867630004883,20.424867630004883,101670,0.0,0.0
1981-02-09,0.0,20.833376458103626,20.69721031188965,20.69721031188965,39600,0.0,0.0
1981-02-10,0.0,20.833376458103626,20.69721031188965,20.69721031188965,34706,0.0,0.0
1981-02-11,0.0,20.765293384996635,20.69721031188965,20.69721031188965,92104,0.0,0.0
1981-02-12,0.0,20.424875514708965,20.35679244995117,20.35679244995117,104340,0.0,0.0
1981-02-13,0.0,19.94829776065733,19.88021469116211,19.88021469116211,87209,0.0,0.0
1981-02-17,0.0,20.016380830152546,19.88021469116211,19.88021469116211,56508,0.0,0.0
1981-02-18,0.0,20.152544272543267,20.084461212158203,20.084461212158203,61403,0.0,0.0
1981-02-19,0.0,20.22062733292833,20.084461212158203,20.084461212158203,63627,0.0,0.0
1981-02-20,0.0,20.288719350905808,20.15255546569824,20.15255546569824,31591,0.0,0.0
1981-02-23,0.0,20.69722205827972,20.629138946533203,20.629138946533203,45829,0.0,0.0
1981-02-24,0.0,21.037630359989468,20.96954727172852,20.96954727172852,65852,0.0,0.0
1981-02-25,0.0,21.10571344825042,20.96954727172852,20.96954727172852,114796,0.0,0.0
1981-02-26,0.0,21.514215767479605,21.44613265991211,21.44613265991211,50724,0.0,0.0
1981-02-27,0.0,21.718464193011883,21.65038108825684,21.65038108825684,107899,0.0,0.0
1981-03-02,0.0,21.8546262667498,21.71846008300781,21.71846008300781,47609,0.0,0.0
1981-03-03,0.0,21.990791882126985,21.854625701904297,21.854625701904297,67187,0.0,0.0
1981-03-04,0.0,21.92270879201564,21.854625701904297,21.854625701904297,48499,0.0,0.0
1981-03-05,0.0,22.39927698022749,22.331193923950195,22.331193923950195,54951,0.0,0.0
1981-03-06,0.0,22.535451758203745,22.46737098693848,22.46737098693848,41825,0.0,0.0
1981-03-09,0.0,22.875872525160787,22.67162322998047,22.67162322998047,119913,0.0,0.0
1981-03-10,0.0,22.535451758203745,22.46737098693848,22.46737098693848,136376,0.0,0.0
1981-03-11,0.0,22.19503288566532,21.99078369140625,21.99078369140625,114796,0.0,0.0
1981-03-12,0.0,22.39928833633936,22.263124465942383,22.263124465942383,233819,0.0,0.0
1981-03-13,0.0,22.671604388859272,22.6035213470459,22.6035213470459,100113,0.0,0.0
1981-03-16,0.0,22.807785310838504,22.739702224731445,22.739702224731445,120135,0.0,0.0
1981-03-17,0.0,22.73970632837391,22.67162322998047,22.67162322998047,55841,0.0,0.0
1981-03-18,0.0,22.875866206418674,22.80778312683105,22.80778312683105,40490,0.0,0.0
1981-03-19,0.0,23.14820126697424,23.08011817932129,23.08011817932129,117021,0.0,0.0
1981-03-20,0.0,23.14820126697424,23.08011817932129,23.08011817932129,47164,0.0,0.0
1981-03-23,0.0,23.14820126697424,23.08011817932129,23.08011817932129,114129,0.0,0.0
1981-03-24,0.0,23.01204330176256,22.943960189819336,22.943960189819336,100780,0.0,0.0
1981-03-25,0.0,22.87587848739039,22.84183692932129,22.84183692932129,60290,0.0,0.0
1981-03-26,0.0,22.73970632837391,22.67162322998047,22.67162322998047,185765,0.0,0.0
1981-03-27,0.0,21.99077629441556,21.92269325256348,21.92269325256348,64517,0.0,0.0
1981-03-30,0.0,21.92269947808496,21.78653335571289,21.78653335571289,21580,0.0,0.0
1981-03-31,0.0,21.99077629441556,21.92269325256348,21.92269325256348,77866,0.0,0.0
1981-04-01,0.0,21.99077629441556,21.92269325256348,21.92269325256348,35151,0.0,0.0
1981-04-02,0.0,21.92269947808496,21.78653335571289,21.78653335571289,67854,0.0,0.0
1981-04-03,0.0,21.582298875047105,21.44613265991211,21.44613265991211,80090,0.0,0.0
1981-04-06,0.0,21.446113824750743,21.37803077697754,21.37803077697754,78755,0.0,0.0
1981-04-07,0.0,21.514215767479605,21.44613265991211,21.44613265991211,12236,0.0,0.0
1981-04-08,0.0,21.786543174878805,21.71846008300781,21.71846008300781,83872,0.0,0.0
1981-04-09,0.0,21.786543174878805,21.71846008300781,21.71846008300781,35373,0.0,0.0
1981-04-10,0.0,21.854616416898924,21.78653335571289,21.78653335571289,66297,0.0,0.0
1981-04-13,0.0,21.786543174878805,21.71846008300781,21.71846008300781,62960,0.0,0.0
1981-04-14,0.0,21.786547297766926,21.65038108825684,21.65038108825684,50501,0.0,0.0
1981-04-15,0.0,22.058866756159272,21.99078369140625,21.99078369140625,38488,0.0,0.0
1981-04-16,0.0,22.331205245544925,22.263124465942383,22.263124465942383,126142,0.0,0.0
1981-04-20,0.0,22.195032373484647,22.12694931030273,22.12694931030273,58065,0.0,0.0
1981-04-21,0.0,22.263120921752787,22.195037841796875,22.195037841796875,207567,0.0,0.0
1981-04-22,0.0,22.26311543666656,22.12694931030273,22.12694931030273,129479,0.0,0.0
1981-04-23,0.0,22.53545819600042,22.3992919921875,22.3992919921875,97888,0.0,0.0
1981-04-24,0.0,22.943949286006298,22.80778312683105,22.80778312683105,38488,0.0,0.0
1981-04-27,0.0,23.08012641370577,22.943960189819336,22.943960189819336,81425,0.0,0.0
1981-04-28,0.0,23.14820126697424,23.08011817932129,23.08011817932129,25362,0.0,0.0
1981-04-29,0.0,23.08012611031584,23.01204299926757,23.01204299926757,7119,0.0,0.0
1981-04-30,0.0,23.556698125524456,23.488615036010746,23.488615036010746,85875,0.0,0.0
1981-05-01,0.0,23.352449692878565,23.284366607666016,23.284366607666016,50724,0.0,0.0
1981-05-04,0.0,23.14820922136409,23.01204299926757,23.01204299926757,199336,0.0,0.0
1981-05-05,0.0,22.73970632837391,22.67162322998047,22.67162322998047,252285,0.0,0.0
1981-05-06,0.0,22.671604388859272,22.6035213470459,22.6035213470459,52949,0.0,0.0
1981-05-07,0.0,22.46736234769552,22.331193923950195,22.331193923950195,170414,0.0,0.0
1981-05-08,0.0,22.53545819600042,22.3992919921875,22.3992919921875,66964,0.0,0.0
1981-05-11,0.0,22.467377405286232,22.3992919921875,22.3992919921875,42937,0.0,0.0
1981-05-12,0.0,22.467377405286232,22.3992919921875,22.3992919921875,41825,0.0,0.0
1981-05-13,0.0,22.671604388859272,22.6035213470459,22.6035213470459,10901,0.0,0.0
1981-05-14,0.0,22.875868396945567,22.739702224731445,22.739702224731445,41380,0.0,0.0
1981-05-15,0.0,23.14820126697424,23.08011817932129,23.08011817932129,59845,0.0,0.0
1981-05-18,0.0,23.488611491103832,23.420528411865234,23.420528411865234,58955,0.0,0.0
1981-05-19,0.0,23.488622867089887,23.352458953857425,23.352458953857425,62292,0.0,0.0
1981-05-20,0.0,23.69287330703336,23.62479019165039,23.62479019165039,76086,0.0,0.0
1981-05-21,0.0,23.8290293601075,23.76094627380371,23.76094627380371,24027,0.0,0.0
1981-05-22,0.0,23.965195254277493,23.82902908325196,23.82902908325196,186655,0.0,0.0
1981-05-26,0.0,24.10136278822274,23.96519660949707,23.96519660949707,31814,0.0,0.0
1981-05-27,0.0,24.85026601649286,24.714099884033203,24.714099884033203,123473,0.0,0.0
1981-05-28,0.0,24.50986237033592,24.4077377319336,24.4077377319336,218320,0.0,1.5
1981-05-29,0.0,24.407729538813804,24.305604934692383,24.305604934692383,26993,0.0,0.0
1981-06-01,0.0,24.50986237033592,24.4077377319336,24.4077377319336,30256,0.0,0.0
1981-06-02,0.0,24.50986237033592,24.4077377319336,24.4077377319336,48203,0.0,0.0
1981-06-03,0.0,24.509854142935225,24.305604934692383,24.305604934692383,67632,0.0,0.0
1981-06-04,0.0,25.020491562671488,24.81624221801757,24.81624221801757,57250,0.0,0.0
1981-06-05,0.0,25.42898840452189,25.22473907470703,25.22473907470703,69263,0.0,0.0
1981-06-08,0.0,25.326863739614463,25.22473907470703,25.22473907470703,86023,0.0,0.0
1981-06-09,0.0,25.531094349119456,25.326845169067383,25.326845169067383,103524,0.0,0.0
1981-06-10,0.0,25.63321721041637,25.428970336914062,25.428970336914062,35299,0.0,0.0
1981-06-11,0.0,25.73534622808157,25.531099319458008,25.531099319458008,116576,0.0,0.0
1981-06-12,0.0,25.837467962341208,25.63321876525879,25.63321876525879,51169,0.0,0.0
1981-06-15,0.0,25.837478108493297,25.73535346984864,25.73535346984864,22841,0.0,0.0
1981-06-16,0.0,25.93960274713796,25.73535346984864,25.73535346984864,76382,0.0,0.0
1981-06-17,0.0,25.93960274713796,25.73535346984864,25.73535346984864,31740,0.0,0.0
1981-06-18,0.0,25.63321721041637,25.428970336914062,25.428970336914062,58436,0.0,0.0
1981-06-19,0.0,25.939593703993808,25.83746910095215,25.83746910095215,69857,0.0,0.0
1981-06-22,0.0,25.531094929260668,25.428970336914062,25.428970336914062,36634,0.0,0.0
1981-06-23,0.0,25.42898840452189,25.22473907470703,25.22473907470703,63776,0.0,0.0
1981-06-24,0.0,25.326863739614463,25.22473907470703,25.22473907470703,50872,0.0,0.0
1981-06-25,0.0,25.326863739614463,25.22473907470703,25.22473907470703,37227,0.0,0.0
1981-06-26,0.0,25.32686323258627,25.12261390686035,25.12261390686035,79645,0.0,0.0
1981-06-29,0.0,25.02046907823421,24.918344497680664,24.918344497680664,37524,0.0,0.0
1981-06-30,0.0,23.692864304551883,23.488615036010746,23.488615036010746,250060,0.0,0.0
1981-07-01,0.0,23.69285526241,23.59073066711425,23.59073066711425,57250,0.0,0.0
1981-07-02,0.0,23.590739670281312,23.488615036010746,23.488615036010746,33074,0.0,0.0
1981-07-06,0.0,23.18224281080071,23.08011817932129,23.08011817932129,105156,0.0,0.0
1981-07-07,0.0,23.28436744228013,23.08011817932129,23.08011817932129,52652,0.0,0.0
1981-07-08,0.0,23.28436744228013,23.08011817932129,23.08011817932129,44791,0.0,0.0
1981-07-09,0.0,23.48861355211196,23.284366607666016,23.284366607666016,34706,0.0,0.0
1981-07-10,0.0,23.48861355211196,23.284366607666016,23.284366607666016,74009,0.0,0.0
1981-07-13,0.0,23.488629419917928,23.38650703430176,23.38650703430176,57250,0.0,0.0
1981-07-14,0.0,23.28436744228013,23.08011817932129,23.08011817932129,55025,0.0,0.0
1981-07-15,0.0,23.28436744228013,23.08011817932129,23.08011817932129,26252,0.0,0.0
1981-07-16,0.0,23.386486842392014,23.18223762512207,23.18223762512207,24917,0.0,0.0
1981-07-17,0.0,23.38649123548484,23.284366607666016,23.284366607666016,61254,0.0,0.0
1981-07-20,0.0,22.773747877570628,22.67162322998047,22.67162322998047,43605,0.0,0.0
1981-07-21,0.0,22.160991096802057,22.05886650085449,22.05886650085449,26548,0.0,0.0
1981-07-22,0.0,22.05887497223833,21.854625701904297,21.854625701904297,40045,0.0,0.0
1981-07-23,0.0,22.36524471572311,22.16099548339844,22.16099548339844,115686,0.0,0.0
1981-07-24,0.0,22.8758615523396,22.77373695373535,22.77373695373535,71043,0.0,0.0
1981-07-27,0.0,23.488629419917928,23.38650703430176,23.38650703430176,83502,0.0,0.0
1981-07-28,0.0,23.59075411672736,23.38650703430176,23.38650703430176,97888,0.0,0.0
1981-07-29,0.0,23.590739670281312,23.488615036010746,23.488615036010746,21951,0.0,0.0
1981-07-30,0.0,23.794979857705734,23.59073066711425,23.59073066711425,27142,0.0,0.0
1981-07-31,0.0,24.509854142935225,24.305604934692383,24.305604934692383,31888,0.0,0.0
1981-08-03,0.0,24.407729538813804,24.305604934692383,24.305604934692383,36486,0.0,0.0
1981-08-04,0.0,24.407729538813804,24.305604934692383,24.305604934692383,27587,0.0,0.0
1981-08-05,0.0,24.407729538813804,24.305604934692383,24.305604934692383,78311,0.0,0.0
1981-08-06,0.0,24.407729538813804,24.305604934692383,24.305604934692383,14238,0.0,0.0
1981-08-07,0.0,24.10136935179748,23.999244689941406,23.999244689941406,24472,0.0,0.0
1981-08-10,23.999244689941406,23.999244689941406,23.999244689941406,23.999244689941406,0,0.0,0.0
1981-08-11,0.0,24.305619691760803,24.20349502563477,24.20349502563477,31146,0.0,0.0
1981-08-12,0.0,24.71411039923097,24.61198806762696,24.61198806762696,29515,0.0,0.0
1981-08-13,0.0,24.305619691760803,24.20349502563477,24.20349502563477,162999,0.0,0.0
1981-08-14,0.0,24.305619691760803,24.20349502563477,24.20349502563477,63924,0.0,0.0
1981-08-17,0.0,24.203481113773737,24.101356506347656,24.101356506347656,22841,0.0,0.0
1981-08-18,0.0,24.10136935179748,23.999244689941406,23.999244689941406,40638,0.0,0.0
1981-08-19,0.0,24.203494013653543,23.999244689941406,23.999244689941406,31888,0.0,0.0
1981-08-20,0.0,24.30560572119981,24.101356506347656,24.101356506347656,39749,0.0,0.0
1981-08-21,0.0,24.30560572119981,24.101356506347656,24.101356506347656,57843,0.0,0.0
1981-08-24,0.0,23.794979857705734,23.59073066711425,23.59073066711425,113610,0.0,0.0
1981-08-25,0.0,23.38649123548484,23.284366607666016,23.284366607666016,128145,0.0,0.0
1981-08-26,0.0,23.386486842392014,23.18223762512207,23.18223762512207,93884,0.0,0.0
1981-08-27,0.0,23.38649123548484,23.284366607666016,23.284366607666016,64072,0.0,0.0
1981-08-28,0.0,23.284362233757044,23.18223762512207,23.18223762512207,48203,0.0,0.0
1981-08-31,0.0,23.28436744228013,23.08011817932129,23.08011817932129,36337,0.0,0.0
1981-09-01,0.0,23.386486842392014,23.18223762512207,23.18223762512207,39007,0.0,0.0
1981-09-02,0.0,23.48861355211196,23.284366607666016,23.284366607666016,51465,0.0,0.0
1981-09-03,0.0,23.284362233757044,23.18223762512207,23.18223762512207,79645,0.0,0.0
1981-09-04,0.0,23.284362233757044,23.18223762512207,23.18223762512207,51317,0.0,0.0
1981-09-08,0.0,22.977986722727543,22.87586212158203,22.87586212158203,73564,0.0,0.0
1981-09-09,0.0,22.977986722727543,22.87586212158203,22.87586212158203,68967,0.0,0.0
1981-09-10,0.0,22.977986722727543,22.87586212158203,22.87586212158203,79645,0.0,0.0
1981-09-11,0.0,23.284362233757044,23.18223762512207,23.18223762512207,77569,0.0,0.0
1981-09-14,0.0,23.284362233757044,23.18223762512207,23.18223762512207,48796,0.0,0.0
1981-09-15,0.0,23.08011132387306,22.87586212158203,22.87586212158203,47164,0.0,0.0
1981-09-16,0.0,22.977986722727543,22.87586212158203,22.87586212158203,49241,0.0,0.0
1981-09-17,0.0,22.8758615523396,22.77373695373535,22.77373695373535,68522,0.0,0.0
1981-09-18,0.0,22.569493299432185,22.46737098693848,22.46737098693848,108122,0.0,0.0
1981-09-21,0.0,22.773731955727943,22.569482803344727,22.569482803344727,54877,0.0,0.0
1981-09-22,0.0,22.773747877570628,22.67162322998047,22.67162322998047,73713,0.0,0.0
1981-09-23,0.0,22.773731955727943,22.569482803344727,22.569482803344727,87654,0.0,0.0
1981-09-24,0.0,22.977986722727543,22.87586212158203,22.87586212158203,50427,0.0,0.0
1981-09-25,0.0,22.8758615523396,22.77373695373535,22.77373695373535,121025,0.0,0.0
1981-09-28,0.0,23.080115724744417,22.977991104125977,22.977991104125977,136599,0.0,0.0
1981-09-29,0.0,23.284362233757044,23.18223762512207,23.18223762512207,101299,0.0,0.0
1981-09-30,0.0,23.59075411672736,23.38650703430176,23.38650703430176,197260,0.0,0.0
1981-10-01,0.0,23.386486842392014,23.18223762512207,23.18223762512207,65852,0.0,0.0
1981-10-02,0.0,23.48861355211196,23.284366607666016,23.284366607666016,84836,0.0,0.0
1981-10-05,0.0,24.305619691760803,24.20349502563477,24.20349502563477,59919,0.0,0.0
1981-10-06,0.0,24.50986237033592,24.4077377319336,24.4077377319336,63776,0.0,0.0
1981-10-07,0.0,25.22473856972331,25.12261390686035,25.12261390686035,105749,0.0,0.0
1981-10-08,0.0,25.326863739614463,25.22473907470703,25.22473907470703,33519,0.0,0.0
1981-10-09,0.0,25.122611484681723,25.02048683166504,25.02048683166504,71191,0.0,0.0
1981-10-12,0.0,25.42896975909342,25.326845169067383,25.326845169067383,44643,0.0,0.0
1981-10-13,0.0,25.32686323258627,25.12261390686035,25.12261390686035,85133,0.0,0.0
1981-10-14,0.0,24.91834908272269,24.714099884033203,24.714099884033203,72378,0.0,0.0
1981-10-15,0.0,25.12259365878776,24.918344497680664,24.918344497680664,66149,0.0,0.0
1981-10-16,0.0,25.22473856972331,25.12261390686035,25.12261390686035,106194,0.0,0.0
1981-10-19,0.0,25.42896975909342,25.326845169067383,25.326845169067383,38562,0.0,0.0
1981-10-20,0.0,26.041730363211503,25.939605712890625,25.939605712890625,83205,0.0,0.0
1981-10-21,0.0,26.654469894126887,26.552345275878903,26.552345275878903,112423,0.0,0.0
1981-10-22,0.0,26.55232749174184,26.45020294189453,26.45020294189453,48944,0.0,0.0
1981-10-23,0.0,26.34810343506228,26.14385414123535,26.14385414123535,31146,0.0,0.0
1981-10-26,0.0,26.14384212928857,26.041717529296875,26.041717529296875,38562,0.0,0.0
1981-10-27,0.0,26.143855013532384,25.939605712890625,25.939605712890625,137785,0.0,0.0
1981-10-28,0.0,26.041730363211503,25.939605712890625,25.939605712890625,92994,0.0,0.0
1981-10-29,0.0,25.7353433638,25.63321876525879,25.63321876525879,79497,0.0,0.0
1981-10-30,0.0,26.041730363211503,25.939605712890625,25.939605712890625,98778,0.0,0.0
1981-11-02,0.0,26.24597878814881,26.14385414123535,26.14385414123535,196963,0.0,0.0
1981-11-03,0.0,26.65445204158915,26.45020294189453,26.45020294189453,220397,0.0,0.0
1981-11-04,0.0,26.858704520425,26.75658226013184,26.75658226013184,367377,0.0,0.0
1981-11-05,0.0,26.756591234766315,26.65446662902832,26.65446662902832,43901,0.0,0.0
1981-11-06,0.0,26.756591234766315,26.65446662902832,26.65446662902832,29811,0.0,0.0
1981-11-09,0.0,26.756591234766315,26.65446662902832,26.65446662902832,65407,0.0,0.0
1981-11-10,0.0,26.756591234766315,26.65446662902832,26.65446662902832,83353,0.0,0.0
1981-11-11,0.0,26.756591234766315,26.65446662902832,26.65446662902832,80832,0.0,0.0
1981-11-12,0.0,26.85871352931311,26.65446662902832,26.65446662902832,71636,0.0,0.0
1981-11-13,0.0,26.756591234766315,26.65446662902832,26.65446662902832,30256,0.0,0.0
1981-11-16,0.0,26.65445204158915,26.45020294189453,26.45020294189453,28477,0.0,0.0
1981-11-17,0.0,26.858704520425,26.75658226013184,26.75658226013184,28180,0.0,0.0
1981-11-18,0.0,26.756591234766315,26.65446662902832,26.65446662902832,67632,0.0,0.0
1981-11-19,0.0,26.756591234766315,26.65446662902832,26.65446662902832,139713,0.0,0.0
1981-11-20,0.0,26.756591234766315,26.65446662902832,26.65446662902832,37079,0.0,0.0
1981-11-23,0.0,26.55232749174184,26.45020294189453,26.45020294189453,57695,0.0,0.0
1981-11-24,0.0,26.654469894126887,26.552345275878903,26.552345275878903,30553,0.0,0.0
1981-11-25,0.0,26.85871352931311,26.65446662902832,26.65446662902832,48944,0.0,0.0
1981-11-27,0.0,26.960841583522097,26.85871696472168,26.85871696472168,50872,0.0,0.0
1981-11-30,0.0,27.06296620232251,26.85871696472168,26.85871696472168,23137,0.0,0.0
1981-12-01,0.0,27.06296620232251,26.85871696472168,26.85871696472168,49241,0.0,0.0
1981-12-02,0.0,26.960841583522097,26.85871696472168,26.85871696472168,52059,0.0,0.0
1981-12-03,0.0,26.960841583522097,26.85871696472168,26.85871696472168,31740,0.0,0.0
1981-12-04,0.0,27.06297249716886,26.96084785461425,26.96084785461425,18836,0.0,0.0
1981-12-07,0.0,27.675704371793103,27.573579788208008,27.573579788208008,41380,0.0,0.0
1981-12-08,0.0,28.18633405862273,28.084209442138672,28.084209442138672,89286,0.0,0.0
1981-12-09,0.0,28.49271478212248,28.28846549987793,28.28846549987793,42567,0.0,0.0
1981-12-10,0.0,28.390590141000207,28.28846549987793,28.28846549987793,120432,0.0,0.0
1981-12-11,0.0,28.390590141000207,28.28846549987793,28.28846549987793,67484,0.0,0.0
1981-12-14,0.0,28.08421025265676,27.879961013793945,27.879961013793945,46274,0.0,0.0
1981-12-15,0.0,27.98208123803103,27.77783203125,27.77783203125,58733,0.0,0.0
1981-12-16,0.0,27.98208123803103,27.77783203125,27.77783203125,29366,0.0,0.0
1981-12-17,0.0,27.675704371793103,27.573579788208008,27.573579788208008,41973,0.0,0.0
1981-12-18,0.0,27.77782664418749,27.573579788208008,27.573579788208008,48203,0.0,0.0
1981-12-21,0.0,27.573594517287745,27.47146987915039,27.47146987915039,51614,0.0,0.0
1981-12-22,0.0,27.573594517287745,27.47146987915039,27.47146987915039,23137,0.0,0.0
1981-12-23,0.0,27.675719155425103,27.47146987915039,27.47146987915039,160477,0.0,0.0
1981-12-24,0.0,27.573590140460144,27.369340896606445,27.369340896606445,16760,0.0,0.0
1981-12-28,0.0,27.26722231153462,27.062973022460938,27.062973022460938,39897,0.0,0.0
1981-12-29,0.0,27.06296620232251,26.85871696472168,26.85871696472168,19429,0.0,0.0
1981-12-30,0.0,26.55232749174184,26.45020294189453,26.45020294189453,57991,0.0,0.0
1981-12-31,0.0,26.55232749174184,26.45020294189453,26.45020294189453,29515,0.0,0.0
1982-01-04,0.0,26.55232749174184,26.45020294189453,26.45020294189453,36931,0.0,0.0
1982-01-05,0.0,25.837467962341208,25.63321876525879,25.63321876525879,87061,0.0,0.0
1982-01-06,0.0,25.939593703993808,25.83746910095215,25.83746910095215,36782,0.0,0.0
1982-01-07,0.0,25.7353433638,25.63321876525879,25.63321876525879,66000,0.0,0.0
1982-01-08,0.0,26.24597878814881,26.14385414123535,26.14385414123535,45385,0.0,0.0
1982-01-11,0.0,25.837478108493297,25.73535346984864,25.73535346984864,40638,0.0,0.0
1982-01-12,0.0,26.143855013532384,25.939605712890625,25.939605712890625,49834,0.0,0.0
1982-01-13,0.0,25.93960274713796,25.73535346984864,25.73535346984864,100261,0.0,0.0
1982-01-14,0.0,25.837467962341208,25.63321876525879,25.63321876525879,31591,0.0,0.0
1982-01-15,0.0,26.041718307035467,25.83746910095215,25.83746910095215,34854,0.0,0.0
1982-01-18,0.0,26.14384212928857,26.041717529296875,26.041717529296875,48499,0.0,0.0
1982-01-19,0.0,26.143855013532384,25.939605712890625,25.939605712890625,45088,0.0,0.0
1982-01-20,0.0,25.93960274713796,25.73535346984864,25.73535346984864,34409,0.0,0.0
1982-01-21,0.0,25.93960274713796,25.73535346984864,25.73535346984864,89731,0.0,0.0
1982-01-22,0.0,25.837467962341208,25.63321876525879,25.63321876525879,33223,0.0,0.0
1982-01-25,0.0,25.42898840452189,25.22473907470703,25.22473907470703,41380,0.0,0.0
1982-01-26,0.0,25.531094349119456,25.326845169067383,25.326845169067383,70005,0.0,0.0
1982-01-27,0.0,25.63322161817414,25.531099319458008,25.531099319458008,27587,0.0,0.0
1982-01-28,0.0,26.14384212928857,26.041717529296875,26.041717529296875,54135,0.0,0.0
1982-01-29,0.0,26.85871352931311,26.65446662902832,26.65446662902832,44643,0.0,0.0
1982-02-01,0.0,26.858704520425,26.75658226013184,26.75658226013184,66445,0.0,0.0
1982-02-02,0.0,27.06296620232251,26.85871696472168,26.85871696472168,86320,0.0,0.0
1982-02-03,0.0,26.9608290919086,26.75658226013184,26.75658226013184,32778,0.0,0.0
1982-02-04,0.0,27.675719155425103,27.47146987915039,27.47146987915039,49092,0.0,0.0
1982-02-05,0.0,27.573594517287745,27.47146987915039,27.47146987915039,150095,0.0,0.0
1982-02-08,0.0,27.471474576703763,27.26722526550293,27.26722526550293,48796,0.0,0.0
1982-02-09,0.0,27.26723049488832,27.16510581970215,27.16510581970215,133484,0.0,0.0
1982-02-10,0.0,27.06297249716886,26.96084785461425,26.96084785461425,96998,0.0,0.0
1982-02-11,0.0,26.9608290919086,26.75658226013184,26.75658226013184,91659,0.0,0.0
1982-02-12,0.0,26.858704520425,26.75658226013184,26.75658226013184,47609,0.0,0.0
1982-02-16,0.0,26.55232749174184,26.45020294189453,26.45020294189453,79942,0.0,0.0
1982-02-17,0.0,26.654469894126887,26.552345275878903,26.552345275878903,82760,0.0,0.0
1982-02-18,0.0,26.756591234766315,26.65446662902832,26.65446662902832,122657,0.0,0.0
1982-02-19,0.0,26.756591234766315,26.65446662902832,26.65446662902832,153951,0.0,0.0
1982-02-22,0.0,26.85871352931311,26.65446662902832,26.65446662902832,83502,0.0,0.0
1982-02-23,0.0,26.858704520425,26.75658226013184,26.75658226013184,66149,0.0,0.0
1982-02-24,0.0,27.06297249716886,26.96084785461425,26.96084785461425,81129,0.0,0.0
1982-02-25,0.0,27.26723049488832,27.16510581970215,27.16510581970215,50427,0.0,0.0
1982-02-26,0.0,27.26723049488832,27.16510581970215,27.16510581970215,14387,0.0,0.0
1982-03-01,0.0,28.08419357428558,27.98206901550293,27.98206901550293,74158,0.0,0.0
1982-03-02,0.0,27.98208563322535,27.879961013793945,27.879961013793945,76234,0.0,0.0
1982-03-03,0.0,27.879965266320166,27.67571830749512,27.67571830749512,81573,0.0,0.0
1982-03-04,0.0,27.879951227772587,27.573579788208008,27.573579788208008,122360,0.0,0.0
1982-03-05,0.0,27.777840631311708,27.67571830749512,27.67571830749512,44791,0.0,0.0
1982-03-08,0.0,27.573590140460144,27.369340896606445,27.369340896606445,111237,0.0,0.0
1982-03-09,0.0,27.165097139723464,26.96084785461425,26.96084785461425,101299,0.0,0.0
1982-03-10,0.0,27.165097139723464,26.96084785461425,26.96084785461425,44198,0.0,0.0
1982-03-11,0.0,26.24597878814881,26.14385414123535,26.14385414123535,93439,0.0,0.0
1982-03-12,0.0,25.93960274713796,25.73535346984864,25.73535346984864,141345,0.0,0.0
1982-03-15,0.0,25.837467962341208,25.63321876525879,25.63321876525879,87358,0.0,0.0
1982-03-16,0.0,25.837467962341208,25.63321876525879,25.63321876525879,71191,0.0,0.0
1982-03-17,0.0,25.7353433638,25.63321876525879,25.63321876525879,56360,0.0,0.0
1982-03-18,0.0,26.143855013532384,25.939605712890625,25.939605712890625,100261,0.0,0.0
1982-03-19,0.0,26.14384212928857,26.041717529296875,26.041717529296875,48647,0.0,0.0
1982-03-22,0.0,26.55232749174184,26.45020294189453,26.45020294189453,92994,0.0,0.0
1982-03-23,0.0,26.9608290919086,26.75658226013184,26.75658226013184,80832,0.0,0.0
1982-03-24,0.0,27.165097139723464,26.96084785461425,26.96084785461425,35151,0.0,0.0
1982-03-25,0.0,27.675704371793103,27.573579788208008,27.573579788208008,81722,0.0,0.0
1982-03-26,0.0,27.36935517007449,27.16510581970215,27.16510581970215,48944,0.0,0.0
1982-03-29,0.0,27.36935517007449,27.16510581970215,27.16510581970215,43605,0.0,0.0
1982-03-30,0.0,27.36935517007449,27.16510581970215,27.16510581970215,32184,0.0,0.0
1982-03-31,0.0,27.471465518533293,27.369340896606445,27.369340896606445,34557,0.0,0.0
1982-04-01,0.0,28.08419357428558,27.98206901550293,27.98206901550293,95812,0.0,0.0
1982-04-02,0.0,28.288459228467104,28.18633460998535,28.18633460998535,52949,0.0,0.0
1982-04-05,0.0,28.288459228467104,28.18633460998535,28.18633460998535,29960,0.0,0.0
1982-04-06,0.0,28.288459228467104,28.18633460998535,28.18633460998535,105007,0.0,0.0
1982-04-07,0.0,28.390590141000207,28.28846549987793,28.28846549987793,76827,0.0,0.0
1982-04-08,0.0,28.288459228467104,28.18633460998535,28.18633460998535,44643,0.0,0.0
1982-04-12,0.0,27.98208123803103,27.77783203125,27.77783203125,72823,0.0,0.0
1982-04-13,0.0,28.08421025265676,27.879961013793945,27.879961013793945,59178,0.0,0.0
1982-04-14,0.0,28.08419357428558,27.98206901550293,27.98206901550293,15573,0.0,0.0
1982-04-15,0.0,28.08419357428558,27.98206901550293,27.98206901550293,16611,0.0,0.0
1982-04-16,0.0,28.08419357428558,27.98206901550293,27.98206901550293,32778,0.0,0.0
1982-04-19,0.0,28.288459228467104,28.18633460998535,28.18633460998535,42567,0.0,0.0
1982-04-20,0.0,28.90121162665675,28.696962356567383,28.696962356567383,63331,0.0,0.0
1982-04-21,0.0,28.59483226947617,28.39058303833008,28.39058303833008,47016,0.0,0.0
1982-04-22,0.0,28.696949757196165,28.492700576782227,28.492700576782227,48054,0.0,0.0
1982-04-23,0.0,29.003343073336,28.90121841430664,28.90121841430664,141938,0.0,0.0
1982-04-26,0.0,29.20758193646289,29.105457305908203,29.105457305908203,58585,0.0,0.0
1982-04-27,0.0,29.003343073336,28.90121841430664,28.90121841430664,51169,0.0,0.0
1982-04-28,0.0,28.901198762562053,28.79907417297364,28.79907417297364,64517,0.0,0.0
1982-04-29,0.0,28.90121162665675,28.696962356567383,28.696962356567383,28032,0.0,0.0
1982-04-30,0.0,28.799086991612068,28.696962356567383,28.696962356567383,38265,0.0,0.0
1982-05-03,0.0,28.696949757196165,28.492700576782227,28.492700576782227,33074,0.0,0.0
1982-05-04,0.0,28.492707653903125,28.39058303833008,28.39058303833008,86468,0.0,0.0
1982-05-05,0.0,28.492707653903125,28.39058303833008,28.39058303833008,70450,0.0,0.0
1982-05-06,0.0,28.5948251669892,28.492700576782227,28.492700576782227,63776,0.0,0.0
1982-05-07,0.0,28.390583846948857,28.18633460998535,28.18633460998535,145646,0.0,0.0
1982-05-10,0.0,28.18631813306824,27.98206901550293,27.98206901550293,56805,0.0,0.0
1982-05-11,0.0,28.18633405862273,28.084209442138672,28.084209442138672,78755,0.0,0.0
1982-05-12,0.0,27.98208563322535,27.879961013793945,27.879961013793945,45681,0.0,0.0
1982-05-13,0.0,27.26722231153462,27.062973022460938,27.062973022460938,78459,0.0,0.0
1982-05-14,0.0,27.26723049488832,27.16510581970215,27.16510581970215,45236,0.0,0.0
1982-05-17,0.0,27.26723049488832,27.16510581970215,27.16510581970215,89434,0.0,0.0
1982-05-18,0.0,27.36935517007449,27.16510581970215,27.16510581970215,86765,0.0,0.0
1982-05-19,0.0,26.960841583522097,26.85871696472168,26.85871696472168,105304,0.0,0.0
1982-05-20,0.0,27.165097666997777,27.062973022460938,27.062973022460938,122509,0.0,0.0
1982-05-21,0.0,26.858704520425,26.75658226013184,26.75658226013184,56063,0.0,0.0
1982-05-24,0.0,26.55232749174184,26.45020294189453,26.45020294189453,169821,0.0,0.0
1982-05-25,0.0,26.24597878814881,26.14385414123535,26.14385414123535,210311,0.0,0.0
1982-05-26,0.0,25.531094929260668,25.428970336914062,25.428970336914062,200226,0.0,0.0
1982-05-27,0.0,25.63322161817414,25.531099319458008,25.531099319458008,272455,0.0,0.0
1982-05-28,0.0,25.63322161817414,25.531099319458008,25.531099319458008,284172,0.0,0.0
1982-06-01,0.0,25.173675082695585,25.12261390686035,25.12261390686035,77866,0.0,0.0
1982-06-02,0.0,25.42896975909342,25.326845169067383,25.326845169067383,91956,0.0,0.0
1982-06-03,0.0,25.531094929260668,25.428970336914062,25.428970336914062,55025,0.0,0.0
1982-06-04,0.0,25.531094349119456,25.326845169067383,25.326845169067383,49389,0.0,0.0
1982-06-07,0.0,25.531094349119456,25.326845169067383,25.326845169067383,123843,0.0,0.0
1982-06-08,0.0,25.22473856972331,25.12261390686035,25.12261390686035,172491,0.0,0.0
1982-06-09,0.0,24.407729538813804,24.305604934692383,24.305604934692383,236860,0.0,0.0
1982-06-10,0.0,24.71410217683275,24.509855270385746,24.509855270385746,108567,0.0,0.0
1982-06-11,0.0,24.918366890344533,24.81624221801757,24.81624221801757,197556,0.0,0.0
1982-06-14,0.0,24.71411039923097,24.61198806762696,24.61198806762696,43901,0.0,0.0
1982-06-15,0.0,24.61197987920488,24.509855270385746,24.509855270385746,80239,0.0,0.0
1982-06-16,0.0,24.61197987920488,24.509855270385746,24.509855270385746,76679,0.0,0.0
1982-06-17,0.0,24.305619691760803,24.20349502563477,24.20349502563477,192810,0.0,0.0
1982-06-18,0.0,23.89711709622614,23.79499244689941,23.79499244689941,200374,0.0,0.0
1982-06-21,0.0,23.18224281080071,23.08011817932129,23.08011817932129,164037,0.0,0.0
1982-06-22,0.0,23.182240345362853,22.977991104125977,22.977991104125977,161516,0.0,0.0
1982-06-23,0.0,23.692864304551883,23.488615036010746,23.488615036010746,227812,0.0,0.0
1982-06-24,0.0,23.69285526241,23.59073066711425,23.59073066711425,102189,0.0,0.0
1982-06-25,0.0,23.69285526241,23.59073066711425,23.59073066711425,138527,0.0,0.0
1982-06-28,0.0,23.69285526241,23.59073066711425,23.59073066711425,54432,0.0,0.0
1982-06-29,0.0,23.69285526241,23.59073066711425,23.59073066711425,157511,0.0,0.0
1982-06-30,0.0,23.89711709622614,23.79499244689941,23.79499244689941,382061,0.0,0.0
1982-07-01,0.0,23.89711709622614,23.79499244689941,23.79499244689941,127996,0.0,0.0
1982-07-02,0.0,23.59075411672736,23.38650703430176,23.38650703430176,173826,0.0,0.0
1982-07-06,0.0,23.59075411672736,23.38650703430176,23.38650703430176,156028,0.0,0.0
1982-07-07,0.0,23.080115724744417,22.977991104125977,22.977991104125977,82463,0.0,0.0
1982-07-08,0.0,22.569493299432185,22.46737098693848,22.46737098693848,113906,0.0,0.0
1982-07-09,0.0,22.671607379536336,22.569482803344727,22.569482803344727,272752,0.0,0.0
1982-07-12,0.0,22.875872525160787,22.67162322998047,22.67162322998047,578282,0.0,0.0
1982-07-13,0.0,22.773747877570628,22.67162322998047,22.67162322998047,236118,0.0,0.0
1982-07-14,0.0,23.08011074954809,22.77373695373535,22.77373695373535,69857,0.0,0.0
1982-07-15,0.0,23.080115724744417,22.977991104125977,22.977991104125977,79645,0.0,0.0
1982-07-16,0.0,23.080115724744417,22.977991104125977,22.977991104125977,92549,0.0,0.0
1982-07-19,0.0,23.182240345362853,22.977991104125977,22.977991104125977,160922,0.0,0.0
1982-07-20,0.0,23.794988938822456,23.488615036010746,23.488615036010746,97888,0.0,0.0
1982-07-21,0.0,24.305619691760803,24.20349502563477,24.20349502563477,187767,0.0,0.0
1982-07-22,0.0,25.12259365878776,24.918344497680664,24.918344497680664,121025,0.0,0.0
1982-07-23,0.0,25.020491562671488,24.81624221801757,24.81624221801757,82908,0.0,0.0
1982-07-26,0.0,25.020491562671488,24.81624221801757,24.81624221801757,39304,0.0,0.0
1982-07-27,0.0,24.509854142935225,24.305604934692383,24.305604934692383,102486,0.0,0.0
1982-07-28,0.0,23.89711709622614,23.79499244689941,23.79499244689941,93142,0.0,0.0
1982-07-29,0.0,23.18224281080071,23.08011817932129,23.08011817932129,549657,0.0,0.0
1982-07-30,0.0,23.28436744228013,23.08011817932129,23.08011817932129,114351,0.0,0.0
1982-08-02,0.0,24.10136935179748,23.999244689941406,23.999244689941406,274235,0.0,0.0
1982-08-03,0.0,24.407729538813804,24.305604934692383,24.305604934692383,50427,0.0,0.0
1982-08-04,0.0,24.509854142935225,24.305604934692383,24.305604934692383,57101,0.0,0.0
1982-08-05,0.0,24.101370765132938,23.89712142944336,23.89712142944336,143124,0.0,0.0
1982-08-06,0.0,23.692864304551883,23.488615036010746,23.488615036010746,126513,0.0,0.0
1982-08-09,0.0,23.488629419917928,23.38650703430176,23.38650703430176,68077,0.0,0.0
1982-08-10,0.0,23.488629419917928,23.38650703430176,23.38650703430176,35447,0.0,0.0
1982-08-11,0.0,23.386486842392014,23.18223762512207,23.18223762512207,214019,0.0,0.0
1982-08-12,0.0,22.977986150943845,22.77373695373535,22.77373695373535,112720,0.0,0.0
1982-08-13,0.0,22.977986150943845,22.77373695373535,22.77373695373535,45829,0.0,0.0
1982-08-16,0.0,23.182240345362853,22.977991104125977,22.977991104125977,94180,0.0,0.0
1982-08-17,0.0,24.10136935179748,23.999244689941406,23.999244689941406,210608,0.0,0.0
1982-08-18,0.0,24.50986902401288,24.20349502563477,24.20349502563477,180945,0.0,0.0
1982-08-19,0.0,24.71410217683275,24.509855270385746,24.509855270385746,75789,0.0,0.0
1982-08-20,0.0,25.122611484681723,25.02048683166504,25.02048683166504,100410,0.0,0.0
1982-08-23,0.0,26.654469894126887,26.552345275878903,26.552345275878903,307606,0.0,0.0
1982-08-24,0.0,26.34810970233319,26.24598503112793,26.24598503112793,195925,0.0,0.0
1982-08-25,0.0,26.756594512374864,26.552345275878903,26.552345275878903,146091,0.0,0.0
1982-08-26,0.0,26.858704520425,26.75658226013184,26.75658226013184,195925,0.0,0.0
1982-08-27,0.0,26.85871352931311,26.65446662902832,26.65446662902832,85430,0.0,0.0
1982-08-30,0.0,26.756594512374864,26.552345275878903,26.552345275878903,43456,0.0,0.0
1982-08-31,0.0,27.36935517007449,27.16510581970215,27.16510581970215,186581,0.0,0.0
1982-09-01,0.0,27.369349921103343,27.26722526550293,27.26722526550293,168041,0.0,0.0
1982-09-02,0.0,27.675704371793103,27.573579788208008,27.573579788208008,194442,0.0,0.0
1982-09-03,0.0,27.98208123803103,27.77783203125,27.77783203125,230334,0.0,0.0
1982-09-07,0.0,28.18631813306824,27.98206901550293,27.98206901550293,74899,0.0,0.0
1982-09-08,0.0,28.18633405862273,28.084209442138672,28.084209442138672,74306,0.0,0.0
1982-09-09,0.0,28.49271478212248,28.28846549987793,28.28846549987793,65852,0.0,0.0
1982-09-10,0.0,27.879965266320166,27.67571830749512,27.67571830749512,168635,0.0,0.0
1982-09-13,0.0,27.879956634640514,27.77783203125,27.77783203125,66890,0.0,0.0
1982-09-14,0.0,28.288459228467104,28.18633460998535,28.18633460998535,67632,0.0,0.0
1982-09-15,0.0,29.207582909480656,29.00333595275879,29.00333595275879,206603,0.0,0.0
1982-09-16,0.0,29.41184184587276,29.309717178344727,29.309717178344727,128145,0.0,0.0
1982-09-17,0.0,29.922449914423733,29.71820068359375,29.71820068359375,96998,0.0,0.0
1982-09-20,0.0,30.330947327797087,30.228822708129883,30.228822708129883,124585,0.0,0.0
1982-09-21,0.0,31.250084938615885,31.14796257019043,31.14796257019043,533194,0.0,0.0
1982-09-22,0.0,31.250084938615885,31.14796257019043,31.14796257019043,168338,0.0,0.0
1982-09-23,0.0,30.739457575025256,30.63733291625977,30.63733291625977,224105,0.0,0.0
1982-09-24,0.0,30.637326664292743,30.535202026367188,30.535202026367188,72675,0.0,0.0
1982-09-27,0.0,30.94371174141876,30.84158706665039,30.84158706665039,35002,0.0,0.0
1982-09-28,0.0,31.19902375440316,31.14796257019043,31.14796257019043,125475,0.0,0.0
1982-09-29,0.0,31.250084938615885,31.14796257019043,31.14796257019043,191624,0.0,0.0
1982-09-30,0.0,31.250084938615885,31.14796257019043,31.14796257019043,277795,0.0,0.0
1982-10-01,0.0,31.250084938615885,31.14796257019043,31.14796257019043,151430,0.0,0.0
1982-10-04,0.0,31.1479610909555,30.84158706665039,30.84158706665039,39749,0.0,0.0
1982-10-05,0.0,30.94370057806941,30.535202026367188,30.535202026367188,89286,0.0,0.0
1982-10-06,0.0,30.739439207661366,30.433065414428707,30.43306541442871,35892,0.0,0.0
1982-10-07,0.0,30.94370298004601,30.586265563964847,30.586265563964844,63479,0.0,0.0
1982-10-08,0.0,32.27131335657775,30.73944854736328,30.73944854736328,195035,0.0,0.0
1982-10-11,0.0,33.19044017127869,31.96494674682617,31.96494674682617,195628,0.0,0.0
1982-10-12,0.0,33.19043516240825,32.78193664550781,32.78193664550781,151875,0.0,0.0
1982-10-13,0.0,32.8840549749362,32.679805755615234,32.679805755615234,56805,0.0,0.0
1982-10-14,0.0,32.88405658692581,32.27130889892578,32.27130889892578,78459,0.0,0.0
1982-10-15,0.0,32.0670497495719,31.65855144671716,31.86280059814453,75937,0.0,0.0
1982-10-18,0.0,31.86280059814453,31.65855144671716,31.86280059814453,26845,0.0,0.0
1982-10-19,0.0,31.964925173858216,31.760676022430847,31.86280059814453,72526,0.0,0.0
1982-10-20,0.0,32.0670497495719,31.760676022430847,31.86280059814453,113461,0.0,0.0
1982-10-21,0.0,32.373443603515625,31.964947328723152,32.373443603515625,152913,0.0,0.0
1982-10-22,0.0,32.98618590395803,32.06706655212379,32.78193664550781,333116,0.0,0.0
1982-10-25,0.0,32.6798199869781,32.271321370443765,32.47557067871094,162109,0.0,0.0
1982-10-26,0.0,32.577693939208984,32.16919534014974,32.577693939208984,105601,0.0,0.0
1982-10-27,0.0,32.88406127473292,32.373438128607376,32.78193664550781,161367,0.0,0.0
1982-10-28,0.0,32.88406683599637,32.373443603515625,32.373443603515625,92549,0.0,0.0
1982-10-29,0.0,32.577679270954896,31.65856014810152,32.06705856323242,272604,0.0,0.0
1982-11-01,0.0,32.06705856323242,31.86280935566697,32.06705856323242,60364,0.0,0.0
1982-11-02,0.0,32.16918085582399,31.96493395944969,32.06705856323242,142679,0.0,0.0
1982-11-03,0.0,32.067082375562535,31.0458378905721,31.14796257019043,802535,0.0,0.0
1982-11-04,0.0,31.352203216425792,29.92246261609374,30.63733291625977,746917,0.0,0.0
1982-11-05,0.0,31.250084938615885,30.433089812862114,31.14796257019043,177385,0.0,0.0
1982-11-08,0.0,31.45429104001091,31.045795194518632,31.25004196166992,208976,0.0,0.0
1982-11-09,0.0,32.47557067871094,31.45432644856739,32.47557067871094,76234,0.0,0.0
1982-11-10,0.0,32.78194323873861,32.37344463967936,32.577693939208984,226329,0.0,0.0
1982-11-11,0.0,33.701043506167906,32.67979990362893,33.59891891479492,136302,0.0,0.0
1982-11-12,0.0,33.905292688913875,33.59891891479492,33.59891891479492,67632,0.0,0.0
1982-11-15,0.0,33.59891891479492,33.394669732048946,33.59891891479492,170118,0.0,0.0
1982-11-16,0.0,33.59891891479492,33.08829826912087,33.59891891479492,125920,0.0,0.0
1982-11-17,0.0,33.701043506167906,33.49679432342194,33.59891891479492,87358,0.0,0.0
1982-11-18,0.0,33.90530286342309,33.598928997365604,33.701053619384766,74306,0.0,0.0
1982-11-19,0.0,33.80317858590505,33.445743560791016,33.445743560791016,126810,0.0,0.0
1982-11-22,0.0,33.49681558030686,32.884069954415004,32.9861946105957,93884,0.0,0.0
1982-11-23,0.0,32.98618590395803,32.577687387057594,32.78193664550781,41973,0.0,0.0
1982-11-24,0.0,32.8840549749362,32.679805755615234,32.679805755615234,101893,0.0,0.0
1982-11-26,0.0,33.0883192667764,32.781945298234305,32.9861946105957,38859,0.0,0.0
1982-11-29,0.0,33.08830147917247,32.88405227661133,32.88405227661133,85875,0.0,0.0
1982-11-30,0.0,33.49680709838867,32.8840616276536,33.49680709838867,85133,0.0,0.0
1982-12-01,0.0,33.80317824140393,33.39467975332728,33.701053619384766,141790,0.0,0.0
1982-12-02,0.0,34.00744530442863,33.7010712778394,33.80319595336914,174716,0.0,0.0
1982-12-03,0.0,34.109537854983024,33.7010395375951,33.90528869628906,25807,0.0,0.0
1982-12-06,0.0,33.90528869628906,33.088294372703814,33.90528869628906,67335,0.0,0.0
1982-12-07,0.0,34.109545180787094,32.679803074050184,32.88405227661133,298559,0.0,0.0
1982-12-08,0.0,33.19043516240825,32.78193664550781,32.78193664550781,112720,0.0,0.0
1982-12-09,0.0,32.78194085411832,31.35219817260533,31.454322814941406,103524,0.0,0.0
1982-12-10,0.0,31.65857262682484,31.35219869471457,31.55644798278809,52800,0.0,0.0
1982-12-13,0.0,31.556415579181404,31.25004196166992,31.25004196166992,50279,0.0,0.0
1982-12-14,0.0,31.6585617642951,31.04581642150879,31.04581642150879,52504,0.0,0.0
1982-12-15,0.0,31.045815794268805,29.61607360839844,29.61607360839844,153803,0.0,0.0
1982-12-16,0.0,30.228822708129883,29.309703442316565,30.228822708129883,318433,0.0,0.0
1982-12-17,0.0,31.25004196166992,30.126674341984188,31.25004196166992,159142,0.0,0.0
1982-12-20,0.0,32.16917201409506,31.352177719576105,31.86280059814453,258959,0.0,0.0
1982-12-21,0.0,32.27129658980875,31.760676022430847,31.86280059814453,293961,0.0,0.0
1982-12-22,0.0,32.373443603515625,31.964947328723152,32.373443603515625,63182,0.0,0.0
1982-12-23,0.0,32.9861946105957,32.3734466735115,32.9861946105957,38710,0.0,0.0
1982-12-27,0.0,33.190425872802734,32.83298861496142,33.190425872802734,127403,0.0,0.0
1982-12-28,0.0,33.39467026542887,32.78192501859506,33.08829879760742,72526,0.0,0.0
1982-12-29,0.0,33.08831053318314,32.78193664550781,32.78193664550781,45088,0.0,0.0
1982-12-30,0.0,32.78194464111169,32.16919671631018,32.47557067871094,25955,0.0,0.0
1982-12-31,0.0,32.577682742925795,32.06706198078385,32.27130889892578,34113,0.0,0.0
1983-01-03,0.0,32.37342116552243,31.760676022430847,31.86280059814453,91214,0.0,0.0
1983-01-04,0.0,31.96494674682617,31.658572812915025,31.96494674682617,95515,0.0,0.0
1983-01-05,0.0,32.06707139146322,31.862822102189124,31.96494674682617,212536,0.0,0.0
1983-01-06,0.0,32.169193267822266,31.760697006270394,32.169193267822266,75048,0.0,0.0
1983-01-07,0.0,32.6798199869781,32.16919671631018,32.47557067871094,310721,0.0,0.0
1983-01-10,0.0,32.78194323873861,32.37344463967936,32.577693939208984,91066,0.0,0.0
1983-01-11,0.0,32.679818588973795,32.577693939208984,32.577693939208984,90917,0.0,0.0
1983-01-12,0.0,32.6798199869781,32.373446024577355,32.47557067871094,52652,0.0,0.0
1983-01-13,0.0,32.679818588973795,32.475569289444174,32.577693939208984,49686,0.0,0.0
1983-01-14,0.0,32.57769156944617,31.454322814941406,31.454322814941406,422699,0.0,0.0
1983-01-17,0.0,31.658572099613554,31.35219817260533,31.454322814941406,265040,0.0,0.0
1983-01-18,0.0,31.55644326635712,30.433074661043698,30.73944854736328,103672,0.0,0.0
1983-01-19,0.0,30.943688403149807,30.22881621894027,30.43306541442871,83947,0.0,0.0
1983-01-20,0.0,30.63732299531328,29.922452926635746,29.922452926635746,54877,0.0,0.0
1983-01-21,0.0,30.024584677102336,29.41183904155004,29.51396369934082,69115,0.0,0.0
1983-01-24,0.0,29.20757039704016,28.18632680616132,28.492700576782227,232559,0.0,0.0
1983-01-25,0.0,29.513952516343227,28.49270863658269,29.207578659057617,300339,0.0,0.0
1983-01-26,0.0,29.71821301492238,29.41183904155004,29.51396369934082,205120,0.0,0.0
1983-01-27,0.0,29.513942133828653,29.105443801150763,29.41181755065918,142679,0.0,0.0
1983-01-28,0.0,29.46290302404047,29.00334548695324,29.309717178344727,89286,0.0,0.0
1983-01-31,0.0,29.30970656701757,29.105457305908203,29.105457305908203,42270,0.0,0.0
1983-02-01,0.0,29.20757293527816,28.39057845381365,28.59482765197754,349431,0.0,0.0
1983-02-02,0.0,28.59483226947617,28.186333807183985,28.39058303833008,185098,0.0,0.0
1983-02-03,0.0,28.39057965159309,27.522521678369287,27.77783203125,526371,0.0,0.0
1983-02-04,0.0,27.777841482370523,27.16509596473832,27.47146987915039,481580,0.0,0.0
1983-02-07,0.0,27.573594517287745,27.26722060287568,27.47146987915039,733865,0.0,0.0
1983-02-08,0.0,27.471474576703763,26.705540815296803,27.26722526550293,406681,0.0,0.0
1983-02-09,0.0,27.879956634640514,27.06296211870755,27.77783203125,383544,0.0,0.0
1983-02-10,0.0,28.79907685014143,27.87995545840392,28.59482765197754,78459,0.0,0.0
1983-02-11,0.0,29.9224562103893,28.901212152551487,29.820331573486328,227664,0.0,0.0
1983-02-14,0.0,30.228824492530883,29.66714020680092,29.922452926635746,111237,0.0,0.0
1983-02-15,0.0,31.25008395249135,30.228839499727204,30.94371223449707,606758,0.0,0.0
1983-02-16,0.0,31.65858890285298,30.94371833826494,31.352214813232425,300190,0.0,0.0
1983-02-17,0.0,31.964925173858216,31.352177719576105,31.86280059814453,133336,0.0,0.0
1983-02-18,0.0,32.067054345903934,31.55643139414536,31.65855598449707,247242,0.0,0.0
1983-02-22,0.0,31.760686373291364,31.04581642150879,31.04581642150879,333413,0.0,0.0
1983-02-23,0.0,31.65858890285298,31.25009011669224,31.352214813232425,163592,0.0,0.0
1983-02-24,0.0,31.760680574848788,31.45430680379364,31.65855598449707,148612,0.0,0.0
1983-02-25,0.0,32.16919372490819,31.658572812915025,31.96494674682617,248873,0.0,0.0
1983-02-28,0.0,32.067054345903934,31.55643139414536,31.65855598449707,72526,0.0,0.0
1983-03-01,0.0,31.964925173858216,31.65855144671716,31.86280059814453,182428,0.0,0.0
1983-03-02,0.0,32.47557067871094,31.760700410968145,32.47557067871094,214761,0.0,0.0
1983-03-03,0.0,32.88406127473292,32.373438128607376,32.78193664550781,348838,0.0,0.0
1983-03-04,0.0,32.88406365701317,32.57768974714264,32.83300018310547,254658,0.0,0.0
1983-03-07,0.0,32.88405227661133,32.57767847276961,32.88405227661133,307310,0.0,0.0
1983-03-08,0.0,32.88406127473292,32.6798120162827,32.78193664550781,149057,0.0,0.0
1983-03-09,0.0,32.78193664550781,32.373438128607376,32.78193664550781,237008,0.0,0.0
1983-03-10,0.0,33.08831053318314,32.6798120162827,32.78193664550781,105304,0.0,0.0
1983-03-11,0.0,32.9861768778919,32.78192767533076,32.88405227661133,45533,0.0,0.0
1983-03-14,0.0,32.884067888503424,32.577693939208984,32.577693939208984,135560,0.0,0.0
1983-03-15,0.0,33.29254798361566,32.57767583258683,33.08829879760742,67039,0.0,0.0
1983-03-16,0.0,34.10956997995837,33.08832553585371,33.80319595336914,134819,0.0,0.0
1983-03-17,0.0,34.109537854983024,33.7010395375951,33.90528869628906,50576,0.0,0.0
1983-03-18,0.0,34.51804104346749,34.00742035167659,34.415916442871094,87654,0.0,0.0
1983-03-21,0.0,35.7435417175293,34.31379930924682,35.7435417175293,163889,0.0,0.0
1983-03-22,0.0,36.76477485856265,35.84565583377722,36.254154205322266,81722,0.0,0.0
1983-03-23,0.0,36.56055209589319,36.15205574030989,36.45842742919922,121025,0.0,0.0
1983-03-24,0.0,36.86689508861332,36.45839676541005,36.7647705078125,88989,0.0,0.0
1983-03-25,0.0,37.37752833517085,36.764780680815534,36.91796875,74751,0.0,0.0
1983-03-28,0.0,37.07116565020813,35.9477969241051,36.15204620361328,163592,0.0,0.0
1983-03-29,0.0,36.049916574786565,34.92654800415039,34.92654800415039,82908,0.0,0.0
1983-03-30,0.0,35.64141600152317,34.92654597490407,35.53929138183594,138378,0.0,0.0
1983-03-31,0.0,35.539286825636694,34.92654149725987,35.13079071044922,39749,0.0,0.0
1983-04-04,0.0,35.23291778564453,34.92654394439437,35.23291778564453,66000,0.0,0.0
1983-04-05,0.0,35.53929807847094,35.13080183394099,35.43717575073242,80980,0.0,0.0
1983-04-06,0.0,36.254154205322266,35.4371597734231,36.254154205322266,104562,0.0,0.0
1983-04-07,0.0,36.56055209589319,36.15205574030989,36.45842742919922,62292,0.0,0.0
1983-04-08,0.0,36.76478467119547,36.35628850181247,36.5605354309082,55173,0.0,0.0
1983-04-11,0.0,37.37751770019531,36.56052106018053,37.37751770019531,68670,0.0,0.0
1983-04-12,0.0,37.58176686019901,37.27539312019346,37.37751770019531,90621,0.0,0.0
1983-04-13,0.0,37.99029541015625,37.37754971647954,37.99029541015625,85875,0.0,0.0
1983-04-14,0.0,38.19454474511269,37.88817074267804,37.99029541015625,166410,0.0,0.0
1983-04-15,0.0,38.29665756225586,37.99028365462408,38.29665756225586,81722,0.0,0.0
1983-04-18,0.0,38.29665265746079,38.092403411865234,38.092403411865234,36486,0.0,0.0
1983-04-19,0.0,38.1945248545579,37.47965486568567,37.58177947998047,53394,0.0,0.0
1983-04-20,0.0,37.68390409427527,37.58177947998047,37.58177947998047,92252,0.0,0.0
1983-04-21,0.0,38.19454474511269,37.78604607519981,37.99029541015625,77421,0.0,0.0
1983-04-22,0.0,38.55195999145508,37.99027576635376,38.55195999145508,40787,0.0,0.0
1983-04-25,0.0,39.62427784817287,38.50090909863824,39.317901611328125,62737,0.0,0.0
1983-04-26,0.0,39.44557232919509,37.91370676651158,38.4243278503418,95990,0.0,1.25
1983-04-27,0.0,38.93493124372261,38.42430811101671,38.48813629150391,70124,0.0,0.0
1983-04-28,0.0,38.551967996353056,38.29665756225586,38.29665756225586,25154,0.0,0.0
1983-04-29,0.0,38.42428208939376,36.76476207654216,37.08390045166016,83531,0.0,0.0
1983-05-02,0.0,37.275402368250056,36.892435676026444,37.02009201049805,154367,0.0,0.0
1983-05-03,0.0,37.147742830152445,35.871188840291374,36.12649917602539,114262,0.0,0.0
1983-05-04,0.0,36.381813049316406,35.488225631764585,36.381813049316406,94685,0.0,0.0
1983-05-05,0.0,36.89243316650391,36.2541561599456,36.89243316650391,161367,0.0,0.0
1983-05-06,0.0,38.42432065646892,37.020111783238,38.16901016235352,193047,0.0,0.0
1983-05-09,0.0,39.31788431958512,38.16898664825096,39.06257629394531,57309,0.0,0.0
1983-05-10,0.0,39.70086038735428,39.06258327560245,39.573204040527344,66801,0.0,0.0
1983-05-11,0.0,39.70086038735428,39.44554769370041,39.573204040527344,129094,0.0,0.0
1983-05-12,0.0,39.57320382698553,38.55195999145508,38.55195999145508,56953,0.0,0.0
1983-05-13,0.0,38.93494170410886,38.551974829488245,38.80728530883789,70124,0.0,0.0
1983-05-16,0.0,38.80728157541117,37.78603744506836,37.78603744506836,91837,0.0,0.0
1983-05-17,0.0,38.168995239266366,37.530718097931455,37.9136848449707,38918,0.0,0.0
1983-05-18,0.0,38.55198427689578,38.16901730842669,38.4243278503418,51021,0.0,0.0
1983-05-19,0.0,38.80728530883789,38.04135387078895,38.80728530883789,92786,0.0,0.0
1983-05-20,0.0,39.06257629394531,38.6796096331036,39.06257629394531,57190,0.0,0.0
1983-05-23,0.0,39.06257629394531,38.8072636459235,39.06257629394531,64191,0.0,0.0
1983-05-24,0.0,39.19023941095409,38.29664961037032,38.55195999145508,93854,0.0,0.0
1983-05-25,0.0,39.06257629394531,38.6796096331036,39.06257629394531,29426,0.0,0.0
1983-05-26,0.0,39.19024658203125,38.807277473540864,39.19024658203125,80209,0.0,0.0
1983-05-27,0.0,38.93492873334487,37.78602849222711,37.9136848449707,56953,0.0,0.0
1983-05-31,0.0,37.91369560183447,37.14776189044546,37.40307235717773,78667,0.0,0.0
1983-06-01,0.0,37.2754014440705,36.25415772719125,36.50946807861328,164215,0.0,0.0
1983-06-02,0.0,37.53072874613997,36.76479503475095,37.40307235717773,121381,0.0,0.0
1983-06-03,0.0,37.65839837683699,37.27543138648069,37.59457015991211,125060,0.0,0.0
1983-06-06,0.0,38.16899008388049,37.53071302875599,38.04133605957031,75582,0.0,0.0
1983-06-07,0.0,38.0413519907967,37.27541827940769,37.40307235717773,66445,0.0,0.0
1983-06-08,0.0,37.40305680274329,36.25415902463256,36.381813049316406,113076,0.0,0.0
1983-06-09,0.0,36.50946807861328,36.12650139588467,36.50946807861328,53394,0.0,0.0
1983-06-10,0.0,36.50946453194246,35.99884156751116,36.254154205322266,166944,0.0,0.0
1983-06-13,0.0,36.50946807861328,35.998845064578084,36.50946807861328,108686,0.0,0.0
1983-06-14,0.0,36.89242681161118,36.3818039076071,36.7647705078125,177148,0.0,0.0
1983-06-15,0.0,36.76477843003531,36.25415772719125,36.50946807861328,152231,0.0,0.0
1983-06-16,0.0,36.637120850848014,36.254154205322266,36.254154205322266,166232,0.0,0.0
1983-06-17,0.0,36.50946583522191,35.74353251682887,36.12649917602539,110940,0.0,0.0
1983-06-20,0.0,36.12650813122959,35.87119773220807,35.99885177612305,114500,0.0,0.0
1983-06-21,0.0,36.12649917602539,35.74353251682887,36.12649917602539,355720,0.0,0.0
1983-06-22,0.0,36.25415549948789,35.871188840291374,36.12649917602539,381230,0.0,0.0
1983-06-23,0.0,36.254150899320585,35.232907374775685,35.36056137084961,199573,0.0,0.0
1983-06-24,0.0,35.36056137084961,35.10525106751106,35.36056137084961,215591,0.0,0.0
1983-06-27,0.0,35.36057314469572,34.84995236799959,35.105262756347656,83175,0.0,0.0
1983-06-28,0.0,35.10526442477591,34.53081544589338,34.72229766845703,284884,0.0,0.0
1983-06-29,0.0,34.84995402429385,34.46698726797497,34.72229766845703,166351,0.0,0.0
1983-06-30,0.0,35.10525540323035,34.72228874532839,34.849945068359375,102397,0.0,0.0
1983-07-01,0.0,35.36056137084961,34.722284456907886,35.36056137084961,136925,0.0,0.0
1983-07-05,0.0,35.36057314469572,34.977606406577884,35.105262756347656,67632,0.0,0.0
1983-07-06,0.0,35.23291778564453,34.84995106187967,35.23291778564453,90532,0.0,0.0
1983-07-07,0.0,35.93502625201285,35.23292091462301,35.7435417175293,120551,0.0,0.0
1983-07-08,0.0,35.7435417175293,35.48823131607615,35.7435417175293,36308,0.0,0.0
1983-07-11,0.0,35.871198073851666,35.48823131607615,35.7435417175293,67513,0.0,0.0
1983-07-12,0.0,35.87118428871741,35.04142291387875,35.36056137084961,184386,0.0,0.0
1983-07-13,0.0,35.36057181943856,35.10526144065911,35.23291778564453,112957,0.0,0.0
1983-07-14,0.0,35.7435417175293,35.04143638013945,35.7435417175293,284528,0.0,0.0
1983-07-15,0.0,35.615878384163295,34.72228874532839,34.849945068359375,486119,0.0,0.0
1983-07-18,0.0,35.23291340579857,34.59463407140815,34.91377258300781,30494,0.0,0.0
1983-07-19,0.0,34.84995402429385,34.59464131262021,34.72229766845703,27053,0.0,0.0
1983-07-20,0.0,35.61587398537886,34.59462814964326,35.36056137084961,288088,0.0,0.0
1983-07-21,0.0,35.36055169442976,34.46696472167969,34.46696472167969,136569,0.0,0.0
1983-07-22,0.0,34.72229836243925,34.08402119288129,34.21167755126953,222592,0.0,0.0
1983-07-25,0.0,34.40315977766027,33.956364834493044,34.21167755126953,126839,0.0,0.0
1983-07-26,0.0,34.46698795685439,34.08402119288129,34.21167755126953,168842,0.0,0.0
1983-07-27,0.0,34.40315087614697,33.701045709058434,33.956356048583984,72022,0.0,0.0
1983-07-28,0.0,34.08402677727294,32.55215947039649,32.807472229003906,353465,0.0,0.0
1983-07-29,0.0,32.80746209548866,32.42449538705968,32.679805755615234,196726,0.0,0.0
1983-08-01,0.0,33.44572637992927,32.55213696498391,33.254241943359375,272663,0.0,0.0
1983-08-02,0.0,33.31807008888268,33.06275981797989,33.254241943359375,72378,0.0,0.0
1983-08-03,0.0,33.31809616088867,32.93512929926087,33.31809616088867,209896,0.0,0.0
1983-08-04,0.0,33.31809616088867,32.93512929926087,33.31809616088867,340888,0.0,0.0
1983-08-05,0.0,33.31807735539332,33.062767028808594,33.062767028808594,350618,0.0,0.0
1983-08-08,0.0,33.19042236120089,32.16917646283393,32.55214309692383,101092,0.0,0.0
1983-08-09,0.0,32.80746761665704,32.296844482421875,32.296844482421875,82582,0.0,0.0
1983-08-10,0.0,32.5521573863551,32.424503326416016,32.424503326416016,70598,0.0,0.0
1983-08-11,0.0,32.93510500385432,32.360656290765235,32.87127685546875,314191,0.0,0.0
1983-08-12,0.0,33.57339859008789,32.67980875143932,33.57339859008789,67395,0.0,0.0
1983-08-15,0.0,34.849940231845466,33.7010404175852,34.339317321777344,88752,0.0,0.0
1983-08-16,0.0,35.10527173887905,34.33933806666076,34.97761535644531,102516,0.0,0.0
1983-08-17,0.0,35.74354974713744,34.849961985715645,35.48823928833008,165401,0.0,0.0
1983-08-18,0.0,35.99886269137985,35.36058534469744,35.61589813232422,67750,0.0,0.0
1983-08-19,0.0,35.61589567332981,35.23292882952273,35.48823928833008,72971,0.0,0.0
1983-08-22,0.0,35.48822816442397,34.84995106187967,35.23291778564453,99787,0.0,0.0
1983-08-23,0.0,34.84995472082749,33.956364834493044,34.21167755126953,55055,0.0,0.0
1983-08-24,0.0,34.21168128365996,33.44574767215273,33.637229919433594,131585,0.0,0.0
1983-08-25,0.0,33.701052630472326,33.31808588693601,33.57339859008789,83650,0.0,0.0
1983-08-26,0.0,33.956356048583984,33.44573536953289,33.956356048583984,35002,0.0,0.0
1983-08-29,0.0,33.956356048583984,33.701045709058434,33.956356048583984,52563,0.0,0.0
1983-08-30,0.0,34.08401870727539,33.82870832030926,34.08401870727539,16018,0.0,0.0
1983-08-31,0.0,34.977585820520545,33.828688593541955,34.40313720703125,56597,0.0,0.0
1983-09-01,0.0,35.488238574988195,34.84996128520364,34.97761535644531,113076,0.0,0.0
1983-09-02,0.0,35.23291910611742,34.977606406577884,35.105262756347656,63598,0.0,0.0
1983-09-06,0.0,35.48823928833008,35.105272444523,35.48823928833008,58258,0.0,0.0
1983-09-07,0.0,35.488238574988195,34.84996128520364,34.97761535644531,77836,0.0,0.0
1983-09-08,0.0,35.10526442477591,34.59464131262021,34.72229766845703,43071,0.0,0.0
1983-09-09,0.0,34.84995402429385,34.59464131262021,34.72229766845703,135857,0.0,0.0
1983-09-12,0.0,35.23291778564453,34.9776050956737,35.23291778564453,126721,0.0,0.0
1983-09-13,0.0,35.23289773328836,34.46696472167969,34.46696472167969,331277,0.0,0.0
1983-09-14,0.0,34.97760740201811,34.466986610790045,34.78612518310547,67869,0.0,0.0
1983-09-15,0.0,34.97760806893909,34.59464131262021,34.72229766845703,156028,0.0,0.0
1983-09-16,0.0,34.84995402429385,34.59464131262021,34.72229766845703,66445,0.0,0.0
1983-09-19,0.0,36.12650847530481,34.72229780052512,35.7435417175293,116635,0.0,0.0
1983-09-20,0.0,36.254154205322266,35.87118755979652,36.254154205322266,103821,0.0,0.0
1983-09-21,0.0,36.25417395838969,36.12651756993062,36.19034576416016,49478,0.0,0.0
1983-09-22,0.0,36.254154205322266,36.12649788641672,36.254154205322266,51851,0.0,0.0
1983-09-23,0.0,36.254154205322266,36.12649788641672,36.254154205322266,177504,0.0,0.0
1983-09-26,0.0,36.700966556667616,36.25417153808084,36.63713836669922,105007,0.0,0.0
1983-09-27,0.0,36.63713158940269,35.7435417175293,35.7435417175293,287257,0.0,0.0
1983-09-28,0.0,35.743527981452786,35.10525106751106,35.36056137084961,35833,0.0,0.0
1983-09-29,0.0,35.36057181943856,35.23291778564453,35.23291778564453,65377,0.0,0.0
1983-09-30,0.0,35.36056573810133,34.849945068359375,34.849945068359375,43664,0.0,0.0
1983-10-03,0.0,35.105257076682264,34.72229040052446,34.91377258300781,142027,0.0,0.0
1983-10-04,0.0,34.97761535644531,34.722304902769906,34.97761535644531,213337,0.0,0.0
1983-10-05,0.0,34.97759908019937,34.72228874532839,34.849945068359375,75344,0.0,0.0
1983-10-06,0.0,35.48823928833008,34.849961985715645,35.48823928833008,359398,0.0,0.0
1983-10-07,0.0,36.63712440991986,35.424396196080735,36.50946807861328,196607,0.0,0.0
1983-10-10,0.0,36.509484424115655,36.19034576416016,36.19034576416016,58377,0.0,0.0
1983-10-11,0.0,36.381818876757954,35.61588767239852,35.7435417175293,66564,0.0,0.0
1983-10-12,0.0,36.12651866437853,35.61589771745741,35.87120819091797,60275,0.0,0.0
1983-10-13,0.0,35.99886020594479,35.36058290333035,35.48823928833008,66683,0.0,0.0
1983-10-14,0.0,35.61587398537886,35.232907374775685,35.36056137084961,144044,0.0,0.0
1983-10-17,0.0,35.48822816442397,35.23291778564453,35.23291778564453,159113,0.0,0.0
1983-10-18,0.0,35.36055169442976,34.33930844934822,34.46696472167969,993476,0.0,0.0
1983-10-19,0.0,34.72228897796445,32.29683500246239,32.93511199951172,475440,0.0,0.0
1983-10-20,0.0,33.701053619384766,32.80746606570656,33.701053619384766,48529,0.0,0.0
1983-10-21,0.0,33.70104954102875,32.42449538705968,32.679805755615234,686285,0.0,0.0
1983-10-24,0.0,32.55216010197168,31.786228744864903,32.169193267822266,191386,0.0,0.0
1983-10-25,0.0,33.06276832339799,32.04152466588086,32.93511199951172,121144,0.0,0.0
1983-10-26,0.0,33.381924356358674,32.80747521951309,33.31809616088867,61581,0.0,0.0
1983-10-27,0.0,33.445733674281136,33.062767028808594,33.062767028808594,84480,0.0,0.0
1983-10-28,0.0,33.31807865997952,32.80745798681646,32.93511199951172,75463,0.0,0.0
1983-10-31,0.0,33.19042464728425,32.67980166293019,32.93511199951172,81040,0.0,0.0
1983-11-01,0.0,32.93512418855606,32.16919058415414,32.424503326416016,123517,0.0,0.0
1983-11-02,0.0,33.57340894276869,32.29685196694528,33.31809616088867,105245,0.0,0.0
1983-11-03,0.0,33.57339254741114,33.190425872802734,33.190425872802734,354177,0.0,0.0
1983-11-04,0.0,32.93511199951172,32.552145339043925,32.93511199951172,147129,0.0,0.0
1983-11-07,0.0,32.93512418855606,32.424503326416016,32.424503326416016,75107,0.0,0.0
1983-11-08,0.0,32.55216010197168,32.04153919723383,32.169193267822266,309208,0.0,0.0
1983-11-09,0.0,32.42448925653951,31.530899668759712,31.65855598449707,700523,0.0,0.0
1983-11-10,0.0,31.78621230023443,31.530899668759712,31.65855598449707,175368,0.0,0.0
1983-11-11,0.0,31.6585519898864,30.76496482604844,30.82879066467285,698744,0.0,0.0
1983-11-14,0.0,31.14796257019043,30.76499559941991,31.14796257019043,579379,0.0,0.0
1983-11-15,0.0,31.275595366806343,31.08411316754444,31.21176719665528,232203,0.0,0.0
1983-11-16,0.0,31.5308980164116,31.14793371165013,31.403244018554688,182369,0.0,0.0
1983-11-17,0.0,31.40327311363982,30.892649715548167,31.14796257019043,85667,0.0,0.0
1983-11-18,0.0,31.14796257019043,30.95647792920873,31.14796257019043,169317,0.0,0.0
1983-11-21,0.0,31.403244018554688,31.020277402602485,31.403244018554688,316802,0.0,0.0
1983-11-22,0.0,32.679805755615234,31.27559526177273,32.679805755615234,530613,0.0,0.0
1983-11-23,0.0,33.701052630472326,32.552152399863374,33.57339859008789,149265,0.0,0.0
1983-11-25,0.0,33.82870997470661,33.57339957525449,33.701053619384766,38443,0.0,0.0
1983-11-28,0.0,33.573391307752054,32.67980166293019,32.93511199951172,77005,0.0,0.0
1983-11-29,0.0,33.31807989021148,32.80745919819433,33.190425872802734,69174,0.0,0.0
1983-11-30,0.0,33.31807989021148,33.0627695442029,33.190425872802734,135738,0.0,0.0
1983-12-01,0.0,33.828697204589844,33.19042029130921,33.828697204589844,163384,0.0,0.0
1983-12-02,0.0,34.530813617859714,33.82870832030926,34.08401870727539,86379,0.0,0.0
1983-12-05,0.0,34.21167755126953,33.956364834493044,34.21167755126953,119839,0.0,0.0
1983-12-06,0.0,34.594618682821086,34.083998215875354,34.46696472167969,61818,0.0,0.0
1983-12-07,0.0,34.46697362709204,34.339317321777344,34.339317321777344,140959,0.0,0.0
1983-12-08,0.0,34.594618682821086,34.33930844934822,34.46696472167969,220456,0.0,0.0
1983-12-09,0.0,34.84995402429385,34.46698726797497,34.72229766845703,391671,0.0,0.0
1983-12-12,0.0,34.84995286108128,33.57339859008789,33.57339859008789,269341,0.0,0.0
1983-12-13,0.0,33.828716329857535,32.807472229003906,32.807472229003906,350024,0.0,0.0
1983-12-14,0.0,32.80746209548866,32.04152867863069,32.679805755615234,407927,0.0,0.0
1983-12-15,0.0,32.55216010197168,31.91388281545334,32.169193267822266,241220,0.0,0.0
1983-12-16,0.0,32.169193267822266,31.91388281545334,32.169193267822266,135145,0.0,0.0
1983-12-19,0.0,32.55216010197168,31.91388281545334,32.169193267822266,165283,0.0,0.0
1983-12-20,0.0,32.169193267822266,31.91388281545334,32.169193267822266,307547,0.0,0.0
1983-12-21,0.0,32.16918464550414,31.913874261566143,32.04153060913086,142264,0.0,0.0
1983-12-22,0.0,32.679805755615234,32.04152867863069,32.679805755615234,204913,0.0,0.0
1983-12-23,0.0,32.679805755615234,32.55214941574181,32.679805755615234,153892,0.0,0.0
1983-12-27,0.0,32.93511612417079,32.55214941574181,32.679805755615234,82701,0.0,0.0
1983-12-28,0.0,33.06276832339799,32.80745798681646,32.93511199951172,75819,0.0,0.0
1983-12-29,0.0,32.9351262971156,32.807472229003906,32.807472229003906,47936,0.0,0.0
1983-12-30,0.0,32.9351262971156,32.807472229003906,32.807472229003906,19222,0.0,0.0
1984-01-03,0.0,32.935109731013725,32.424489093021094,32.55214309692383,166469,0.0,0.0
1984-01-04,0.0,32.679805755615234,32.488323556996384,32.679805755615234,265900,0.0,0.0
1984-01-05,0.0,33.445736218811305,32.55214654099466,33.190425872802734,435098,0.0,0.0
1984-01-06,0.0,33.95635120053155,33.44573059438333,33.828697204589844,330209,0.0,0.0
1984-01-09,0.0,33.95635120053155,33.70104089745744,33.828697204589844,137043,0.0,0.0
1984-01-10,0.0,34.46698544332032,33.70105197123046,34.08401870727539,340532,0.0,0.0
1984-01-11,0.0,33.956363022432704,33.31808588693601,33.57339859008789,135738,0.0,0.0
1984-01-12,0.0,33.44575365954201,32.807476306086855,32.998958587646484,168724,0.0,0.0
1984-01-13,0.0,33.06276046616895,32.424483620803485,32.488311767578125,135857,0.0,0.0
1984-01-16,0.0,32.5521503867034,32.29684001053248,32.36066818237305,114144,0.0,0.0
1984-01-17,0.0,32.42450574496996,31.91388253355052,31.97771072387696,122568,0.0,0.0
1984-01-18,0.0,32.424503326416016,32.041536524215054,32.424503326416016,106313,0.0,0.0
1984-01-19,0.0,32.55215489394362,32.16918812106516,32.296844482421875,61462,0.0,0.0
1984-01-20,0.0,32.29684232715591,31.91387557983398,31.913875579833984,95515,0.0,0.0
1984-01-23,0.0,32.04155400911228,31.65858699792836,31.786243438720703,154841,0.0,0.0
1984-01-24,0.0,32.04153060913086,31.65856387762816,32.04153060913086,289868,0.0,0.0
1984-01-25,0.0,32.04152262051829,31.40324566421321,31.65855598449707,264595,0.0,0.0
1984-01-26,0.0,31.658566976078305,30.50966666912637,30.89263343811035,462744,0.0,0.0
1984-01-27,0.0,30.89261968638325,30.38199909583312,30.70113754272461,156858,0.0,0.0
1984-01-30,0.0,30.89264178330256,29.743741165992045,29.999053955078125,502611,0.0,0.0
1984-01-31,0.0,30.126708038428884,29.743741165992045,29.999053955078125,187352,0.0,0.0
1984-02-01,0.0,30.126698971512013,28.97780101116556,29.36076545715332,690319,0.0,0.0
1984-02-02,0.0,29.61607816940061,29.10545505609761,29.36076545715332,277765,0.0,0.0
1984-02-03,0.0,29.616087260162377,28.85015351069764,28.97780990600586,315259,0.0,0.0
1984-02-06,0.0,28.97778593355517,28.4671630859375,28.4671630859375,200404,0.0,0.0
1984-02-07,0.0,28.97780990600586,28.467186635965263,28.97780990600586,221880,0.0,0.0
1984-02-08,0.0,29.233102623478324,27.8288923730513,27.9565486907959,172165,0.0,0.0
1984-02-09,0.0,28.4671630859375,27.95654254951021,28.4671630859375,341244,0.0,0.0
1984-02-10,0.0,29.36076446849001,28.339522898655417,29.233110427856445,91244,0.0,0.0
1984-02-13,0.0,29.105457305908203,28.85014688511737,29.105457305908203,88396,0.0,0.0
1984-02-14,0.0,29.743727633671227,28.850140211996766,29.61607360839844,185454,0.0,0.0
1984-02-15,0.0,29.8713833621592,29.36076033788711,29.48841667175293,176673,0.0,0.0
1984-02-16,0.0,29.61607360839844,29.360760935470392,29.61607360839844,178928,0.0,0.0
1984-02-17,0.0,29.61607816940061,29.10545505609761,29.36076545715332,651876,0.0,0.0
1984-02-21,0.0,29.36076772669904,28.85014688511737,29.105457305908203,157926,0.0,0.0
1984-02-22,0.0,29.1054399120668,28.339509107425872,28.4671630859375,105363,0.0,0.0
1984-02-23,0.0,28.46717617615603,27.70124270812131,28.084209442138672,329972,0.0,0.0
1984-02-24,0.0,28.467186657174324,28.084219782156627,28.403358459472656,122805,0.0,0.0
1984-02-27,0.0,29.233110427856445,28.339522898655417,29.233110427856445,133009,0.0,0.0
1984-02-28,0.0,29.424592644402555,29.105454076031368,29.233110427856445,427030,0.0,0.0
1984-02-29,0.0,29.61607360839844,29.10545057373358,29.61607360839844,58970,0.0,0.0
1984-03-01,0.0,29.616071331605944,28.08420465656781,28.59482765197754,658521,0.0,0.0
1984-03-02,0.0,28.78630782256312,27.9565486907959,27.9565486907959,473186,0.0,0.0
1984-03-05,0.0,27.82889945856481,26.80765559016188,27.19062232971192,363432,0.0,0.0
1984-03-06,0.0,27.44593271901477,26.80765559016188,27.19062232971192,245017,0.0,0.0
1984-03-07,0.0,27.06296605592732,26.297032574663216,26.552345275878903,309445,0.0,0.0
1984-03-08,0.0,26.552345275878903,26.297032574663216,26.552345275878903,323328,0.0,0.0
1984-03-09,0.0,26.552346952806808,26.16938018798828,26.16938018798828,403655,0.0,0.0
1984-03-12,0.0,26.679999315295262,26.297032574663216,26.552345275878903,378264,0.0,0.0
1984-03-13,0.0,26.93530723906139,26.42468423838945,26.679994583129883,557903,0.0,0.0
1984-03-14,0.0,27.19062240653516,26.424688925271063,26.552345275878903,641316,0.0,0.0
1984-03-15,0.0,26.679983317378795,26.424673080444336,26.424673080444336,77836,0.0,0.0
1984-03-16,0.0,26.743828238365023,26.16937926695092,26.297033309936523,174656,0.0,0.0
1984-03-19,0.0,26.42468966411368,25.977894735685183,26.297033309936523,69886,0.0,0.0
1984-03-20,0.0,27.82890510559082,26.16938377158585,27.82890510559082,315022,0.0,0.0
1984-03-21,0.0,28.339523315429688,27.57358981559805,28.339523315429688,409707,0.0,0.0
1984-03-22,0.0,28.33952213894454,27.828899056524246,28.084209442138672,472474,0.0,0.0
1984-03-23,0.0,28.72248649597168,28.08420937780209,28.72248649597168,262103,0.0,0.0
1984-03-26,0.0,28.722473354151145,28.339509107425872,28.4671630859375,696133,0.0,0.0
1984-03-27,0.0,29.871387481689453,28.339522819997804,29.871387481689453,631230,0.0,0.0
1984-03-28,0.0,31.1479548210508,29.61608731907416,30.76498794555664,622925,0.0,0.0
1984-03-29,0.0,31.40325656715288,30.63732302918492,30.89263343811035,701235,0.0,0.0
1984-03-30,0.0,30.828798932579264,29.48841667175293,29.48841667175293,589465,0.0,0.0
1984-04-02,0.0,29.999047090404147,29.233113520798845,29.74373435974121,350262,0.0,0.0
1984-04-03,0.0,30.25437496007968,29.74375151542672,30.126718521118164,294614,0.0,0.0
1984-04-04,0.0,30.12669787343948,29.743731130218688,29.871387481689453,121975,0.0,0.0
1984-04-05,0.0,29.999039696025008,29.23310631521248,29.48841667175293,366754,0.0,0.0
1984-04-06,0.0,29.8713833621592,29.105449981346663,29.48841667175293,255933,0.0,0.0
1984-04-09,0.0,30.12669787343948,29.616077089939427,29.871387481689453,130043,0.0,0.0
1984-04-10,0.0,30.5096731188215,29.871395805981308,30.38201904296875,242525,0.0,0.0
1984-04-11,0.0,30.38201904296875,30.1905344624014,30.38201904296875,501543,0.0,0.0
1984-04-12,0.0,30.38201904296875,29.9990521930262,30.38201904296875,91244,0.0,0.0
1984-04-13,0.0,30.764983007714456,30.38201619368725,30.50967025756836,428572,0.0,0.0
1984-04-16,0.0,30.764983007714456,30.38201619368725,30.50967025756836,55885,0.0,0.0
1984-04-17,0.0,31.339444899979256,30.382028628649387,31.14796257019043,77361,0.0,0.0
1984-04-18,0.0,33.062783317901584,31.147951458346565,32.169193267822266,593736,0.0,0.0
1984-04-19,0.0,32.04152262051829,31.40324566421321,31.65855598449707,338159,0.0,0.0
1984-04-23,0.0,31.65857729750152,31.020299911499023,31.020299911499023,242051,0.0,0.0
1984-04-24,0.0,31.27561040366154,30.254366123819064,31.020299911499023,435929,0.0,0.0
1984-04-25,0.0,30.76498794555664,30.12670827893817,30.76498794555664,473779,0.0,0.0
1984-04-26,0.0,30.63731195500459,30.38200163836377,30.44582748413086,404130,0.0,0.0
1984-04-27,0.0,30.50968552680961,30.126718521118164,30.126718521118164,179402,0.0,0.0
1984-04-30,0.0,30.12669787343948,29.616077089939427,29.871387481689453,98007,0.0,0.0
1984-05-01,0.0,30.25434112548828,29.99903084428164,30.25434112548828,162079,0.0,0.0
1984-05-02,0.0,30.382013989179587,29.999047202940304,30.31818580627441,230304,0.0,0.0
1984-05-03,0.0,30.6373295058664,30.254362655923853,30.38201904296875,203251,0.0,0.0
1984-05-04,0.0,30.38199742168685,30.25434112548828,30.25434112548828,156740,0.0,0.0
1984-05-07,0.0,30.38199742168685,29.99903084428164,30.25434112548828,72497,0.0,0.0
1984-05-08,0.0,30.38201904296875,29.9990521930262,30.38201904296875,94685,0.0,0.0
1984-05-09,0.0,30.63733291625977,30.25436602368728,30.63733291625977,158520,0.0,0.0
1984-05-10,0.0,31.53092722976808,30.50968274477764,31.14796257019043,650571,0.0,0.0
1984-05-11,0.0,31.020293446668617,30.2543598186142,30.50967025756836,286427,0.0,0.0
1984-05-14,0.0,30.6373295058664,30.254362655923853,30.38201904296875,101092,0.0,0.0
1984-05-15,0.0,30.892633438110348,30.25435626020094,30.89263343811035,259611,0.0,0.0
1984-05-16,0.0,30.89264340757729,30.63733291625977,30.63733291625977,169910,0.0,0.0
1984-05-17,0.0,30.701157699388844,30.254362655923853,30.38201904296875,150807,0.0,0.0
1984-05-18,0.0,30.38203139904119,30.126718521118164,30.126718521118164,110347,0.0,0.0
1984-05-21,0.0,30.38201057638101,29.871387481689453,29.871387481689453,276460,0.0,0.0
1984-05-22,0.0,29.99904030659927,29.360760935470392,29.61607360839844,198268,0.0,0.0
1984-05-23,0.0,29.61608045868164,29.105457305908203,29.105457305908203,311344,0.0,0.0
1984-05-24,0.0,29.233110857772232,28.08421060802478,28.339523315429688,220812,0.0,0.0
1984-05-25,0.0,28.85014284408217,28.08420937780209,28.72248649597168,231372,0.0,0.0
1984-05-29,0.0,28.8501429101734,28.084209442138672,28.084209442138672,184623,0.0,0.0
1984-05-30,0.0,28.59481937563952,28.21185281772386,28.4671630859375,310869,0.0,0.0
1984-05-31,0.0,28.97779595175527,28.46717292760507,28.85013961791992,175487,0.0,0.0
1984-06-01,0.0,29.87139072507268,28.72249037066473,29.74373435974121,138823,0.0,0.0
1984-06-04,0.0,32.16919828182655,29.743742828301624,31.020299911499023,362958,0.0,0.0
1984-06-05,0.0,31.65855598449707,30.764968707908128,31.65855598449707,142620,0.0,0.0
1984-06-06,0.0,31.65857834192403,31.40326784133877,31.53092193603516,101448,0.0,0.0
1984-06-07,0.0,31.403266805339,31.020299911499023,31.020299911499023,95634,0.0,0.0
1984-06-08,0.0,31.275585402187115,30.63730852641849,30.82879066467285,43545,0.0,0.0
1984-06-11,0.0,30.89264340757729,30.5096765150048,30.63733291625977,101210,0.0,0.0
1984-06-12,0.0,30.637326632641408,30.12670344354115,30.50967025756836,107974,0.0,0.0
1984-06-13,0.0,31.14796257019043,30.50968274477764,31.14796257019043,209540,0.0,0.0
1984-06-14,0.0,31.14795274285384,30.38201904296875,30.38201904296875,109635,0.0,0.0
1984-06-15,0.0,30.63733291625977,30.38202242494224,30.63733291625977,48766,0.0,0.0
1984-06-18,0.0,31.020299911499023,30.382022525496527,31.020299911499023,107499,0.0,0.0
1984-06-19,0.0,31.147956313176486,30.76498941933651,31.020299911499023,209896,0.0,0.0
1984-06-20,0.0,31.020298425488647,30.50967515443233,30.76498794555664,65377,0.0,0.0
1984-06-21,0.0,31.27561668631869,30.892649715548167,31.14796257019043,186284,0.0,0.0
1984-06-22,0.0,31.27561668631869,31.0203061428693,31.14796257019043,70598,0.0,0.0
1984-06-25,0.0,31.27560890542065,30.76498794555664,30.76498794555664,68700,0.0,0.0
1984-06-26,0.0,30.892639968764044,30.38201904296875,30.38201904296875,143332,0.0,0.0
1984-06-27,0.0,30.254350052565457,29.36076033788711,29.48841667175293,67395,0.0,0.0
1984-06-28,0.0,29.99904383316021,29.3607643869979,29.871387481689453,67157,0.0,0.0
1984-06-29,0.0,30.25435422491024,29.743731130218688,29.871387481689453,252967,0.0,0.0
1984-07-02,0.0,29.99904030659927,29.360760935470392,29.61607360839844,116517,0.0,0.0
1984-07-03,0.0,29.74372889013248,29.48841851761061,29.679903030395508,110109,0.0,0.0
1984-07-05,0.0,29.743731212773746,29.233110427856445,29.233110427856445,98719,0.0,0.0
1984-07-06,0.0,29.36077446954593,28.97780990600586,28.97780990600586,108923,0.0,0.0
1984-07-09,0.0,29.233113671899503,28.977803251108668,29.105457305908203,59089,0.0,0.0
1984-07-10,0.0,29.23311599848548,27.509766476404938,27.82890510559082,398316,0.0,0.0
1984-07-11,0.0,28.59481937563952,27.701229970106187,28.4671630859375,142146,0.0,0.0
1984-07-12,0.0,28.4671773579406,28.08421060802478,28.339523315429688,173114,0.0,0.0
1984-07-13,0.0,28.59481937563952,28.21185281772386,28.4671630859375,220456,0.0,0.0
1984-07-16,0.0,28.72248166743668,28.467171325327342,28.59482765197754,122093,0.0,0.0
1984-07-17,0.0,28.59482565713711,27.701236055306698,27.9565486907959,364975,0.0,0.0
1984-07-18,0.0,27.956546398854435,27.44592348092896,27.573579788208008,343024,0.0,0.0
1984-07-19,0.0,27.57358914716721,26.552345275878903,26.552345275878903,128619,0.0,0.0
1984-07-20,0.0,27.318283478207,26.6800061832458,27.062973022460938,142027,0.0,0.0
1984-07-23,0.0,28.211859015094205,27.062959088965485,27.9565486907959,109753,0.0,0.0
1984-07-24,0.0,28.211856842041016,27.828890229496587,28.211856842041016,174775,0.0,0.0
1984-07-25,0.0,27.95656148174195,27.573594664480503,27.82890510559082,190793,0.0,0.0
1984-07-26,0.0,28.4671630859375,27.701229970106187,28.4671630859375,317158,0.0,0.0
1984-07-27,0.0,29.36076446849001,28.211866546830336,29.233110427856445,208472,0.0,0.0
1984-07-30,0.0,29.36077446954593,28.722497115389416,28.97780990600586,158164,0.0,0.0
1984-07-31,0.0,29.10544997439943,28.72248328408458,28.85013961791992,87803,0.0,0.0
1984-08-01,0.0,29.616073005618745,28.85013962480621,29.48841667175293,88396,0.0,0.0
1984-08-02,0.0,30.63733291625977,29.36077583728734,30.63733291625977,297461,0.0,0.0
1984-08-03,0.0,31.91387557983398,30.50966494338409,31.913875579833984,466897,0.0,0.0
1984-08-06,0.0,33.190436930817945,31.913880153084115,32.424503326416016,705981,0.0,0.0
1984-08-07,0.0,32.67979941201741,32.29683277792751,32.55214309692383,161486,0.0,0.0
1984-08-08,0.0,32.67981648375217,32.169193267822266,32.169193267822266,190081,0.0,0.0
1984-08-09,0.0,31.9138646323638,29.999033863793525,31.403244018554688,633959,0.0,0.0
1984-08-10,0.0,33.95635432745059,32.041523411278774,33.062767028808594,413741,0.0,0.0
1984-08-13,0.0,33.31807735539332,32.93511070992077,33.062767028808594,260679,0.0,0.0
1984-08-14,0.0,33.31810917226328,31.65858699792836,31.786243438720703,520646,0.0,0.0
1984-08-15,0.0,32.16918464550414,31.530907530063445,32.04153060913086,347889,0.0,0.0
1984-08-16,0.0,32.29684099306885,31.786220225192867,32.04153060913086,130280,0.0,0.0
1984-08-17,0.0,33.190425872802734,32.04152584897752,33.190425872802734,197556,0.0,0.0
1984-08-20,0.0,33.062767028808594,32.679800383336044,33.062767028808594,143688,0.0,0.0
1984-08-21,0.0,34.21166869930056,33.06276870464905,33.956356048583984,391553,0.0,0.0
1984-08-22,0.0,35.36057482525797,34.08402051165609,34.72229766845703,513883,0.0,0.0
1984-08-23,0.0,34.84996304632423,34.21168572428474,34.59465026855469,386332,0.0,0.0
1984-08-24,0.0,34.59463305299337,33.956356048583984,33.956356048583984,127195,0.0,0.0
1984-08-27,0.0,33.764880806260294,32.807465103015254,33.57339859008789,130992,0.0,0.0
1984-08-28,0.0,34.08401870727539,33.44574158426433,34.08401870727539,41647,0.0,0.0
1984-08-29,0.0,34.46697362709204,34.08400702233862,34.339317321777344,89583,0.0,0.0
1984-08-30,0.0,34.33932271346782,33.956356048583984,33.956356048583984,43901,0.0,0.0
1984-08-31,0.0,34.08401937400864,33.57339859008789,33.57339859008789,40816,0.0,0.0
1984-09-04,0.0,33.70104656481988,33.190425872802734,33.190425872802734,37375,0.0,0.0
1984-09-05,0.0,33.44575255182868,33.19044208114089,33.31809616088867,15306,0.0,0.0
1984-09-06,0.0,33.82870997470661,33.19043282048053,33.701053619384766,108092,0.0,0.0
1984-09-07,33.70104400086586,33.828700319753686,33.062767028808594,33.062767028808594,63598,0.0,0.0
1984-09-10,33.190425872802734,33.31807989021148,33.190425872802734,33.190425872802734,37020,0.0,0.0
1984-09-11,33.445743560791016,33.7010539628451,33.445743560791016,33.445743560791016,137518,0.0,0.0
1984-09-12,34.21167755126953,34.530816136048514,34.21167755126953,34.21167755126953,118890,0.0,0.0
1984-09-13,34.65846633911133,34.65846633911133,34.65846633911133,34.65846633911133,105126,0.0,0.0
1984-09-14,34.65846784334494,35.105262756347656,34.65846784334494,35.105262756347656,78192,0.0,0.0
1984-09-17,34.97761535644531,34.97761535644531,34.97761535644531,34.97761535644531,244187,0.0,0.0
1984-09-18,34.977585188625426,34.977585188625426,34.46696472167969,34.46696472167969,79972,0.0,0.0
1984-09-19,34.46698795685439,34.530816136048514,34.21167755126953,34.21167755126953,69056,0.0,0.0
1984-09-20,33.956356048583984,33.956356048583984,33.956356048583984,33.956356048583984,176792,0.0,0.0
1984-09-21,33.956356910828454,34.1478414037282,33.190425872802734,33.190425872802734,252729,0.0,0.0
1984-09-24,33.19042464728425,33.70104532044732,32.93511199951172,32.93511199951172,62530,0.0,0.0
1984-09-25,32.935126976066385,33.0627833580017,32.74364471435547,32.74364471435547,71073,0.0,0.0
1984-09-26,32.93511199951172,33.06276832339799,32.93511199951172,32.93511199951172,132416,0.0,0.0
1984-09-27,32.93511678587089,32.93511678587089,32.6159782409668,32.6159782409668,124348,0.0,0.0
1984-09-28,32.61598833242015,33.0627833580017,32.61598833242015,32.74364471435547,210133,0.0,0.0
1984-10-01,32.74364471435547,32.74364471435547,32.74364471435547,32.74364471435547,127077,0.0,0.0
1984-10-02,32.93511199951172,32.93511199951172,32.93511199951172,32.93511199951172,161249,0.0,0.0
1984-10-03,32.93512166682208,32.93512166682208,32.296844482421875,32.296844482421875,76175,0.0,0.0
1984-10-04,32.6159782409668,32.6159782409668,32.6159782409668,32.6159782409668,139891,0.0,0.0
1984-10-05,32.61597350098705,32.93511199951172,32.552145339043925,32.93511199951172,36901,0.0,0.0
1984-10-08,32.87127685546875,32.87127685546875,32.87127685546875,32.87127685546875,358805,0.0,0.0
1984-10-09,33.190425872802734,33.31807989021148,33.190425872802734,33.190425872802734,93023,0.0,0.0
1984-10-10,33.12661388567088,33.31809616088867,32.998957494730874,33.31809616088867,122093,0.0,0.0
1984-10-11,33.445735283529906,33.57339160855994,33.38190712101489,33.50956344604492,163978,0.0,0.0
1984-10-12,33.89250946044922,33.89250946044922,33.57337115350473,33.89250946044922,119720,0.0,0.0
1984-10-15,33.89253764286058,34.78612518310547,33.89253764286058,34.78612518310547,129450,0.0,0.0
1984-10-16,34.78612584637544,35.0414362468575,34.72229766845703,34.72229766845703,149621,0.0,0.0
1984-10-17,34.72229766845703,34.78612584637544,34.59464131262021,34.72229766845703,96108,0.0,0.0
1984-10-18,34.72228948573377,36.06267166137695,34.59463315998069,36.06267166137695,205862,0.0,0.0
1984-10-19,36.764792435444,37.275415643999175,36.25417153808084,36.63713836669922,265900,0.0,0.0
1984-10-22,36.63712020037756,36.63712020037756,36.3179817199707,36.3179817199707,82345,0.0,0.0
1984-10-23,35.424402327736324,36.12650764906857,34.72229700640408,34.78612518310547,229118,0.0,0.0
1984-10-24,34.339331598466146,34.72229836243925,33.956364834493044,34.21167755126953,246204,0.0,0.0
1984-10-25,34.21167755126953,34.72229836243925,34.21167755126953,34.21167755126953,237305,0.0,0.0
1984-10-26,33.38192131348657,33.57340588244213,32.807472229003906,32.807472229003906,307310,0.0,0.0
1984-10-29,32.80746361953396,33.25425620746376,32.80746361953396,33.12660217285156,112957,0.0,0.0
1984-10-30,33.637229919433594,33.82871447790634,33.190437238714274,33.637229919433594,201590,0.0,0.0
1984-10-31,34.21165510626486,34.72227558243532,33.76486045622312,34.40313720703125,257594,0.0,0.0
1984-11-01,34.53081230607342,34.84995085545524,34.27550192880624,34.65846633911133,264951,0.0,0.0
1984-11-02,34.722314197554226,35.16910934448242,34.53083188383796,35.16910934448242,173944,0.0,0.0
1984-11-05,35.23291778564453,35.23291778564453,34.9776050956737,35.23291778564453,41172,0.0,0.0
1984-11-06,35.36056247336279,36.70094680786133,35.36056247336279,36.70094680786133,304462,0.0,0.0
1984-11-07,36.764792435444,36.8924488153808,36.31799972804924,36.63713836669922,223304,0.0,0.0
1984-11-08,36.57329466322475,36.89243316650391,36.2541561599456,36.89243316650391,128382,0.0,0.0
1984-11-09,35.10526442477591,35.10526442477591,34.53081544589338,34.72229766845703,1260088,0.0,0.0
1984-11-12,34.72230665743946,34.72230665743946,34.33933980197733,34.59465026855469,188301,0.0,0.0
1984-11-13,34.594618682821086,34.84993122748403,34.46696472167969,34.46696472167969,236593,0.0,0.0
1984-11-14,34.33932711088221,34.46698345258787,34.2755012512207,34.2755012512207,183674,0.0,0.0
1984-11-15,34.339309069712414,34.466965344350086,34.275483243583686,34.40313720703125,74514,0.0,0.0
1984-11-16,34.46698997667433,34.46698997667433,33.95636682438966,34.02019500732422,154129,0.0,0.0
1984-11-19,33.95635565702885,33.95635565702885,32.93511199951172,32.93511199951172,263171,0.0,0.0
1984-11-20,32.93511070992077,33.25424919594941,32.93511070992077,33.062767028808594,228050,0.0,0.0
1984-11-21,33.190425872802734,33.190425872802734,32.99894137990299,33.190425872802734,52444,0.0,0.0
1984-11-23,33.25425079598486,33.50956344604492,33.25425079598486,33.50956344604492,110228,0.0,0.0
1984-11-26,33.63720339003626,33.76485966166993,33.31806502214215,33.381893157958984,157096,0.0,0.0
1984-11-27,33.3180790441746,34.08401237394227,33.25425088149545,33.956356048583984,64784,0.0,0.0
1984-11-28,34.147851373193326,34.46698997667433,34.02019500732422,34.02019500732422,120432,0.0,0.0
1984-11-29,34.02018421126313,34.08401237394227,33.956356048583984,33.956356048583984,29663,0.0,0.0
1984-11-30,33.95637461782921,33.95637461782921,32.93513039006251,32.998958587646484,87684,0.0,0.0
1984-12-03,32.99129154536766,32.99129154536766,31.84043412626027,32.0961799621582,276341,0.092708,0.0
1984-12-04,32.096184465572506,32.47980443081179,32.096184465572506,32.224056243896484,139535,0.0,0.0
1984-12-05,32.35192579805614,32.479799873571785,32.0961799621582,32.0961799621582,88633,0.0,0.0
1984-12-06,32.09616014476312,32.351905822753906,31.71254047021098,32.351905822753906,170029,0.0,0.0
1984-12-07,32.35190772050254,32.415844722533734,32.160099029541016,32.160099029541016,106550,0.0,0.0
1984-12-10,32.35189751512343,32.73551709116606,32.287960533261106,32.607643127441406,167893,0.0,0.0
1984-12-11,32.543722142178936,32.7994678620131,32.543722142178936,32.735530853271484,44613,0.0,0.0
1984-12-12,32.607643127441406,32.799454073028386,32.607643127441406,32.607643127441406,35714,0.0,0.0
1984-12-13,32.60763982588321,32.991259363083955,32.479768190237024,32.92732238769531,91244,0.0,0.0
1984-12-14,32.991259363083955,32.991259363083955,32.60763982588321,32.92732238769531,182250,0.0,0.0
1984-12-17,33.119153196189174,33.18309020996094,32.99127916864564,33.18309020996094,109516,0.0,0.0
1984-12-18,33.37487485432945,34.78147888183594,33.37487485432945,34.78147888183594,306004,0.0,0.0
1984-12-19,34.845433808900395,35.67661018631953,34.845433808900395,35.22905349731445,244898,0.0,0.0
1984-12-20,35.101200819341976,35.165137858773335,34.52577209472656,34.52577209472656,132535,0.0,0.0
1984-12-21,34.52576668248661,34.58970371189523,33.24703535484627,33.82246398925781,206574,0.0,0.0
1984-12-24,33.95034337011114,34.653643858455865,33.88640633067978,34.52577209472656,229474,0.0,0.0
1984-12-26,34.39789126990167,34.39789126990167,34.014271423680746,34.27001953125,100736,0.0,0.0
1984-12-27,34.20605288127873,34.39786148071289,34.20605288127873,34.39786148071289,19578,0.0,0.0
1984-12-28,34.461820580382785,34.65362930297852,34.270011857787054,34.65362930297852,81989,0.0,0.0
1984-12-31,34.525745827983926,34.9093654575858,34.525745827983926,34.845428466796875,77717,0.0,0.0
1985-01-02,34.71757210226226,34.71757210226226,34.20608054666353,34.46182632446289,78073,0.0,0.0
1985-01-03,34.39788133871585,34.39788133871585,33.950326909951265,34.14213562011719,35833,0.0,0.0
1985-01-04,34.142132567067314,34.142132567067314,33.88638687133789,33.88638687133789,12103,0.0,0.0
1985-01-07,33.950330070473164,33.950330070473164,33.50277328491211,33.50277328491211,123280,0.0,0.0
1985-01-08,33.50277409945462,33.50277409945462,33.24702835083008,33.24702835083008,390248,0.0,0.0
1985-01-09,33.374863865182014,33.50273775835315,33.24699228714093,33.43880081176758,81396,0.0,0.0
1985-01-10,33.566687796323585,34.4617984522346,33.43881385328018,34.39786148071289,208472,0.0,0.0
1985-01-11,34.52576034894986,34.52576034894986,34.206077575683594,34.206077575683594,118296,0.0,0.0
1985-01-14,34.07818825288792,34.07818825288792,33.374886004176204,33.6945686340332,187589,0.0,0.0
1985-01-15,33.82246398925781,33.82246398925781,33.50278115734773,33.82246398925781,142857,0.0,0.0
1985-01-16,33.694581528286854,34.07820129394531,33.694581528286854,34.07820129394531,103109,0.0,0.0
1985-01-17,34.20607532087562,34.20607532087562,34.014264280480155,34.07820129394531,62767,0.0,0.0
1985-01-18,34.27001953125,34.46182829679398,34.20608250435769,34.27001953125,224728,0.0,0.0
1985-01-21,34.39788356780673,34.781503328130626,34.270011857787054,34.65362930297852,143213,0.0,0.0
1985-01-22,34.46181450788067,35.10117989071404,34.39787750657092,35.0372428894043,296275,0.0,0.0
1985-01-23,34.90936972603772,36.06022644042969,34.90936972603772,36.06022644042969,142857,0.0,0.0
1985-01-24,35.93235065969024,36.82746159268585,35.86841366837662,36.76352691650391,157333,0.0,0.0
1985-01-25,36.69957880839445,37.083198324940966,36.57170486450195,36.57170486450195,120788,0.0,0.0
1985-01-28,36.69960784912109,36.82747957906866,36.571733804040726,36.69960784912109,74870,0.0,0.0
1985-01-29,36.69959337784746,36.95533905203053,36.50778238586125,36.82746505737305,119246,0.0,0.0
1985-01-30,36.69959566013604,37.8504524230957,36.63565865883117,37.8504524230957,401401,0.0,0.0
1985-01-31,37.850464985531296,38.36195885060128,37.5947192105627,37.91440200805664,205743,0.0,0.0
1985-02-01,37.850464985531296,37.91440200805664,37.786527963005945,37.91440200805664,33341,0.0,0.0
1985-02-04,37.78652061534908,39.001316861712986,37.78652061534908,38.74557113647461,231135,0.0,0.0
1985-02-05,39.896427610971394,39.896427610971394,39.129188173234986,39.19312286376953,425843,0.0,0.0
1985-02-06,39.25706218456845,39.38493156563754,39.19312286376953,39.19312286376953,111771,0.0,0.0
1985-02-07,39.25704640987861,39.25704640987861,38.6816159052359,38.8734245300293,216778,0.0,0.0
1985-02-08,38.74556194568554,38.873433620406274,38.23406830140724,38.361942291259766,135738,0.0,0.0
1985-02-11,38.361942291259766,38.61768795583302,38.23406830140724,38.361942291259766,56597,0.0,0.0
1985-02-12,38.361942291259766,38.361942291259766,38.10619662668652,38.361942291259766,69056,0.0,0.0
1985-02-13,38.36193332049273,39.00129848997906,38.29799634051785,38.8734245300293,160299,0.0,0.0
1985-02-14,38.74557607380088,39.00132183162879,38.74557607380088,38.809513092041016,75463,0.0,0.0
1985-02-15,38.87344284152763,39.06525155667333,38.61769711628924,38.74557113647461,176792,0.0,0.0
1985-02-19,38.68162495075928,38.68162495075928,38.29800529633351,38.361942291259766,56953,0.0,0.0
1985-02-20,38.36195227378232,38.36195227378232,37.85045849640343,37.97833251953125,71191,0.0,0.0
1985-02-21,37.21108472621359,37.33895872087106,36.44384538853251,36.82746505737305,602398,0.0,0.0
1985-02-22,36.69961911395551,36.76355615612097,36.37993621826172,36.37993621826172,138705,0.0,0.0
1985-02-25,36.44387094529367,36.44387094529367,35.804505153906085,36.37993621826172,115093,0.0,0.0
1985-02-26,36.44383092060946,36.89138740910222,36.44383092060946,36.57170486450195,135382,0.0,0.0
1985-02-27,36.69960784912109,36.95535362414903,36.63567082658091,36.69960784912109,184030,0.0,0.0
1985-02-28,36.82745903766363,37.21107864379883,36.76352436591736,37.21107864379883,108330,0.0,0.0
1985-03-01,37.14714165692104,37.3389526175544,36.9553330114192,37.21107864379883,196370,0.0,0.0
1985-03-04,37.26745030467796,37.26745030467796,36.62711648149112,36.755184173583984,86142,0.092708,0.0
1985-03-05,36.627102210990415,36.75516985318609,36.3709692452369,36.56306838989258,95041,0.0,0.0
1985-03-06,36.37097828769196,36.37097828769196,35.66661071777344,35.66661071777344,103939,0.0,0.0
1985-03-07,35.6666196907146,37.26745442570149,35.02628347808084,37.13938903808594,401994,0.0,0.0
1985-03-08,36.88323517674393,36.94726899784177,36.56306838989258,36.56306838989258,136569,0.0,0.0
1985-03-11,36.69113603208825,36.69113603208825,36.30693542413906,36.56306838989258,204082,0.0,0.0
1985-03-12,36.62710920256772,37.07534371717613,36.62710920256772,36.69114303588867,196251,0.0,0.0
1985-03-13,36.69115105881956,36.69115105881956,36.05081722287039,36.17888259887695,317395,0.0,0.0
1985-03-14,35.858688925663074,36.62708988293068,35.858688925663074,36.24288940429688,194708,0.0,0.0
1985-03-15,36.37098668079966,36.43502053259411,35.986785888671875,35.986785888671875,175843,0.0,0.0
1985-03-18,35.92274374720606,35.92274374720606,35.602576880755684,35.66661071777344,144281,0.0,0.0
1985-03-19,35.53851995166022,35.730621337890625,35.47448615625009,35.730621337890625,161367,0.0,0.0
1985-03-20,35.85870775284307,36.11484076686612,35.794673919677734,35.794673919677734,183792,0.0,0.0
1985-03-21,35.85870742797852,35.98677509314894,35.85870742797852,35.85870742797852,168012,0.0,0.0
1985-03-22,35.858701728782016,37.075337398620505,35.858701728782016,36.88323593139648,217490,0.0,0.0
1985-03-25,36.88323593139648,36.94726975380449,36.69113678281035,36.88323593139648,59801,0.0,0.0
1985-03-26,36.94727637839548,36.94727637839548,36.62710952758789,36.62710952758789,165401,0.0,0.0
1985-03-27,36.75519360681748,37.267459869384766,36.75519360681748,37.267459869384766,63479,0.0,0.0
1985-03-28,37.33149373186552,37.395527594346255,37.267459869384766,37.267459869384766,48529,0.0,0.0
1985-03-29,37.26742259041748,37.587589263916016,37.20338879199037,37.587589263916016,33460,0.0,0.0
1985-04-01,37.52358080659918,37.5876146482708,37.267447758551306,37.39551544189453,123398,0.0,0.0
1985-04-02,37.39550708920285,37.45954091657182,37.075340270996094,37.075340270996094,134314,0.0,0.0
1985-04-03,37.203420414225,37.203420414225,36.242919577321054,36.30695343017578,121263,0.0,0.0
1985-04-04,36.17888512541629,36.306952829005205,35.6025850965441,35.986785888671875,132297,0.0,0.0
1985-04-08,36.05080892573415,36.11484043968111,35.73064208144635,35.85870742797852,136688,0.0,0.0
1985-04-09,35.85868661007399,35.986754200894254,35.730621337890625,35.730621337890625,49715,0.0,0.0
1985-04-10,35.73064111723296,36.11483946509989,35.73064111723296,36.05080795288086,77005,0.0,0.0
1985-04-11,35.98675652475336,36.75515748202096,35.98675652475336,36.24288940429688,239440,0.0,0.0
1985-04-12,36.30694235460121,36.69114303588867,36.242908521280256,36.69114303588867,292478,0.0,0.0
1985-04-15,36.81919035498976,37.6516227722168,36.81919035498976,37.6516227722168,58852,0.0,0.0
1985-04-16,37.77968919074553,38.86825676578402,37.77968919074553,38.61212158203125,158520,0.0,0.0
1985-04-17,38.740210839917935,38.93231001652977,38.67617700816792,38.86827850341797,49122,0.0,0.0
1985-04-18,38.80423025699059,39.18843078613281,38.67616264106407,39.18843078613281,154604,0.0,0.0
1985-04-19,39.06037139892578,39.18843904183189,39.06037139892578,39.06037139892578,97651,0.0,0.0
1985-04-22,39.06037139892578,39.18843904183189,38.932303756019664,39.06037139892578,138586,0.0,0.0
1985-04-23,39.06038152401401,39.3165168762207,38.93231384791067,39.3165168762207,88396,0.0,0.0
1985-04-24,39.06037800842419,40.46911304421541,38.99634649477405,40.34104537963867,552089,0.0,0.0
1985-04-25,40.4050873263434,40.85331726074219,40.2770196433964,40.85331726074219,179640,0.0,0.0
1985-04-26,40.85331140066917,40.85331140066917,40.212977715061925,40.34104537963867,141790,0.0,0.0
1985-04-29,39.956839191938926,40.08490683141536,39.4445686340332,39.4445686340332,100024,0.0,0.0
1985-04-30,39.31649817777174,39.31649817777174,38.54809480523343,38.740196228027344,52088,0.0,0.0
1985-05-01,38.61215870964489,38.93232567855624,37.52359008789063,37.52359008789063,59208,0.0,0.0
1985-05-02,37.52356105363741,39.18843078613281,37.52356105363741,39.18843078613281,163147,0.0,0.0
1985-05-03,39.18844567300093,40.85331140066917,39.18844567300093,40.34104537963867,131111,0.0,0.0
1985-05-06,40.21297427369198,40.21297427369198,39.63667678833008,39.63667678833008,56241,0.0,0.0
1985-05-07,39.70067641341075,40.341009529976056,39.70067641341075,40.14891052246094,149621,0.0,0.0
1985-05-08,39.828776038632526,40.212974363060965,39.700708384731016,40.08491134643555,238017,0.0,0.0
1985-05-09,39.89281530130555,41.74978505064477,39.89281530130555,41.10945129394531,384908,0.0,0.0
1985-05-10,41.49365999556936,42.96642690960343,41.49365999556936,42.518192291259766,336379,0.0,0.0
1985-05-13,42.64624722242432,42.902377901041625,42.51817956447755,42.77431488037109,268510,0.0,0.0
1985-05-14,42.64625612201595,43.41465759277344,42.64625612201595,43.41465759277344,155197,0.0,0.0
1985-05-15,43.03045843910497,43.542729224227806,42.518192291259766,42.518192291259766,121975,0.0,0.0
1985-05-16,42.58221882715287,42.90238571166992,42.518187305160296,42.90238571166992,78548,0.0,0.0
1985-05-17,43.030432860104106,44.247068295637895,43.030432860104106,44.18303680419922,231965,0.0,0.0
1985-05-20,44.05498068391422,44.695314314549584,44.05498068391422,44.63128280639648,112957,0.0,0.0
1985-05-21,44.50320596529182,44.567237460225854,43.92690396178498,43.99094009399414,111533,0.0,0.0
1985-05-22,43.79884648036748,43.79884648036748,43.2225489806401,43.47867965698242,81870,0.0,0.0
1985-05-23,43.28658875545663,43.47868795871144,42.90238571166992,42.90238571166992,61581,0.0,0.0
1985-05-24,43.030446206111456,43.28658152585695,42.51818020389678,42.64624786376953,70361,0.0,0.0
1985-05-28,42.518181970364445,42.83834881470986,42.00591594686709,42.13398361206055,138823,0.0,0.0
1985-05-29,42.00591856518287,42.13398623835906,41.5576840277046,41.6217155456543,59208,0.0,0.0
1985-05-30,41.49364917533588,41.49364917533588,41.17348233676232,41.36558151245117,52682,0.0,0.0
1985-05-31,41.36559229928865,42.518192291259766,41.30155613250948,42.518192291259766,195895,0.0,0.0
1985-06-03,42.57460784912109,43.15167483446226,42.510491358941245,42.57460784912109,96820,0.092708,0.0
1985-06-04,42.5746015266891,43.21578490699282,42.44636392194237,43.087547302246094,57309,0.0,0.0
1985-06-05,43.47225298635461,43.98519867778045,43.34401540264084,43.60049057006836,75463,0.0,0.0
1985-06-06,43.66462729657515,44.11345672607422,43.53638965337094,44.11345672607422,71785,0.0,0.0
1985-06-07,43.98521885986477,44.04934000285745,43.66462707519531,43.66462707519531,60394,0.0,0.0
1985-06-10,43.600498925569774,43.600498925569774,43.2799072265625,43.2799072265625,103465,0.0,0.0
1985-06-11,43.15166842633443,43.21578490699282,42.95930969749936,43.087547302246094,100261,0.0,0.0
1985-06-12,42.83108679008855,42.83108679008855,42.189903259277344,42.189903259277344,99431,0.0,0.0
1985-06-13,42.25400996505272,42.25400996505272,41.80518066878901,41.93341827392578,78192,0.0,0.0
1985-06-14,41.67692900745531,42.18987925500188,41.356337424452896,42.061641693115234,125416,0.0,0.0
1985-06-17,41.93342984442743,42.4463757630794,41.80519220390663,42.318138122558594,31562,0.0,0.0
1985-06-18,42.31812337763072,43.08754430923451,42.31812337763072,42.83107376098633,247509,0.0,0.0
1985-06-19,42.959307670259705,43.21578286765017,42.8310747149942,42.89519119262695,127670,0.0,0.0
1985-06-20,43.02343200998465,43.2799072265625,42.895194401695726,43.2799072265625,38087,0.0,0.0
1985-06-21,43.27989893249856,43.60049057006836,43.1516613487848,43.60049057006836,92430,0.0,0.0
1985-06-24,43.60049988039764,43.60049988039764,43.344024658203125,43.344024658203125,58021,0.0,0.0
1985-06-25,43.4722785949707,43.728749270050585,43.34404093571481,43.4722785949707,61343,0.0,0.0
1985-06-26,43.47226226930039,43.47226226930039,43.21578704710586,43.344024658203125,31324,0.0,0.0
1985-06-27,43.21577594941648,43.985196774984765,43.21577594941648,43.72872161865234,247627,0.0,0.0
1985-06-28,43.79284462392441,43.921082207638165,43.60049057006836,43.60049057006836,72971,0.0,0.0
1985-07-01,43.66462221078741,43.79285983905529,43.47226809010099,43.53638458251953,208116,0.0,0.0
1985-07-02,43.53637529257658,43.792850494384766,43.408137691672486,43.792850494384766,111889,0.0,0.0
1985-07-03,43.792850494384766,43.85696697312191,43.60049641474353,43.792850494384766,40816,0.0,0.0
1985-07-05,43.8569610940667,43.8569610940667,43.40813187278313,43.60049057006836,46512,0.0,0.0
1985-07-08,43.40815156543632,43.40815156543632,42.95932214053565,43.215797424316406,70005,0.0,0.0
1985-07-09,43.15168092508686,43.34403506620678,43.08755978242603,43.215797424316406,19815,0.0,0.0
1985-07-10,43.1516763411467,43.60050571836887,43.1516763411467,43.53638458251953,69174,0.0,0.0
1985-07-11,43.53638965337094,44.24169436927843,43.53638965337094,44.11345672607422,348363,0.0,0.0
1985-07-12,44.24169378572115,45.9087691950928,44.24169378572115,44.88287734985352,266493,0.0,0.0
1985-07-15,44.75464341386355,45.07523522247358,44.62640576173321,44.81875991821289,95515,0.0,0.0
1985-07-16,44.818736127353326,46.1652237948265,44.818736127353326,45.90874862670898,281325,0.0,0.0
1985-07-17,46.037002402992975,46.29347766131848,45.5240565297728,45.65229415893555,107143,0.0,0.0
1985-07-18,45.65228753817824,45.65228753817824,44.113445498258606,44.49815368652344,166944,0.0,0.0
1985-07-19,44.4981275269703,44.75460259732376,44.113419564867534,44.17753601074219,136332,0.0,0.0
1985-07-22,44.11346615543966,44.11346615543966,43.79287430061748,43.85699081420898,84836,0.0,0.0
1985-07-23,43.856980407908345,44.36993096865777,43.79286390953028,43.9852180480957,139061,0.0,0.0
1985-07-24,44.04931979135192,44.177552731636496,43.1516613487848,43.60049057006836,217846,0.0,0.0
1985-07-25,43.8569610940667,43.98519867778045,43.60049057006836,43.60049057006836,257594,0.0,0.0
1985-07-26,43.60050571836887,43.79285983905529,43.47226809010099,43.53638458251953,235406,0.0,0.0
1985-07-29,43.40815156543632,43.5363892073267,43.215797424316406,43.215797424316406,133840,0.0,0.0
1985-07-30,43.15168069707583,43.15168069707583,42.57461363333397,42.7669677734375,176317,0.0,0.0
1985-07-31,42.95930704190539,44.49814891688049,42.89519056521045,44.43403244018555,230304,0.0,0.0
1985-08-01,44.882858954135074,45.39580466651845,44.49814618727552,44.5622673034668,138467,0.0,0.0
1985-08-02,44.56228615557328,44.56228615557328,44.11345672607422,44.11345672607422,33579,0.0,0.0
1985-08-05,44.04934000285745,44.04934000285745,43.34403529052586,43.66462707519531,89345,0.0,0.0
1985-08-06,43.72872161865234,43.985196774984765,43.60048868391512,43.72872161865234,81989,0.0,0.0
1985-08-07,43.60052011641064,43.92111197123282,43.4722824457953,43.85699081420898,95396,0.0,0.0
1985-08-08,43.985203173032005,44.75462411051956,43.985203173032005,44.43403244018555,203845,0.0,0.0
1985-08-09,44.4981671876256,45.139350791560695,44.4981671876256,44.754642486572266,217371,0.0,0.0
1985-08-12,44.62637852347206,44.62637852347206,44.04931640625,44.04931640625,73564,0.0,0.0
1985-08-13,43.92110236030341,44.11345650241881,43.53638943264127,43.66462707519531,32985,0.0,0.0
1985-08-14,43.85697633147383,43.921097467323165,43.47226809010099,43.53638458251953,52326,0.0,0.0
1985-08-15,43.66462221078741,43.85697633147383,43.47226809010099,43.53638458251953,73802,0.0,0.0
1985-08-16,43.4081574436268,43.53639510288269,43.4081574436268,43.4722785949707,35002,0.0,0.0
1985-08-19,43.47226131728085,43.47226131728085,43.08754849241408,43.2799072265625,41528,0.0,0.0
1985-08-20,43.47225557784311,43.728726117130286,43.27990151252036,43.40813446044922,123873,0.0,0.0
1985-08-21,43.27991396941457,43.53638458251953,43.21579283356524,43.53638458251953,49953,0.0,0.0
1985-08-22,43.40815062748349,43.4722717687588,43.15167999267578,43.15167999267578,40342,0.0,0.0
1985-08-23,43.15168092508686,43.27991856697724,43.08755978242603,43.215797424316406,54817,0.0,0.0
1985-08-26,43.21578039512647,43.53637205180754,43.15166392116204,43.40813446044922,54936,0.0,0.0
1985-08-27,43.40812853695522,44.113432871465065,43.40812853695522,44.04931640625,95278,0.0,0.0
1985-08-28,44.04933080348673,44.30580139160156,43.40814272462381,44.30580139160156,52326,0.0,0.0
1985-08-29,44.17757322596066,44.17757322596066,43.98521908287,44.11345672607422,46393,0.0,0.0
1985-08-30,43.592132568359375,44.16993850344956,43.592132568359375,43.592132568359375,60987,0.092708,0.0
1985-09-03,43.5921529932765,43.65635626580018,43.20695195564986,43.33535385131836,73564,0.0,0.0
1985-09-04,43.39952938601986,43.527931213378906,43.27112755866083,43.527931213378906,54699,0.0,0.0
1985-09-05,43.52793589686239,43.78473492983495,43.39953405568768,43.65633773803711,94329,0.0,0.0
1985-09-06,43.78473233408866,44.5551386860871,43.78473233408866,44.49094009399414,119839,0.0,0.0
1985-09-09,44.5551386860871,44.6835405196496,44.23413642686913,44.49094009399414,115923,0.0,0.0
1985-09-10,44.55514132750637,44.55514132750637,43.4637326515866,43.65633773803711,59563,0.0,0.0
1985-09-11,43.52795437013168,43.65635626580018,43.20695195564986,43.33535385131836,207167,0.0,0.0
1985-09-12,43.33530232633377,43.33530232633377,42.821695354330295,43.07849884033203,389892,0.0,0.0
1985-09-13,43.07853888819772,43.07853888819772,42.62913469459376,43.01433563232422,233271,0.0,0.0
1985-09-16,43.01433585192861,43.01433585192861,42.69333351905517,42.82173538208008,53512,0.0,0.0
1985-09-17,42.88593395561775,43.01433115524545,42.62913025760802,42.69332885742188,127789,0.0,0.0
1985-09-18,42.56492977211607,42.821728809372125,42.50072652576933,42.75753021240234,113313,0.0,0.0
1985-09-19,42.88592456534609,43.977333068847656,42.88592456534609,43.977333068847656,83769,0.0,0.0
1985-09-20,43.97735322167801,43.97735322167801,43.46374570275456,43.78474807739258,207048,0.0,0.0
1985-09-23,43.97734788505458,44.55514929966021,43.97734788505458,44.362548828125,264713,0.0,0.0
1985-09-24,44.42675208488854,44.49095069227437,44.362548828125,44.362548828125,135382,0.0,0.0
1985-09-25,44.298361094763806,44.298361094763806,43.33535385131836,43.33535385131836,285715,0.0,0.0
1985-09-26,43.1426973871458,43.1426973871458,41.98709099888463,43.07849884033203,342787,0.0,0.0
1985-09-30,43.91314995712344,43.97735322167801,43.592147582485424,43.78474807739258,179521,0.0,0.0
1985-10-01,43.592118112150025,43.91312026977539,43.46371631922486,43.91312026977539,170741,0.0,0.0
1985-10-02,43.97732349092554,44.36252422032592,43.91312026977539,43.91312026977539,124229,0.0,0.0
1985-10-03,43.91314961116147,43.97735287521022,43.27114486694336,43.27114486694336,71310,0.0,0.0
1985-10-04,43.3353398398016,43.3353398398016,42.88593567495611,42.95013427734375,43071,0.0,0.0
1985-10-07,42.95011623899951,43.07851803922547,42.82171443877354,42.88591766357422,102278,0.0,0.0
1985-10-08,42.95013362294064,43.01433222435012,42.50072946494243,42.62913131713867,57784,0.0,0.0
1985-10-09,42.75752657134616,42.75752657134616,42.50072290658149,42.56492614746094,95278,0.0,0.0
1985-10-10,42.62913778716174,43.91314720524971,42.56493917600853,43.72054672241211,91956,0.0,0.0
1985-10-11,43.72054269887724,44.94035339355469,43.72054269887724,44.94035339355469,107024,0.0,0.0
1985-10-14,44.94036118229343,46.73797358385869,44.94036118229343,46.48117446899414,142501,0.0,0.0
1985-10-15,46.35279005306317,46.86639312570134,46.16018948199636,46.224388122558594,128263,0.0,0.0
1985-10-16,46.288568009519615,47.1231778949709,46.1601707804147,46.73797225952149,77836,0.0,0.0
1985-10-17,46.73797358385869,46.80217684960859,46.41697120324424,46.48117446899414,202658,0.0,0.0
1985-10-18,46.48116236169784,46.48116236169784,46.16016006469727,46.16016006469727,58496,0.0,0.0
1985-10-21,46.16012674425824,46.16012674425824,45.45391941100264,45.58232116699219,101566,0.0,0.0
1985-10-22,45.64655600233651,45.64655600233651,45.51815414428711,45.51815414428711,119008,0.0,0.0
1985-10-23,45.64657829534111,46.48118845558273,45.51817637458242,46.03178405761719,176792,0.0,0.0
1985-10-24,46.03178405761719,46.22438461406535,45.83917885178927,46.03178405761719,91600,0.0,0.0
1985-10-25,46.224340522834005,46.224340522834005,45.90333835181608,45.96753692626953,84125,0.0,0.0
1985-10-28,45.9675568557652,46.224360563668384,45.9675568557652,46.0959587097168,91956,0.0,0.0
1985-10-29,46.03176619919854,46.73796951532408,45.83916106809344,46.673770904541016,185216,0.0,0.0
1985-10-30,46.60953048995774,47.123137564316224,46.48113337074236,46.8021354675293,170029,0.0,0.0
1985-10-31,46.8021470883602,46.8663456639082,46.22434131092661,46.28853988647461,154841,0.0,0.0
1985-11-01,45.96756293903753,46.673770904541016,45.77496245731037,46.673770904541016,208828,0.0,0.0
1985-11-04,46.67375977343759,47.37996292114258,46.60955652858824,47.37996292114258,245492,0.0,0.0
1985-11-05,47.89358553999711,48.407188415527344,47.37997801508855,48.407188415527344,340058,0.0,0.0
1985-11-06,48.47138023978699,48.53558349609375,48.02197604315033,48.53558349609375,128026,0.0,0.0
1985-11-07,48.79237315116413,48.79237315116413,48.02196676989556,48.278770446777344,240627,0.0,0.0
1985-11-08,48.34297690012895,50.07639037742937,48.34297690012895,50.01219177246094,360347,0.0,0.0
1985-11-11,50.2048000883174,51.55301284790039,49.88379771451834,51.55301284790039,252136,0.0,0.0
1985-11-12,51.552990551745125,52.25919360892595,50.397378786356505,50.65418243408203,256882,0.0,0.0
1985-11-13,50.52576571636016,50.52576571636016,49.62696251302028,49.7553596496582,165401,0.0,0.0
1985-11-14,49.69119050807496,50.07639144485149,49.56278864602357,49.94799423217773,203607,0.0,0.0
1985-11-15,49.88378991314655,50.46159595537254,49.49858898458092,50.01219177246094,316802,0.0,0.0
1985-11-18,49.883767860245904,50.589975449582,49.883767860245904,50.33317184448242,140247,0.0,0.0
1985-11-19,50.20479330690288,50.20479330690288,49.56278864602357,49.94799423217773,312174,0.0,0.0
1985-11-20,49.81959172484103,50.52579498291016,49.81959172484103,50.52579498291016,72378,0.0,0.0
1985-11-21,50.65419537469911,51.48880046895909,50.58999677105504,51.10359954833984,153299,0.0,0.0
1985-11-22,51.10359954833984,51.29620000864946,50.97519769167429,51.10359954833984,101329,0.0,0.0
1985-11-25,51.039399260449855,51.10360251720123,50.5899997100787,50.97520065307617,86616,0.0,0.0
1985-11-26,50.84679772588738,51.039398193359375,50.71839586444684,51.039398193359375,37257,0.0,0.0
1985-11-27,51.167797942444246,51.48880025810488,50.97519748292336,51.296199798583984,94329,0.0,0.0
1985-11-29,51.48879729353245,51.48879729353245,50.975194547922655,51.424598693847656,60869,0.0,0.0
1985-12-02,51.8025016784668,51.8025016784668,51.35260335710751,51.8025016784668,65496,0.092708,0.0
1985-12-03,51.93104282262547,52.83083943245266,51.93104282262547,52.5737533569336,88159,0.0,0.0
1985-12-04,52.766568780774655,54.566162109375,52.57375653970743,54.566162109375,149383,0.0,0.0
1985-12-05,54.75899185775031,54.887534944388975,53.666382603058594,53.79492568969727,240390,0.0,0.0
1985-12-06,53.79491613552389,53.79491613552389,52.445220947265625,52.445220947265625,144875,0.0,0.0
1985-12-09,52.44523698437167,53.21649094857484,52.44523698437167,53.08794784545898,116279,0.0,0.0
1985-12-10,53.21646580770894,53.60209028038537,53.02365357137073,53.345008850097656,64784,0.0,0.0
1985-12-11,53.34503477527997,55.27316738469573,53.34503477527997,54.887542724609375,190912,0.0,0.0
1985-12-12,54.75898571237988,55.40169641895319,53.98773193359375,53.98773193359375,108092,0.0,0.0
1985-12-13,54.11628111564555,54.11628111564555,52.7023164706466,53.73065185546875,138586,0.0,0.0
1985-12-16,54.24481046648264,56.494297623845135,54.24481046648264,56.04439926147461,165639,0.0,0.0
1985-12-17,56.55859228258084,56.55859228258084,55.01608424711662,55.273170471191406,156858,0.0,0.0
1985-12-18,55.14458465576172,55.78729506374819,54.95177246426351,55.14458465576172,42359,0.0,0.0
1985-12-19,55.144610577802574,55.273153650722335,54.69471214982882,55.01606750488281,111533,0.0,0.0
1985-12-20,54.95181501834404,55.53025669526618,54.95181501834404,55.273170471191406,182606,0.0,0.0
1985-12-23,55.33741492165226,55.40168411624141,54.37334442138672,54.37334442138672,259967,0.0,0.0
1985-12-24,54.37335649574142,54.50189956795424,53.98773193359375,53.98773193359375,105363,0.0,0.0
1985-12-26,53.98773193359375,54.24481807801939,53.85918886138093,53.98773193359375,150807,0.0,0.0
1985-12-27,54.24481807801939,54.24481807801939,53.73064578916811,53.98773193359375,77599,0.0,0.0
1985-12-30,54.11625505599924,54.30906726599338,53.73062598152186,53.859169006347656,19578,0.0,0.0
1985-12-31,54.05200507569797,54.75898969706878,54.05200507569797,54.50190353393555,63360,0.0,0.0
1986-01-02,54.50189956795424,54.50189956795424,53.60210271695529,53.98773193359375,123636,0.0,0.0
1986-01-03,53.859190413362704,54.50190113845607,53.730647337445845,54.24481964111328,78548,0.0,0.0
1986-01-06,54.37337030517159,55.144624279836286,54.11628874994467,54.887542724609375,77480,0.0,0.0
1986-01-07,55.14461693600755,57.32983546412793,55.0160738482667,57.00848007202149,115330,0.0,0.0
1986-01-08,56.87994460132007,57.137030811229295,55.91587829589844,55.91587829589844,167181,0.0,0.0
1986-01-09,55.78730940579401,55.91585245133544,53.85917768614205,54.566162109375,137874,0.0,0.0
1986-01-10,54.823254921240895,55.01606720231474,53.85918886138093,53.98773193359375,87447,0.0,0.0
1986-01-13,54.24479808082503,54.501879475987536,53.47354458635936,53.859169006347656,190912,0.0,0.0
1986-01-14,54.24482202529345,54.88753277863539,53.98773586216023,54.50190353393555,221049,0.0,0.0
1986-01-15,54.887547255846734,55.91588287063252,54.69473025539359,55.53025817871094,95752,0.0,0.0
1986-01-16,55.6587567057418,55.72302588474499,54.88750328526031,55.14458465576172,120788,0.0,0.0
1986-01-17,55.40170045041071,55.40170045041071,53.60210661746039,54.50190353393555,378620,0.0,0.0
1986-01-20,54.50191270905776,54.69472503662109,54.11628805393108,54.69472503662109,56360,0.0,0.0
1986-01-21,54.887529086453874,55.144610577802574,54.37335679477483,55.01606750488281,143213,0.0,0.0
1986-01-22,55.08035960180752,55.787339755161206,55.08035960180752,55.53025817871094,660182,0.0,0.0
1986-01-23,55.53023169926121,56.30148536982638,55.4659578449282,56.04439926147461,392383,0.0,0.0
1986-01-24,56.17292525990873,56.879904861481215,56.17292525990873,56.81563568115234,214998,0.0,0.0
1986-01-27,57.45836615457967,59.00087356567383,57.32982309457344,59.00087356567383,167893,0.0,0.0
1986-01-28,59.77210150485721,61.95731861949589,58.8723051271852,61.57168960571289,597889,0.0,0.0
1986-01-29,61.4432030740525,61.70028931953117,60.28632427838371,60.41486740112305,214523,0.0,0.0
1986-01-30,60.28630974410047,61.828817536107735,59.386512756347656,59.386512756347656,219981,0.0,0.0
1986-01-31,58.87231593345157,60.92899042100736,58.87231593345157,60.02919387817383,292478,0.0,0.0
1986-02-03,60.41484373155792,60.47911294050163,59.83640223310129,60.28630065917969,172165,0.0,0.0
1986-02-04,60.35054780943414,64.14254145888331,59.96492338773959,62.857120513916016,269104,0.0,0.0
1986-02-05,63.11420538090749,63.43556061112184,61.700241437066566,62.21440887451172,153773,0.0,0.0
1986-02-06,62.60007941498683,64.14258274920542,61.95736852877273,62.08590698242188,146298,0.0,0.0
1986-02-07,61.700273856392215,62.08589847347351,60.80047687721392,61.50746154785156,118415,0.0,0.0
1986-02-10,61.50742043065989,61.57168960571289,60.67189322804088,61.57168960571289,132772,0.0,0.0
1986-02-11,61.50744551384203,62.08588228867474,61.05754714153421,61.31462860107422,125890,0.0,0.0
1986-02-12,61.18613605183546,61.31467455068793,60.28633863290581,60.80050659179688,135738,0.0,0.0
1986-02-13,60.67191095548944,60.92899703979493,60.02920039921544,60.92899703979492,82701,0.0,0.0
1986-02-14,61.31460113390877,63.24273681640625,60.54335244629557,63.24273681640625,193403,0.0,0.0
1986-02-18,62.985687621191325,64.65673828125,62.47151997751591,64.65673828125,109279,0.0,0.0
1986-02-19,64.6567519809036,64.78529508268124,62.79288864135742,62.79288864135742,90057,0.0,0.0
1986-02-20,62.792838645639776,63.24273681640625,61.95731613106671,63.24273681640625,210015,0.0,0.0
1986-02-21,63.37129025883703,64.72098509268585,63.37129025883703,64.20681762695312,167300,0.0,0.0
1986-02-24,64.33537001964041,64.33537001964041,62.857131940610266,62.92140579223633,123992,0.0,0.0
1986-02-25,62.72861942328263,62.85716253460964,60.9932990565985,61.76455307006836,150095,0.0,0.0
1986-02-26,62.47149395622984,63.24274742773776,61.70024048472192,63.11420440673828,86854,0.0,0.0
1986-02-27,63.24277821949454,64.14257049560547,62.21443820530765,64.14257049560547,111296,0.0,0.0
1986-02-28,64.27112267557067,64.27112267557067,62.47153321415925,62.79288864135742,80684,0.0,0.0
1986-03-03,63.17112488955157,64.07173287689231,62.84947984531368,63.814414978027344,130043,0.092708,0.0
1986-03-04,64.97234011111449,65.8729481525919,64.58636789830241,64.71502685546875,269222,0.0,0.0
1986-03-05,63.94310217701066,65.22968292236328,62.91383478551533,65.22968292236328,117110,0.0,0.0
1986-03-06,65.35831079630213,65.61562402759259,64.32904389508082,65.42263793945312,221049,0.0,0.0
1986-03-07,65.42266481849347,67.54552663626937,65.29400582064517,67.09522247314453,130636,0.0,0.0
1986-03-10,67.09520916413453,67.22386813646202,66.19460101652953,66.64490509033203,100499,0.0,0.0
1986-03-11,66.6448670088359,67.93144667957232,66.6448670088359,67.80278778076172,108686,0.0,0.0
1986-03-12,68.57477749439589,68.70343647009153,67.93148727460525,67.99581909179688,177741,0.0,0.0
1986-03-13,67.73847963478747,69.98999468924353,67.60982069993847,69.86133575439453,170859,0.0,0.0
1986-03-14,69.98997648211774,71.0192430344712,68.44607898293002,70.56893920898438,169673,0.0,0.0
1986-03-17,70.50465255257409,70.95495666625966,69.41105817896279,70.76197052001953,116279,0.0,0.0
1986-03-18,71.01928900811016,71.98422440507272,70.69764387578932,71.53392028808594,114974,0.0,0.0
1986-03-19,72.04852586987396,72.56315696629169,70.89060473826251,71.21224975585938,143569,0.0,0.0
1986-03-20,71.34090869463537,71.59822191350109,70.76194579948651,71.21224975585938,50546,0.0,0.0
1986-03-21,71.01930589792606,71.21229209147697,68.57479858398438,68.57479858398438,184504,0.0,0.0
1986-03-24,69.08938524569903,70.37596990648444,68.31743631270221,69.15371704101562,184623,0.0,0.0
1986-03-25,69.0893831222508,69.86133203152193,68.4460931409725,68.63908386230469,104414,0.0,0.0
1986-03-26,68.31742928340708,69.47535489310442,68.31742928340708,68.96072387695312,157570,0.0,0.0
1986-03-27,69.73270866763146,70.24733994900062,69.21807272757435,69.60404968261719,161249,0.0,0.0
1986-03-31,69.73267490109201,70.24730593326223,69.47535705566406,69.47535705566406,142383,0.0,0.0
1986-04-01,70.11866359627348,70.11866359627348,67.99580717475666,68.25312042236328,138111,0.0,0.0
1986-04-02,68.31740751087996,68.51039815678108,67.48113179381666,67.54546356201172,134908,0.0,0.0
1986-04-03,67.67418264172979,67.80283697520089,66.00162506103516,66.00162506103516,194590,0.0,0.0
1986-04-04,66.13025584981071,66.32324192640043,65.29397508677823,65.35830688476562,148197,0.0,0.0
1986-04-07,65.4869603133701,66.13025028701387,65.42262852079423,65.87293243408203,137043,0.0,0.0
1986-04-08,66.64488900089408,68.89640416765731,66.45190291833737,68.83207702636719,244305,0.0,0.0
1986-04-09,69.21806071724146,69.41104683193302,67.60983533033318,67.93148040771484,207642,0.0,0.0
1986-04-10,67.8028051498706,68.96073087710816,67.67415087678732,68.31743621826172,97058,0.0,0.0
1986-04-11,68.317408694773,68.57472645464426,66.25888059185536,67.28814697265625,119839,0.0,0.0
1986-04-14,67.41683280869378,68.25310887462771,67.41683280869378,68.18878173828125,81040,0.0,0.0
1986-04-15,67.93144667957232,68.18876447719354,67.22382972414123,67.80278778076172,57665,0.0,0.0
1986-04-16,68.18880148572835,68.57477373295647,67.93148354845135,68.06014251708984,120669,0.0,0.0
1986-04-17,68.18876447719354,68.57473651494053,67.67413354063594,67.80278778076172,179877,0.0,0.0
1986-04-18,67.67418563411766,67.67418563411766,66.64491831001969,67.09522247314453,102397,0.0,0.0
1986-04-21,67.28817431307148,67.28817431307148,66.83787037967213,67.15951538085938,133958,0.0,0.0
1986-04-22,67.54548897593983,68.44609214136524,66.194577239773,67.03085327148438,195539,0.0,0.0
1986-04-23,67.03086070258922,67.41683752372057,66.13025743732209,66.90220642089844,233389,0.0,0.0
1986-04-24,66.90217501513949,66.90217501513949,66.00156751395646,66.25888061523438,83769,0.0,0.0
1986-04-25,66.1302719116211,66.58057597215839,65.74429500600885,66.1302719116211,114025,0.0,0.0
1986-04-28,66.70919976081582,66.70919976081582,64.32902623727058,65.1009750366211,163147,0.0,0.0
1986-04-29,65.2939812497843,65.48697200327635,63.17112488955157,63.814414978027344,134908,0.0,0.0
1986-04-30,64.20036830771143,64.26470009287247,61.498549798080006,61.6272087097168,112245,0.0,0.0
1986-05-01,61.62725226991493,63.17115098346496,61.434266095393326,63.10681915283203,289037,0.0,0.0
1986-05-02,63.557095230102206,64.32904424555224,63.557095230102206,64.26471710205078,217846,0.0,0.0
1986-05-05,64.45769791979872,65.74427795410156,64.45769791979872,65.74427795410156,65377,0.0,0.0
1986-05-06,65.74426492629898,65.74426492629898,64.90798900145478,65.1009750366211,98125,0.0,0.0
1986-05-07,65.10099060459125,65.10099060459125,63.29977941449632,63.94306945800781,114262,0.0,0.0
1986-05-08,64.00738688204457,64.00738688204457,61.11258212569766,61.49855422973633,382298,0.0,0.0
1986-05-09,60.85525439257958,63.42841375776244,60.72659549258347,63.17110061645508,304106,0.0,0.0
1986-05-12,63.29981397427146,63.557127336949534,61.7559151634475,62.01323318481445,130162,0.0,0.0
1986-05-13,62.20621249364894,62.39919865899216,61.69158116650426,61.94889450073242,95752,0.0,0.0
1986-05-14,62.527844234419376,62.78515751341759,62.01321301773559,62.4635124206543,105482,0.0,0.0
1986-05-15,62.39917363967464,62.78514581560323,61.94886966196695,62.33484649658203,131823,0.0,0.0
1986-05-16,62.27052685437971,62.27052685437971,60.34065628051758,60.34065628051758,162672,0.0,0.0
1986-05-19,60.72663108291668,60.85529005831655,60.46931779080454,60.66230392456055,57902,0.0,0.0
1986-05-20,60.79094380433592,62.78514099121094,60.597957731200616,62.78514099121094,144400,0.0,0.0
1986-05-21,62.91380259317762,64.07172839844738,62.91380259317762,63.94306945800781,294495,0.0,0.0
1986-05-22,64.45772095589055,65.6156424688473,64.07174867113423,65.55131530761719,256052,0.0,0.0
1986-05-23,65.87293795598103,68.0601259131885,65.87293795598103,67.48116302490234,146061,0.0,0.0
1986-05-27,67.54550515690941,69.34671657793808,67.28818724303949,68.76775360107422,88871,0.0,0.0
1986-05-28,68.70342013820765,69.34671020507812,68.18878901644858,69.34671020507812,105601,0.0,0.0
1986-05-29,69.34674278876213,69.41106996219973,67.48119885480729,68.89643859863281,132653,0.0,0.0
1986-05-30,68.31746828514993,68.38180011057369,65.87296606887584,66.00162506103516,74632,0.0,0.0
1986-06-02,63.35407638549805,66.57328559377882,63.22530708463033,63.35407638549805,214286,0.092708,0.0
1986-06-03,63.3541195094603,63.8691924008492,62.58150784103413,63.67604064941406,454201,0.0,0.0
1986-06-04,64.77058410644531,65.2212747090138,63.99797231099739,64.77058410644531,198743,0.0,0.0
1986-06-05,64.83491168877072,64.83491168877072,63.35407638549805,63.35407638549805,128738,0.0,0.0
1986-06-06,63.61166284578283,63.86920166015625,62.96782047253557,63.86920166015625,265544,0.0,0.0
1986-06-09,63.09658131084542,63.09658131084542,61.80889673922583,62.00204849243164,283104,0.0,0.0
1986-06-10,62.00206106820908,62.5815211080431,61.29383627524448,61.48698806762695,510798,0.0,0.0
1986-06-11,61.61574716574249,61.80889892578124,60.19929315431524,61.80889892578125,390722,0.0,0.0
1986-06-12,61.93767500106169,62.96782094084427,61.68013618477288,62.903438568115234,239440,0.0,0.0
1986-06-13,63.74040542046505,66.9596205942095,62.903411620126285,66.76646423339844,271002,0.0,0.0
1986-06-16,66.4445531297472,66.4445531297472,65.09248637775694,65.60755920410156,72022,0.0,0.0
1986-06-17,65.41441154567178,65.54318092593833,64.12672706837694,64.64179992675781,114974,0.0,0.0
1986-06-18,65.0281210663651,65.92950231035876,64.77058689857161,65.86511993408203,106313,0.0,0.0
1986-06-19,65.9295104579647,66.83089181335157,65.73635864257812,65.73635864257812,77836,0.0,0.0
1986-06-20,65.86509673499425,65.92947908859415,64.64179471511679,65.28563690185547,180589,0.0,0.0
1986-06-23,65.15687850100534,65.15687850100534,62.3239705373666,63.03219985961914,143332,0.0,0.0
1986-06-24,63.28973570436872,65.28564967125591,62.77466278677023,64.06234741210938,151400,0.0,0.0
1986-06-25,63.99795252837811,65.54317564162491,63.99795252837811,65.28563690185547,219981,0.0,0.0
1986-06-26,65.2856531226047,65.67195666555418,64.77058017777671,65.02811431884766,101329,0.0,0.0
1986-06-27,65.15692731470895,65.6076181914806,65.02815782667574,65.5432357788086,111177,0.0,0.0
1986-06-30,65.54318631239644,66.4445627229684,65.1568781398493,66.38018035888672,169792,0.0,0.0
1986-07-01,66.44457640838417,66.70211524312687,65.92950340158542,66.18704223632812,196726,0.0,0.0
1986-07-02,66.1870290734499,66.63771961327568,66.05825968168745,66.25141143798828,177979,0.0,0.0
1986-07-03,66.38013865861461,67.41028381289425,66.18698702502252,67.34590148925781,130043,0.0,0.0
1986-07-07,67.4747380303358,67.4747380303358,65.92951409658862,65.993896484375,159113,0.0,0.0
1986-07-08,65.15687418257517,65.15687418257517,63.99795906069132,64.2554931640625,117703,0.0,0.0
1986-07-09,64.38425597534734,65.28563690185547,64.38425597534734,65.28563690185547,170147,0.0,0.0
1986-07-10,65.41442649220419,65.41442649220419,64.12674172068644,64.77058410644531,159587,0.0,0.0
1986-07-11,64.7705706961757,64.89934007920398,63.86918967766302,64.2554931640625,90294,0.0,0.0
1986-07-14,63.8691924008492,63.8691924008492,62.96781134390441,63.67604064941406,104770,0.0,0.0
1986-07-15,63.86916680950336,64.51300883143377,62.06641008063496,62.32394409179688,170385,0.0,0.0
1986-07-16,62.45276242231548,63.67606508872602,62.32399298437426,63.28975677490234,118296,0.0,0.0
1986-07-17,63.28970514780867,64.19108581542969,63.09655347979948,64.19108581542969,211201,0.0,0.0
1986-07-18,64.25549387297833,64.89934079522322,63.93357274319861,64.70618438720703,167063,0.0,0.0
1986-07-21,65.02813218265706,66.12266540527344,64.89936740809179,66.12266540527344,73683,0.0,0.0
1986-07-22,64.96372659502835,67.0884052315095,64.83495720376283,66.95964050292969,171097,0.0,0.0
1986-07-23,66.63772794604328,68.76240685640612,66.44457150290333,68.3760986328125,232084,0.0,0.0
1986-07-24,68.50484466552734,69.01992212123133,68.05415888581344,68.50484466552734,210608,0.0,0.0
1986-07-25,68.3760852659512,69.66377443017957,68.24732054594523,69.14869689941406,177860,0.0,0.0
1986-07-28,69.01996303237112,69.01996303237112,67.15281780541764,67.47473907470703,153062,0.0,0.0
1986-07-29,67.86104273277931,67.92542978424969,67.41035202323667,67.47473907470703,102634,0.0,0.0
1986-07-30,67.34595188382919,69.66378720940479,66.63772714313696,69.21309661865234,132653,0.0,0.0
1986-07-31,69.40624237060547,69.7281635270942,68.82678242385141,69.40624237060547,95990,0.0,0.0
1986-08-01,69.47060745251491,70.05006725509914,68.63361358642578,68.63361358642578,103109,0.0,0.0
1986-08-04,68.24732301542426,68.44047476510767,66.8952514422692,67.98978424072266,86498,0.0,0.0
1986-08-05,67.98983258669473,68.11860206561049,65.92953491210938,65.92953491210938,225795,0.0,0.0
1986-08-06,65.80075272932808,66.57336479096885,64.64183696821092,66.44459533691406,176673,0.0,0.0
1986-08-07,66.83087111166417,67.21717462277502,66.31579354660207,66.95964050292969,183792,0.0,0.0
1986-08-08,67.34595550319024,68.11856731990444,67.34595550319024,67.79664611816406,140128,0.0,0.0
1986-08-11,67.73223889680787,69.53499603271484,67.73223889680787,69.53499603271484,125297,0.0,0.0
1986-08-12,71.59533845216865,71.78849029541016,70.82272641651483,71.78849029541016,186284,0.0,0.0
1986-08-13,71.8528834648155,71.98164826280652,71.33780562209856,71.59534454345703,166232,0.0,0.0
1986-08-14,71.53093411690155,71.72409057617188,70.95147872715069,71.72409057617188,126246,0.0,0.0
1986-08-15,71.9816420905405,72.56110228256553,71.5953384043157,72.36795043945312,187945,0.0,0.0
1986-08-18,72.36787300135684,72.49664231320325,70.95141989641186,71.20895385742188,142501,0.0,0.0
1986-08-19,70.05003937616975,71.3377231692683,70.05003937616975,71.20895385742188,106313,0.0,0.0
1986-08-20,71.20899753741413,71.65968807399125,71.01584578250556,71.14461517333984,68700,0.0,0.0
1986-08-21,71.20898192079449,71.20898192079449,70.24321869536448,70.56513977050781,58970,0.0,0.0
1986-08-22,70.0500798109803,70.30761858333152,69.92131042480469,69.92131042480469,63242,0.0,0.0
1986-08-25,70.0500832556305,70.24323501304922,69.79254913330078,69.79254913330078,140603,0.0,0.0
1986-08-26,70.17885173611131,71.59530570991696,70.17885173611131,71.14461517333984,121619,0.0,0.0
1986-08-27,70.95144102050772,71.72405245893,70.8226716703233,71.01582336425781,114974,0.0,0.0
1986-08-28,71.20898457277005,72.62543828868945,71.20898457277005,72.49667358398438,143688,0.0,0.0
1986-08-29,72.5533815707806,73.64877035942702,72.42451147805772,72.93998718261719,151756,0.092708,0.0
1986-09-02,72.94002439415827,73.64880793256556,71.00698601614022,71.07141876220703,150688,0.0,0.0
1986-09-03,70.7492520019421,73.06890106201172,70.7492520019421,73.06890106201172,131941,0.0,0.0
1986-09-04,73.0688500670639,73.97093596080083,72.36006696017587,73.71319580078125,97295,0.0,0.0
1986-09-05,73.58436159448505,73.58436159448505,71.00697740309404,71.52245330810547,233033,0.0,0.0
1986-09-08,71.32912390307949,71.32912390307949,69.00947619359488,69.07391357421875,146892,0.0,0.0
1986-09-09,69.84708597413285,70.68473406986912,68.49395781979344,69.2027359008789,125653,0.0,0.0
1986-09-10,69.26721520652512,69.26721520652512,68.17182641785209,68.75173950195312,87684,0.0,0.0
1986-09-11,68.04295981103081,68.04295981103081,66.2387924194336,66.2387924194336,303631,0.0,0.0
1986-09-12,65.98106472442228,66.10993484817179,63.01707054351663,63.274810791015625,425962,0.0,0.0
1986-09-15,63.2748113257048,63.33924405495743,61.148465931702894,62.308292388916016,227457,0.0,0.0
1986-09-16,62.17937528249982,62.17937528249982,60.82624699359411,61.72833251953125,158757,0.0,0.0
1986-09-17,61.85727103325754,64.24135284881139,61.85727103325754,64.04804992675781,247271,0.0,0.0
1986-09-18,64.04801607944685,64.82123202537637,63.403670235561,64.56349182128906,193285,0.0,0.0
1986-09-19,64.69239611115967,64.69239611115967,63.597006664409534,64.04804992675781,202658,0.0,0.0
1986-09-22,63.91917419433594,64.95013079946554,63.72587128910366,63.91917419433594,132653,0.0,0.0
1986-09-23,64.69235201878644,64.69235201878644,63.27479044600297,63.66139602661133,152112,0.0,0.0
1986-09-24,63.66139146459816,64.11243438720703,63.40365598477262,64.11243438720703,136688,0.0,0.0
1986-09-25,64.11249688773852,64.3702372851555,62.11502513993259,62.88823699951172,127789,0.0,0.0
1986-09-26,62.8882120945346,64.43464453394681,62.63047646552194,63.79029846191406,100380,0.0,0.0
1986-09-29,63.79029946164511,63.79029946164511,61.72839106555899,62.5660400390625,215710,0.0,0.0
1986-09-30,62.75936572580406,64.04805826232533,62.75936572580406,63.53257751464844,158401,0.0,0.0
1986-10-01,63.40371199406469,64.82127471750519,63.40371199406469,63.53257751464844,184742,0.0,0.0
1986-10-02,63.66139270716239,64.17687300953749,63.46808992693745,63.725830078125,138942,0.0,0.0
1986-10-03,65.20786645099709,65.59447692779612,63.40369822493837,63.91917419433594,191030,0.0,0.0
1986-10-06,64.04800289923232,65.07895417076087,64.04800289923232,64.43460845947266,63242,0.0,0.0
1986-10-07,64.17690890493414,64.2413416456038,62.8882120945346,63.79029846191406,77599,0.0,0.0
1986-10-08,63.66139511326751,64.43461092972267,63.53252503280304,64.37017822265625,192573,0.0,0.0
1986-10-09,64.3701981804356,64.95011138916016,64.24132806001535,64.95011138916016,150926,0.0,0.0
1986-10-10,64.75681756996318,64.75681756996318,63.79029846191406,63.79029846191406,97414,0.0,0.0
1986-10-13,63.91916860958742,64.04803875726078,63.79029846191406,63.79029846191406,41528,0.0,0.0
1986-10-14,63.79026610892468,64.24130906385557,63.27479044600297,63.66139602661133,97176,0.0,0.0
1986-10-15,63.790310441402106,65.46561334310083,63.6614402695276,65.14344024658203,128500,0.0,0.0
1986-10-16,65.336736077468,65.40116882324219,64.69238995438853,65.40116882324219,138586,0.0,0.0
1986-10-17,65.40112748851726,65.40112748851726,64.88565184911073,65.20782470703125,78192,0.0,0.0
1986-10-20,64.95008800494266,64.95008800494266,64.43460770885194,64.88565063476562,122449,0.0,0.0
1986-10-21,64.56349097848333,65.07896671359656,64.30575077776054,65.01453399658203,72022,0.0,0.0
1986-10-22,64.9501012795675,65.01453399658203,64.56349097848333,65.01453399658203,68700,0.0,0.0
1986-10-23,65.07893811531241,66.23876384255888,65.07893811531241,66.10989379882812,78429,0.0,0.0
1986-10-24,66.17436792682518,66.36767078030506,64.82124328613281,64.82124328613281,127195,0.0,0.0
1986-10-27,64.82122067435273,64.82122067435273,63.854702077773695,64.30574035644531,98600,0.0,0.0
1986-10-28,64.17689641881977,65.27228546142578,64.17689641881977,65.27228546142578,124585,0.0,0.0
1986-10-29,65.27232451456923,65.65893044734865,65.20788708154869,65.59449768066406,175961,0.0,0.0
1986-10-30,66.36769673268883,66.75430725716176,65.59448501641307,65.72335052490234,317751,0.0,0.0
1986-10-31,65.72330482081503,65.72330482081503,61.34175458807067,63.017051696777344,521002,0.0,0.0
1986-11-03,63.1459773969287,63.53258332671827,62.56606383590845,62.88823699951172,243831,0.0,0.0
1986-11-04,62.88821176219177,62.95264916885496,62.50160598754883,62.50160598754883,404130,0.0,0.0
1986-11-05,62.43715344841102,62.50158616830856,60.7618514014168,61.21289443969727,396062,0.0,0.0
1986-11-06,61.21292676601676,62.630489349365234,60.89075366372551,62.630489349365234,333176,0.0,0.0
1986-11-07,62.888193762006615,63.91914997652555,62.888193762006615,63.85471725463867,244305,0.0,0.0
1986-11-10,63.59700655743909,63.72587672736968,62.37274694260082,62.75935745239258,157333,0.0,0.0
1986-11-11,62.759335492684095,63.08150847161369,62.11498953482491,62.308292388916016,167063,0.0,0.0
1986-11-12,62.3083196061996,62.3083196061996,61.01962712755947,61.27736282348633,254272,0.0,0.0
1986-11-13,61.341756797637125,61.341756797637125,58.24889330656912,59.47315216064453,474016,0.0,0.0
1986-11-14,59.15101836413833,60.439710781714034,58.24893180530132,60.31084060668945,297936,0.0,0.0
1986-11-17,59.92422645322405,60.31083225844867,59.666486138851376,59.730918884277344,144400,0.0,0.0
1986-11-18,57.73343276977539,59.40873037862908,56.573606322979394,57.73343276977539,318997,0.0,2.0
1986-11-19,57.99115355618523,59.02210961628419,57.73341804090949,58.24889373779297,283638,0.0,0.0
1986-11-20,58.76437596856562,60.69741821289063,57.99116000410213,60.69741821289063,234042,0.0,0.0
1986-11-21,60.69743239355256,62.114994548530085,60.18195185259084,61.59951400756836,249407,0.0,0.0
1986-11-24,61.47063358353419,62.63045994023576,59.92420621848681,60.43968200683594,290995,0.0,0.0
1986-11-25,60.82628631591797,61.341766759027,60.43968064991893,60.82628631591797,189013,0.0,0.0
1986-11-26,60.56855392456056,60.56855392456056,59.66646776833103,60.56855392456055,148375,0.0,0.0
1986-11-28,60.69742091899068,61.85724258422852,60.56855080811254,61.85724258422852,114144,0.0,0.0
1986-12-01,62.050235748291016,62.4372413482976,59.98619498221605,62.050235748291016,279248,0.104507,0.0
1986-12-02,63.46924720485757,65.2752806436741,62.4372247604205,64.88827514648438,335490,0.0,0.0
1986-12-03,67.08134384097254,67.21034260750675,64.88829941364493,65.66231536865234,295563,0.0,0.0
1986-12-04,65.66233140038122,65.66233140038122,64.50130484882045,65.01731872558594,170385,0.0,0.0
1986-12-05,65.01731872558594,65.40432446199847,64.63030831801183,65.01731872558594,171334,0.0,0.0
1986-12-08,64.75928046153383,65.791298373529,63.85626128516857,65.14628601074219,262578,0.0,0.0
1986-12-09,65.01726096482153,65.66227306659373,64.7592542556497,65.40426635742188,157214,0.0,0.0
1986-12-10,64.88828296794063,66.56531321945232,64.88828296794063,66.43630981445312,196666,0.0,0.0
1986-12-11,66.82332662649911,66.82332662649911,64.63028253848515,66.17831420898438,250060,0.0,0.0
1986-12-12,66.3073120006859,66.56531414310503,65.01728727511228,65.14628601074219,113669,0.0,0.0
1986-12-15,64.50128374342985,64.63028717041016,62.824253206165984,64.63028717041016,145942,0.0,0.0
1986-12-16,64.50128374342985,65.66230991509258,64.37228031644955,64.63028717041016,192217,0.0,0.0
1986-12-17,64.75925465950559,65.01726137028643,63.985239198320514,64.11424255371094,85904,0.0,0.0
1986-12-18,64.11427508257668,64.37227725309944,63.59826139921152,64.24327850341797,196666,0.0,0.0
1986-12-19,63.98528042002786,66.5653305053711,63.85627698152861,66.5653305053711,242585,0.0,0.0
1986-12-22,65.53331193095771,65.9203175728812,65.01730285133958,65.66231536865234,129331,0.0,0.0
1986-12-23,65.92032635998204,65.92032635998204,63.46927940170395,63.85628509521485,134018,0.0,0.0
1986-12-24,63.46926022740936,64.50127821243605,63.34025681149112,63.59825897216797,56894,0.0,0.0
1986-12-26,63.34025681149112,63.59825897216797,62.95324656373638,63.59825897216797,24502,0.0,0.0
1986-12-29,62.9532470703125,63.46926073813778,62.566241490603225,62.9532470703125,146536,0.0,0.0
1986-12-30,63.0822646026284,63.0822646026284,61.92124293254935,62.43725204467773,147366,0.0,0.0
1986-12-31,62.95323766067546,63.3402478536979,62.43722874113785,63.08224105834961,144815,0.0,0.0
1987-01-02,62.95325196198625,65.66230991509258,62.95325196198625,64.63028717041016,83116,0.0,0.0
1987-01-05,64.63029294136368,66.5653305053711,64.24328729702637,66.5653305053711,219507,0.0,0.0
1987-01-06,65.27530546269948,68.11336242504122,64.37228606436517,66.5653305053711,401460,0.0,0.0
1987-01-07,66.56530407748662,66.82331085205078,65.01727744357746,66.82331085205078,253560,0.0,0.0
1987-01-08,65.53330274452759,67.85535028404621,65.53330274452759,67.59734344482422,227635,0.0,0.0
1987-01-09,67.85536035286714,69.14538539807988,67.21034315910028,68.6293716430664,240390,0.0,0.0
1987-01-12,68.37133376927892,69.79036151297736,68.11332702636719,68.11332702636719,123339,0.0,0.0
1987-01-13,68.37133757049864,69.79036539309033,68.1133308132426,69.01634979248047,141137,0.0,0.0
1987-01-14,68.62933584103261,70.04836358473105,67.59731821170176,68.11332702636719,184801,0.0,0.0
1987-01-15,67.59737591295776,68.62939442322168,67.33936894981076,67.72637939453125,271358,0.0,0.0
1987-01-16,67.72635250279143,67.98435469233286,66.30732411125302,67.46834564208984,228821,0.0,0.0
1987-01-19,67.597344915463,68.62936295248387,66.95233247453498,68.3713607788086,198268,0.0,0.0
1987-01-20,68.5003342360041,69.66135993788836,68.37133553237976,68.88734436035156,211379,0.0,0.0
1987-01-21,69.01637118723082,69.66138360916347,68.11335192806122,68.24235534667969,233923,0.0,0.0
1987-01-22,68.62937985454836,70.04840850830078,67.98436725476645,70.04840850830078,284647,0.0,0.0
1987-01-23,70.693377593832,74.82146223108096,65.79128205020437,68.88734436035156,379391,0.0,0.0
1987-01-26,70.1773708578161,70.1773708578161,68.24233419187061,69.01634979248047,153773,0.0,0.0
1987-01-27,70.17736466443965,71.33838562731147,69.9193626011114,70.43537139892578,162316,0.0,0.0
1987-01-28,70.69337843681501,71.85440415254394,68.62933842915696,71.59639739990234,163384,0.0,0.0
1987-01-29,72.24139835284927,72.62840842150322,66.56528804851791,69.4033432006836,375594,0.0,0.0
1987-01-30,69.66139720699654,70.56441664243461,69.14538810295792,70.17740631103516,185335,0.0,0.0
1987-02-02,70.17742714482688,70.30643062692437,69.0164051482736,69.1454086303711,170681,0.0,0.0
1987-02-03,68.88736993017513,69.01637335284151,66.30732016148718,67.21033477783203,330447,0.0,0.0
1987-02-04,67.33931320527797,68.88734436035156,67.33931320527797,68.88734436035156,156384,0.0,0.0
1987-02-05,69.66134950304087,71.85439253236423,69.14534075236404,70.69336700439453,397723,0.0,0.0
1987-02-06,71.209424883752,71.85443739258211,70.69341113975962,71.0804214477539,276519,0.0,0.0
1987-02-09,71.98345097880755,72.62846357858947,69.91940972527323,70.04840850830078,174063,0.0,0.0
1987-02-10,70.04836358473105,70.04836358473105,66.56529591121289,68.11332702636719,230126,0.0,0.0
1987-02-11,67.85532670440794,69.40335318832338,67.85532670440794,68.88734436035156,109931,0.0,0.0
1987-02-12,69.27437539341189,69.40337881582947,67.46834149304543,68.3713607788086,155138,0.0,0.0
1987-02-13,68.50033023259556,70.95138019674016,68.50033023259556,70.43537139892578,179462,0.0,0.0
1987-02-17,70.56444010826176,73.01548767089844,70.56444010826176,73.01548767089844,236652,0.0,0.0
1987-02-18,74.04745392043469,74.82146957393206,72.49942261343996,74.17645263671875,304996,0.0,0.0
1987-02-19,74.43446932978975,77.78853449442579,74.17646252052573,77.01451873779297,523020,0.0,0.0
1987-02-20,76.49852589846019,76.88553619384766,76.11152027423293,76.88553619384766,288622,0.0,0.0
1987-02-23,76.62752645307943,76.88553330698355,74.30547878142247,75.3375015258789,163088,0.0,0.0
1987-02-24,75.8535105625271,76.2405208433833,75.07949467197479,75.3375015258789,92490,0.0,0.0
1987-02-25,75.72449949856271,78.43355250670078,74.95048368607189,78.04654693603516,146892,0.0,0.0
1987-02-26,78.30456400946797,78.30456400946797,75.46650721605027,77.53054809570312,183555,0.0,0.0
1987-02-27,77.40155891923112,78.94959103184794,76.6275428629227,77.65956115722656,182250,0.0,0.0
1987-03-02,77.46533966064453,78.49820836278103,77.46533966064453,77.46533966064453,161664,0.104507,0.0
1987-03-03,77.72355717156265,77.8526669325223,76.4324689119868,77.20712280273438,170266,0.0,0.0
1987-03-04,77.20717948645533,78.3691635131836,77.20717948645533,78.3691635131836,188123,0.0,0.0
1987-03-05,80.56397519261871,80.82219477000305,79.0146670783354,80.30575561523438,263230,0.0,0.0
1987-03-06,80.56396346621415,81.98415691007914,80.04752438661522,81.59683227539062,249763,0.0,0.0
1987-03-09,81.46775662705856,81.46775662705856,79.27290377046465,80.82221221923828,142205,0.0,0.0
1987-03-10,80.56398838783957,81.08041827716931,79.53111925915584,79.7893295288086,66742,0.0,0.0
1987-03-11,79.27286878133225,79.78929846963403,77.5944512568051,78.11088562011719,171749,0.0,0.0
1987-03-12,76.4324689119868,77.98177669348195,76.17425406507785,77.20712280273438,184801,0.0,0.0
1987-03-13,78.24002960131854,78.24002960131854,77.20715574791255,77.33626556396484,80624,0.0,0.0
1987-03-16,77.33626556396484,77.72359033710937,76.69072115871573,77.33626556396484,158223,0.0,0.0
1987-03-17,77.33626227943824,77.98180665727062,77.20715246886934,77.72358703613281,142561,0.0,0.0
1987-03-18,78.75646084567191,78.88556598122867,76.94893752274368,77.72358703613281,230542,0.0,0.0
1987-03-19,77.46537209000715,78.88556598122867,77.46537209000715,77.72358703613281,197200,0.0,0.0
1987-03-20,79.27289105731725,82.37149810791016,79.27289105731725,82.37149810791016,289037,0.0,0.0
1987-03-23,82.11328843034102,84.6954656652533,81.98417395858142,83.92080688476562,250890,0.0,0.0
1987-03-24,82.11327135498955,83.40435970396548,80.8221830060136,81.59683227539062,413503,0.0,0.0
1987-03-25,81.59686838529255,82.11330769343668,80.5639991190298,81.08042907714844,142620,0.0,0.0
1987-03-26,81.59684089718448,81.984165572799,80.56397197887162,80.69307708740234,146358,0.0,0.0
1987-03-27,80.6930952614396,81.2095345119218,78.75646209716797,78.75646209716797,191564,0.0,0.0
1987-03-30,74.62495422363281,75.52871797149996,74.62495422363281,74.62495422363281,394578,0.0,0.0
1987-03-31,75.3996362148013,75.91607083048152,74.1085473380945,74.8832015991211,234694,0.0,0.0
1987-04-01,72.81745378637508,76.81983491418131,72.81745378637508,74.8832015991211,245195,0.0,0.0
1987-04-02,75.14140154807333,75.39962114179953,74.1085325231919,74.49585723876953,126009,0.0,0.0
1987-04-03,74.4958430547695,76.43247561394632,73.33386445426557,75.65782165527344,184801,0.0,0.0
1987-04-06,75.65779804121141,76.94889068603516,75.65779804121141,76.94889068603516,173292,0.0,0.0
1987-04-07,76.30338146392045,77.98179471933796,74.75407332429549,75.2705078125,232262,0.0,0.0
1987-04-08,75.91607083048152,76.69072509150811,74.6249819537747,74.8832015991211,219032,0.0,0.0
1987-04-09,75.14142303373944,75.65785769384762,72.301025390625,72.301025390625,251246,0.0,0.0
1987-04-10,72.04279327392578,73.07566234863518,71.39724425846757,72.04279327392578,206040,0.0,0.0
1987-04-13,70.75168830652892,71.0099078703342,68.42773093232569,69.20238494873047,429877,0.0,0.0
1987-04-14,67.39485759128522,68.68594606487126,65.3291150985453,66.74931335449219,434624,0.0,0.0
1987-04-15,69.71881964874677,69.71881964874677,65.97465933533833,66.74931335449219,319412,0.0,0.0
1987-04-16,67.65307208462183,69.7188144225103,67.39485253925673,68.94416046142578,282452,0.0,0.0
1987-04-20,69.46058820170042,71.13900573524928,69.2023733561616,70.49346160888672,226923,0.0,0.0
1987-04-21,70.49347270134302,72.0427807184077,69.07327446486892,71.78456115722656,281325,0.0,0.0
1987-04-22,71.5263294810377,71.65543923975989,68.55682373046875,68.55682373046875,167952,0.0,0.0
1987-04-23,68.55685355676266,70.1061619854492,67.13665961798102,67.3948745727539,198031,0.0,0.0
1987-04-24,66.87842662947405,67.13664620768083,65.71644787756631,65.97466278076172,241398,0.0,0.0
1987-04-27,64.03801721704156,69.58969964286256,64.03801721704156,68.6859359741211,328608,0.0,0.0
1987-04-28,69.20243565448024,70.10619543997605,66.36203707146021,66.49114227294922,224016,0.0,0.0
1987-04-29,67.13664270157467,67.39485759128522,66.36198868242083,66.74931335449219,268332,0.0,0.0
1987-04-30,66.74933136036124,68.94418422753132,66.74933136036124,68.42774963378906,317217,0.0,0.0
1987-05-01,68.42772314880564,68.55682824101171,66.6201957577935,67.13663482666016,200226,0.0,0.0
1987-05-04,67.13665444717763,67.91130860185775,65.58734613781739,67.52397918701172,204141,0.0,0.0
1987-05-05,68.68594582111987,69.20238494873047,67.26574757021297,69.20238494873047,531088,0.0,0.0
1987-05-06,68.94416637512128,68.94416637512128,67.65307788757403,68.29862213134766,360288,0.0,0.0
1987-05-07,68.6859485926841,69.20238774113366,66.49109623680737,66.87842559814453,646655,0.0,0.0
1987-05-08,67.13664979710045,67.65308430611347,65.07090708603671,65.20001220703125,457227,0.0,0.0
1987-05-11,65.7164394811181,66.87841808456233,63.52158737182617,63.52158737182617,337922,0.0,0.0
1987-05-12,63.39245432250895,64.16710799870141,61.97225669532428,63.65066909790039,355898,0.0,0.0
1987-05-13,64.03803339299903,65.45823179904357,64.03803339299903,65.20001220703125,349313,0.0,0.0
1987-05-14,66.36197929381488,66.87841367518416,65.84554023743512,66.103759765625,135204,0.0,0.0
1987-05-15,65.58732692733898,65.97465155372598,64.55445346528936,64.68356323242188,267205,0.0,0.0
1987-05-18,64.55448263855988,66.10379119428795,63.2633937337907,65.58735656738281,262815,0.0,0.0
1987-05-19,66.10380762082585,67.136681806314,63.521629169626266,65.07093811035156,241991,0.0,0.0
1987-05-20,64.81266998967584,64.81266998967584,62.48870831424612,62.87603759765625,239737,0.0,0.0
1987-05-21,63.77983054447939,64.94181433856743,63.77983054447939,64.16716003417969,151875,0.0,0.0
1987-05-22,64.81268336726265,65.58733741896413,63.65069995220477,64.42535400390625,128797,0.0,0.0
1987-05-26,67.39484080272447,68.29860437910487,66.74929672674132,68.16949462890625,214939,0.0,0.0
1987-05-27,67.78218420026356,68.55683351311383,66.87842043525698,67.00753021240234,145290,0.0,0.0
1987-05-28,67.13665118376458,67.13665118376458,65.71645274838676,66.2328872680664,93083,0.0,0.0
1987-05-29,66.87847190245988,67.00758177896344,66.1038173184531,66.49114227294922,100439,0.0,0.0
1987-06-01,67.20135498046875,68.10598523055391,66.55518383109745,67.20135498046875,156384,0.104507,0.0
1987-06-02,67.45981876069995,68.75215170040788,67.0721207505945,67.20135498046875,293012,0.0,0.0
1987-06-03,67.71832922590393,69.91529845798709,67.58909491586606,69.78606414794922,203370,0.0,0.0
1987-06-04,70.04453276802496,70.04453276802496,69.52759552787347,69.78606414794922,140128,0.0,0.0
1987-06-05,69.91526009039981,69.91526009039981,68.88139085697628,69.52755737304688,121856,0.0,0.0
1987-06-08,69.52755231576651,70.81988525390625,69.01062007641409,70.81988525390625,256408,0.0,0.0
1987-06-09,71.07835918723113,71.85375994573364,70.04449462890625,70.04449462890625,162969,0.0,0.0
1987-06-10,70.81991375164553,71.33685087852936,69.26911640955164,69.65681457519531,199099,0.0,0.0
1987-06-11,71.0783564050107,72.37068939208984,70.30295567685971,72.37068939208984,200760,0.0,0.0
1987-06-12,73.92148296037045,74.05071718119153,72.11221790742638,72.24144744873047,199158,0.0,0.0
1987-06-15,72.88762692793773,73.6630277122262,72.24146038761698,73.4045639038086,247271,0.0,0.0
1987-06-16,73.40456888942462,74.3091992996052,73.40456888942462,74.05073547363281,136984,0.0,0.0
1987-06-17,74.43841064585091,74.43841064585091,73.40454630107013,74.17994689941406,111296,0.0,0.0
1987-06-18,73.92149105435651,74.95536025461095,73.66302258441353,74.69689178466797,125712,0.0,0.0
1987-06-19,74.43839704368024,74.56763123304198,71.98296616387064,72.8875961303711,382239,0.0,0.0
1987-06-22,72.88762692793773,73.4045639038086,71.72452809126395,73.4045639038086,239974,0.0,0.0
1987-06-23,73.40455075660314,73.40455075660314,72.11221790742638,72.24144744873047,148078,0.0,0.0
1987-06-24,71.85374219429042,72.75837696897322,71.5952737788049,72.62914276123047,159231,0.0,0.0
1987-06-25,73.40455120583482,74.5676498413086,73.01684854099888,74.5676498413086,293190,0.0,0.0
1987-06-26,74.4384256570545,74.4384256570545,73.66302490234375,73.66302490234375,154189,0.0,0.0
1987-06-29,73.79226690702973,74.30919923806455,72.8876318180802,73.92150115966797,198327,0.0,0.0
1987-06-30,74.17992599931215,74.43838967292717,72.49989106299525,73.2752914428711,213515,0.0,0.0
1987-07-01,73.4045639038086,73.6630277122262,73.14609541587316,73.4045639038086,130755,0.0,0.0
1987-07-02,73.4045256194363,73.66298929305133,73.14605726630589,73.2752914428711,140662,0.0,0.0
1987-07-06,73.4045256194363,73.92145764618174,73.14605726630589,73.2752914428711,157630,0.0,0.0
1987-07-07,73.14609541587316,73.6630277122262,72.24146038761698,73.4045639038086,217846,0.0,0.0
1987-07-08,73.40455610696596,73.40455610696596,72.62915540503855,73.14608764648438,161604,0.0,0.0
1987-07-09,72.88761667163966,72.88761667163966,71.59528377284731,71.98298645019531,100024,0.0,0.0
1987-07-10,72.11225885183418,72.24148846651318,71.33685776616203,71.72455596923828,131763,0.0,0.0
1987-07-13,71.85375441212842,71.85375441212842,70.04448923463626,70.81988525390625,172698,0.0,0.0
1987-07-14,70.56144444671423,71.59530926201498,70.56144444671423,71.33684539794922,122568,0.0,0.0
1987-07-15,71.46608736111048,72.24148844656857,71.20762345230422,71.59532165527344,158282,0.0,0.0
1987-07-16,71.98304288465329,71.98304288465329,71.07840727446056,71.2076416015625,131645,0.0,0.0
1987-07-17,71.20763397145723,71.33686828471133,70.56146708470705,71.07839965820312,296275,0.0,0.0
1987-07-20,70.81989070789108,70.9491249475611,69.78602614956618,70.04449462890625,215176,0.0,0.0
1987-07-21,69.78602867236148,70.43219521455316,69.26909637451172,69.26909637451172,150392,0.0,0.0
1987-07-22,69.26909387040375,70.1737241890586,68.75215691172363,70.04449462890625,158401,0.0,0.0
1987-07-23,70.04451460465327,70.17374420166016,69.65681177507558,70.17374420166016,92786,0.0,0.0
1987-07-24,70.30300599136979,71.33687592866444,70.30300599136979,71.2076416015625,103583,0.0,0.0
1987-07-27,71.336822172776,71.59528595269356,70.81988525390625,70.81988525390625,103702,0.0,0.0
1987-07-28,71.20760570435759,72.62917322679607,71.07837144240528,72.49993896484375,137696,0.0,0.0
1987-07-29,72.37068444802615,72.49991867380882,71.59528377284731,71.98298645019531,107084,0.0,0.0
1987-07-30,72.88763433420911,73.0168685913086,71.8537696364498,73.0168685913086,180708,0.0,0.0
1987-07-31,72.7583920959241,73.79225661378041,72.11222560238451,72.37068939208984,167715,0.0,0.0
1987-08-03,71.85376501357881,72.49993157798541,70.04449956914395,70.56143188476562,205209,0.0,0.0
1987-08-04,71.0783768543646,71.72454353380729,70.69067871850653,71.33684539794922,165579,0.0,0.0
1987-08-05,71.33682487423353,73.14609012024084,71.33682487423353,72.37068939208984,259730,0.0,0.0
1987-08-06,72.88763152951246,75.86000061035156,72.758401956904,75.86000061035156,298826,0.0,0.0
1987-08-07,76.50618943550894,78.44469442198854,76.50618943550894,77.9277572631836,329082,0.0,0.0
1987-08-10,77.28157541100788,78.18621058283772,77.15234114652952,78.05697631835938,341481,0.0,0.0
1987-08-11,78.83235150125428,79.34928839048158,78.57388305664062,78.57388305664062,311106,0.0,0.0
1987-08-12,78.5738933131399,80.64163178092348,78.31542951430521,80.12469482421875,304818,0.0,0.0
1987-08-13,80.64164455195744,81.67550927006238,80.2539370935109,81.02934265136719,322200,0.0,0.0
1987-08-14,80.38312557606102,81.67545800225234,79.99542772000981,80.64159393310547,399206,0.0,0.0
1987-08-17,80.3831508707551,81.80471324328556,80.3831508707551,81.67548370361328,263052,0.0,0.0
1987-08-18,80.90014648056601,81.41707437357572,79.73704234297298,80.38320922851562,282452,0.0,0.0
1987-08-19,80.25393676757812,80.64164422445009,79.73700909014345,80.25393676757812,162732,0.0,0.0
1987-08-20,80.51238078178093,82.19242095947266,80.51238078178093,82.19242095947266,252255,0.0,0.0
1987-08-21,82.1924281149883,84.26015709349753,82.1924281149883,83.35552215576172,309861,0.0,0.0
1987-08-24,83.6139936553345,83.6139936553345,82.06319218559824,83.4847640991211,186344,0.0,0.0
1987-08-25,84.00168151080595,85.94018077347448,84.00168151080595,85.81095123291016,233804,0.0,0.0
1987-08-26,85.81093620714682,86.58633203282642,85.29399941733888,86.06940460205078,299538,0.0,0.0
1987-08-27,85.94018599279832,86.06942490024552,84.26015506826064,84.77709197998047,290995,0.0,0.0
1987-08-28,84.51861820166758,84.77708664125076,83.22628536278555,83.87245178222656,228524,0.0,0.0
1987-08-31,83.8982925415039,84.15684061415595,82.99337896818045,83.8982925415039,284647,0.04214,0.0
1987-09-01,84.22124203953845,84.73872452606292,80.85756371626195,82.53939819335938,260857,0.104507,0.0
1987-09-02,82.40998737589011,82.66873317013464,80.46940797267133,81.24563598632812,228346,0.0,0.0
1987-09-03,81.63380933973363,81.63380933973363,78.39950366973787,79.95196533203125,251424,0.0,0.0
1987-09-04,79.69318638543874,80.21066864658053,78.14071617931941,78.658203125,161723,0.0,0.0
1987-09-08,78.52888958211217,80.59883880615234,77.62328328318807,80.59883880615234,153595,0.0,0.0
1987-09-09,80.59880428164664,80.59880428164664,78.27011005982683,79.30508422851562,283045,0.0,0.0
1987-09-10,79.95193823240513,80.46942996230757,79.30507825456674,79.43445587158203,143688,0.0,0.0
1987-09-11,79.69320895325315,82.15127147018435,79.5638313245219,81.6337890625,110228,0.0,0.0
1987-09-14,82.53935411010973,82.66873168945312,81.89249432062273,82.66873168945312,134492,0.0,0.0
1987-09-15,82.41001753932575,82.41001753932575,80.4694374258224,80.85755157470703,118356,0.0,0.0
1987-09-16,80.72819662309495,82.41003112490469,80.46945069148995,81.50442504882812,155375,0.0,0.0
1987-09-17,82.02189129757909,82.02189129757909,81.11628550431242,81.76314544677734,144163,0.0,0.0
1987-09-18,82.53937363010373,82.53937363010373,81.5043995959756,81.76314544677734,174300,0.0,0.0
1987-09-21,82.2806804963945,83.31565507577932,81.50444253504304,82.02193450927734,164511,0.0,0.0
1987-09-22,81.76315605944465,84.09185028076172,81.37504191740516,84.09185028076172,153002,0.0,0.0
1987-09-23,84.0918674829692,84.47999107348507,82.92752481866758,83.44500732421875,197022,0.0,0.0
1987-09-24,82.79815108291014,83.31564298202747,81.7631766537579,82.15129089355469,115627,0.0,0.0
1987-09-25,81.76316789223672,83.44500233052355,81.50442197040456,83.1862564086914,85014,0.0,0.0
1987-09-28,83.18625955063789,83.70375141384785,81.11631083596153,81.50442504882812,155257,0.0,0.0
1987-09-29,82.28063714838083,83.31561118250896,81.11628550431242,81.76314544677734,165579,0.0,0.0
1987-09-30,81.50438032074585,82.66873168945312,81.11626632086897,82.66873168945312,156977,0.0,0.0
1987-10-01,82.66873168945312,83.703705478817,80.72815232099211,82.66873168945312,426496,0.0,0.0
1987-10-02,82.2806587428203,84.35060735433154,82.15128109892501,83.57437896728516,184089,0.0,0.0
1987-10-05,83.31567659594259,83.8331687038434,81.89257798375849,83.05693054199219,205209,0.0,0.0
1987-10-06,82.66873317013464,82.7981013827185,81.24563598632812,81.24563598632812,187589,0.0,0.0
1987-10-07,81.24569798736351,81.37507566775618,80.08135507833325,80.9869613647461,221583,0.0,0.0
1987-10-08,81.7632109730062,81.7632109730062,79.43451518769747,80.46949005126953,172698,0.0,0.0
1987-10-09,80.46942819125924,80.8575422956044,79.95193647274624,80.08131408691406,157274,0.0,0.0
1987-10-12,79.8225740428082,80.986925809747,78.91696815397579,80.72817993164062,252255,0.0,0.0
1987-10-13,81.76318852216019,82.53941711442786,81.24569654792589,82.02193450927734,249585,0.0,0.0
1987-10-14,81.50440225920607,81.76314811846257,79.43445412331239,80.08131408691406,198090,0.0,0.0
1987-10-15,79.17569655628694,82.53936412199593,79.04631896125026,80.2106704711914,237957,0.0,0.0
1987-10-16,79.9519555052454,81.50442166126857,77.62326095575135,78.78761291503906,478466,0.0,0.0
1987-10-19,66.36788177490234,73.48334704780925,65.07416166792659,66.36788177490234,741814,0.0,0.0
1987-10-20,80.72819366906089,80.72819366906089,64.81542251753932,68.56721496582031,1184566,0.0,0.0
1987-10-21,71.15466005665913,72.18963912768615,68.30847346701113,70.24905395507812,461854,0.0,0.0
1987-10-22,67.79096261965206,69.60216950629358,66.75598390975736,68.69656372070312,426733,0.0,0.0
1987-10-23,68.9553661396535,72.4484145388361,68.9553661396535,71.15469360351562,257891,0.0,0.0
1987-10-26,67.27352823445852,67.66164262645036,63.909848309328304,64.16859436035156,258010,0.0,0.0
1987-10-27,67.27346801757812,67.79095497187596,65.20351551584794,67.27346801757812,310039,0.0,0.0
1987-10-28,66.23853302001953,67.66162659436647,65.72104572513207,66.23853302001953,347651,0.0,0.0
1987-10-29,66.49726164234752,69.3434480476902,66.49726164234752,68.56721496582031,286249,0.0,0.0
1987-10-30,69.86092070475921,71.93087359852349,69.60217483633626,70.63715362548828,455684,0.0,0.0
1987-11-02,70.3784143059942,71.67213439941406,70.11967309803434,71.67213439941406,208413,0.0,0.0
1987-11-03,70.89594616281376,71.28406524658203,69.86097130851797,71.28406524658203,291647,0.0,0.0
1987-11-04,70.6371721501761,71.15465933819391,69.60219308959951,69.8609390258789,265485,0.0,0.0
1987-11-05,70.1196502890279,70.89587834495082,68.04969787597656,68.04969787597656,398257,0.0,0.0
1987-11-06,68.04972534770947,69.34344554257518,64.68604721960996,65.4622802734375,448802,0.0,0.0
1987-11-09,64.68604721960996,66.88537342469789,64.42730599136115,65.4622802734375,236711,0.0,0.0
1987-11-10,64.42732238769531,65.59166992248521,64.42732238769531,64.42732238769531,349668,0.0,0.0
1987-11-11,65.46228727868218,66.23852041557592,65.07417305250584,65.97977447509766,144756,0.0,0.0
1987-11-12,67.01474182839023,67.79097482948373,66.23850882729673,66.36788177490234,243831,0.0,0.0
1987-11-13,66.36789195466136,67.14412507481644,65.20354461669922,65.20354461669922,187530,0.0,0.0
1987-11-16,65.46228586705695,65.59165883450628,64.42731149654414,65.20354461669922,168961,0.0,0.0
1987-11-17,64.94480331407831,64.94480331407831,63.7804512085262,64.29794311523438,233864,0.0,0.0
1987-11-18,64.16855646026934,67.14411555140057,62.87483633835324,66.75599670410156,208887,0.0,0.0
1987-11-19,65.46230669438383,66.49728607872409,64.55670031865391,65.85042572021484,112423,0.0,0.0
1987-11-20,65.7210464477539,65.7210464477539,64.1685798614798,65.7210464477539,189903,0.0,0.0
1987-11-23,65.72103551277414,66.49726867675781,65.20354829829877,66.49726867675781,138883,0.0,0.0
1987-11-24,66.75602031490698,67.14413929947902,65.85041871998942,66.23853302001953,114974,0.0,0.0
1987-11-25,66.23851898721202,66.23851898721202,65.07417164924988,65.20354461669922,155850,0.0,0.0
1987-11-27,64.8154495992567,64.8154495992567,63.13360977172852,63.13360977172852,35655,0.0,0.0
1987-11-30,61.65692311752175,61.65692311752175,55.43941463921499,58.28910446166992,513587,0.12642,0.0
1987-12-01,59.32534237065499,59.58440672155604,56.99377728346287,57.38237380981445,183496,0.0,0.0
1987-12-02,58.418641750741145,61.009272072114086,58.28910953112639,59.84348678588867,149739,0.0,0.0
1987-12-03,60.620651314458826,60.620651314458826,57.51189804077149,57.51189804077149,186047,0.0,0.0
1987-12-04,57.51190665566335,59.32534790039063,57.252846970921055,59.32534790039063,208591,0.0,0.0
1987-12-07,59.584441839951744,59.9730339050293,58.80725301948808,59.9730339050293,76234,0.0,0.0
1987-12-08,59.97301052863715,60.87973124747289,59.06628980980141,60.49113464355469,217193,0.0,0.0
1987-12-09,60.491114656740855,62.17502333672755,60.23205503003111,61.26830291748047,290876,0.0,0.0
1987-12-10,60.23205950040068,61.1387752966382,57.51189804077149,57.51189804077149,244661,0.0,0.0
1987-12-11,58.0300267132564,58.28908635919332,57.25283839483457,57.51189804077149,267027,0.0,0.0
1987-12-14,57.38240725662851,60.3616255769758,57.38240725662851,60.10256576538086,312412,0.0,0.0
1987-12-15,60.6207071841259,61.78648839102106,58.67773694253068,61.00930404663086,337210,0.0,0.0
1987-12-16,61.13880142535172,61.78645785243938,60.75020944522213,60.87974166870117,233330,0.0,0.0
1987-12-17,61.65693283081055,62.56364905148307,61.138803915788834,61.65693283081055,255518,0.0,0.0
1987-12-18,63.4703931376576,66.06101989746094,62.6932041716547,66.06101989746094,319827,0.0,0.0
1987-12-21,65.80193960703829,65.93147184287625,63.9884976859229,64.63615417480469,143866,0.0,0.0
1987-12-22,64.50663684289145,64.50663684289145,62.82272689099321,63.21131896972656,119661,0.0,0.0
1987-12-23,63.47037744924477,65.0247549970443,63.47037744924477,64.24756622314453,148909,0.0,0.0
1987-12-24,64.24753996764773,64.24753996764773,63.34081932025513,63.72941589355469,50783,0.0,0.0
1987-12-28,62.952267935349965,63.08180020977977,62.17507897908053,62.56367111206055,124704,0.0,0.0
1987-12-29,62.3045967149704,62.82272100147791,61.91599998235855,62.0455322265625,103109,0.0,0.0
1987-12-30,62.30457790803672,62.56363762793792,61.91598129272461,61.91598129272461,95100,0.0,0.0
1987-12-31,62.1750602722168,62.952248994650304,61.91599580130297,62.1750602722168,105719,0.0,0.0
1988-01-04,62.56363637801833,65.54285827466367,62.56363637801833,65.15426635742188,140188,0.0,0.0
1988-01-05,67.61537779718121,67.74491003485699,65.80194054064454,65.93147277832031,193166,0.0,0.0
1988-01-06,65.2838145985248,65.54287437689486,64.50662588279876,64.89521789550781,189191,0.0,0.0
1988-01-07,64.50663071121389,64.89522275300962,63.47037744924477,64.24756622314453,393392,0.0,0.0
1988-01-08,63.9884738191206,63.9884738191206,59.06628352534209,59.32534790039063,334303,0.0,0.0
1988-01-11,59.71393977265719,59.84347196018146,58.28909509050272,59.32534790039063,187530,0.0,0.0
1988-01-12,59.32537053440813,59.84349479187549,57.51192859781031,59.71396255493164,159409,0.0,0.0
1988-01-13,59.71394612602501,61.13879095977829,58.807230097496,60.49113464355469,170741,0.0,0.0
1988-01-14,60.49114746231943,61.91599259801367,60.49114746231943,61.65693283081055,152824,0.0,0.0
1988-01-15,62.952194476795135,63.08172660007465,62.17500642742197,62.822662353515625,329438,0.0,0.0
1988-01-18,62.56365228827956,62.56365228827956,61.13880707886946,62.1750602722168,65437,0.0,0.0
1988-01-19,61.91600330462168,61.91600330462168,60.36162567138672,60.36162567138672,170622,0.0,0.0
1988-01-20,60.36161680533826,60.879745733851685,56.216613519078,58.54817962646485,191683,0.0,0.0
1988-01-21,59.3253793186914,61.91600567992917,58.93678724062922,61.138816833496094,162969,0.0,0.0
1988-01-22,60.87973124747289,61.13879095977829,59.97301052863715,60.49113464355469,78548,0.0,0.0
1988-01-25,61.13880671078273,62.563651911614535,60.102558213982114,62.30459213256836,183318,0.0,0.0
1988-01-26,61.656930319267886,62.04552229939747,60.62067722174309,60.87974166870117,75285,0.0,0.0
1988-01-27,61.527386049436494,62.5636342537683,61.00926194727059,61.39785385131836,169258,0.0,0.0
1988-01-28,61.65692021097962,62.43410873413086,61.65692021097962,62.43410873413086,141612,0.0,0.0
1988-01-29,63.98851080177608,65.28382873535156,62.95226208328644,65.28382873535156,245076,0.0,0.0
1988-02-01,65.80193884557286,66.19053085828192,64.76568566116882,64.89521789550781,179699,0.0,0.0
1988-02-02,64.76568641064264,65.15428311815651,64.24756215759881,64.63615417480469,119127,0.0,0.0
1988-02-03,64.89521509815756,64.89521509815756,61.138803915788834,61.65693283081055,301733,0.0,0.0
1988-02-04,62.1750438799201,62.30457608122617,60.23207493124929,60.49113464355469,165401,0.0,0.0
1988-02-05,60.87973124747289,61.91597947730797,60.23207493124929,60.49113464355469,156858,0.0,0.0
1988-02-08,60.23211585894486,61.009304904574144,60.10258356962166,60.75024032592773,36426,0.0,0.0
1988-02-09,60.49115822190222,60.75022272549296,59.325377336361,59.9730339050293,128382,0.0,0.0
1988-02-10,59.71396910592357,60.491157922541056,59.32537704276911,60.36162567138672,173826,0.0,0.0
1988-02-11,60.36160308599981,60.36160308599981,59.32535484511324,59.58441925048828,197022,0.0,0.0
1988-02-12,59.84348678588867,60.620675413269815,59.32536259773705,59.84348678588867,173351,0.0,0.0
1988-02-16,59.58444154507778,60.620690173695394,59.06631254046042,60.36162567138672,245314,0.0,0.0
1988-02-17,61.138814790570514,61.26834704236589,59.84350165323392,59.9730339050293,246619,0.0,0.0
1988-02-18,59.713969012525645,60.49115782792754,59.58444145188245,60.10256576538086,119720,0.0,0.0
1988-02-19,60.10256585938659,60.36162567138672,59.71396910592357,60.36162567138672,169258,0.0,0.0
1988-02-22,60.491157922541056,60.620690173695394,59.58444154507778,60.36162567138672,201828,0.0,0.0
1988-02-23,60.23209150270704,60.49115128628671,59.06630606052043,59.71396255493164,227397,0.0,0.0
1988-02-24,60.10255122511819,60.361610974040296,59.32536259773705,59.84348678588867,206752,0.0,0.0
1988-02-25,60.1025570313894,60.1025570313894,58.28911516220813,58.54817962646485,239203,0.0,0.0
1988-02-26,58.6777118585932,59.32536832892712,58.28911516220813,58.54817962646485,172165,0.0,0.0
1988-02-29,58.49629477770738,60.05273818969727,57.97748187255809,60.05273818969727,443167,0.12642,0.0
1988-03-01,60.3121286776021,60.3121286776021,59.27449848582352,59.92301559448242,160893,0.0,0.0
1988-03-02,60.182416989934765,61.479451049351205,59.79330395418583,61.34974670410156,265544,0.0,0.0
1988-03-03,62.25769265855467,62.25769265855467,61.0903625649963,61.220062255859375,191030,0.0,0.0
1988-03-04,61.090350147300896,61.090350147300896,59.14479412478363,59.92301559448242,185572,0.0,0.0
1988-03-07,59.66364853735409,59.66364853735409,59.144830771727946,59.404239654541016,153358,0.0,0.0
1988-03-08,59.66362998286058,60.70125579833984,59.53392558179016,60.70125579833984,198980,0.0,0.0
1988-03-09,60.96068202969864,61.868603703690624,60.83097759154454,61.60919952392578,165876,0.0,0.0
1988-03-10,61.7388672559598,61.7388672559598,59.14479412478363,59.92301559448242,373162,0.0,0.0
1988-03-11,60.18246160643675,60.18246160643675,59.27453521313448,59.404239654541016,275807,0.0,0.0
1988-03-14,59.40420284686342,60.05271995552231,58.49627701612473,59.92301559448242,174538,0.0,0.0
1988-03-15,60.05273818969727,60.18244259012009,59.79332938885162,60.05273818969727,116279,0.0,0.0
1988-03-16,59.66364562333022,59.66364562333022,58.62601483930019,59.274532318115234,196251,0.0,0.0
1988-03-17,59.404220884125145,60.05273818969727,58.885407978975856,60.05273818969727,193047,0.0,0.0
1988-03-18,60.701249402782494,61.60917541807318,60.312140937110215,61.220062255859375,390366,0.0,0.0
1988-03-21,60.83100142137203,60.96070591033634,60.1824836730957,60.1824836730957,138823,0.0,0.0
1988-03-22,59.92302237057825,60.05272674628512,58.36657925517807,58.6259880065918,135679,0.0,0.0
1988-03-23,58.88542658545836,59.66364853735409,58.23690907496916,59.404239654541016,264239,0.0,0.0
1988-03-24,59.01514729506001,59.01514729506001,57.977516174316406,57.977516174316406,189013,0.0,0.0
1988-03-25,57.718070653647,58.36658793204985,56.939848980255206,57.06955337524414,219210,0.0,0.0
1988-03-28,56.939868927001946,57.19927780785398,56.291351421415314,56.93986892700195,162850,0.0,0.0
1988-03-29,57.19927400413252,57.32897843593326,56.6804609734727,56.81016540527344,168308,0.0,0.0
1988-03-30,57.06958489356124,57.06958489356124,55.642845153808594,55.642845153808594,285418,0.0,0.0
1988-03-31,55.25373645048714,55.642845153808594,53.95670117735645,55.642845153808594,315793,0.0,0.0
1988-04-04,55.2537063687312,55.2537063687312,53.95667180174458,54.2160758972168,154960,0.0,0.0
1988-04-05,53.17844476991537,53.95666637108891,52.789331621057926,53.04874038696289,361237,0.0,0.0
1988-04-06,53.95668534414175,55.12401580810547,53.69727648701958,55.12401580810547,362127,0.0,0.0
1988-04-07,55.25370475912756,56.55073928833008,55.25370475912756,56.55073928833008,216719,0.0,0.0
1988-04-08,56.93985772488748,57.71807951779596,56.421044761796,57.45867538452149,160537,0.0,0.0
1988-04-11,57.718070653647,57.718070653647,56.29133170185235,57.06955337524414,128619,0.0,0.0
1988-04-12,56.81016356947652,57.19927215576171,56.42105028664832,57.19927215576172,73268,0.0,0.0
1988-04-13,57.4586793847125,58.10719680786133,57.06956611289748,58.10719680786133,293012,0.0,0.0
1988-04-14,57.847757121981935,57.847757121981935,55.12398445746149,55.25368881225586,170919,0.0,0.0
1988-04-15,54.994301726350606,54.994301726350606,53.4378582499074,54.86459732055664,283757,0.0,0.0
1988-04-18,54.73489348124491,54.73489348124491,53.69726300973051,54.2160758972168,149917,0.0,0.0
1988-04-19,54.21607612725028,54.60518931692234,52.789337158203125,52.789337158203125,244898,0.0,0.0
1988-04-20,53.69725073748139,53.82695510384511,52.52992083328945,52.91902923583984,237127,0.0,0.0
1988-04-21,52.91902923583984,53.95665947020883,50.84377346364264,52.91902923583984,318522,0.0,0.0
1988-04-22,52.65963451291453,52.91904331465624,52.14082160597314,52.40023040771485,180530,0.0,0.0
1988-04-25,52.91903809636663,53.56755534022928,52.91903809636663,53.43785095214844,142857,0.0,0.0
1988-04-26,53.956661278640425,55.51309963754892,53.956661278640425,55.383399963378906,157630,0.0,0.0
1988-04-27,55.25368911842288,55.77250184393482,54.475467681884766,54.475467681884766,182843,0.0,0.0
1988-04-28,54.475488799716935,54.994301726350606,54.34578439392297,54.86459732055664,124051,0.0,0.0
1988-04-29,54.86461341549333,54.99431785933705,53.95669170167447,54.08639144897461,168249,0.0,0.0
1988-05-02,54.34580033666204,54.47550478050576,53.82698725783074,54.08639144897461,126246,0.0,0.0
1988-05-03,54.08634845083427,55.253682820864256,54.08634845083427,54.9942741394043,118712,0.0,0.0
1988-05-04,54.99430939413404,55.253718241891,54.60520081904144,54.73490524291992,153951,0.0,0.0
1988-05-05,54.99428040739672,55.25368911842288,54.34576332637169,54.475467681884766,138349,0.0,0.0
1988-05-06,54.34578029322383,54.99429757671713,54.21607589721679,54.2160758972168,148493,0.0,0.0
1988-05-09,54.21606950555744,54.73488702842095,54.21606950555744,54.60518264770508,77480,0.0,0.0
1988-05-10,54.4754782669892,54.864586712595546,54.21606950555744,54.60518264770508,116517,0.0,0.0
1988-05-11,54.47549639516296,54.73490524291992,54.08638312352751,54.73490524291992,119127,0.0,0.0
1988-05-12,54.73487639291093,54.86457605188363,54.475467681884766,54.475467681884766,127433,0.0,0.0
1988-05-13,54.73489761130487,54.994301726350606,54.34578439392297,54.86459732055664,126009,0.0,0.0
1988-05-16,54.99428010266711,55.38339316705024,54.86457574787274,55.25368881225586,164215,0.0,0.0
1988-05-17,55.51311346778143,55.64281787080621,54.2160788306178,54.34578323364258,199573,0.0,0.0
1988-05-18,54.08635914003178,54.2160635063955,51.88140369801162,52.91902923583984,184089,0.0,0.0
1988-05-19,52.919034294135166,53.30814743041992,52.40022147563005,53.30814743041992,212862,0.0,0.0
1988-05-20,53.30815126060915,53.43785095214844,52.529929628665656,53.43785095214844,145052,0.0,0.0
1988-05-23,53.6972647465263,53.82696914672852,53.43785594612186,53.82696914672852,60572,0.0,0.0
1988-05-24,53.8269610599511,54.60518264770508,53.69725667923522,54.60518264770508,171868,0.0,0.0
1988-05-25,54.86459759354477,55.90222814851722,54.86459759354477,55.51311492919922,255874,0.0,0.0
1988-05-26,55.38341258980192,55.902225494384766,55.2537081895207,55.902225494384766,120669,0.0,0.0
1988-05-27,55.98015213012696,56.36980304425953,55.98015213012696,55.98015213012695,109931,0.12642,0.0
1988-05-31,56.23993892082133,58.967510223388665,56.23993892082133,58.96751022338867,217134,0.0,0.0
1988-06-01,58.70773615417481,59.876693868782,58.577850918531794,59.61692810058594,347355,0.0,0.0
1988-06-02,59.4870450956694,59.4870450956694,58.57785311516415,58.837623596191406,237601,0.0,0.0
1988-06-03,58.70773557616109,59.097391279253735,58.57785034179688,58.57785034179688,189369,0.0,0.0
1988-06-06,58.577859645311264,59.0974006652832,58.577859645311264,59.0974006652832,97295,0.0,0.0
1988-06-07,58.8376208105253,58.96750604488952,58.18819934179416,58.57785034179688,107677,0.0,0.0
1988-06-08,58.447968063706064,59.48704528808594,58.18820228492872,59.48704528808594,246322,0.0,0.0
1988-06-09,59.74679183959961,60.26632789215494,59.61690665068871,59.74679183959961,265069,0.0,0.0
1988-06-10,59.74679183959961,60.26632789215494,59.4870214617778,59.74679183959961,115508,0.0,0.0
1988-06-13,60.00658278389048,60.26635327110503,59.74681699976618,59.8766975402832,80031,0.0,0.0
1988-06-14,60.78590639468385,61.43532808967517,60.266369979309104,61.305442810058594,275392,0.0,0.0
1988-06-15,61.17552700609964,61.6950631223037,60.91575659645318,61.56517791748047,129746,0.0,0.0
1988-06-16,61.17555087903681,61.17555087903681,60.26635879356306,60.396244049072266,130755,0.0,0.0
1988-06-17,60.52611059159079,61.175536718815,59.87668916745618,60.78588104248047,311700,0.0,0.0
1988-06-20,60.526166963503954,60.526166963503954,59.2273229055377,59.357208251953125,139950,0.0,0.0
1988-06-21,59.61691322065693,60.2663345336914,59.48702801743228,60.266334533691406,175605,0.0,0.0
1988-06-22,60.78589110632392,61.565197884927095,60.39624006856753,60.656005859375,241517,0.0,0.0
1988-06-23,60.39621973691605,60.65598544027657,59.74679842388159,60.266334533691406,191683,0.0,0.0
1988-06-24,60.26632928370683,60.65598015634831,59.74679321915539,60.13644409179688,125712,0.0,0.0
1988-06-27,60.26636489623655,60.26636489623655,58.31809997558594,58.31809997558594,133721,0.0,0.0
1988-06-28,58.18820346507082,59.09739546695669,57.92843297793478,58.96751022338867,141256,0.0,0.0
1988-06-29,59.22727480621843,59.74681576995344,58.96750902744108,59.48704528808594,173173,0.0,0.0
1988-06-30,59.74679081536749,60.52609252929688,59.61690562868319,60.52609252929688,91244,0.0,0.0
1988-07-01,60.52609252929688,61.04563327603405,60.13644167233218,60.52609252929688,162791,0.0,0.0
1988-07-05,60.26633527542588,61.56517791748047,60.006564865779424,61.56517791748047,181835,0.0,0.0
1988-07-06,61.82494756620965,61.95482806634551,59.74679842388159,60.266334533691406,189784,0.0,0.0
1988-07-07,60.00658278389048,60.78588954244389,58.44796926678366,59.8766975402832,155316,0.0,0.0
1988-07-08,59.61689902142484,60.26632017978368,59.61689902142484,60.00654983520508,93973,0.0,0.0
1988-07-11,59.87670179418106,60.91577911376953,59.87670179418106,60.91577911376953,82048,0.0,0.0
1988-07-12,61.17551168272112,61.305392151922746,59.87666466291577,60.00654983520508,201294,0.0,0.0
1988-07-13,60.00656412724209,60.2663345336914,59.35714281420763,60.266334533691406,110109,0.0,0.0
1988-07-14,60.00655889988692,60.39621447561679,59.61690802724544,60.13644409179688,135798,0.0,0.0
1988-07-15,60.13645961834586,60.78588104248047,59.35715296876641,60.78588104248047,181182,0.0,0.0
1988-07-18,60.52612061242608,60.78589110632392,60.266354821618606,60.656005859375,84302,0.0,0.0
1988-07-19,60.915766267925314,61.30541724117024,60.52611059159079,60.78588104248047,143747,0.0,0.0
1988-07-20,60.91576275098314,61.56518413762372,60.655992315091176,61.43529891967773,96464,0.0,0.0
1988-07-21,61.175540924072266,61.43530668972886,61.175540924072266,61.175540924072266,140603,0.0,0.0
1988-07-22,60.91575054016823,61.04563573207818,60.00655889988692,60.13644409179688,132001,0.0,0.0
1988-07-25,59.8766975402832,60.13646802749776,59.74681699976618,59.8766975402832,61877,0.0,0.0
1988-07-26,59.87670302703545,60.52612460149079,59.87670302703545,60.396244049072266,85370,0.0,0.0
1988-07-27,60.26635327110503,60.52611905522933,59.74681699976618,59.8766975402832,101744,0.0,0.0
1988-07-28,59.87667966095619,62.08471403368453,59.746799159221816,61.56517791748047,123695,0.0,0.0
1988-07-29,61.56519984815113,63.38357925415039,61.56519984815113,63.38357925415039,342549,0.0,0.0
1988-08-01,62.993895039888514,63.25366540531006,62.08470346400115,62.86400985717773,166410,0.0,0.0
1988-08-02,63.123800051475456,64.4226428804084,62.993914827964254,63.903106689453125,322556,0.0,0.0
1988-08-03,64.29275583026352,65.33183288574219,63.77321965406889,65.33183288574219,244898,0.0,0.0
1988-08-04,65.4617100848045,65.59159058562237,64.42263315663972,64.68240356445312,157748,0.0,0.0
1988-08-05,64.4226428804084,64.4226428804084,63.77322146594193,63.903106689453125,107677,0.0,0.0
1988-08-08,64.03298795181138,64.03298795181138,62.99391555786133,62.99391555786133,131170,0.0,0.0
1988-08-09,63.383586821548505,63.383586821548505,61.82497773164768,62.73416519165039,120966,0.0,0.0
1988-08-10,62.34448346523099,62.34448346523099,61.30540654603571,61.82494735717773,160655,0.0,0.0
1988-08-11,62.08472368583784,62.99391555786133,61.95483846082168,62.99391555786133,221880,0.0,0.0
1988-08-12,62.86404070232785,63.77323272432341,62.60427491253652,63.25369644165039,187115,0.0,0.0
1988-08-15,62.99390082689172,63.123786021534535,61.82494348128332,62.08470916748047,90176,0.0,0.0
1988-08-16,61.69505261895688,63.38354588493278,61.69505261895688,62.86400985717773,369483,0.0,0.0
1988-08-17,62.99392820396859,63.77323500742271,62.73415770178705,63.38357925415039,253501,0.0,0.0
1988-08-18,63.38353260647918,64.16283883639598,63.2536521540656,63.64330291748047,152884,0.0,0.0
1988-08-19,63.90309704410176,65.2019396769911,63.90309704410176,64.68240356445312,235466,0.0,0.0
1988-08-22,64.94215818281833,64.94215818281833,63.77320095338988,64.03296661376953,208472,0.0,0.0
1988-08-23,64.42263315663972,64.9421692691777,63.90309704410176,64.68240356445312,185691,0.0,0.0
1988-08-24,64.6824216389024,65.85137939453125,64.42265115850037,65.85137939453125,322022,0.0,0.0
1988-08-25,65.33183288574219,65.4617181055632,63.64333443424788,65.33183288574219,185750,0.0,0.0
1988-08-26,65.07206763708972,65.85137431509395,64.94218240690738,65.46172332763672,123398,0.0,0.0
1988-08-29,65.69589001071316,66.34634399414062,65.69589001071316,66.34634399414062,141196,0.16856,0.0
1988-08-30,66.34632725401111,66.34632725401111,65.30560302734375,65.30560302734375,136569,0.0,0.0
1988-08-31,65.30561521788233,65.56579867840047,63.48434041538952,64.00470733642578,153121,0.0,0.0
1988-09-01,64.13477064385411,64.13477064385411,62.96395492553712,62.96395492553711,193937,0.0,0.0
1988-09-02,64.26491291420005,65.56582604929866,64.26491291420005,64.91536712646484,275273,0.0,0.0
1988-09-06,65.17552716273075,66.08616461532604,65.17552716273075,65.82598114013672,198209,0.0,0.0
1988-09-07,66.34633524765104,67.12688086697753,66.2162482365689,66.73661041259766,289274,0.0,0.0
1988-09-08,66.60654618562857,66.86672973632812,66.4764544102788,66.86672973632812,220041,0.0,0.0
1988-09-09,66.86671039341124,67.77734313629834,66.47643518025906,67.2569808959961,172936,0.0,0.0
1988-09-12,66.9967979775681,66.9967979775681,66.34634399414062,66.34634399414062,100795,0.0,0.0
1988-09-13,66.08614822387142,66.34632692396087,65.82596481321582,66.21623992919922,205150,0.0,0.0
1988-09-14,66.86668895918424,66.86668895918424,64.78523595462111,66.08614349365234,506942,0.0,0.0
1988-09-15,65.8259858288227,66.99680212943548,65.8259858288227,65.9560775756836,159765,0.0,0.0
1988-09-16,65.82596060938624,67.51714324951172,65.82596060938624,67.51714324951172,262162,0.0,0.0
1988-09-19,67.12689918324938,68.2977202869932,66.34635335094285,66.60653686523438,130992,0.0,0.0
1988-09-20,67.25695985547216,67.51714324951172,67.12686815845237,67.51714324951172,75463,0.0,0.0
1988-09-21,67.51714324951172,68.16759702404478,67.51714324951172,67.51714324951172,104236,0.0,0.0
1988-09-22,67.38705155249194,67.77732193298544,67.38705155249194,67.51714324951172,112423,0.0,0.0
1988-09-23,67.51715738266934,68.2977030176114,67.38706565841787,67.77733612060547,167656,0.0,0.0
1988-09-26,67.64727567785809,67.64727567785809,66.60654618562857,66.86672973632812,114084,0.0,0.0
1988-09-27,67.38706565841787,67.90742784485695,67.1268822099149,67.77733612060547,74929,0.0,0.0
1988-09-28,68.03755354315832,68.68800777864841,67.77736996473462,68.29773712158203,127373,0.0,0.0
1988-09-29,68.03751443970549,68.81806001580159,67.77733101081797,68.55787658691406,373221,0.0,0.0
1988-09-30,68.29772238281375,69.59863057305566,68.29772238281375,68.81808471679688,228168,0.0,0.0
1988-10-03,69.20832824707031,69.20832824707031,68.55787440610872,69.20832824707031,113491,0.0,0.0
1988-10-04,68.6879661164143,69.20832824707031,68.6879661164143,69.20832824707031,227753,0.0,0.0
1988-10-05,69.33845688272578,69.72873222147891,69.07827332355704,69.59864044189453,246975,0.0,0.0
1988-10-06,69.59856893756556,69.7286605834961,69.33838564570448,69.7286605834961,130340,0.0,0.0
1988-10-07,69.72869723693343,71.02960495894317,69.33842209399063,70.8995132446289,350499,0.0,0.0
1988-10-10,70.89952673987145,71.0296184789478,70.37916449413343,70.63934326171875,99312,0.0,0.0
1988-10-11,70.37914091049802,70.50923260598141,69.98886582404786,70.11895751953125,132891,0.0,0.0
1988-10-12,69.85880279541016,70.11898629314429,69.33844051050961,69.85880279541016,119542,0.0,0.0
1988-10-13,69.9888857488301,70.37916094638572,69.5986152618416,70.24906921386719,74692,0.0,0.0
1988-10-14,70.50924974712886,70.76942849078058,70.2490662929102,70.37915802001953,177623,0.0,0.0
1988-10-17,70.24907275505709,70.63934326171875,70.11898101598074,70.63934326171875,102278,0.0,0.0
1988-10-18,70.24905938362403,71.02960495894317,70.11896766930977,70.8995132446289,191327,0.0,0.0
1988-10-19,71.02956762167346,71.159659267604,69.59856893756556,69.7286605834961,234220,0.0,0.0
1988-10-20,69.46850989693087,71.54996307706503,69.46850989693087,71.28977966308594,202065,0.0,0.0
1988-10-21,71.28978438303017,71.54996781423546,71.0296056623914,71.41987609863281,177148,0.0,0.0
1988-10-24,71.1596765830511,71.54994690524408,70.63930987270693,70.76940155029297,126483,0.0,0.0
1988-10-25,70.76943321659223,70.76943321659223,70.24907098397333,70.5092544555664,147781,0.0,0.0
1988-10-26,70.7694403269119,70.89953207577896,69.85880279541016,69.85880279541016,67810,0.0,0.0
1988-10-27,69.7287175889599,69.98889638296149,68.68798828125,68.68798828125,116695,0.0,0.0
1988-10-28,69.07823653676472,69.46851166768147,68.94814953702547,69.20832824707031,86854,0.0,0.0
1988-10-31,69.46851166768147,69.8587820880319,69.20832824707031,69.20832824707031,156206,0.0,0.0
1988-11-01,69.20834876164255,69.85880279541016,69.07825701277548,69.85880279541016,111415,0.0,0.0
1988-11-02,69.72869984013022,69.72869984013022,68.55787907815777,69.33842468261719,166885,0.0,0.0
1988-11-03,69.20835528964218,69.46853881191784,68.55790119452124,68.81808471679688,186996,0.0,0.0
1988-11-04,68.55789652896529,69.0782588275363,68.2977177349637,68.68798828125,169732,0.0,0.0
1988-11-07,68.68799920313863,68.68799920313863,67.12690734863281,67.12690734863281,131941,0.0,0.0
1988-11-08,67.51714324951172,67.90741363000522,67.38705155249194,67.51714324951172,81099,0.0,0.0
1988-11-09,67.38709089457332,67.38709089457332,66.6065449673204,67.12690734863281,142917,0.0,0.0
1988-11-10,67.3870826975409,67.51717445468667,66.60653686523438,66.60653686523438,120966,0.0,0.0
1988-11-11,66.7366318056492,66.7366318056492,65.04544830322266,65.04544830322266,105601,0.0,0.0
1988-11-14,65.30560302734375,65.56578643929367,64.26487409011021,65.30560302734375,106846,0.0,0.0
1988-11-15,65.30562871491283,66.86672037952589,65.30562871491283,66.60653686523438,95515,0.0,0.0
1988-11-16,66.99677700542996,66.99677700542996,65.69586944580078,65.69586944580078,124229,0.0,0.0
1988-11-17,66.08615808684357,66.21624981158679,65.17552072420781,65.5657958984375,215769,0.0,0.0
1988-11-18,65.82598114013672,66.08616461532604,65.69588940254206,65.82598114013672,112957,0.0,0.0
1988-11-21,66.08614855262736,66.08614855262736,64.78524091401007,65.30560302734375,113788,0.0,0.0
1988-11-22,65.43569473331871,65.69587343470246,65.04541961539383,65.30560302734375,74039,0.0,0.0
1988-11-23,65.56580704566855,65.9560775756836,65.30562355194675,65.9560775756836,136213,0.0,0.0
1988-11-25,65.69587858547327,65.69587858547327,64.52506256103516,64.52506256103516,84362,0.0,0.0
1988-11-28,64.4990003927129,65.41110882247057,64.4990003927129,65.15050506591797,89701,0.16856,0.0
1988-11-29,64.88992245267438,66.45353123324605,64.88992245267438,66.19293212890625,156384,0.0,0.0
1988-11-30,66.32324052660756,68.79895820993887,66.19293860260527,68.14745330810547,107736,0.0,0.0
1988-12-01,68.27775523210776,68.66865628593658,67.88684946010088,68.14745330810547,111059,0.0,0.0
1988-12-02,68.14744494156835,68.14744494156835,66.97473720587845,67.23533630371094,82879,0.0,0.0
1988-12-05,67.4959413636493,68.53835192872297,67.10503563243006,68.27774810791016,145586,0.0,0.0
1988-12-06,68.27771009726902,70.36252534860873,68.27771009726902,70.23222351074219,150926,0.0,0.0
1988-12-07,70.23223933151166,70.88374394942969,70.10193746429285,70.36254119873047,104414,0.0,0.0
1988-12-08,70.10196876151306,70.23227068690552,69.45046385272884,69.84136962890625,149917,0.0,0.0
1988-12-09,69.58076577812132,70.10196876151306,69.58076577812132,69.84136962890625,97295,0.0,0.0
1988-12-12,69.97165846661005,70.10196037641674,68.92925262451172,68.92925262451172,115923,0.0,0.0
1988-12-13,68.92927652707945,68.92927652707945,68.0171675603187,68.40807342529297,129687,0.0,0.0
1988-12-14,68.66864880489835,69.18985172594752,68.27774779365586,68.92925262451172,104058,0.0,0.0
1988-12-15,69.18983459472656,69.84134398244797,68.79893368027011,69.18983459472656,97117,0.0,0.0
1988-12-16,68.92926837292298,69.5807733526295,68.92926837292298,69.0595703125,250060,0.0,0.0
1988-12-19,69.32018280029297,69.45048476492057,68.79897965996207,69.32018280029297,196014,0.0,0.0
1988-12-20,69.1898675338984,69.5807733526295,68.92926837292298,69.0595703125,137221,0.0,0.0
1988-12-21,69.32014518859108,69.71105087037643,69.18984329466262,69.45044708251953,134077,0.0,0.0
1988-12-22,69.58071903958447,70.36252534860873,69.45041720171793,70.23222351074219,180885,0.0,0.0
1988-12-23,70.23222527492099,71.14433344472324,70.23222527492099,70.62313079833984,120729,0.0,0.0
1988-12-27,70.62314493316809,70.62314493316809,70.10193746429285,70.36254119873047,72615,0.0,0.0
1988-12-28,70.23220843722542,71.14431638835597,70.23220843722542,70.88371276855469,105838,0.0,0.0
1988-12-29,70.88371276855469,71.01401457845533,70.75341095865404,70.88371276855469,90591,0.0,0.0
1988-12-30,70.883729762444,71.01403160358362,70.62313079833984,70.62313079833984,138171,0.0,0.0
1989-01-03,70.3625556218417,70.3625556218417,69.05954611891117,69.45044708251953,180826,0.0,0.0
1989-01-04,69.84130772569745,71.27461819825662,69.58070410589616,70.88371276855469,158875,0.0,0.0
1989-01-05,71.14434636211509,71.92615283272715,70.88374263251909,71.40494537353516,134611,0.0,0.0
1989-01-06,71.53524723833316,71.92615283272715,71.27464822691309,71.40494537353516,145408,0.0,0.0
1989-01-09,71.66558837890625,72.70799915039954,71.53528644269727,71.66558837890625,203904,0.0,0.0
1989-01-10,71.92616874238354,71.92616874238354,71.14436209884032,71.53526306152344,125653,0.0,0.0
1989-01-11,71.66558087806459,72.5776896178835,71.5352789554936,72.4473876953125,82938,0.0,0.0
1989-01-12,72.18678385017053,72.70799154045449,71.92618472320656,72.4473876953125,175368,0.0,0.0
1989-01-13,72.70798440490037,72.83828159650598,72.31707867555085,72.57768249511719,120432,0.0,0.0
1989-01-16,72.57766651751547,73.09886932373047,72.57766651751547,73.09886932373047,187886,0.0,0.0
1989-01-17,72.70800018310547,72.96859934104631,72.57769824504575,72.70800018310547,111237,0.0,0.0
1989-01-18,72.9685207329909,73.62002500325366,72.70792185578989,73.4897232055664,184801,0.0,0.0
1989-01-19,73.48976936868702,74.53217968680899,73.35947220732618,74.27157592773438,239856,0.0,0.0
1989-01-20,74.01097688683623,74.40187780727169,74.01097688683623,74.27157592773438,136391,0.0,0.0
1989-01-23,74.40187780727169,74.7927834458836,74.14127876637355,74.27157592773438,71429,0.0,0.0
1989-01-24,74.2716079258858,75.05341482175602,73.75040490136516,74.66251373291016,237720,0.0,0.0
1989-01-25,75.05339080305521,76.09580123668123,75.05339080305521,75.83519744873047,297699,0.0,0.0
1989-01-26,75.83519091224592,76.35639372504625,75.57459186493405,76.09579467773438,153892,0.0,0.0
1989-01-27,76.35640142475457,77.78971284312169,76.09580235116414,77.52911376953125,230067,0.0,0.0
1989-01-30,77.39880462368546,77.5291065073638,75.96549333957691,76.2260971069336,172698,0.0,0.0
1989-01-31,76.22609566833782,77.65940692539586,75.57459098041839,77.26850128173828,288444,0.0,0.0
1989-02-01,77.0078958645765,77.0078958645765,76.61699025326888,76.87759399414062,139713,0.0,0.0
1989-02-02,77.00793358042064,77.13823079649548,76.61702777766077,76.74732971191406,123280,0.0,0.0
1989-02-03,76.61701358119501,77.26851841356482,76.35640976097605,77.00791931152344,143154,0.0,0.0
1989-02-06,76.87760818350284,77.13820725429743,76.48670250004545,76.61700439453125,97058,0.0,0.0
1989-02-07,76.48670384590034,77.65941619873047,76.48670384590034,77.65941619873047,401935,0.0,0.0
1989-02-08,77.52912223378378,77.65942414389326,76.87761740141396,77.00791931152344,149680,0.0,0.0
1989-02-09,76.61699566602087,76.74729754566215,75.83518910634957,76.35639190673828,110525,0.0,0.0
1989-02-10,75.9654909253664,76.09579280490371,74.14127876637355,74.27157592773438,170029,0.0,0.0
1989-02-13,73.88067682561227,76.09579467773438,73.75037494286804,76.09579467773438,162257,0.0,0.0
1989-02-14,76.35642479268108,76.35642479268108,75.31401874294991,75.44432067871094,79260,0.0,0.0
1989-02-15,75.57459837895671,76.09580123668123,75.31399459100595,75.83519744873047,157808,0.0,0.0
1989-02-16,75.70487327847839,75.9654769897461,75.70487327847839,75.9654769897461,142798,0.0,0.0
1989-02-17,75.8352068387157,77.00791931152344,75.8352068387157,77.00791931152344,201650,0.0,0.0
1989-02-21,76.87759942530344,76.87759942530344,75.96549098599087,76.35639190673828,92549,0.0,0.0
1989-02-22,76.48667856928891,76.48667856928891,74.66246677176875,75.0533676147461,123517,0.0,0.0
1989-02-23,74.66247446181585,74.9230734779166,74.1412717114383,74.40187072753906,87506,0.0,0.0
1989-02-24,74.40186258097334,74.40186258097334,72.57765079530438,72.96855163574219,126483,0.0,0.0
1989-02-27,72.81196251615842,73.4643990498222,72.42049776100518,73.20342254638672,86023,0.16856,0.0
1989-02-28,73.59489929188724,73.98636413595209,73.59489929188724,73.72538757324219,138289,0.0,0.0
1989-03-01,73.9863668972492,74.377827030998,73.59490203857422,73.59490203857422,134967,0.0,0.0
1989-03-02,73.85588479251597,75.8131950749327,73.85588479251597,75.5522232055664,154011,0.0,0.0
1989-03-03,75.68271408041724,76.72661104329,75.68271408041724,76.59612274169922,146714,0.0,0.0
1989-03-06,76.98756907056865,78.8143906772757,76.98756907056865,78.29244232177734,163266,0.0,0.0
1989-03-07,78.81439559566115,79.20586043040834,78.29244720759078,78.42293548583984,225617,0.0,0.0
1989-03-08,78.42297475147384,79.33638370670064,78.29248640789051,78.9449234008789,159647,0.0,0.0
1989-03-09,78.94489564634057,79.4668488371716,78.81440734863281,78.81440734863281,139476,0.0,0.0
1989-03-10,78.81441011625479,78.81441011625479,78.29246163202177,78.68392181396484,91778,0.0,0.0
1989-03-13,78.81437832542288,80.51071612109811,78.81437832542288,79.3363265991211,178394,0.0,0.0
1989-03-14,79.46684931231079,80.90220642089844,79.3363562888962,80.90220642089844,87565,0.0,0.0
1989-03-15,80.77174173368203,81.29368559982345,80.11930481361367,80.5107650756836,250594,0.0,0.0
1989-03-16,80.51076976461557,82.99003398520938,80.2497930914179,82.72905731201172,258128,0.0,0.0
1989-03-17,81.42414075930935,81.68511729585045,80.24975106979998,81.29364776611328,375179,0.0,0.0
1989-03-20,80.77168612783005,80.90216964207245,80.11924965692016,80.3802261352539,118118,0.0,0.0
1989-03-21,80.77169781696043,81.0326648832119,80.51072130085863,80.64120483398438,97532,0.0,0.0
1989-03-22,80.90222361306564,81.03270721435547,80.64124696063077,81.03270721435547,138705,0.0,0.0
1989-03-23,80.77172432164298,81.16318449932545,79.59733433874214,80.24977111816406,97770,0.0,0.0
1989-03-27,79.98876953125,80.2497460514712,79.72779301102878,79.98876953125,80387,0.0,0.0
1989-03-28,80.11928607982394,80.90220642089844,80.11928607982394,80.90220642089844,123873,0.0,0.0
1989-03-29,81.1631671858168,82.4680404663086,81.1631671858168,82.4680404663086,99193,0.0,0.0
1989-03-30,82.20706392023996,83.25096065466312,82.20706392023996,82.4680404663086,170622,0.0,0.0
1989-03-31,82.72902664352284,82.8595102068221,82.33756650377259,82.5985336303711,181597,0.0,0.0
1989-04-03,82.72901701237724,82.98999355844587,82.33755691819998,82.4680404663086,186699,0.0,0.0
1989-04-04,82.4680404663086,82.4680404663086,82.07658037213135,82.4680404663086,216363,0.0,0.0
1989-04-05,82.46805217932484,83.12048891223695,82.46805217932484,82.85951232910156,215710,0.0,0.0
1989-04-06,82.99000955692115,83.3814697265625,82.85951653380522,83.3814697265625,70954,0.0,0.0
1989-04-07,83.25097879595882,83.77293200183539,83.1204952194164,83.64244842529297,157748,0.0,0.0
1989-04-10,83.90336833161763,84.4253212435777,83.90336833161763,84.16434478759766,144103,0.0,0.0
1989-04-11,84.16439006584521,84.16439006584521,82.99000955692115,83.3814697265625,226389,0.0,0.0
1989-04-12,83.51194906201367,83.64244207850773,82.72902876246023,82.85951232910156,333532,0.0,0.0
1989-04-13,82.72902876246023,82.99000534559562,82.33756861268351,82.85951232910156,100499,0.0,0.0
1989-04-14,83.25094719494963,84.42533673746173,83.25094719494963,84.29485321044922,183021,0.0,0.0
1989-04-17,84.03387670657432,84.68631324133662,83.90338372971193,84.29485321044922,130043,0.0,0.0
1989-04-18,84.68634500790081,85.99121856689453,84.5558614319428,85.99121856689453,269519,0.0,0.0
1989-04-19,86.3826904296875,86.77415066036812,86.12171379261552,86.3826904296875,188835,0.0,0.0
1989-04-20,86.38261073496668,86.51310365804008,84.94725473008114,85.33871459960938,245788,0.0,0.0
1989-04-21,85.46928838205639,87.03513896453647,85.46928838205639,86.77416229248047,120254,0.0,0.0
1989-04-24,86.904623525436,87.94852038148666,86.77413051227185,87.55706024169922,143985,0.0,0.0
1989-04-25,87.29611369853984,87.42659730674302,86.6436767578125,86.6436767578125,109635,0.0,0.0
1989-04-26,86.51317538229121,86.64365896369681,85.20830176882004,85.59976196289062,114974,0.0,0.0
1989-04-27,85.5996909959102,85.99115086543844,84.94725473008114,85.33871459960938,207523,0.0,0.0
1989-04-28,85.20832227872054,85.20832227872054,84.03393196397566,84.5558853149414,145112,0.0,0.0
1989-05-01,84.81680645008382,84.9472994418418,84.16436984084666,84.42534637451172,107618,0.0,0.0
1989-05-02,84.55581982905342,84.68630334081134,83.6424068972017,84.03386688232422,239262,0.0,0.0
1989-05-03,83.64243993617511,83.64243993617511,82.20707349062084,82.5985336303711,330447,0.0,0.0
1989-05-04,82.46805217932484,83.64244207850773,82.46805217932484,82.85951232910156,422284,0.0,0.0
1989-05-05,83.12051759688022,83.64247094327554,82.33759702714322,82.72905731201172,168546,0.0,0.0
1989-05-08,82.4680404663086,82.59852401441722,81.68512027795408,82.4680404663086,111355,0.0,0.0
1989-05-09,82.46806697047577,82.85952719046327,82.07660675048828,82.07660675048828,79616,0.0,0.0
1989-05-10,81.81563012054514,82.33758338043143,81.68514653050079,82.07660675048828,115627,0.0,0.0
1989-05-11,82.33758338043143,82.59855056052012,82.07660675048828,82.07660675048828,66742,0.0,0.0
1989-05-12,82.99000875169295,84.94731903076172,82.99000875169295,84.94731903076172,320480,0.0,0.0
1989-05-15,85.33879179673862,87.03512573242188,84.81683853198015,87.03512573242188,217608,0.0,0.0
1989-05-16,86.77411032974871,86.9046033125619,85.86070669930793,86.25216674804688,160359,0.0,0.0
1989-05-17,86.64362134213108,86.90459784147737,86.12166834343854,86.51313781738281,141018,0.0,0.0
1989-05-18,86.25220683607887,86.64366706675948,85.86074660539825,86.3826904296875,81573,0.0,0.0
1989-05-19,86.64368079840817,87.5570944479943,86.64368079840817,87.16563415527344,189725,0.0,0.0
1989-05-22,87.94848093802882,88.33994090225286,87.4265280191646,88.20945739746094,162020,0.0,0.0
1989-05-23,87.9485218119948,88.60095853887009,86.64364835824419,86.90462493896484,145349,0.0,0.0
1989-05-24,86.774160074475,86.9046531320955,85.20831898187484,85.86075592041016,110881,0.0,0.0
1989-05-25,85.59970297092087,86.12164638669405,85.20824304662916,85.73018646240234,70302,0.0,0.0
1989-05-26,85.7250146787087,86.77043914794922,85.7250146787087,86.77043914794922,57250,0.202272,0.0
1989-05-30,86.50902394246829,86.77038225433127,84.94088353496548,85.4636001586914,97058,0.0,0.0
1989-05-31,85.46363247229907,85.85566535648277,85.33295799879734,85.59430694580078,132535,0.0,0.0
1989-06-01,85.72503326109046,86.50909941706044,85.33300018310547,85.33300018310547,135738,0.0,0.0
1989-06-02,85.98638317878859,88.07723236083984,85.85569919010895,88.07723236083984,150036,0.0,0.0
1989-06-05,88.07722555656343,89.38400856031244,87.94655104166115,89.25333404541016,138586,0.0,0.0
1989-06-06,89.77607334085873,91.8669325650306,89.38404019372803,91.3442153930664,275036,0.0,0.0
1989-06-07,91.08284595444304,91.34419501844548,90.5601288990726,90.8214874267578,90472,0.0,0.0
1989-06-08,90.82149005599403,90.82149005599403,89.64538137920418,90.16809844970705,72971,0.0,0.0
1989-06-09,90.29877037138736,90.8214874267578,89.5147042520145,90.8214874267578,107914,0.0,0.0
1989-06-12,90.6908060565268,90.6908060565268,89.77605591498836,90.16809844970705,72319,0.0,0.0
1989-06-13,89.7760442116535,89.7760442116535,88.4692611694336,88.4692611694336,69649,0.0,0.0
1989-06-14,88.20790956017862,88.33858407511798,86.77044257743786,87.1624755859375,177860,0.0,0.0
1989-06-15,87.16245566464428,87.42381409847015,85.20228160646936,85.7249984741211,160833,0.0,0.0
1989-06-16,85.72504584070816,86.24775353349784,85.46368726247101,85.98640441894531,283520,0.0,0.0
1989-06-19,85.98637490317216,86.90111541748047,85.46365792612623,86.90111541748047,127077,0.0,0.0
1989-06-20,87.29316628349119,88.20791634951946,87.16248229481155,88.07723236083984,106609,0.0,0.0
1989-06-21,87.81587301572593,88.2079155143707,86.63977391083822,87.03180694580078,114381,0.0,0.0
1989-06-22,86.77041506203048,87.1624479462142,85.59430694580078,85.59430694580078,134374,0.0,0.0
1989-06-23,86.37839202396202,88.07720769152206,86.37839202396202,87.946533203125,140010,0.0,0.0
1989-06-26,88.07722806649133,88.59994506835938,87.5545110646233,88.59994506835938,145705,0.0,0.0
1989-06-27,88.33858405004955,89.38400856031244,88.33858405004955,89.25333404541016,169614,0.0,0.0
1989-06-28,89.25335369875278,89.64538679346578,88.46927804564314,88.73063659667969,276816,0.0,0.0
1989-06-29,88.86130706053571,88.86130706053571,87.03180694580078,87.03180694580078,90591,0.0,0.0
1989-06-30,87.29313188339448,87.29313188339448,85.20227406161708,85.59430694580078,114915,0.0,0.0
1989-07-03,85.46365619547828,86.77043914794922,85.46365619547828,86.77043914794922,103228,0.0,0.0
1989-07-05,86.77044257743786,87.68519257305806,86.37840956893821,87.1624755859375,192098,0.0,0.0
1989-07-06,87.42384080848854,88.20791634951946,87.42384080848854,88.07723236083984,202599,0.0,0.0
1989-07-07,88.07722215722491,89.25333060067976,88.07722215722491,88.86129760742188,159587,0.0,0.0
1989-07-10,88.73061705843794,89.38400856031244,88.73061705843794,89.25333404541016,92727,0.0,0.0
1989-07-11,89.7760150353218,91.9975473778556,89.7760150353218,91.73619842529295,229830,0.0,0.0
1989-07-12,91.47486965032496,91.47486965032496,90.56011962890624,90.56011962890624,137399,0.0,0.0
1989-07-13,90.8214884061715,90.8214884061715,89.5147052173359,89.90673828125,115745,0.0,0.0
1989-07-14,89.90672207733664,89.90672207733664,87.81586367382593,88.86129760742188,180352,0.0,0.0
1989-07-17,88.59995509241439,89.90673828125,88.59995509241439,89.90673828125,64428,0.0,0.0
1989-07-18,89.90673332415928,89.90673332415928,88.99198324967337,89.1226577758789,104414,0.0,0.0
1989-07-19,89.51465121234176,91.60549926757812,89.38396729409124,91.60549926757812,261806,0.0,0.0
1989-07-20,91.60553148885936,93.04299831316573,91.47485698832264,91.86688995361328,190971,0.0,0.0
1989-07-21,91.73619789139276,92.520263671875,91.60551395219323,92.520263671875,175427,0.0,0.0
1989-07-24,92.52030519066868,92.91233825683594,91.8669135924956,92.91233825683594,75226,0.0,0.0
1989-07-25,92.78167095511256,95.91795465629342,92.78167095511256,94.87252044677734,226685,0.0,0.0
1989-07-26,94.87244201983243,95.91787536513398,94.34973481085753,95.6565170288086,135026,0.0,0.0
1989-07-27,97.2247548213394,98.53153834625545,97.2247548213394,98.27017974853516,215591,0.0,0.0
1989-07-28,97.87811287974512,98.40082043150746,97.35539586430068,97.74742889404295,62945,0.0,0.0
1989-07-31,97.61679710079596,98.53154754638672,96.96340527732912,98.53154754638672,131170,0.0,0.0
1989-08-01,98.270157871378,98.66219094884032,96.83269063577184,97.35540771484376,181004,0.0,0.0
1989-08-02,97.2247548213394,98.53153834625545,96.83271219291632,98.27017974853516,182547,0.0,0.0
1989-08-03,98.13948294548582,99.70761524913598,97.87812440698308,99.4462661743164,286367,0.0,0.0
1989-08-04,99.184861441103,100.23028564453124,99.05417750087526,100.23028564453124,213634,0.0,0.0
1989-08-07,99.83830261230467,100.09966115960874,98.66219388127818,99.83830261230467,174538,0.0,0.0
1989-08-08,99.5769407117262,99.96897378763872,99.31558217322343,99.4462661743164,186166,0.0,0.0
1989-08-09,99.05425532694844,99.70764715041526,98.27018892426275,98.53154754638672,238254,0.0,0.0
1989-08-10,98.00877645819229,99.83827634428532,97.74741797965314,99.31555938720705,217430,0.0,0.0
1989-08-11,100.36108268227758,101.01447472869155,98.7929398781461,98.92361450195312,231135,0.0,0.0
1989-08-14,98.79286283734446,99.05421188115288,97.61675428547828,97.87811279296876,128678,0.0,0.0
1989-08-15,98.13950518151768,98.40085431555264,98.0088211508149,98.27017974853516,63064,0.0,0.0
1989-08-16,98.2701861040983,99.1849365234375,98.2701861040983,99.1849365234375,78489,0.0,0.0
1989-08-17,98.92354909731093,99.5769407117262,98.53151602139836,99.4462661743164,104829,0.0,0.0
1989-08-18,99.18486664825886,100.88368225097656,99.05418270117023,100.88368225097656,192929,0.0,0.0
1989-08-21,100.88373720551394,100.88373720551394,98.13949584960938,98.13949584960938,125653,0.0,0.0
1989-08-22,98.00878740176518,98.27014590948738,97.35539586430068,97.74742889404295,122687,0.0,0.0
1989-08-23,97.74745056400546,98.79288482666016,97.22474289636229,98.79288482666016,98303,0.0,0.0
1989-08-24,98.6621273850114,101.1450177154571,98.53145293127304,101.01434326171876,142323,0.0,0.0
1989-08-25,100.753031469599,101.40642296771378,99.31556449553754,99.96895599365234,94447,0.0,0.0
1989-08-28,99.70765214690104,100.36105346679688,99.1849443401457,100.36105346679688,54699,0.0,0.0
1989-08-29,100.23031534025188,100.23031534025188,98.7928578176154,99.05420684814452,59623,0.0,0.0
1989-08-30,99.05418042687884,99.8382557003702,98.00875619256936,98.66214752197266,92608,0.0,0.0
1989-08-31,98.40081534445858,99.31556534235524,98.40081534445858,99.05420684814452,102160,0.0,0.0
1989-09-01,99.04897733154428,99.57235717773438,98.78728740844922,99.57235717773438,164571,0.202272,0.0
1989-09-05,99.44157215013018,99.83410255221352,98.65651134596357,99.04904174804688,88396,0.0,0.0
1989-09-06,98.78733442660514,98.78733442660514,97.34805337807556,98.656494140625,123932,0.0,0.0
1989-09-07,98.91814342623417,98.91814342623417,97.8713836669922,97.8713836669922,93320,0.0,0.0
1989-09-08,97.87142399768314,98.78733442660514,97.60974342572284,98.656494140625,95041,0.0,0.0
1989-09-11,98.39473353830851,98.52557373046876,97.740513626147,98.52557373046876,120966,0.0,0.0
1989-09-12,98.78732858924133,98.91817834317652,98.3947982788086,98.3947982788086,80921,0.0,0.0
1989-09-13,98.65645900493053,98.787299244313,97.0863287539229,97.4788589477539,116398,0.0,0.0
1989-09-14,97.47883007469036,97.7405199516268,96.82461012018965,97.2171401977539,94151,0.0,0.0
1989-09-15,97.34802670604412,98.13308715820312,96.5629567782007,98.13308715820312,251306,0.0,0.0
1989-09-18,98.3947982788086,98.52563855705736,97.60973765794311,98.3947982788086,103880,0.0,0.0
1989-09-19,98.78732499447862,99.44154531328896,98.78732499447862,98.91817474365234,139891,0.0,0.0
1989-09-20,98.91818418827228,99.04902447425243,98.39480409297772,98.656494140625,69768,0.0,0.0
1989-09-21,98.65640653430673,99.31062633463806,98.52555688883332,98.78724670410156,91066,0.0,0.0
1989-09-22,98.52566156147668,99.31073184133196,98.52566156147668,99.04904174804688,118771,0.0,0.0
1989-09-25,99.31062633463806,99.31062633463806,98.39471671903848,98.78724670410156,64369,0.0,0.0
1989-09-26,98.52559965548376,100.8807995395325,98.52559965548376,99.9648895263672,202599,0.0,0.0
1989-09-27,99.70322604108694,103.89023758627496,99.70322604108694,103.36686706542967,250772,0.0,0.0
1989-09-28,103.10517018898231,104.67530059814452,102.84348020817453,104.67530059814452,147188,0.0,0.0
1989-09-29,105.19863147634476,108.86227087690898,104.80610139076458,107.42298126220705,251424,0.0,0.0
1989-10-02,107.03042746600244,109.90899658203124,106.7687376416946,109.90899658203124,219685,0.0,0.0
1989-10-03,109.90902610482628,113.18012609813152,109.38564631562484,113.04928588867188,203845,0.0,0.0
1989-10-04,113.3109974842682,113.3109974842682,110.69410751276337,111.34832763671876,270527,0.0,0.0
1989-10-05,110.1707014112852,111.87167128743545,110.1707014112852,111.47914123535156,248814,0.0,0.0
1989-10-06,112.26421296071274,112.26421296071274,111.47915277527837,111.60999298095705,175961,0.0,0.0
1989-10-09,111.61002938795023,112.00255960871009,111.3483394155489,111.87171936035156,53512,0.0,0.0
1989-10-10,111.87170752615636,112.13339747087518,110.69410751276337,111.34832763671876,99905,0.0,0.0
1989-10-11,111.60996622651408,111.60996622651408,109.90899658203124,109.90899658203124,91066,0.0,0.0
1989-10-12,109.38569054974108,109.38569054974108,107.8155600228784,109.1240005493164,159469,0.0,0.0
1989-10-13,109.38567631681428,109.64736628318865,100.48828378987407,101.5350341796875,270053,0.0,0.0
1989-10-16,101.53499558220253,105.460315158596,101.0116158484112,104.93693542480467,420207,0.0,0.0
1989-10-17,104.67525416469095,104.80609435921248,102.18921466333926,104.02103424072266,288978,0.0,0.0
1989-10-18,104.02104121960426,108.60058099462852,103.49766145504336,107.42298126220705,381705,0.0,0.0
1989-10-19,107.42298321538422,112.52590284775128,107.42298321538422,111.60999298095705,364381,0.0,0.0
1989-10-20,111.61003177501875,114.09607235247532,111.34834179702052,112.65679168701172,304165,0.0,0.0
1989-10-23,112.0025185139017,112.52589826667126,110.43239820695464,110.8249282836914,91718,0.0,0.0
1989-10-24,110.1707531170234,110.69412360687198,108.86231267887504,109.51653289794922,224253,0.0,0.0
1989-10-25,109.77820236484754,113.04930284889984,109.5165124309868,112.78761291503906,195539,0.0,0.0
1989-10-26,112.65673945028524,113.44179954457849,111.4791398331653,112.00251007080078,212269,0.0,0.0
1989-10-27,110.69408673076909,110.69408673076909,108.60058651742423,109.25480651855467,274740,0.0,0.0
1989-10-30,108.60058308136637,109.1239533803027,107.42298332631752,107.5538330078125,171809,0.0,0.0
1989-10-31,108.07716214107758,109.25476144758888,107.9463219850997,108.33885192871094,294910,0.0,0.0
1989-11-01,108.33888504560495,110.9557647705078,108.33888504560495,110.9557647705078,200404,0.0,0.0
1989-11-02,110.6941069202716,111.74086669354406,109.38566667936426,110.43242645263672,232440,0.0,0.0
1989-11-03,110.1707134058529,113.31097311577236,110.1707134058529,112.26421356201172,258662,0.0,0.0
1989-11-06,110.95579686358973,111.47917675022596,110.03988679981794,110.43242645263672,161664,0.0,0.0
1989-11-07,109.90903693489776,110.43241677567129,109.12396717373748,110.30156707763672,162316,0.0,0.0
1989-11-08,110.5632697358484,112.78762010187631,110.5632697358484,112.1333999633789,237008,0.0,0.0
1989-11-09,112.2642013395193,112.91842125155247,111.47914123535156,111.47914123535156,159350,0.0,0.0
1989-11-10,111.87171936035156,112.3950993051542,111.61002938795023,111.87171936035156,98303,0.0,0.0
1989-11-13,112.13340473642754,112.26424497942295,110.03989451871377,110.6941146850586,110406,0.0,0.0
1989-11-14,110.82496913800244,110.82496913800244,108.86230855512623,108.99314880371094,129034,0.0,0.0
1989-11-15,109.25483410937352,110.6941146850586,108.60061394302868,110.6941146850586,83828,0.0,0.0
1989-11-16,111.08662042929949,111.6099907170794,110.5632406658386,111.21746063232422,115449,0.0,0.0
1989-11-17,111.21749916719038,112.52593955351274,111.21749916719038,111.87171936035156,203963,0.0,0.0
1989-11-20,112.13344013041532,112.65682021896532,111.74090980184626,112.52597045898438,143807,0.0,0.0
1989-11-21,112.78759333889204,112.91843354527153,111.74084326081264,112.26421356201172,143451,0.0,0.0
1989-11-22,112.26425198217213,113.04932191616685,112.26425198217213,112.65679168701172,77065,0.0,0.0
1989-11-24,112.52595776461156,113.96524810791016,112.52595776461156,113.96524810791016,130280,0.0,0.0
1989-11-27,113.96522319073172,114.48859363012302,113.3110030347298,113.8343734741211,149680,0.0,0.0
1989-11-28,113.83433303754433,113.83433303754433,113.04927291948692,113.44180297851562,118771,0.0,0.0
1989-11-29,113.57264317296506,114.09602290212356,113.18011311393636,113.44180297851562,82107,0.0,0.0
1989-11-30,113.70352438519116,114.88111488894847,113.70352438519116,114.75027465820312,123636,0.0,0.0
1989-12-01,115.01195464425388,117.2363047042498,114.7502647297222,116.58208465576172,200285,0.0,0.0
1989-12-04,116.31487120820438,116.70782470703124,116.05289904701904,116.70782470703124,65199,0.202272,0.0
1989-12-05,116.1838823030384,116.31487312874502,114.74304962158205,114.74304962158205,108152,0.0,0.0
1989-12-06,114.48104872236772,115.13597422881342,114.21907662260944,114.61203002929688,89760,0.0,0.0
1989-12-07,114.48111214145612,114.87406576582802,112.12337142341428,112.5163345336914,91006,0.0,0.0
1989-12-08,113.4331820112826,113.69514465332033,112.12332137158904,113.69514465332033,95041,0.0,0.0
1989-12-11,113.30219268798828,113.56416481935736,112.64726710251614,113.30219268798828,68818,0.0,0.0
1989-12-12,113.56418943244644,113.82616162059352,112.25433797761436,113.04024505615234,86379,0.0,0.0
1989-12-13,113.0402176216906,113.56416187082527,112.25431073388944,112.38529205322266,138052,0.0,0.0
1989-12-14,112.38534955225468,113.17126632805052,112.12337729365603,112.77831268310548,144222,0.0,0.0
1989-12-15,113.17121624362107,113.17121624362107,109.24165307549906,110.6824951171875,313302,0.0,0.0
1989-12-18,110.68254022133624,110.68254022133624,102.6924387865742,103.74031829833984,690497,0.0,0.0
1989-12-19,103.47831615010531,104.1332417814268,99.9417063578872,102.43042755126952,805887,0.0,0.0
1989-12-20,103.21633754724988,105.31209564208984,102.430421147259,105.31209564208984,392443,0.0,0.0
1989-12-21,106.09803789907993,107.4078893990522,106.09803789907993,106.36000061035156,201650,0.0,0.0
1989-12-22,106.36001068595432,107.40789957392263,106.36001068595432,107.01494598388672,113194,0.0,0.0
1989-12-26,106.88394323134996,107.14591542417864,106.4909896850586,106.4909896850586,42833,0.0,0.0
1989-12-27,106.75293743873016,107.14589089506192,106.62194662935214,106.88391876220705,117229,0.0,0.0
1989-12-28,106.8839459209823,107.80084387600384,106.49099236480264,107.40789031982422,143451,0.0,0.0
1989-12-29,107.66984254515496,108.45574951171876,107.5388517267931,108.45574951171876,93498,0.0,0.0
1990-01-02,108.19379627636104,110.5515365600586,107.66986136901984,110.5515365600586,147781,0.0,0.0
1990-01-03,110.81349338707471,110.9444842213826,109.89660497643446,110.42053985595705,126602,0.0,0.0
1990-01-04,110.02757910838196,110.02757910838196,107.66984859041102,108.84870910644533,139357,0.0,0.0
1990-01-05,108.3247749475426,108.3247749475426,104.5262022380398,105.57408142089844,171690,0.0,0.0
1990-01-08,105.5740692764445,105.5740692764445,104.65717153970289,104.9191436767578,156799,0.0,0.0
1990-01-09,105.05011276634008,105.57405697942217,104.2642059326172,104.2642059326172,158342,0.0,0.0
1990-01-10,104.13325667203311,105.57408947261251,103.87128448486328,103.87128448486328,169258,0.0,0.0
1990-01-11,104.2642059326172,104.65715934947865,104.00223382607616,104.2642059326172,117822,0.0,0.0
1990-01-12,103.21637981655348,103.478352057167,101.38258361816406,101.38258361816406,166885,0.0,0.0
1990-01-15,100.8586168549112,101.77551475154172,99.81073760986328,99.81073760986328,196251,0.0,0.0
1990-01-16,99.28679114120725,101.64453125,98.50088409554482,101.64453125,303453,0.0,0.0
1990-01-17,101.64447189519088,102.03742518855888,100.98954657761185,101.51348114013672,168902,0.0,0.0
1990-01-18,100.4656659615568,101.38256388226117,100.4656659615568,100.5966567993164,254450,0.0,0.0
1990-01-19,100.98954657761185,101.64447189519088,100.72757455340076,101.51348114013672,153121,0.0,0.0
1990-01-22,100.98959389637476,101.25156604333311,99.28677968409632,99.54875183105467,118652,0.0,0.0
1990-01-23,99.81071485372118,99.94169617227573,97.45298471843356,98.2388916015625,290046,0.0,0.0
1990-01-24,94.30933368805532,97.97691477647842,94.30933368805532,97.4529800415039,307013,0.0,0.0
1990-01-25,98.23891439337632,98.89384010989606,97.8459608606451,98.1079330444336,233448,0.0,0.0
1990-01-26,98.23892380801546,98.23892380801546,95.88119289977404,97.9769515991211,123398,0.0,0.0
1990-01-29,97.45300346566468,97.71497563907072,94.30935635659756,96.0121612548828,168308,0.0,0.0
1990-01-30,95.3572667575345,95.61923901663675,93.261507656528,94.30938720703124,269637,0.0,0.0
1990-01-31,95.35721264390472,97.4529800415039,95.09524053346728,97.4529800415039,207167,0.0,0.0
1990-02-01,97.58397980898516,97.71497063192722,96.40510983201736,96.7980728149414,114796,0.0,0.0
1990-02-02,96.40512941732638,97.71499048334276,96.40512941732638,97.58399963378906,111948,0.0,0.0
1990-02-05,97.5839776309449,100.85860584287556,97.19102414269362,100.3346710205078,126958,0.0,0.0
1990-02-06,100.2037542368644,100.2037542368644,98.76292055340376,99.4178466796875,123932,0.0,0.0
1990-02-07,98.50091464184294,100.46569235120252,98.10796099715216,100.20372009277344,111652,0.0,0.0
1990-02-08,100.33475472317254,100.46573616655816,98.23898522763356,99.1558837890625,164808,0.0,0.0
1990-02-09,99.02484463027464,99.15582599731938,98.3699188232422,98.3699188232422,92430,0.0,0.0
1990-02-12,98.23892043924924,99.15581839598568,97.58399468242372,98.50089263916016,98007,0.0,0.0
1990-02-13,98.5008378603472,99.41773530717371,98.23886580612556,98.89379119873048,192513,0.0,0.0
1990-02-14,98.76284649443484,99.41777212961163,98.76284649443484,99.28678131103516,123280,0.0,0.0
1990-02-15,99.02485242445272,101.90652809939108,99.02485242445272,101.38258361816406,179877,0.0,0.0
1990-02-16,101.38256388226117,102.03748961334956,100.5966567993164,100.5966567993164,171927,0.0,0.0
1990-02-20,100.07269776478844,100.07269776478844,98.89382782710943,99.28678131103516,108923,0.0,0.0
1990-02-21,98.10788452196392,99.1557632529521,98.10788452196392,98.89379119873048,105482,0.0,0.0
1990-02-22,99.0248305475531,100.59665415807645,99.0248305475531,99.81073760986328,96108,0.0,0.0
1990-02-23,99.4177906849091,99.94172559929645,98.63187408447266,98.63187408447266,62945,0.0,0.0
1990-02-26,98.23891985667912,100.07271575927734,98.1079385004522,100.07271575927734,115389,0.0,0.0
1990-02-27,99.94169749557406,101.64451157473458,99.6797348549964,101.12056732177734,76531,0.0,0.0
1990-02-28,100.85855582255768,102.16840645771578,100.33462126003278,101.51348114013672,130933,0.0,0.0
1990-03-01,101.7755125956428,102.9543826500392,100.85861471843482,101.64453125,251009,0.0,0.0
1990-03-02,101.51356499551828,101.64455585877757,100.72765775958284,101.38258361816406,135560,0.0,0.0
1990-03-05,101.24609725468603,101.7706919261354,100.98379991896137,101.37725067138672,148790,0.202272,0.0
1990-03-06,101.3773246132528,101.6396126426066,100.85272955917804,101.50846862792967,94151,0.0,0.0
1990-03-07,101.37729966802536,101.37729966802536,99.41007344814892,99.67237091064452,96820,0.0,0.0
1990-03-08,99.67237091064452,100.32810981804292,99.14778548333454,99.67237091064452,144103,0.0,0.0
1990-03-09,99.93467807951392,100.98385853371906,99.93467807951392,100.85271453857422,117525,0.0,0.0
1990-03-12,100.45929060098273,100.98387617086472,99.8035515153674,100.72158813476562,72497,0.0,0.0
1990-03-13,100.32809325478108,100.32809325478108,98.75431823730467,98.75431823730467,165817,0.0,0.0
1990-03-14,98.62317427654818,98.88547169574086,97.31169667826448,98.75431823730467,112720,0.0,0.0
1990-03-15,98.62323200299456,99.41011522347377,98.36093443027308,99.1478271484375,66030,0.0,0.0
1990-03-16,99.93473052978516,100.06587459376034,99.54128884017248,99.93473052978516,179046,0.0,0.0
1990-03-19,99.67234063773002,100.98381805419922,99.27889931232492,100.98381805419922,92608,0.0,0.0
1990-03-20,100.72158813476562,100.72158813476562,99.67239799963404,100.72158813476562,92371,0.0,0.0
1990-03-21,100.59044955187778,100.59044955187778,98.88552957571603,99.1478271484375,171749,0.0,0.0
1990-03-22,98.62316083267,99.01660215898698,96.00020599365234,96.00020599365234,257950,0.0,0.0
1990-03-23,96.26255852398472,97.83633422851562,96.26255852398472,97.83633422851562,175546,0.0,0.0
1990-03-26,98.88556700057366,98.88556700057366,96.78719512232396,97.3117904663086,159943,0.0,0.0
1990-03-27,97.4428747086907,97.4428747086907,96.13139665186527,96.91828918457033,134552,0.0,0.0
1990-03-28,97.04938265144582,97.18052658976026,96.00020265189627,96.52478790283205,188242,0.0,0.0
1990-03-29,96.91834870716454,97.96752989744498,96.65605103517224,97.3117904663086,356847,0.0,0.0
1990-03-30,97.31171528699636,98.2297516808852,96.26253490727257,97.57401275634766,120551,0.0,0.0
1990-04-02,96.52480432666827,97.04939916454263,96.26251640541076,96.78710174560548,148078,0.0,0.0
1990-04-03,96.65597517003404,98.0985969871467,96.65597517003404,97.96745300292967,158994,0.0,0.0
1990-04-04,98.2297516808852,98.62319313607142,97.18056180347996,97.57401275634766,148315,0.0,0.0
1990-04-05,97.57401683198891,98.62319725553668,97.57401683198891,98.09860229492188,85786,0.0,0.0
1990-04-06,98.36097165658904,98.36097165658904,96.52489745033166,97.3117904663086,107321,0.0,0.0
1990-04-09,97.18055837486372,97.44285583496094,96.39367549225317,97.44285583496094,108448,0.0,0.0
1990-04-10,97.44289802323132,98.4920883178711,97.049456411584,98.4920883178711,170681,0.0,0.0
1990-04-11,98.62320458373948,99.67238508524666,98.62320458373948,99.41008758544922,138289,0.0,0.0
1990-04-12,99.5412539815845,100.72158813476562,99.5412539815845,100.72158813476562,124822,0.0,0.0
1990-04-16,101.77073551764629,102.29532091611496,101.5084380695716,102.16417694091795,188183,0.0,0.0
1990-04-17,101.50846314078667,102.55764369453809,101.24616562792806,102.0330581665039,81158,0.0,0.0
1990-04-18,102.29534530315554,102.42649880730002,100.98386724780866,101.11502075195312,139891,0.0,0.0
1990-04-19,100.98386724780866,101.6396062754821,100.98386724780866,101.11502075195312,129331,0.0,0.0
1990-04-20,100.983856327367,101.37730729956948,99.14779294704388,100.32811737060548,284647,0.0,0.0
1990-04-23,100.1970083001329,100.1970083001329,97.9674931705512,98.4920883178711,150451,0.0,0.0
1990-04-24,98.75430477554954,98.88545821610744,96.00020599365234,96.00020599365234,294139,0.0,0.0
1990-04-25,96.52487993716107,96.65603349820556,95.73799656164262,95.869140625,204497,0.0,0.0
1990-04-26,95.869140625,96.26259181044632,95.2134013128389,95.869140625,361593,0.0,0.0
1990-04-27,95.73797038299654,95.73797038299654,93.37731140425396,94.03305053710938,405732,0.0,0.0
1990-04-30,93.37729302573534,93.63958102910638,92.32810302152066,93.2461395263672,330684,0.0,0.0
1990-05-01,93.90189597917994,94.68878862856276,92.85271527768724,93.770751953125,285596,0.0,0.0
1990-05-02,93.63957543932013,94.68876538090372,93.37728745160628,94.4264678955078,3060697,0.0,0.0
1990-05-03,94.68876227589246,95.21334773180013,92.1969504928654,92.32809448242188,778597,0.0,0.0
1990-05-04,92.5904019580577,92.7215554594592,90.49204091246148,92.19696044921876,539275,0.0,0.0
1990-05-07,92.45922967471556,93.50840987661093,92.06578828621478,92.72152709960938,250297,0.0,0.0
1990-05-08,92.98382562601812,93.77071799039712,92.59038419266908,93.63956451416016,200107,0.0,0.0
1990-05-09,93.11503747165358,94.42651607004136,93.11503747165358,94.29537200927734,214345,0.0,0.0
1990-05-10,94.0330089237925,94.95104520305968,94.0330089237925,94.5575942993164,199217,0.0,0.0
1990-05-11,95.73790527758938,97.04938265144582,94.95102265234672,96.52478790283205,374585,0.0,0.0
1990-05-14,96.7871254770848,99.67237879747712,96.65598148430053,98.36090087890624,279426,0.0,0.0
1990-05-15,98.3609104660039,99.54124450683594,98.09861295718756,99.54124450683594,149739,0.0,0.0
1990-05-16,99.2789543666432,101.24617158225097,98.88551282305838,100.19699096679688,174360,0.0,0.0
1990-05-17,100.45928172427968,101.11502075195312,100.1969842136737,101.11502075195312,155138,0.0,0.0
1990-05-18,100.85272955917804,101.50846862792967,99.93469296338904,101.50846862792967,421038,0.0,0.0
1990-05-21,101.11499664629994,102.9510597874613,100.85269919822528,102.16417694091795,143095,0.0,0.0
1990-05-22,101.90187949284328,102.42647438899265,101.6395820447686,102.16417694091795,247865,0.0,0.0
1990-05-23,101.90195260583006,104.65606354012276,101.77080853653932,104.52490997314452,150273,0.0,0.0
1990-05-24,104.52489007788432,106.62326127094458,104.52489007788432,105.31178283691406,154901,0.0,0.0
1990-05-25,104.65603809207532,104.91833566456428,103.60685729980467,103.60685729980467,79319,0.0,0.0
1990-05-29,102.81992413998285,105.7051773071289,102.68878015416406,105.7051773071289,165342,0.0,0.0
1990-05-30,106.2297786745428,106.62322015349072,105.44288621896492,106.09862518310548,138230,0.0,0.0
1990-05-31,105.96751033030192,107.54128617656232,105.70521277297776,106.49209594726562,177207,0.0,0.0
1990-06-01,106.62322436842368,107.80355834960938,105.7051878827995,107.80355834960938,214998,0.0,0.0
1990-06-04,107.94748483334608,108.47277069091795,107.29087037860924,108.47277069091795,121797,0.230927,0.0
1990-06-05,108.21022332921903,108.21022332921903,107.2909698486328,107.2909698486328,149324,0.0,0.0
1990-06-06,106.89688700294946,106.89688700294946,105.84630584716795,105.84630584716795,118059,0.0,0.0
1990-06-07,105.84631715961486,106.37161254882812,105.32102177040156,106.37161254882812,114203,0.0,0.0
1990-06-08,105.5836410581748,105.9776077389082,105.1896743774414,105.1896743774414,204023,0.0,0.0
1990-06-11,104.79573040820074,106.10895930215732,104.79573040820074,105.58366394042967,110109,0.0,0.0
1990-06-12,106.1089363135048,107.15951729898772,105.71496963274376,107.0281982421875,155494,0.0,0.0
1990-06-13,107.42228905718189,107.94758491212092,106.63434527477328,107.2909698486328,87031,0.0,0.0
1990-06-14,106.6342841555612,106.6342841555612,104.79576873779295,104.79576873779295,135679,0.0,0.0
1990-06-15,105.0584332346104,105.45240020751952,104.7957854158818,105.45240020751952,253916,0.0,0.0
1990-06-18,105.18974574260204,105.18974574260204,103.87651624230016,104.0078353881836,106490,0.0,0.0
1990-06-19,103.21989158658738,105.05841651472156,103.21989158658738,104.79576873779295,129984,0.0,0.0
1990-06-20,105.0583610725429,105.18968013652352,104.13909909359556,104.53306579589844,96702,0.0,0.0
1990-06-21,104.53306579589844,104.79571343422066,104.13909909359556,104.53306579589844,91540,0.0,0.0
1990-06-22,104.79577879458483,105.71504134686954,104.0078353881836,104.0078353881836,157867,0.0,0.0
1990-06-25,103.613765059671,104.13906013982604,101.51260375976562,101.51260375976562,172343,0.0,0.0
1990-06-26,101.64400430893994,101.64400430893994,98.75489807128906,98.75489807128906,388764,0.0,0.0
1990-06-27,98.88618833522152,100.06809811357104,98.88618833522152,99.80545043945312,222948,0.0,0.0
1990-06-28,99.8054800675329,101.64400482177734,99.67416094667188,101.64400482177734,203192,0.0,0.0
1990-06-29,100.85605607383694,102.16928512856823,100.85605607383694,101.2500228881836,243119,0.0,0.0
1990-07-02,101.11868491489476,101.51266120313063,99.5428082930396,100.59339904785156,234694,0.0,0.0
1990-07-03,100.72472992699151,100.8560585418966,99.28018173558284,99.67414855957033,180233,0.0,0.0
1990-07-05,99.41148788793664,99.54280697536844,97.57296360171544,98.09825897216795,234398,0.0,0.0
1990-07-06,97.83561323308923,98.49222770403496,97.70429414304525,97.9669418334961,192217,0.0,0.0
1990-07-09,97.9669266136726,97.9669266136726,96.91633601508552,97.310302734375,140010,0.0,0.0
1990-07-10,97.04764936016883,97.57293506663962,96.91632080078124,96.91632080078124,166766,0.0,0.0
1990-07-11,96.91634546692926,97.70428849271433,96.65369779166755,97.57295989990234,196132,0.0,0.0
1990-07-12,97.70431657860648,98.75489807128906,97.572987948043,98.75489807128906,308437,0.0,0.0
1990-07-13,98.75491480801205,100.72475900702278,98.75491480801205,99.41152954101562,306479,0.0,0.0
1990-07-16,100.33077380614878,101.38135528564452,100.19944517723376,101.38135528564452,239440,0.0,0.0
1990-07-17,101.9066525738644,102.56326719889957,101.25003794882926,101.64400482177734,249229,0.0,0.0
1990-07-18,101.25003068746734,102.30061211010587,100.85606384277344,100.85606384277344,251424,0.0,0.0
1990-07-19,100.85598966475052,101.51260375976562,100.06804704451795,101.51260375976562,127077,0.0,0.0
1990-07-20,102.16926999615218,102.69455583402578,99.80545043945312,99.80545043945312,187649,0.0,0.0
1990-07-23,100.13374815081268,100.13374815081268,97.17898349573792,99.1488265991211,154723,0.0,1.25
1990-07-24,99.3130431611291,99.3130431611291,96.35827677404252,97.83565521240234,212008,0.0,0.0
1990-07-25,97.83565521240234,97.99981365575728,96.52242570703052,97.83565521240234,96868,0.0,0.0
1990-07-26,97.8356339979581,97.99979240571732,96.35825587994938,97.34317779541016,114950,0.0,0.0
1990-07-27,96.85062421324696,96.85062421324696,95.20908917678746,96.02986145019533,251590,0.0,0.0
1990-07-30,95.86576435803111,97.17899322509766,95.53745714126448,97.17899322509766,130755,0.0,0.0
1990-07-31,97.50729067963512,99.64129213014756,97.50729067963512,99.1488265991211,199241,0.0,0.0
1990-08-01,99.14883652569746,99.14883652569746,96.19407157479776,97.17899322509766,230613,0.0,0.0
1990-08-02,93.8959410503949,95.04501179856494,91.92609733036254,93.23932647705078,528572,0.0,0.0
1990-08-03,93.23932647705078,94.06008993854876,92.2544046170346,93.23932647705078,340770,0.0,0.0
1990-08-06,87.32979858106539,89.62795943430575,86.67318391167264,89.29965209960938,409398,0.0,0.0
1990-08-07,89.62790917686206,91.92605923108512,89.29960202625877,91.43359375,307737,0.0,0.0
1990-08-08,91.26950615795424,91.76196245904292,89.95627667456212,90.28458404541016,146322,0.0,0.0
1990-08-09,89.95623045097996,91.59776646172465,89.62792324883102,91.10530090332033,261035,0.0,0.0
1990-08-10,91.26945438398558,92.25437593781814,90.61284001476388,92.09021759033205,147698,0.0,0.0
1990-08-13,91.7619416631166,91.7619416631166,90.94117817718876,91.2694854736328,133603,0.0,0.0
1990-08-14,91.2694652309692,92.58269412548422,91.10530686397358,92.25438690185548,167632,0.0,0.0
1990-08-15,92.5826502683188,93.07510611530029,92.2543432002118,92.91095733642578,119554,0.0,0.0
1990-08-16,92.5827356413464,92.74688457158705,90.28458404541016,90.28458404541016,273802,0.0,0.0
1990-08-17,88.97132374025354,88.97132374025354,87.98639245854609,88.15055084228516,318748,0.0,0.0
1990-08-20,88.3146743020407,88.64298142932651,87.65805053710938,87.65805053710938,186854,0.0,0.0
1990-08-21,85.3599043203761,86.83729121193535,84.70329003754091,86.3448257446289,243190,0.0,0.0
1990-08-22,87.00146981157823,87.00146981157823,84.04670452728445,84.86747741699219,194827,0.0,0.0
1990-08-23,84.0467394723781,84.70335425300733,83.39012469174887,83.55428314208984,223921,0.0,0.0
1990-08-24,84.70334576033116,85.03165311772844,82.24104533503471,83.22596740722656,239773,0.0,0.0
1990-08-27,84.70329660112338,87.00144676912817,84.70329660112338,86.01652526855469,148410,0.0,0.0
1990-08-28,85.35992252836532,86.0165369512619,84.21085204347739,84.70330810546875,146227,0.0,0.0
1990-08-29,85.03159351882292,87.65805053710938,85.03159351882292,87.65805053710938,218320,0.0,0.0
1990-08-30,89.29965087954888,89.29965087954888,87.65810471812897,87.98641204833984,202089,0.0,0.0
1990-08-31,87.63786323435487,88.78883361816406,87.63786323435487,88.78883361816406,111865,0.23177,0.0
1990-09-04,87.80228213146593,88.78883361816406,87.63786323435487,88.78883361816406,93451,0.0,0.0
1990-09-05,88.4599453147133,88.62436413564961,87.63782263202108,88.29551696777344,110916,0.0,0.0
1990-09-06,87.80228969985787,88.4599939230188,87.47344235128179,87.63787078857422,128951,0.0,0.0
1990-09-07,87.14450238011683,88.78874690140083,87.14450238011683,88.45989990234375,115662,0.0,0.0
1990-09-10,89.28205041964993,89.61089755786959,87.14453925822086,87.30896759033203,70479,0.0,0.0
1990-09-11,87.47338836063969,87.63781669644305,86.15799977822427,86.48684692382812,93688,0.0,0.0
1990-09-12,86.32244873046875,86.81571480368012,85.82917313125223,86.32244873046875,75748,0.0,0.0
1990-09-13,86.15797682251502,86.48682388050172,85.50028270654164,85.66471099853516,81918,0.0,0.0
1990-09-14,85.50030485727974,85.50030485727974,84.18491628455259,84.51376342773438,134647,0.0,0.0
1990-09-17,84.6781555950104,84.84257433337416,83.85603332519531,83.85603332519531,202468,0.0,0.0
1990-09-18,83.69161458683155,84.18488032792159,83.19833931974276,83.85603332519531,127860,0.0,0.0
1990-09-19,84.18491431833999,86.15799713134766,83.85606718283871,86.15799713134766,187423,0.0,0.0
1990-09-20,85.17147330155423,85.17147330155423,83.5272372847293,83.69166564941406,157713,0.0,0.0
1990-09-21,83.85607889784296,83.85607889784296,82.54069017207318,82.86953735351562,179924,0.0,0.0
1990-09-24,82.54066827217434,82.54066827217434,79.90989151863913,80.07431030273438,141718,0.0,0.0
1990-09-25,80.40319334430147,81.71858215332031,78.92337617115301,81.71858215332031,99431,0.0,0.0
1990-09-26,81.71858150704226,81.71858150704226,79.41664634646207,79.58106994628906,182250,0.0,0.0
1990-09-27,79.25214566391462,79.41656910381906,74.97713146340166,78.59445190429688,317893,0.0,0.0
1990-09-28,77.60798716889141,82.54069519042969,77.27913996745554,82.54069519042969,277789,0.0,0.0
1990-10-01,82.54068117658187,86.48684692382812,82.37626236678138,86.48684692382812,214144,0.0,0.0
1990-10-02,88.13108067287982,89.11763161354145,87.14453925822086,87.30896759033203,240342,0.0,0.0
1990-10-03,86.48685385676539,86.65128220574962,83.1983821371172,83.52722930908203,184006,0.0,0.0
1990-10-04,83.19838980046424,83.52723700271895,80.23876498017185,81.71858215332031,264785,0.0,0.0
1990-10-05,80.23875147320281,84.02049842553485,79.25221003250788,79.41663360595703,234979,0.0,0.0
1990-10-08,79.74548075285534,80.23875147320281,78.26566859181294,79.41663360595703,174039,0.0,0.0
1990-10-09,78.92333740492853,79.58103148638627,78.43006684383522,79.08776092529297,149170,0.0,0.0
1990-10-10,78.92338559665312,79.08780921741693,77.60799663054271,77.93684387207031,238634,0.0,0.0
1990-10-11,77.77238688890922,78.1012339893697,76.95026913775806,77.11469268798828,222260,0.0,0.0
1990-10-12,77.44348782496581,81.71850202547877,76.9502175052525,78.59445190429688,133555,0.0,0.0
1990-10-15,79.08776226382825,82.3762374897733,77.9367976017975,80.73200225830078,182867,0.0,0.0
1990-10-16,80.89647705649402,82.21186615285923,80.89647705649402,81.06090545654297,98529,0.0,0.0
1990-10-17,80.89645406359587,83.85607868921451,80.73203523628567,81.88299560546875,95444,0.0,0.0
1990-10-18,82.54064531429019,84.18488032792159,82.54064531429019,83.85603332519531,186332,0.0,0.0
1990-10-19,85.50027325366885,87.96663067888983,85.50027325366885,87.1445083618164,440438,0.0,0.0
1990-10-22,86.81573223848065,87.80227410903116,86.32246606620893,87.47342681884766,126388,0.0,0.0
1990-10-23,87.14457952866415,87.96670251712645,86.81573223848065,87.47342681884766,111960,0.0,0.0
1990-10-24,87.63786323435487,88.78883361816406,87.14458749100581,88.78883361816406,135026,0.0,0.0
1990-10-25,89.44644089951497,90.10413489762912,87.80219637823097,88.45989990234375,125439,0.0,0.0
1990-10-26,87.80221211244849,87.966640404442,85.66471099853516,85.66471099853516,108828,0.0,0.0
1990-10-29,85.50032567443581,85.82917289768353,83.03397626308039,83.36282348632812,108638,0.0,0.0
1990-10-30,83.36278545639433,84.5137454496932,82.54066301032303,84.18489837646484,127385,0.0,0.0
1990-10-31,84.51374756889714,85.50028881332,82.21181799857712,82.70509338378906,187661,0.0,0.0
1990-11-01,82.37623449385359,84.18488841969489,81.06084635651457,84.02046966552734,243949,0.0,0.0
1990-11-02,84.34934843658259,88.78878983345604,84.18492009454867,87.96666717529297,380115,0.0,0.0
1990-11-05,89.61089137546529,91.74840238942392,89.28204425993334,91.255126953125,201329,0.0,0.0
1990-11-06,90.76190687723263,92.40614328522524,90.59747847342996,91.41960144042967,206028,0.0,0.0
1990-11-07,91.09072857948182,92.07727014724487,90.10418701171876,90.10418701171876,161082,0.0,0.0
1990-11-08,89.9397511955779,92.24168132946424,89.9397511955779,91.91283416748048,217751,0.0,0.0
1990-11-09,92.40613554496947,93.72152456118204,91.7484410368632,93.3926773071289,164025,0.0,0.0
1990-11-12,93.72152204228468,96.02345275878906,93.72152204228468,96.02345275878906,319934,0.0,0.0
1990-11-13,95.8590217824041,95.8590217824041,94.05036674560736,94.70806121826172,267632,0.0,0.0
1990-11-14,94.37916233436918,95.20127521229558,92.40607999614548,93.06377410888672,123161,0.0,0.0
1990-11-15,91.41953571040962,92.8993426506285,91.41953571040962,92.57049560546876,147319,0.0,0.0
1990-11-16,92.24167401432312,93.3926437529914,92.24167401432312,92.8993682861328,167347,0.0,0.0
1990-11-19,94.05033152424262,95.6945670901208,93.88590320465384,95.03687286376952,156669,0.0,0.0
1990-11-20,94.87245110156188,95.0368794325156,92.7349494811817,92.8993682861328,116517,0.0,0.0
1990-11-21,92.5705673646861,92.5705673646861,90.43306467718996,91.09075927734376,197343,0.0,0.0
1990-11-23,91.255126953125,91.58397406865694,90.76186104282807,91.255126953125,42240,0.0,0.0
1990-11-26,90.4330094304296,92.07724492632816,89.61088691947955,91.74839782714844,244329,0.0,0.0
1990-11-27,92.07725850390058,94.37918853759766,90.92628872405058,94.37918853759766,166303,0.0,0.0
1990-11-28,94.05033802480108,95.53014537337155,92.8993682861328,92.8993682861328,170290,0.0,0.0
1990-11-29,93.06377586179464,93.7214699869239,91.91280637981818,92.2416534423828,71666,0.0,0.0
1990-11-30,92.40607959436348,96.84551959906427,92.40607959436348,96.68109130859376,188657,0.0,0.0
1990-12-03,97.4847295109683,99.13143005605733,97.32006422660088,98.1434097290039,214096,0.23177,0.0
1990-12-04,98.14337532185722,100.44875527676076,97.48469533474191,100.11941528320312,266968,0.0,0.0
1990-12-05,99.79012231512756,101.43682305891342,98.9667767133767,101.10748291015624,237874,0.0,0.0
1990-12-06,104.07158180264346,104.07158180264346,100.4488296508789,100.4488296508789,294448,0.0,0.0
1990-12-07,100.61345583806948,100.7781211069239,96.82604017103247,97.15538024902344,163645,0.0,0.0
1990-12-10,97.48470659896007,99.29608154296876,95.50866640928558,99.29608154296876,193166,0.0,0.0
1990-12-11,99.2961064067711,99.2961064067711,98.30808606453296,99.13143157958984,230233,0.0,0.0
1990-12-12,99.1314215918936,101.27213688786958,98.47274143009824,100.61345672607422,183579,0.0,0.0
1990-12-13,100.11941528320312,101.43677525743372,99.79007528964549,100.11941528320312,109540,0.0,0.0
1990-12-14,99.79012231512756,101.10748291015624,99.4607821663704,101.10748291015624,150024,0.0,0.0
1990-12-17,101.4367869783091,101.93080179586808,98.80206672540976,99.29608154296876,104177,0.0,0.0
1990-12-18,99.6254605030351,101.76616677485224,99.46078565274216,101.60150146484376,265022,0.0,0.0
1990-12-19,101.76615440772416,104.56555020023217,101.76615440772416,103.74219512939452,255957,0.0,0.0
1990-12-20,102.42481182161286,105.38888178382116,102.09547177473208,104.89486694335938,236071,0.0,0.0
1990-12-21,106.70628300921932,106.70628300921932,103.90688676397994,104.4009017944336,296061,0.0,0.0
1990-12-24,104.07153917154962,104.56554455515617,103.41284942626952,103.41284942626952,29616,0.0,0.0
1990-12-26,103.08353635585526,103.9068915981556,102.7541961669922,102.7541961669922,23636,0.0,0.0
1990-12-27,102.7541893728626,103.24820439363548,101.10748853742744,101.27216339111328,37779,0.0,0.0
1990-12-28,100.9427968069719,101.27213688786958,99.6254364833812,100.61345672607422,57760,0.0,0.0
1990-12-31,100.44880820325336,101.27216339111328,100.11946803616632,101.27216339111328,41861,0.0,0.0
1991-01-02,101.4368323999158,101.4368323999158,98.14343060906496,98.30810546875,166208,0.0,0.0
1991-01-03,98.3080773780192,98.3080773780192,96.1673620555156,96.661376953125,174656,0.0,0.0
1991-01-04,96.99067317951734,98.30803292373072,96.82599844135169,97.81401824951172,118130,0.0,0.0
1991-01-07,97.81406446825012,98.47274465159391,96.1673640098906,96.4967041015625,130138,0.0,0.0
1991-01-08,97.15534773086272,97.15534773086272,94.84996795654295,94.84996795654295,167632,0.0,0.0
1991-01-09,96.82600776310277,98.30804238816204,94.84996795654295,94.84996795654295,203418,0.0,0.0
1991-01-10,95.8379954696648,97.48469543921782,95.50865547575418,97.32003021240234,119222,0.0,0.0
1991-01-11,97.31996666322306,97.31996666322306,96.00259800753244,96.33194732666016,88420,0.0,0.0
1991-01-14,95.50867985906868,97.15538024902344,95.17933978107772,97.15538024902344,141908,0.0,0.0
1991-01-15,97.64941200135858,98.14341743352452,96.33205146187105,97.97875213623048,130090,0.0,0.0
1991-01-16,97.48473716378076,98.63743240597424,97.32007186648669,97.97875213623048,130802,0.0,0.0
1991-01-17,100.44875522733275,101.93078996775272,99.6254100139836,101.43677520751952,265781,0.0,0.0
1991-01-18,101.43675853945386,106.04752722963129,101.43675853945386,105.38884735107422,226579,0.0,0.0
1991-01-21,104.40085225943773,104.89485751521622,103.9068374633789,103.9068374633789,209398,0.0,0.0
1991-01-22,104.07156514964568,104.07156514964568,101.43683413169848,101.76617431640624,133365,0.0,0.0
1991-01-23,102.42481231689452,103.41283246231453,102.26014706279848,102.42481231689452,189891,0.0,0.0
1991-01-24,103.08352531571764,105.71825608473064,103.08352531571764,105.55358123779295,148743,0.0,0.0
1991-01-25,105.88287161013612,106.37688637840192,104.40084638589832,106.21221160888672,123209,0.0,0.0
1991-01-28,106.21222713088254,106.21222713088254,104.7302016900596,104.89486694335938,71808,0.0,0.0
1991-01-29,105.05958214151524,105.05958214151524,102.75419138644465,104.4009017944336,72236,0.0,0.0
1991-01-30,103.74221106023457,106.0476017964866,103.74221106023457,105.88292694091795,148221,0.0,0.0
1991-01-31,105.88290666203496,109.01164245605467,105.88290666203496,109.01164245605467,146417,0.0,0.0
1991-02-01,108.68228681800574,110.65832718229728,107.03558651442944,110.32898712158205,166446,0.0,0.0
1991-02-04,109.99964866958383,112.469703931213,109.34096853852029,111.48167419433594,137494,0.0,0.0
1991-02-05,110.98764601961156,112.63434600830078,108.35292603770884,112.63434600830078,217846,0.0,0.0
1991-02-06,112.46966211341952,116.09240148728384,112.30498737174116,115.92772674560548,146132,0.0,0.0
1991-02-07,115.9277361816051,117.73911078611415,112.30499651286596,112.96367645263672,201804,0.0,0.0
1991-02-08,113.29303338839388,115.10440826416016,113.29303338839388,115.10440826416016,202468,0.0,0.0
1991-02-11,114.77504200926252,118.56244659423828,114.28102732323887,118.56244659423828,229711,0.0,0.0
1991-02-12,118.23313335326542,121.5265430765904,117.90379333496094,117.90379333496094,301329,0.0,0.0
1991-02-13,116.58649656920932,116.7511714379216,114.61045538637524,116.25715637207033,360561,0.0,0.0
1991-02-14,115.92776517729956,115.92776517729956,113.9517248637428,114.61040496826172,312863,0.0,0.0
1991-02-15,115.92778878768104,118.89184986169036,115.92778878768104,118.0685043334961,398387,0.0,0.0
1991-02-19,117.40983573175151,118.0685160357045,116.91582073364468,117.57450103759766,149312,0.0,0.0
1991-02-20,117.24510192958812,117.40977669291271,116.58642195684862,117.08043670654295,100760,0.0,0.0
1991-02-21,116.75114588459662,118.06850638482196,116.75114588459662,117.73916625976562,108353,0.0,0.0
1991-02-22,117.90381582298043,120.20919639082132,117.90381582298043,119.22117614746094,127433,0.0,0.0
1991-02-25,120.86785321346667,120.86785321346667,118.89180372401168,119.38581848144533,136355,0.0,0.0
1991-02-26,118.56247928745692,118.56247928745692,116.75111386654122,116.91577911376952,115283,0.0,0.0
1991-02-27,116.91581117698308,118.3978465098783,116.91581117698308,117.73916625976562,87755,0.0,0.0
1991-02-28,119.2211437155409,119.87983323887896,118.56246373248244,119.38581848144533,162791,0.0,0.0
1991-03-01,119.38582953481776,122.51456451416016,119.05648951279647,122.51456451416016,181206,0.0,0.0
1991-03-04,122.32990547354302,123.64882546341822,121.3407154811366,122.00017547607422,153821,0.23177,0.0
1991-03-05,122.65961791595248,126.6163773192862,122.65961791595248,126.45150756835938,205886,0.0,0.0
1991-03-06,126.78126423454204,126.94613402021096,124.80288411598222,125.1326141357422,134314,0.0,0.0
1991-03-07,124.8028988888594,125.62722881162392,124.1434387712794,124.6380386352539,135216,0.0,0.0
1991-03-08,124.63802429104275,125.29748433272752,123.31910420767323,123.64883422851562,154201,0.0,0.0
1991-03-11,123.9785671125787,124.30829714103604,123.31910705566406,123.31910705566406,64262,0.0,0.0
1991-03-12,123.31912883175052,126.12182979275862,123.31912883175052,124.30831909179688,110679,0.0,0.0
1991-03-13,123.9785671125787,123.9785671125787,122.6596469987494,123.31910705566406,128382,0.0,0.0
1991-03-14,123.64882546341822,123.64882546341822,121.67044547860542,122.00017547607422,183864,0.0,0.0
1991-03-15,122.3299476592704,122.3299476592704,118.8677767161228,119.52723693847656,326294,0.0,0.0
1991-03-18,118.0434373453156,119.19749741913591,117.38397717501248,118.86776733398438,220504,0.0,0.0
1991-03-19,118.04339802057945,120.68124737460391,117.38393806996746,118.7028579711914,132748,0.0,0.0
1991-03-20,118.04341603151308,119.3623361339764,118.04341603151308,118.3731460571289,63835,0.0,0.0
1991-03-21,119.36231792180338,119.85691766055064,118.3731279958854,118.7028579711914,102705,0.0,0.0
1991-03-22,118.70290688474408,120.02183688103216,118.3731767735672,119.52723693847656,86094,0.0,0.0
1991-03-25,119.85693930985964,122.00018931226408,119.85693930985964,121.83531951904295,95302,0.0,0.0
1991-03-26,121.67051436115392,125.627276570861,121.67051436115392,125.29754638671876,98624,0.0,0.0
1991-03-27,125.2975238463646,126.45157450746365,124.96779372153904,125.7921142578125,144851,0.0,0.0
1991-03-28,126.12181752658852,127.93533760275342,125.7920874719748,127.11100769042967,133697,0.0,0.0
1991-04-01,126.78129219609906,126.94616201812994,124.3083212782756,125.46237182617188,80162,0.0,0.0
1991-04-02,125.46237732361185,128.59481811523438,125.1326472166821,128.59481811523438,94068,0.0,0.0
1991-04-03,129.9137124671607,132.71642258930407,129.58398242641317,131.56236267089844,201045,0.0,0.0
1991-04-04,132.38666736329662,133.21098753255745,131.23260766443946,133.04612731933594,124063,0.0,0.0
1991-04-05,133.04617993563582,133.5407703224746,129.41914874302313,130.24346923828125,104794,0.0,0.0
1991-04-08,130.57314770840014,133.5407175105771,130.57314770840014,133.04612731933594,90176,0.0,0.0
1991-04-09,133.04617169967676,134.52995231992307,132.22184170386672,132.8813018798828,165306,0.0,0.0
1991-04-10,132.22183146471383,132.3867012717404,129.41913070947425,130.57318115234375,72378,0.0,0.0
1991-04-11,130.5731630496461,132.38668291761587,130.5731630496461,130.90289306640625,98861,0.0,0.0
1991-04-12,131.39752939353914,131.89211978037793,129.41914874302313,130.24346923828125,96678,0.0,0.0
1991-04-15,129.9136406250175,130.40824018841488,128.59472119138874,129.25418090820312,92217,0.0,0.0
1991-04-16,129.58400447419575,134.20022583007812,128.92454428049828,134.20022583007812,158757,0.0,0.0
1991-04-17,134.20024665624783,134.36511650604794,131.8921356201172,131.8921356201172,102468,0.0,0.0
1991-04-18,131.89211978037793,131.89211978037793,129.58400902144257,130.24346923828125,107689,0.0,0.0
1991-04-19,130.24348065984003,130.24348065984003,127.11103957937014,127.27590942382812,219127,0.0,0.0
1991-04-22,127.27590942382812,128.75969981762472,126.94617928649346,127.27590942382812,121690,0.0,0.0
1991-04-23,127.60556717011964,128.26502707067525,125.95691741873058,126.45150756835938,101566,0.0,0.0
1991-04-24,126.78122272902012,126.78122272902012,122.98933351895468,123.97852325439452,192691,0.0,0.0
1991-04-25,120.681228018384,123.3190673977454,120.681228018384,121.67041778564452,346987,0.0,0.0
1991-04-26,121.34073299716094,123.6488433126276,120.84613315377165,123.15424346923828,88752,0.0,0.0
1991-04-29,123.64884532742514,124.30830542830404,120.68127487347004,121.17586517333984,82772,0.0,0.0
1991-04-30,122.00016796229777,122.1650281750901,119.36231859343064,119.85691833496094,270005,0.0,0.0
1991-05-01,120.1866650453156,120.84612509145266,118.7028751657182,120.02180480957033,219792,0.0,0.0
1991-05-02,120.68126145645552,120.68126145645552,116.88936152218557,119.19747161865234,441956,0.0,0.0
1991-05-03,119.03258746596929,119.03258746596929,116.06501770019533,116.06501770019533,400333,0.0,0.0
1991-05-06,116.06501770019533,116.3947476741702,113.75690788237112,116.06501770019533,222639,0.0,0.0
1991-05-07,116.0650652336342,117.71371577869913,115.40560501560822,116.72452545166016,143332,0.0,0.0
1991-05-08,116.72452545166016,117.05425556067314,116.22993506393092,116.72452545166016,200475,0.0,0.0
1991-05-09,116.5596337870262,118.20828388816048,116.06503398089698,117.71368408203124,217561,0.0,0.0
1991-05-10,117.7136980688428,118.37315818765396,115.5704574584961,115.5704574584961,144424,0.0,0.0
1991-05-13,115.90018274792044,115.90018274792044,114.91099261041478,115.24072265625,67632,0.0,0.0
1991-05-14,115.075869620233,115.075869620233,113.75694924476971,114.7461395263672,150688,0.0,0.0
1991-05-15,114.74615943632404,115.40561973848068,113.09750868093248,115.07588958740234,160893,0.0,0.0
1991-05-16,116.39477493234848,116.39477493234848,115.40558477876806,115.90018463134766,83389,0.0,0.0
1991-05-17,115.73531482996152,115.90018463134766,115.40558477876806,115.90018463134766,128382,0.0,0.0
1991-05-20,115.90020908780602,116.39479949317187,114.086688647776,115.40560913085938,112910,0.0,0.0
1991-05-21,115.73531852797242,117.38396883661798,115.73531852797242,117.21910858154295,132131,0.0,0.0
1991-05-22,117.05420608714074,118.04339599609376,117.05420608714074,118.04339599609376,111960,0.0,0.0
1991-05-23,117.38396883661798,118.53802882845945,117.05423877488889,117.21910858154295,101994,0.0,0.0
1991-05-24,118.04346299916752,118.2083328533636,117.38400268554688,117.38400268554688,80446,0.0,0.0
1991-05-28,117.38398566968613,117.38398566968613,114.251554409853,116.72452545166016,175890,0.0,0.0
1991-05-29,116.06501770019533,116.72447764814508,115.40555775224554,116.06501770019533,113479,0.0,0.0
1991-05-30,116.06503962752294,117.05422973632812,115.73530959125456,117.05422973632812,300285,0.0,0.0
1991-05-31,117.2190498766252,120.0217587734769,116.88931998002936,119.36228942871094,177362,0.0,0.0
1991-06-03,119.36235762293413,119.36235762293413,117.38124084472656,117.38124084472656,95254,0.263374,0.0
1991-06-04,117.38126123185904,118.04163360595705,116.5557909818405,118.04163360595705,133270,0.0,0.0
1991-06-05,118.53687932280928,120.18781942199011,116.88594878841818,118.8670654296875,240342,0.0,0.0
1991-06-06,119.03213392081082,119.85759420211272,118.53685010019976,119.36231994628906,119554,0.0,0.0
1991-06-07,118.86702818857886,119.0321259726876,116.0604519418108,116.2255401611328,180162,0.0,0.0
1991-06-10,116.2255236903548,116.2255236903548,114.90477986379962,115.06987762451172,82535,0.0,0.0
1991-06-11,115.4000799349493,116.2255401611328,115.06989393151856,116.2255401611328,142240,0.0,0.0
1991-06-12,116.22561101842204,116.22561101842204,113.25393517585424,114.40959167480467,152824,0.0,0.0
1991-06-13,114.24450946294488,114.73979362038251,112.92376446283636,113.58413696289062,148885,0.0,0.0
1991-06-14,113.91432321291776,114.4096073703554,113.2539507128635,113.58413696289062,123731,0.0,0.0
1991-06-17,112.92371063585982,113.25389672849822,111.9331523579446,112.42843627929688,198624,0.0,0.0
1991-06-18,112.26333311392176,112.42843093478736,110.94258880615234,110.94258880615234,259849,0.0,0.0
1991-06-19,110.94260288262824,111.7680633973247,110.28223064495504,111.27278900146484,271809,0.0,0.0
1991-06-20,111.60299288143584,113.58410990974166,110.94262053866724,113.41902160644533,234789,0.0,0.0
1991-06-21,113.74920308534996,114.40957540087632,113.41901692758678,113.91429138183594,225060,0.0,0.0
1991-06-24,113.91426546706715,113.91426546706715,111.27277680588354,111.76805114746094,203275,0.0,0.0
1991-06-25,111.7680150796336,112.09821062051564,110.94255492178635,111.1076431274414,84148,0.0,0.0
1991-06-26,111.10767898216504,112.42843287754587,110.61240464058764,111.76805114746094,243427,0.0,0.0
1991-06-27,112.09827963478024,112.26336794207332,111.27280940393923,111.93318176269533,137921,0.0,0.0
1991-06-28,111.4378772784881,112.26334735797464,111.10769115965152,111.27278900146484,169151,0.0,0.0
1991-07-01,111.9332005946198,114.90487670898438,111.76810269475838,114.90487670898438,154960,0.0,0.0
1991-07-02,114.90483259423968,114.90483259423968,112.9237159452619,113.08881378173828,117798,0.0,0.0
1991-07-03,112.92369300502412,112.92369300502412,111.602948840679,112.26332092285156,122497,0.0,0.0
1991-07-05,112.26332210778024,113.418978046174,112.26332210778024,112.75860595703124,52397,0.0,0.0
1991-07-08,111.2728332127007,113.74923487030114,110.44736280523593,113.58413696289062,186806,0.0,0.0
1991-07-09,113.91429883896348,114.7397690698045,111.9331817626953,111.93318176269533,154248,0.0,0.0
1991-07-10,112.42840324501032,113.58404944729222,110.94256148232044,111.43783569335938,126768,0.0,0.0
1991-07-11,111.76805925986672,112.26334320218211,109.62185434927262,110.2822265625,218653,0.0,0.0
1991-07-12,110.7774790588846,110.7774790588846,109.12654885191348,109.95201873779295,113764,0.0,0.0
1991-07-15,110.11710697609615,110.44729301749038,109.78692093470193,109.95201873779295,117513,0.0,0.0
1991-07-16,109.95207726607993,110.1171655922608,108.3011461803062,108.63133239746094,158994,0.0,0.0
1991-07-17,108.63127457221606,110.2822047791872,108.63127457221606,109.95201873779295,147793,0.0,0.0
1991-07-18,109.95206468642712,111.9331817626953,109.62187850704908,111.93318176269533,160465,0.0,0.0
1991-07-19,112.26333388652988,113.91426428260353,111.93314780731517,113.74917602539062,150831,0.0,0.0
1991-07-22,113.58409237039788,113.74919021299188,112.4284457314004,113.25390625,174941,0.0,0.0
1991-07-23,113.41900366800812,113.41900366800812,110.44731903076172,110.44731903076172,111391,0.0,0.0
1991-07-24,110.77748242874036,111.10766848017886,108.79636612010934,108.96146392822266,141623,0.0,0.0
1991-07-25,109.2917179832087,109.7869925861424,108.46624755859376,108.46624755859376,133128,0.0,0.0
1991-07-26,108.30110938811532,108.6312954930988,107.47563934326172,107.47563934326172,122687,0.0,0.0
1991-07-29,107.14541751918809,107.80578950900671,106.98032930412668,107.64070129394533,228714,0.0,0.0
1991-07-30,108.13601684570312,108.13601684570312,107.4756446034157,108.13601684570312,175890,0.0,0.0
1991-07-31,108.96148213604523,111.27278488234109,108.63129602943155,110.2822265625,239915,0.0,0.0
1991-08-01,111.27277680588354,112.42843287754587,110.94259072323558,111.76805114746094,224917,0.0,0.0
1991-08-02,113.584121380584,114.73977787953444,112.42847444642616,114.40959167480467,190556,0.0,0.0
1991-08-05,114.07937622070312,114.90483673848736,113.9142783782722,114.07937622070312,98054,0.0,0.0
1991-08-06,114.7397210133926,114.7397210133926,111.7680370788282,112.26332092285156,197485,0.0,0.0
1991-08-07,112.59351603998422,112.92370210768648,109.62184143066406,109.62184143066406,211059,0.0,0.0
1991-08-08,107.64078260169316,109.29171382329034,107.64078260169316,108.30115509033205,264452,0.0,0.0
1991-08-09,108.13601684570312,108.79638908799056,106.15490011884084,108.13601684570312,274467,0.0,0.0
1991-08-12,107.64072803672882,110.94258880615234,107.4756302158632,110.94258880615234,99905,0.0,0.0
1991-08-13,110.61245880056808,111.27283128920698,108.30115509033205,108.30115509033205,196393,0.0,0.0
1991-08-14,108.961506236031,110.11715308238874,108.46622218416924,109.12659454345705,196204,0.0,0.0
1991-08-15,109.456713246961,111.4378291035375,109.456713246961,111.1076431274414,145088,0.0,0.0
1991-08-16,111.60292687397852,112.09821062051564,109.95199699349808,111.1076431274414,186427,0.0,0.0
1991-08-19,108.30110283304542,113.08880584791882,107.47563283815452,107.97091674804688,167063,0.0,0.0
1991-08-20,109.29166070287944,109.62184678671434,108.1360046270627,109.45674896240234,97864,0.0,0.0
1991-08-21,110.61244209836386,112.59355926513672,109.78697182981236,112.59355926513672,168819,0.0,0.0
1991-08-22,113.91425233063708,114.5746244197798,112.42841991245989,112.75860595703124,223921,0.0,0.0
1991-08-23,112.4284453105227,112.92371970687036,110.28223075357587,110.44731903076172,180162,0.0,0.0
1991-08-26,109.62183690733217,110.28220901548768,109.12655304382142,110.11711120605467,120598,0.0,0.0
1991-08-27,109.9520274983663,110.11711574982311,109.29165536296182,109.62184143066406,100854,0.0,0.0
1991-08-28,109.78692968212088,110.6123996337708,109.62184143066406,109.62184143066406,172758,0.0,0.0
1991-08-29,110.1171328031417,111.7680633973247,109.29167228844526,111.27278900146484,173043,0.0,0.0
1991-08-30,111.2727748369638,111.43811798095705,110.6114214189938,111.43811798095705,83294,0.263374,0.0
1991-09-03,111.1074589539979,112.09948923882806,110.4461054307778,110.9421157836914,115520,0.0,0.0
1991-09-04,111.10740886847468,111.10740886847468,110.44605564338252,110.61138916015624,91172,0.0,0.0
1991-09-05,110.9420711418312,111.43809087415492,110.11538435995716,111.10741424560548,136118,0.0,0.0
1991-09-06,111.10747761293814,113.75289215007876,111.10747761293814,113.2568817138672,106882,0.0,0.0
1991-09-09,113.58753506742742,113.75286865234376,113.4221919035085,113.75286865234376,83531,0.0,0.0
1991-09-10,113.75277374239148,114.08345021532588,111.76871490478516,111.76871490478516,92406,0.0,0.0
1991-09-11,112.09942807467436,113.5874774795054,112.09942807467436,113.42213439941406,66113,0.0,0.0
1991-09-12,114.41418491598638,114.57952802609738,113.58749810242983,113.91817474365234,131277,0.0,0.0
1991-09-13,114.08358834026556,114.2489315664168,113.25690094652792,113.58757781982422,113859,0.0,0.0
1991-09-16,113.58753749575972,113.58753749575972,112.0994873046875,112.0994873046875,99526,0.0,0.0
1991-09-17,111.10740886847468,111.76876209356686,110.28071254761016,110.61138916015624,172948,0.0,0.0
1991-09-18,110.44605564338252,110.94206577270232,110.28071254761016,110.61138916015624,99715,0.0,0.0
1991-09-19,110.4460609885066,111.10741424560548,109.78470773140772,111.10741424560548,221975,0.0,0.0
1991-09-20,111.1075012588758,111.27283491313118,109.45411682128906,109.45411682128906,225582,0.0,0.0
1991-09-23,109.78470016750497,109.95003368088902,107.96597404628936,108.13131713867188,169341,0.0,0.0
1991-09-24,108.2966866235852,110.28074691720488,108.2966866235852,109.78473663330078,141671,0.0,0.0
1991-09-25,109.78477031936588,109.95010393839722,108.79273986816406,108.79273986816406,122924,0.0,0.0
1991-09-26,108.62733992418882,109.95004650148796,108.13132974720143,109.12335968017578,130897,0.0,0.0
1991-09-27,109.12335933143372,110.1153892612377,109.12335933143372,109.61936950683594,76744,0.0,0.0
1991-09-30,109.12335968017578,109.61936985716318,108.792683035851,109.12335968017578,98292,0.0,0.0
1991-10-01,109.61945047554444,110.11547059632376,109.1234399337717,109.45411682128906,116374,0.0,0.0
1991-10-02,109.4540935022986,109.4540935022986,108.62739667012816,108.79273986816406,139725,0.0,0.0
1991-10-03,108.7927041172403,108.7927041172403,108.13135070043649,108.29668426513672,75938,0.0,0.0
1991-10-04,108.46201835900916,108.79269503982012,106.97396850585938,106.97396850585938,139108,0.0,0.0
1991-10-07,106.64331293048966,106.64331293048966,104.98992919921876,104.98992919921876,312435,0.0,0.0
1991-10-08,104.98994145204212,105.15528463396682,103.99791109750495,104.8246078491211,278596,0.0,0.0
1991-10-09,104.49392239224542,105.65128625365314,104.49392239224542,104.65925598144533,121453,0.0,0.0
1991-10-10,104.6592454622656,105.9819523589323,104.6592454622656,105.65127563476562,92074,0.0,0.0
1991-10-11,105.81660876856466,106.4779621542869,105.81660876856466,106.14728546142578,71476,0.0,0.0
1991-10-14,106.47799020673824,108.13137410664064,106.47799020673824,107.80069732666016,118557,0.0,0.0
1991-10-15,107.80070449505207,107.80070449505207,105.98197729471832,107.13935089111328,129331,0.0,0.0
1991-10-16,107.46995544433594,108.13130860366734,107.13927886467025,107.46995544433594,129568,0.0,0.0
1991-10-17,108.13131713867188,109.78470016750497,107.80064053290526,108.13131713867188,143427,0.0,0.0
1991-10-18,108.46207427978516,108.7927511310862,107.96605421333078,108.46207427978516,221121,0.0,0.0
1991-10-21,107.80064053290526,108.13131713867188,107.13928732137204,108.13131713867188,99146,0.0,0.0
1991-10-22,108.79273986816406,109.4540935022986,108.62739667012816,108.79273986816406,132938,0.0,0.0
1991-10-23,108.79274646734272,109.28875693352846,107.80071595596606,108.62740325927734,103560,0.0,0.0
1991-10-24,108.9580165685136,109.12335968017578,108.13132974720143,109.12335968017578,86711,0.0,0.0
1991-10-25,109.12335513389348,109.61936529021617,108.7926785033453,109.28868865966795,76412,0.0,0.0
1991-10-28,109.61939129203876,112.09947139892704,109.61939129203876,111.43811798095705,121120,0.0,0.0
1991-10-29,110.94215325444765,114.08358834026556,110.94215325444765,113.58757781982422,181158,0.0,0.0
1991-10-30,113.75282724262884,116.56358337402344,113.4221506141706,116.56358337402344,201994,0.0,0.0
1991-10-31,116.39827728271484,116.72895401632194,114.41421688107224,116.39827728271484,241671,0.0,0.0
1991-11-01,116.3982189035933,116.3982189035933,114.4141594970488,114.9101791381836,256194,0.0,0.0
1991-11-04,114.57953877982044,114.57953877982044,113.0914889651603,114.0835189819336,174466,0.0,0.0
1991-11-05,113.7528793387243,114.0835561186246,112.43017221912314,112.76084899902344,99098,0.0,0.0
1991-11-06,112.09942807467436,113.752810980599,111.4380749123045,113.42213439941406,123683,0.0,0.0
1991-11-07,112.76082809376736,118.0516555912808,112.76082809376736,117.88632202148438,236688,0.0,0.0
1991-11-08,119.37439290353392,119.37439290353392,116.72897848025404,117.2249984741211,273138,0.0,0.0
1991-11-11,117.390332086074,117.55567527703109,116.56364486830113,117.2249984741211,108970,0.0,0.0
1991-11-12,117.55564530288976,118.0516555912808,117.05962543549704,117.88632202148438,156241,0.0,0.0
1991-11-13,117.05964112262514,118.54769134521484,116.72896435971666,118.54769134521484,122781,0.0,0.0
1991-11-14,118.5476878099411,118.87836456298828,118.2170110568939,118.87836456298828,91789,0.0,0.0
1991-11-15,118.87836559023371,119.04369917868463,112.0994873046875,112.0994873046875,234504,0.0,0.0
1991-11-18,112.7607812370442,114.08348756178393,112.43010465585928,113.42213439941406,225060,0.0,0.0
1991-11-19,112.0994441312538,112.5954638635775,109.45403110285828,111.10741424560548,270243,0.0,0.0
1991-11-20,111.6034995776424,111.76884279279572,108.46207427978516,108.46207427978516,158472,0.0,0.0
1991-11-21,108.7927486301856,111.10748653608236,108.7927486301856,110.7768096923828,100475,0.0,0.0
1991-11-22,110.4461054307778,111.27279254530146,109.95008549886124,110.9421157836914,97105,0.0,0.0
1991-11-25,110.77678831962167,112.76084899902344,110.4461115397214,112.76084899902344,91695,0.0,0.0
1991-11-26,113.42218609447826,116.39827668157206,112.76083263067964,115.73692321777344,147983,0.0,0.0
1991-11-27,115.24087327585036,115.57154989402356,114.41417694091795,114.41417694091795,60086,0.0,0.0
1991-11-29,114.41423497063018,114.7449117565192,114.08355818474116,114.2489013671875,23636,0.0,0.0
1991-12-02,113.75210543232086,115.57345779504024,113.58652271232036,115.07672882080078,130328,0.263374,0.0
1991-12-03,114.91120147705078,115.2423574837564,114.7456282701408,114.91120147705078,95824,0.0,0.0
1991-12-04,115.0768104074782,115.73912257128148,114.08334216177327,115.57353973388672,108306,0.0,0.0
1991-12-05,115.24235534667967,115.73909414396934,115.07678214284014,115.24235534667967,89986,0.0,0.0
1991-12-06,114.58006724323502,116.40143042266035,114.248911173602,116.07027435302734,213622,0.0,0.0
1991-12-09,115.90465128645072,117.0637019242554,115.24233937710063,116.56696319580078,130897,0.0,0.0
1991-12-10,116.56700797959164,116.56700797959164,115.40796648937985,115.57353973388672,90033,0.0,0.0
1991-12-11,115.7390573913192,116.23578643798828,114.9111628563608,116.23578643798828,96583,0.0,0.0
1991-12-12,116.5670036610331,117.06374256192638,115.90469152176708,116.07027435302734,79639,0.0,0.0
1991-12-13,116.89809420268855,117.22925008669002,116.56693831868712,116.7325210571289,119127,0.0,0.0
1991-12-16,116.89816616210943,118.88510268922376,115.90469789855226,117.39490509033205,93498,0.0,0.0
1991-12-17,117.89155671157332,121.203125,117.89155671157332,121.203125,154485,0.0,0.0
1991-12-18,120.20971244086746,121.03760735639256,119.54740034560211,120.8720245361328,191410,0.0,0.0
1991-12-19,120.87197675447376,121.53429818080502,120.2096649210256,121.03755950927734,163123,0.0,0.0
1991-12-20,121.86543507087237,121.86543507087237,119.87849028786329,120.37522888183594,354581,0.0,0.0
1991-12-23,120.20974319940264,124.34919965043328,120.20974319940264,124.0180435180664,283816,0.0,0.0
1991-12-24,124.51473870817478,124.51473870817478,123.68684387207033,123.68684387207033,166588,0.0,0.0
1991-12-26,123.68681069682113,125.50817309199395,123.68681069682113,125.34259033203124,107404,0.0,0.0
1991-12-27,125.01149417436515,126.6672746012222,125.01149417436515,126.50170135498048,129616,0.0,0.0
1991-12-30,126.17050808382588,131.13784790039062,126.17050808382588,131.13784790039062,196156,0.0,0.0
1991-12-31,130.80666560876438,131.63456020815343,129.48204192404845,130.3099365234375,182203,0.0,0.0
1992-01-02,129.81323553091536,129.9788183360163,127.49514340970416,128.15745544433594,150024,0.0,0.0
1992-01-03,128.1574977122716,129.647705078125,127.99191485255938,129.647705078125,110062,0.0,0.0
1992-01-06,128.98532799494814,130.9722734961512,128.98532799494814,129.9788055419922,228619,0.0,0.0
1992-01-07,129.64768427357086,129.97884034696554,128.65420646049913,129.4821014404297,141006,0.0,0.0
1992-01-08,128.4886016845703,129.48206966092204,127.82628970033583,128.4886016845703,160276,0.0,0.0
1992-01-09,128.48861146165183,128.98534069118264,126.5016753577565,128.15745544433594,136403,0.0,0.0
1992-01-10,128.32301206153852,128.32301206153852,124.51472315134504,127.16397094726562,168629,0.0,0.0
1992-01-13,126.5016751315922,127.3295603769588,125.83936309814452,125.83936309814452,77029,0.0,0.0
1992-01-14,125.83939222007211,127.82632878023476,125.83939222007211,127.32958984375,113194,0.0,0.0
1992-01-15,127.4951400756836,128.15745209299578,126.5016720497153,127.4951400756836,123873,0.0,0.0
1992-01-16,127.82626488254816,128.81973266601562,127.82626488254816,128.81973266601562,195064,0.0,0.0
1992-01-17,128.6541120221811,129.81316222470767,127.16391558222476,127.66064453125,255340,0.0,0.0
1992-01-20,127.49513536925213,127.49513536925213,125.50819939066248,126.0049285888672,79545,0.0,0.0
1992-01-21,125.50820913400608,126.00493837077244,124.5147410675872,125.6737823486328,107546,0.0,0.0
1992-01-22,125.34263105310848,129.31651306152344,125.34263105310848,129.31651306152344,60133,0.0,0.0
1992-01-23,129.31648957789346,129.9788015268736,125.83934704930536,127.16397094726562,89464,0.0,0.0
1992-01-24,126.83283989658568,126.83283989658568,124.5147476196289,124.5147476196289,104889,0.0,0.0
1992-01-27,124.8458766278707,124.8458766278707,121.36873416885456,121.69989013671876,81585,0.0,0.0
1992-01-28,121.86545003410014,123.02449090754634,121.53429412841795,121.53429412841795,164595,0.0,0.0
1992-01-29,121.865436739109,123.02447748610888,120.8719595375638,121.203125,205079,0.0,0.0
1992-01-30,121.0375782009904,121.86547291709311,120.87199542061605,121.69989013671876,123256,0.0,0.0
1992-01-31,122.03102319049984,122.362179096182,121.3687113791355,121.53429412841795,161699,0.0,0.0
1992-02-03,121.2031715738356,121.36874477579556,119.87853799372886,120.04412078857422,76982,0.0,0.0
1992-02-04,120.0441692539492,123.02457442847476,119.87858639225313,122.85900115966795,159848,0.0,0.0
1992-02-05,122.85891566475154,123.52122746486846,121.86544796457612,122.03102111816406,86189,0.0,0.0
1992-02-06,121.69987134272552,121.69987134272552,120.37524767582916,121.03755950927734,108733,0.0,0.0
1992-02-07,121.03761853720982,121.03761853720982,118.55394315409252,119.0506820678711,123161,0.0,0.0
1992-02-10,119.2162289411018,119.2162289411018,117.3948757101836,118.55391693115234,131135,0.0,0.0
1992-02-11,118.88506324381542,119.21621922179207,118.22275128786212,118.71949005126952,118225,0.0,0.0
1992-02-12,119.21618089593004,120.20964851047805,118.55386915289806,118.88502502441406,119554,0.0,0.0
1992-02-13,118.88506664231448,119.87853460464416,118.55391065487125,119.38180541992188,194020,0.0,0.0
1992-02-14,119.05067545654197,119.05067545654197,117.8916244506836,117.8916244506836,126436,0.0,0.0
1992-02-18,117.8916344256666,118.0572172660368,116.23585398640463,117.39490509033205,134884,0.0,0.0
1992-02-19,117.22927229308917,117.39485506289682,114.58002471923828,114.58002471923828,197770,0.0,0.0
1992-02-20,115.73908233642578,116.89812342371532,115.40792636964524,115.73908233642578,151021,0.0,0.0
1992-02-21,115.90463054258142,116.56694233339516,115.40790149591234,116.23578643798828,158330,0.0,0.0
1992-02-24,116.40139001490536,116.7325459695804,115.24233937710063,116.56696319580078,100854,0.0,0.0
1992-02-25,116.40138933893908,116.40138933893908,113.91771489685743,114.24887084960938,99668,0.0,0.0
1992-02-26,113.9177727810815,114.91124114414131,113.25546053904162,113.4210433959961,203845,0.0,0.0
1992-02-27,115.24235534667967,115.73909414396934,114.24888734498587,115.24235534667967,140057,0.0,0.0
1992-02-28,115.90463256835938,119.2161915803074,115.57347666716458,115.90463256835938,259327,0.0,0.0
1992-03-02,115.90470295603262,117.0654026110173,115.7388832301138,116.56796264648438,100617,0.263374,0.0
1992-03-03,116.89957058495308,117.23120036803216,115.57305145263672,115.57305145263672,98814,0.0,0.0
1992-03-04,115.73886154087128,117.23120036803216,114.57816210339946,115.57305145263672,138871,0.0,0.0
1992-03-05,115.2414160464008,115.90467558019552,113.58326721191406,113.58326721191406,140627,0.0,0.0
1992-03-06,113.9148604224551,114.74392977033752,113.74904078891475,114.41230010986328,162886,0.0,0.0
1992-03-09,114.41237045921768,115.07563018798828,114.41237045921768,115.07563018798828,128239,0.0,0.0
1992-03-10,115.07558769778204,115.24140737205404,114.24651814624838,114.5781478881836,132226,0.0,0.0
1992-03-11,114.74400980654612,115.40726959013142,113.7491201311682,113.9149398803711,146559,0.0,0.0
1992-03-12,113.58329428731126,114.57818382515993,113.41747456103056,114.08073425292967,129189,0.0,0.0
1992-03-13,114.08066322608003,114.7439225050326,113.74903358660376,114.2464828491211,123114,0.0,0.0
1992-03-16,114.41231933104956,115.73883819580078,114.41231933104956,115.73883819580078,71619,0.0,0.0
1992-03-17,115.90466398140512,116.56792344882624,114.74395511011387,114.90977478027344,107546,0.0,0.0
1992-03-18,115.0755901581894,117.39699840136949,114.90978008698104,117.06536865234376,131894,0.0,0.0
1992-03-19,118.0602441126929,119.22095290204328,117.72861440239392,118.55769348144533,83057,0.0,0.0
1992-03-20,118.88926397682503,119.38670349121094,118.22600488657508,119.38670349121094,179829,0.0,0.0
1992-03-23,119.05516451432318,119.05516451432318,117.5628352293102,117.72864532470705,52919,0.0,0.0
1992-03-24,117.7286164929276,117.89443615432552,115.5730281410109,115.73883819580078,70479,0.0,0.0
1992-03-25,116.07043789425016,116.56788714318726,114.08066011171282,114.7439193725586,144234,0.0,0.0
1992-03-26,115.24140737205404,115.24140737205404,114.24651814624838,114.5781478881836,93213,0.0,0.0
1992-03-27,114.41237991475349,114.41237991475349,113.58330998857843,113.9149398803711,137399,0.0,0.0
1992-03-30,114.08067044938902,114.74392977033752,113.74904078891475,114.41230010986328,132653,0.0,0.0
1992-03-31,114.41237045921768,115.90470965225772,113.91493046594589,115.07563018798828,76934,0.0,0.0
1992-04-01,115.0755594308118,115.0755594308118,113.9148604224551,114.41230010986328,144613,0.0,0.0
1992-04-02,114.08063009247412,115.07551872194723,113.58319058103906,113.7490005493164,94305,0.0,0.0
1992-04-03,113.7491201311682,115.73889948192408,113.2516800967858,113.9149398803711,149692,0.0,0.0
1992-04-06,113.91490707832024,114.24653687461937,113.25164748572205,113.4174575805664,155862,0.0,0.0
1992-04-07,113.4174604932924,113.91491000382148,112.92002058937396,113.08583068847656,104177,0.0,0.0
1992-04-08,112.75422283489972,112.9200425728951,110.7644436186301,111.59351348876952,199099,0.0,0.0
1992-04-09,111.92512156831582,114.0807201029241,111.92512156831582,113.08583068847656,114666,0.0,0.0
1992-04-10,113.74908017949262,114.08070995480814,112.42256107823052,113.25164031982422,107357,0.0,0.0
1992-04-13,113.08582778426732,113.58327728202114,112.58838789312384,113.4174575805664,109635,0.0,0.0
1992-04-14,114.0806550669356,116.40206237724053,114.0806550669356,115.24136352539062,179213,0.0,0.0
1992-04-15,115.90466308593751,116.07047314820748,114.5781441613438,115.9046630859375,168344,0.0,0.0
1992-04-16,115.90470965225772,116.0705197811442,114.74400032360298,115.07563018798828,160276,0.0,0.0
1992-04-20,114.08073425292967,114.57818382515993,113.58329428731126,114.08073425292967,94637,0.0,0.0
1992-04-21,114.24653980863732,114.57816961345316,111.7593114692132,113.08583068847656,112910,0.0,0.0
1992-04-22,112.91997041674342,112.91997041674342,112.25670149520496,112.58834075927734,74087,0.0,0.0
1992-04-23,112.91999816894533,113.2516279079156,112.58836842997502,112.91999816894533,145658,0.0,0.0
1992-04-24,113.08581255841476,113.08581255841476,110.764404296875,110.764404296875,133175,0.0,0.0
1992-04-27,110.10117172649528,111.59350117066236,110.10117172649528,111.26187133789062,129331,0.0,0.0
1992-04-28,111.26180050304498,111.42762011716746,110.26691163812596,110.59854125976562,142335,0.0,0.0
1992-04-29,110.93024150511889,111.59350117066236,110.59861167234716,111.26187133789062,137257,0.0,0.0
1992-04-30,112.09089805684374,112.58834737557883,108.7746012872995,110.1011199951172,505459,0.0,0.0
1992-05-01,110.10114479357792,111.7592935518206,109.76951504192938,110.764404296875,392644,0.0,0.0
1992-05-04,110.43274619334764,111.7592648593789,110.10111652683985,111.4276351928711,193593,0.0,0.0
1992-05-05,111.59351348876952,112.25677322752608,111.59351348876952,111.59351348876952,118652,0.0,0.0
1992-05-06,111.92507488932952,112.09089452588672,110.59855622329826,111.4276351928711,134409,0.0,0.0
1992-05-07,111.4276460045622,111.59345605060116,110.26693725585938,110.26693725585938,99905,0.0,0.0
1992-05-08,110.76443139203872,111.4276910575822,110.59861167234716,111.26187133789062,196536,0.0,0.0
1992-05-11,111.096037392964,112.42255643949174,111.096037392964,112.2567367553711,164072,0.0,0.0
1992-05-12,112.92000588524432,113.41744572438756,111.59347723210723,112.2567367553711,186142,0.0,0.0
1992-05-13,112.92001768942292,114.41234696946373,112.58838789312384,113.4174575805664,261462,0.0,0.0
1992-05-14,113.91490817593274,113.91490817593274,111.9251197723554,112.42256927490234,172378,0.0,0.0
1992-05-15,112.42254399518096,112.42254399518096,111.59346487956913,111.9250946044922,232559,0.0,0.0
1992-05-18,112.42255643949174,113.25163564687628,111.92510699373916,112.2567367553711,150309,0.0,0.0
1992-05-19,112.75419085354604,113.4174504041771,112.42256107823052,113.25164031982422,212388,0.0,0.0
1992-05-20,113.9149241332608,114.7439939448288,113.58329428731126,114.08073425292967,230091,0.0,0.0
1992-05-21,113.74910440698014,114.41236409887924,113.58329428731126,114.08073425292967,121642,0.0,0.0
1992-05-22,114.24651531285232,115.90466398140512,114.24651531285232,114.90977478027344,93830,0.0,0.0
1992-05-26,114.74397971255578,114.74397971255578,113.08583068847656,113.08583068847656,177694,0.0,0.0
1992-05-27,113.2516644413617,114.57818382515993,113.2516644413617,114.08073425292967,157286,0.0,0.0
1992-05-28,114.57816667091846,114.57816667091846,113.25164748572205,113.4174575805664,247983,0.0,0.0
1992-05-29,113.41736897899952,113.58318855091612,112.09085083007812,112.09085083007812,195539,0.0,0.0
1992-06-01,112.77514589867228,113.6055908203125,111.94469135448657,113.6055908203125,165686,0.294979,0.0
1992-06-02,113.60563369508549,114.6021737506753,113.60563369508549,113.771728515625,121073,0.0,0.0
1992-06-03,114.10396541172464,114.43614559583692,112.7752446752755,112.94132995605467,138349,0.0,0.0
1992-06-04,113.2734536857876,114.76826858056874,112.94127366723056,114.43608856201172,199431,0.0,0.0
1992-06-05,113.93790840486426,115.76490483642942,113.93790840486426,114.76836395263672,77788,0.0,0.0
1992-06-08,115.26656309632996,116.59528350830078,115.1004778561094,116.59528350830078,156479,0.0,0.0
1992-06-09,116.92742919921876,117.25960920444992,116.42916400264632,116.92742919921876,156479,0.0,0.0
1992-06-10,116.59524919398756,117.0935240131087,116.09698399741517,116.92742919921876,106597,0.0,0.0
1992-06-11,116.42915245524934,116.76133242753504,115.59869771326116,115.93087768554688,181301,0.0,0.0
1992-06-12,116.09698112710832,118.58832629347344,115.76480113008974,117.09352111816406,117371,0.0,0.0
1992-06-15,116.76134400787753,117.9239692149123,116.76134400787753,116.92742919921876,84813,0.0,0.0
1992-06-16,117.09355847406562,117.5918238172789,116.4291982680802,116.59528350830078,111818,0.0,0.0
1992-06-17,116.26313551383714,117.09359081194252,114.93441473491193,115.10050964355467,202801,0.0,0.0
1992-06-18,114.27001190185548,115.1004668915029,114.1039266774564,114.27001190185548,112910,0.0,0.0
1992-06-19,114.43611862325233,114.43611862325233,112.60912322998048,112.60912322998048,266636,0.0,0.0
1992-06-22,112.60909363949564,113.9378137136154,111.94473360243572,113.771728515625,152967,0.0,0.0
1992-06-23,114.27005434544932,115.93095531910583,114.27005434544932,115.10050964355467,165022,0.0,0.0
1992-06-24,116.5952943982682,118.75447008066295,116.5952943982682,118.25619506835938,415283,0.0,0.0
1992-06-25,119.2526357889714,120.74744995383752,118.92045593261716,118.9204559326172,234125,0.0,0.0
1992-06-26,119.0866594335633,119.0866594335633,116.4292181556963,116.76139831542967,149312,0.0,0.0
1992-06-29,116.76140860005376,117.75794916703155,116.76140860005376,117.25967407226562,138966,0.0,0.0
1992-06-30,117.093551515624,119.4188120983912,117.093551515624,117.7579116821289,216137,0.0,0.0
1992-07-01,117.75792967860824,118.92055533639584,117.25965466630468,118.25619506835938,202184,0.0,0.0
1992-07-02,118.75445585048708,119.41881603891424,117.25964061525036,117.4257354736328,169246,0.0,0.0
1992-07-06,117.42575863489644,117.5918439034865,116.5953034242864,116.76139831542967,149265,0.0,0.0
1992-07-07,116.92746361129348,117.75791868005103,116.4291982680802,116.59528350830078,231942,0.0,0.0
1992-07-08,116.76137143237152,117.92399691247964,116.76137143237152,117.7579116821289,150878,0.0,0.0
1992-07-09,117.75794162164834,119.5849277327658,117.5918467265176,119.08666229248048,157048,0.0,0.0
1992-07-10,119.41884879111193,120.24929444313088,118.92057370185736,119.9171142578125,91789,0.0,0.0
1992-07-13,120.9135800961785,121.41184521532712,120.41530535448264,121.2457504272461,195159,0.0,0.0
1992-07-14,121.24580541135958,122.40844058753196,121.07972017050731,122.24235534667967,135264,0.0,0.0
1992-07-15,122.57450774129856,123.90322785794793,122.57450774129856,123.40495300292967,182392,0.0,0.0
1992-07-16,123.23895114937274,124.23549191084652,123.23895114937274,124.06939697265624,151258,0.0,0.0
1992-07-17,124.06933702358305,124.06933702358305,122.90671150824404,123.2388916015625,224443,0.0,0.0
1992-07-20,122.57451154649668,123.23887162544573,122.40841671548456,123.0727767944336,111581,0.0,0.0
1992-07-21,123.23887628509176,124.0693216039022,123.23887628509176,123.90323638916016,206787,0.0,0.0
1992-07-22,124.23540497191304,125.06585021405768,124.0693101499546,124.89976501464844,231799,0.0,0.0
1992-07-23,124.8997650109776,125.06585021038195,123.2388649041879,124.23540496826172,147224,0.0,0.0
1992-07-24,123.90325178819944,123.90325178819944,122.40843655699068,123.2388916015625,124015,0.0,0.0
1992-07-27,122.74062005613632,122.90671491868002,121.07971954345705,121.07971954345705,131182,0.0,0.0
1992-07-28,121.4119549420595,124.06939697265626,121.07977468823488,124.06939697265624,195444,0.0,0.0
1992-07-29,125.23196317741018,126.39458860934316,125.23196317741018,125.3980484008789,247983,0.0,0.0
1992-07-30,126.56072471395522,128.0555307026806,126.3946298137892,127.72335052490234,242810,0.0,0.0
1992-07-31,127.39113323659826,128.71985356063962,127.22504800736856,127.5572280883789,150831,0.0,0.0
1992-08-03,127.22507404600135,127.72333945821931,126.06243871323788,126.72679901123048,115520,0.0,0.0
1992-08-04,126.56068430113072,126.72676952570936,125.73022931058551,125.89632415771484,65259,0.0,0.0
1992-08-05,125.73022453756651,126.39458465576172,125.56413931929288,126.39458465576172,72283,0.0,0.0
1992-08-06,126.39461221524536,127.55724748686676,126.39461221524536,126.56070709228516,89749,0.0,0.0
1992-08-07,126.22852210473752,128.7198681840731,126.22852210473752,127.05896759033205,134077,0.0,0.0
1992-08-10,126.56070317952376,127.05896855013395,126.56070317952376,126.89288330078124,62933,0.0,0.0
1992-08-11,126.56074797575766,128.22164916992188,125.89638749809195,128.22164916992188,197343,0.0,0.0
1992-08-12,127.88946893108904,128.71991471689338,127.5572886922562,128.22164916992188,146085,0.0,0.0
1992-08-13,128.22158334164772,128.7198486328125,128.22158334164772,128.7198486328125,103702,0.0,0.0
1992-08-14,128.7198835379131,130.0486137939503,128.55379827000417,129.5503387451172,120076,0.0,0.0
1992-08-17,128.88588628637416,129.38415135643865,128.71979151465513,129.05197143554688,118368,0.0,0.0
1992-08-18,128.55374052324862,128.71982571655153,127.88938050493928,128.0554656982422,143142,0.0,0.0
1992-08-19,127.88943434399393,128.0555196072156,126.56071374800877,126.72679901123048,104841,0.0,0.0
1992-08-20,126.22850422942278,126.56068430113072,125.89632415771484,125.89632415771484,167964,0.0,0.0
1992-08-21,125.89626289630876,125.89626289630876,124.40144848972776,125.23190307617188,151021,0.0,0.0
1992-08-24,124.23549191084652,124.56767216467112,123.07285621118248,124.06939697265624,199811,0.0,0.0
1992-08-25,124.40157676644678,125.06593727163916,123.73721626125436,124.73375701904295,102136,0.0,0.0
1992-08-26,124.56766047436057,125.23202091966148,124.2354802517101,124.4015655517578,124538,0.0,0.0
1992-08-27,125.23194503601614,126.06239027816078,124.89976501464844,124.89976501464844,116706,0.0,0.0
1992-08-28,124.89978744029617,127.5572280883789,124.89978744029617,127.5572280883789,227148,0.0,0.0
1992-08-31,127.41087187154054,128.4088676530969,126.41287608998418,128.07620239257812,138823,0.294979,0.0
1992-09-01,127.74355930669984,131.4028778076172,127.74355930669984,131.4028778076172,207547,0.0,0.0
1992-09-02,130.5711642395447,132.06815272182368,130.0721616543829,131.90182495117188,304130,0.0,0.0
1992-09-03,131.40282934261637,131.40282934261637,128.74150777806372,129.0741729736328,140389,0.0,0.0
1992-09-04,129.24058227606972,129.4069197970792,127.57725524902344,127.57725524902344,139393,0.0,0.0
1992-09-08,127.24453062260848,127.57719587319164,126.2465348708589,126.41287231445312,112103,0.0,0.0
1992-09-09,126.24649744569004,127.07816514390674,125.24850198979146,126.57916259765624,137162,0.0,0.0
1992-09-10,126.57917861362068,127.24450900173682,125.74752044677734,125.74752044677734,101471,0.0,0.0
1992-09-11,126.41287231445312,127.0782028156195,125.58120436969251,126.41287231445312,89464,0.0,0.0
1992-09-14,127.7436046740564,128.408935546875,126.7456083648285,128.408935546875,228524,0.0,0.0
1992-09-15,127.74352264404295,128.07618786683256,127.07819219846375,127.74352264404295,149644,0.0,0.0
1992-09-16,126.74552299057804,127.57718120310106,126.08019256591795,126.08019256591795,202753,0.0,0.0
1992-09-17,126.0802124754002,126.41287774026182,124.08422088623048,124.08422088623048,144471,0.0,0.0
1992-09-18,124.0841923644787,127.2445068359375,123.5851897635832,127.2445068359375,241624,0.0,0.0
1992-09-21,127.07816121684712,128.5751495361328,127.07816121684712,128.5751495361328,88942,0.0,0.0
1992-09-22,128.5751675895209,128.90783277791675,126.5791764591458,127.2445068359375,105458,0.0,0.0
1992-09-23,127.41084641706766,127.57717419579488,125.74752044677734,125.74752044677734,69625,0.0,0.0
1992-09-24,127.07818292550596,136.06014328540712,125.74752213144652,135.22848510742188,554344,0.0,0.0
1992-09-25,134.39679392553106,137.22445243956992,133.89780103281956,136.06011962890625,744425,0.0,0.0
1992-09-28,135.72752545343727,135.89386292904547,134.3968641950002,135.06219482421875,228050,0.0,0.0
1992-09-29,134.72947831605543,138.7214702111249,134.23048535204893,137.22447204589844,221595,0.0,0.0
1992-09-30,137.05816292067885,142.2144792203686,136.7254976638152,141.05015563964844,348743,0.0,0.0
1992-10-01,141.38276676760313,143.71142267411446,141.38276676760313,141.8817596435547,716565,0.0,0.0
1992-10-02,141.54912782551656,142.04813045550267,139.2204713709909,140.55113220214844,292834,0.0,0.0
1992-10-05,138.38886344876934,139.220521952096,131.4028819104663,138.0561981201172,479308,0.0,0.0
1992-10-06,138.38885342824094,142.7135023875778,138.38885342824094,142.5471649169922,353252,0.0,0.0
1992-10-07,142.21447692817227,148.36878889925856,142.21447692817227,145.3748016357422,421311,0.0,0.0
1992-10-08,146.040109860072,148.3687662653441,140.38480144726825,145.0421142578125,586000,0.0,0.0
1992-10-09,144.0440878036161,144.0440878036161,140.7174365085999,141.8817596435547,273422,0.0,0.0
1992-10-12,142.21449048535035,145.54115295410156,142.21449048535035,145.54115295410156,99573,0.0,0.0
1992-10-13,145.04210172810028,145.7074320721309,142.547108119684,143.71144104003906,267822,0.0,0.0
1992-10-14,143.71143966682658,145.0421003421729,143.37877449799,144.87576293945312,133792,0.0,0.0
1992-10-15,143.8777828868132,143.8777828868132,140.55113084113276,140.71746826171875,230565,0.0,0.0
1992-10-16,141.38282160844727,144.21047148772448,140.21848838525864,144.0441436767578,180162,0.0,0.0
1992-10-19,143.71146429711956,147.03811655563064,143.21246164004063,146.53912353515625,182203,0.0,0.0
1992-10-20,147.70344799949197,149.69943936800615,146.37278708714916,149.53311157226562,277979,0.0,0.0
1992-10-21,149.20044634417994,152.36076119269177,148.70144368374906,149.53311157226562,507452,0.0,0.0
1992-10-22,148.70147202562976,149.3668026086104,146.37281498519755,147.20448303222656,167727,0.0,0.0
1992-10-23,146.87179162759995,147.20445685994392,145.20845582927544,145.70745849609375,218083,0.0,0.0
1992-10-26,145.8737450203148,148.20240083401654,144.04408206267703,147.86973571777344,210442,0.0,0.0
1992-10-27,148.03609536372346,149.53309352776523,147.03809979989677,147.70343017578125,137494,0.0,0.0
1992-10-28,147.0381369962098,148.0361328125,145.54114809007743,148.0361328125,113289,0.0,0.0
1992-10-29,148.70144368374906,149.69943936800615,147.37078277140628,149.53311157226562,79639,0.0,0.0
1992-10-30,149.6994679001007,149.6994679001007,146.53915244924593,147.20448303222656,136071,0.0,0.0
1992-11-02,147.20449971434408,147.3708275606353,145.5411730683941,147.0381622314453,136498,0.0,0.0
1992-11-03,146.37279739024763,146.87180008580302,144.21046843718318,145.3748016357422,140247,0.0,0.0
1992-11-04,145.04207101461222,145.20839874709753,143.87773834081125,144.2104034423828,71666,0.0,0.0
1992-11-05,144.21047370236306,147.20447071179672,143.2124779114204,146.372802734375,206265,0.0,0.0
1992-11-06,146.8717720242274,148.70142573960794,146.8717720242274,147.70343017578125,229094,0.0,0.0
1992-11-09,147.53714338660006,150.53113090982345,147.3708059281179,149.699462890625,161794,0.0,0.0
1992-11-10,150.19845184504402,150.53111709487192,148.53512559590453,149.03411865234375,131514,0.0,0.0
1992-11-11,149.0341458864333,151.19647522375536,148.70148057581503,150.36480712890625,200997,0.0,0.0
1992-11-12,151.52916425067608,153.3588285637464,150.69749602566,153.02615356445312,168866,0.0,0.0
1992-11-13,153.19245770259317,155.35478690744665,153.19245770259317,153.35879516601562,228382,0.0,0.0
1992-11-16,153.02618638341784,153.02618638341784,151.0301937792362,151.8618621826172,126673,0.0,0.0
1992-11-17,151.86182808280188,151.86182808280188,149.53317056747844,150.69749450683594,126199,0.0,0.0
1992-11-18,148.03615995668304,149.3668212890625,147.70349462358817,149.3668212890625,281871,0.0,0.0
1992-11-19,149.0341630997139,149.0341630997139,145.70750960930673,146.20651245117188,209777,0.0,0.0
1992-11-20,148.03613597028715,148.03613597028715,145.87381647383648,146.70547485351562,381396,0.0,0.0
1992-11-23,147.20444269125645,149.36676167506275,146.70544007246804,148.70143127441406,125629,0.0,0.0
1992-11-24,148.53511588800853,150.19844202843703,147.20445497566573,149.53311157226562,202611,0.0,0.0
1992-11-25,150.36473515615305,152.1943983070804,150.36473515615305,152.02806091308594,140627,0.0,0.0
1992-11-27,151.5291967485869,153.19252391873826,151.3628592132665,151.8618621826172,76175,0.0,0.0
1992-11-30,152.38135795658297,154.04672698714472,152.38135795658297,152.7144317626953,224205,0.294979,0.0
1992-12-01,152.38136525205817,153.38058671823438,152.04829142999947,152.5478973388672,204509,0.0,0.0
1992-12-02,152.04826406522045,153.88017458106705,151.2155748357159,153.0474853515625,226579,0.0,0.0
1992-12-03,152.21479612205795,153.88017458106705,152.21479612205795,153.0474853515625,149407,0.0,0.0
1992-12-04,152.54786856812717,155.04592658665084,152.04826275348577,154.87939453125,174656,0.0,0.0
1992-12-07,154.87939400381103,155.2124677619173,153.3805572681133,153.8801727294922,91172,0.0,0.0
1992-12-08,153.71365726186036,156.37824778149937,153.3805834469055,156.2117156982422,124917,0.0,0.0
1992-12-09,155.87859307114806,156.04512510225706,154.71283025963507,155.71205139160156,97864,0.0,0.0
1992-12-10,155.37897768094606,155.87859307114806,154.87937193918157,155.71205139160156,88610,0.0,0.0
1992-12-11,155.2125041667016,157.87709485652633,155.045962424367,155.5455780029297,123778,0.0,0.0
1992-12-14,155.21244631322233,157.54396229777583,155.21244631322233,156.71127319335938,167964,0.0,0.0
1992-12-15,157.54402711672006,160.04207616087623,157.37748536794086,159.2093963623047,210204,0.0,0.0
1992-12-16,159.37586288999194,159.8754782823293,156.5447411615386,156.71127319335938,233745,0.0,0.0
1992-12-17,157.37750543705567,159.04287489501175,157.37750543705567,158.8763427734375,209255,0.0,0.0
1992-12-18,159.7090352214612,160.3751830569617,158.54328133355702,159.37596130371094,348933,0.0,0.0
1992-12-21,159.37587036960306,161.7073961120141,159.20933832996684,160.37509155273438,189512,0.0,0.0
1992-12-22,160.20855464821497,161.20777580100398,159.87548093061864,160.70816040039062,159042,0.0,0.0
1992-12-23,161.04130806191824,161.54092369193577,159.54248046875,159.54248046875,131799,0.0,0.0
1992-12-24,158.54328128499898,158.87635520264723,158.04366558430488,158.37673950195312,77836,0.0,0.0
1992-12-28,158.0435261129484,158.3765997366635,157.21084687787814,158.21006774902344,84386,0.0,0.0
1992-12-29,158.70975721854614,161.37434761616822,157.87707754350927,158.04360961914062,89986,0.0,0.0
1992-12-30,158.37667353553545,158.70974731445312,157.37745219878238,158.70974731445312,91742,0.0,0.0
1992-12-31,157.7105995287146,157.87714132006275,154.54640197753906,154.54640197753906,97580,0.0,0.0
1993-01-04,156.54478613312895,156.71131821279042,153.88019567102296,154.71287536621094,197105,0.0,0.0
1993-01-05,154.8793967136301,155.0459287713775,149.88328060618332,150.2163543701172,229948,0.0,0.0
1993-01-06,150.88252556479333,152.5478946456855,150.7159934809244,151.38214111328125,267537,0.0,0.0
1993-01-07,152.5478946456855,152.714436377995,150.88252556479333,151.38214111328125,182060,0.0,0.0
1993-01-08,151.71524278789565,153.0475382972497,151.54870102500522,151.88177490234375,114381,0.0,0.0
1993-01-11,151.88169304997248,151.88169304997248,151.04901362959654,151.21554565429688,119364,0.0,0.0
1993-01-12,151.5486682340821,152.21481584462327,150.8825206235409,151.7152099609375,88989,0.0,0.0
1993-01-13,152.21478817947693,153.8801665515864,152.21478817947693,152.8809356689453,131562,0.0,0.0
1993-01-14,153.8802462928969,155.3790740966797,153.71370451000803,155.3790740966797,110964,0.0,0.0
1993-01-15,155.3790003458914,156.5447633274528,153.7136315496886,154.87939453125,292549,0.0,0.0
1993-01-18,154.71293412044326,154.87947591179145,153.88025410903433,154.54640197753906,67300,0.0,0.0
1993-01-19,155.04595380535943,155.5455693561485,153.38058471679688,153.38058471679688,104414,0.0,0.0
1993-01-20,154.3798081844106,154.54634991966032,152.38136525205817,152.5478973388672,155672,0.0,0.0
1993-01-21,152.3814569704067,152.54798915745138,151.04916088026317,151.54876708984375,111438,0.0,0.0
1993-01-22,152.21486393106474,152.21486393106474,149.8833465576172,149.8833465576172,146227,0.0,0.0
1993-01-25,150.882566314464,153.88024111810864,150.882566314464,153.7136993408203,232986,0.0,0.0
1993-01-26,153.71362485500006,154.87938778578902,152.71440362079747,152.8809356689453,218273,0.0,0.0
1993-01-27,153.88019567102296,155.5455647098392,153.71365394292118,154.71287536621094,120836,0.0,0.0
1993-01-28,154.5462988890642,157.21088858569675,154.0466834967268,156.71127319335938,160560,0.0,0.0
1993-01-29,157.87705993652344,158.2101336990807,156.7112969433536,157.87705993652344,122402,0.0,0.0
1993-02-01,158.54324866407083,159.70900231175932,158.37670691529163,159.2093963623047,119981,0.0,0.0
1993-02-02,159.0428378266993,163.03973324267525,158.5432319299776,162.70664978027344,224016,0.0,0.0
1993-02-03,162.54013966818135,167.70278930664062,162.04052405548578,167.70278930664062,307737,0.0,0.0
1993-02-04,168.86850448794064,170.36733160178423,168.70195313327503,169.20156860351562,257428,0.0,0.0
1993-02-05,169.03512576783237,169.03512576783237,166.20400210357576,167.03668212890625,140295,0.0,0.0
1993-02-08,166.20397372895738,166.20397372895738,164.871678197125,165.20474243164062,109208,0.0,0.0
1993-02-09,164.70506764516705,167.70274116390934,164.70506764516705,167.5362091064453,108780,0.0,0.0
1993-02-10,167.20316835625383,169.03507934640112,166.5370206595533,168.70199584960938,102278,0.0,0.0
1993-02-11,168.70188561342536,168.8684369014318,165.70423258549403,166.8699951171875,95491,0.0,0.0
1993-02-12,166.03739634097988,166.2039477290684,163.87242126464844,163.87242126464844,72283,0.0,0.0
1993-02-16,162.54013927283472,162.54013927283472,154.87944053485603,155.878662109375,373850,0.0,0.0
1993-02-17,155.87863474529271,158.21015134321203,155.0459454218158,158.04360961914062,262601,0.0,0.0
1993-02-18,159.5424437444533,160.54166512604027,155.21248442424306,156.8778533935547,176507,0.0,0.0
1993-02-19,157.0443954114091,158.54323240292632,156.0451739665445,156.2117156982422,194685,0.0,0.0
1993-02-22,155.5455524917596,155.5455524917596,146.71909245513052,150.38290405273438,384434,0.0,0.0
1993-02-23,151.88175200924047,152.38136757416248,147.2187184293593,151.049072265625,389559,0.0,0.0
1993-02-24,151.54865739336242,155.87862620058502,151.38212532685978,155.2124786376953,193688,0.0,0.0
1993-02-25,157.54396490744426,161.04123411798696,156.21167003705892,160.70816040039062,273233,0.0,0.0
1993-02-26,162.20705353199224,162.70664978027344,160.8747486277066,162.70664978027344,259421,0.0,0.0
1993-03-01,163.22688175092148,163.5603282309891,160.55922297473973,161.22613525390625,112625,0.294979,0.0
1993-03-02,161.22610627953634,163.2268524169922,161.22610627953634,163.2268524169922,174894,0.0,0.0
1993-03-03,163.39356413768726,165.72776619066556,163.0601177409912,163.8937530517578,181016,0.0,0.0
1993-03-04,163.39360386223888,164.56070517247585,163.2268806233568,164.39398193359375,115235,0.0,0.0
1993-03-05,164.2272630925937,165.06091804545892,162.72671508789062,162.72671508789062,149027,0.0,0.0
1993-03-08,163.0601609596033,165.06089782714844,162.55997191295913,165.06089782714844,161699,0.0,0.0
1993-03-09,165.22755828031228,165.72774713687593,164.89409260292845,165.56100463867188,145230,0.0,0.0
1993-03-10,164.7274320230418,165.227621069686,163.72707324878502,165.06089782714844,158235,0.0,0.0
1993-03-11,165.227621069686,165.56106755476105,164.7274320230418,165.06089782714844,97485,0.0,0.0
1993-03-12,163.22685630628672,164.06049169553572,162.726667345126,163.560302734375,130280,0.0,0.0
1993-03-15,163.89379649132255,165.227621069686,162.72669515549666,165.06089782714844,135643,0.0,0.0
1993-03-16,165.060895728878,166.56144353070383,164.8941531694285,165.89453125,71666,0.0,0.0
1993-03-17,165.56106392479956,166.06125296047696,164.2272393756805,164.39398193359375,140769,0.0,0.0
1993-03-18,164.72743373092428,167.56180615957524,163.89379819056194,166.2279815673828,297865,0.0,0.0
1993-03-19,166.39474293041766,167.06165530186348,165.39436471373196,166.89491271972656,248790,0.0,0.0
1993-03-22,164.06045532226562,164.89409052669228,163.3935432949195,164.06045532226562,114001,0.0,0.0
1993-03-23,164.89411727033385,165.22758299760264,162.39321125144008,163.72703552246094,121690,0.0,0.0
1993-03-24,162.72665758568294,168.39542039445735,162.72665758568294,166.06121826171875,249455,0.0,0.0
1993-03-25,166.06123333928545,166.3946990966797,165.06087470516047,166.3946990966797,122876,0.0,0.0
1993-03-26,166.39470662821293,168.56216653278028,166.061240855725,167.3950653076172,77314,0.0,0.0
1993-03-29,168.06201845171498,170.56294473767215,168.06201845171498,169.72930908203125,95112,0.0,0.0
1993-03-30,169.7292463743451,169.8959695800693,167.39504421809693,167.89523315429688,84765,0.0,0.0
1993-03-31,168.7288738730314,172.89708938201312,168.22868492090913,170.3961639404297,229711,0.0,0.0
1993-04-01,170.39612601245025,173.23049724520212,170.39612601245025,171.396484375,185999,0.0,0.0
1993-04-02,170.896312727725,170.896312727725,169.2290230521807,169.89593505859375,166683,0.0,0.0
1993-04-05,170.22940072131198,171.0630358995724,169.72921188674633,169.89593505859375,143000,0.0,0.0
1993-04-06,169.5624865811091,169.89595227762422,168.22866243309937,168.72885131835938,135121,0.0,0.0
1993-04-07,168.72885315767516,171.39650148277474,168.72885315767516,170.5628662109375,158757,0.0,0.0
1993-04-08,170.89637186323455,172.8971085747914,170.22945962604896,171.06309509277344,145468,0.0,0.0
1993-04-12,172.06339638970772,173.89740925990984,170.7295723602923,171.396484375,179972,0.0,0.0
1993-04-13,171.7300014220454,172.23019041248446,170.8963659839999,171.5632781982422,156241,0.0,0.0
1993-04-14,172.23018987716372,174.23092651367188,171.7300008882793,174.23092651367188,144661,0.0,0.0
1993-04-15,174.23084858000968,175.8981187051466,172.73028228456158,175.06448364257812,244139,0.0,0.0
1993-04-16,174.73111510564425,175.39802739003542,173.3972905368619,174.89785766601562,361747,0.0,0.0
1993-04-19,174.56439186430433,175.39802739003542,174.06420282125308,174.89785766601562,135501,0.0,0.0
1993-04-20,173.7307380647722,173.7307380647722,168.7288867984405,171.5632781982422,209350,0.0,0.0
1993-04-21,171.89679384162935,172.39698303341586,167.5618530445416,168.06204223632812,205980,0.0,0.0
1993-04-22,166.89484574716212,169.56249416245544,166.56139935476355,167.72850036621094,147936,0.0,0.0
1993-04-23,166.89485360097092,167.5617657361781,165.5610293305566,166.06121826171875,117703,0.0,0.0
1993-04-26,164.7273252377587,164.89404837221713,156.8911060899825,158.39166259765625,277267,0.0,0.0
1993-04-27,157.72477423491077,162.5598907470703,157.05786227871712,162.5598907470703,280874,0.0,0.0
1993-04-28,162.05981934920086,162.22654262927114,159.39216959193303,160.05908203125,237495,0.0,0.0
1993-04-29,163.3935697208901,168.7288668025474,163.22684651684511,166.06121826171875,232511,0.0,0.0
1993-04-30,167.7285175532232,168.89559936523438,166.72813963546716,168.89559936523438,178406,0.0,0.0
1993-05-03,169.06227577061972,172.39683532714844,168.22862139222204,172.39683532714844,189701,0.0,0.0
1993-05-04,172.06345902240426,173.8974725602043,171.89673578779443,173.23056030273438,230613,0.0,0.0
1993-05-05,172.5636417531668,176.39839192355228,172.5636417531668,176.06492614746094,342715,0.0,0.0
1993-05-06,175.73147969039957,177.06530415670497,174.8978442287162,176.06492614746094,359754,0.0,0.0
1993-05-07,175.39793335185828,175.39793335185828,172.73028564453125,172.73028564453125,128192,0.0,0.0
1993-05-10,173.39728925364972,174.5643905724551,172.8971195333314,173.0638427734375,159801,0.0,0.0
1993-05-11,172.5635584752197,173.06374723845417,171.72992341584268,172.39683532714844,152539,0.0,0.0
1993-05-12,171.89664656391398,173.06374723845417,171.39645780067949,172.39683532714844,187091,0.0,0.0
1993-05-13,171.56324399236263,171.56324399236263,169.8959541296626,170.5628662109375,206692,0.0,0.0
1993-05-14,170.22951614787155,170.39623943276808,167.72858959827778,168.56222534179688,91837,0.0,0.0
1993-05-17,168.56220330785808,168.56220330785808,166.7281894566236,166.89491271972656,147366,0.0,0.0
1993-05-18,166.22802807913573,168.5622314281146,165.7278582063864,168.06204223632812,188183,0.0,0.0
1993-05-19,168.06202757728292,171.73005557172758,167.22839187637658,170.22950744628906,219412,0.0,0.0
1993-05-20,170.39619679932207,170.8963858478999,167.3950818268868,169.22909545898438,173565,0.0,0.0
1993-05-21,168.22870076029236,169.8959909846725,166.56142985494202,167.3950653076172,239393,0.0,0.0
1993-05-24,167.56175785098543,168.39541247003424,166.72812255096284,167.72850036621094,124063,0.0,0.0
1993-05-25,167.89531894541167,168.5622314281146,166.89494056183867,168.06204223632812,86854,0.0,0.0
1993-05-26,168.06196690496486,172.8970947265625,167.72852047259457,172.8970947265625,142430,0.0,0.0
1993-05-27,173.0637704559986,174.731040798427,171.7299464544466,173.397216796875,130185,0.0,0.0
1993-05-28,172.749658152293,173.75111452725272,170.41295884381208,171.581298828125,118463,0.294979,0.0
1993-06-01,172.58273058819563,174.08489559653145,171.5812743560702,173.58416748046875,130518,0.0,0.0
1993-06-02,174.25183990213583,175.5871023021577,173.75113100702032,174.41876220703125,107879,0.0,0.0
1993-06-03,173.58423086720984,173.58423086720984,172.41589062289725,173.41732788085938,75036,0.0,0.0
1993-06-04,173.41723192810502,173.91795994996008,172.2488729903928,172.91650390625,65781,0.0,0.0
1993-06-07,172.91656930459337,172.91656930459337,167.74242291483716,168.0762481689453,169103,0.0,0.0
1993-06-08,166.9079413506657,167.9093980885049,165.9065039526886,167.07484436035156,201709,0.0,0.0
1993-06-09,167.4086739527196,171.41446232564343,167.4086739527196,170.41302490234375,167442,0.0,0.0
1993-06-10,169.9122707516168,170.57990204585016,168.5770081631501,169.5784454345703,124965,0.0,0.0
1993-06-11,170.57991200176124,171.58134933163043,170.41300900342648,171.24754333496094,151828,0.0,0.0
1993-06-14,172.24893652636672,173.08348998390915,171.24749945311387,171.91513061523438,107214,0.0,0.0
1993-06-15,172.08201865146836,172.4158438735142,170.91365938408907,171.08058166503906,84291,0.0,0.0
1993-06-16,170.91366769143687,172.24892996481313,170.57986179302034,171.581298828125,119459,0.0,0.0
1993-06-17,171.91512638760008,172.08202933906188,170.57986409619508,171.41439819335938,116801,0.0,0.0
1993-06-18,170.91367536028525,171.58130652692978,168.91078186035156,168.91078186035156,274467,0.0,0.0
1993-06-21,169.57844315564262,173.41732788085938,169.57844315564262,173.41732788085938,138254,0.0,0.0
1993-06-22,173.58423086720984,175.58712472299345,172.91659958194862,173.41732788085938,199621,0.0,0.0
1993-06-23,173.25032903410292,174.0848628439622,172.91650390625,172.91650390625,159137,0.0,0.0
1993-06-24,172.41587495078733,174.41876862451363,172.41587495078733,174.25184631347656,176602,0.0,0.0
1993-06-25,174.41874995583524,174.58565290915047,171.74822534336954,172.08203125,87660,0.0,0.0
1993-06-28,171.74817076139425,174.2517722850387,171.74817076139425,174.08486938476562,99526,0.0,0.0
1993-06-29,173.75112727943787,173.9180302408957,172.74967083097783,173.08349609375,94115,0.0,0.0
1993-06-30,173.08348531981937,173.58419417302522,172.082028933697,172.24893188476562,85382,0.0,0.0
1993-07-01,172.91654239257883,176.92232877929652,172.74963946142884,175.58706665039062,227480,0.0,0.0
1993-07-02,175.25336580746898,175.25336580746898,173.91810287841594,174.91954040527344,124490,0.0,0.0
1993-07-06,175.5871373308287,178.09075966529284,171.24754333496094,171.24754333496094,199336,0.0,0.0
1993-07-07,171.414384077194,175.92089877453324,171.414384077194,175.08636474609375,187186,0.0,0.0
1993-07-08,175.0864175802748,178.2576710531287,175.0864175802748,177.75694274902344,276223,0.0,0.0
1993-07-09,178.09071770596142,178.75834888186287,176.9223583131698,178.59144592285156,103702,0.0,0.0
1993-07-12,178.92524457354983,180.26050672679185,178.59141936531267,179.9266815185547,90413,0.0,0.0
1993-07-13,179.75982198071856,181.2619874307948,178.92528776843824,180.0936279296875,110726,0.0,0.0
1993-07-14,180.0935844527466,181.7626718142258,179.75977858436278,179.9266815185547,101756,0.0,0.0
1993-07-15,179.75975836120534,183.2648162841797,179.42593319052384,183.2648162841797,62459,0.0,0.0
1993-07-16,183.26485204795904,183.26485204795904,180.59432752076404,180.76123046875,128145,0.0,0.0
1993-07-19,181.0950162728257,182.09645308254284,181.0950162728257,181.92955017089844,50309,0.0,0.0
1993-07-20,182.2633952194248,182.43029814927868,181.09503603074165,181.59576416015625,110014,0.0,0.0
1993-07-21,181.76273999170232,181.929642988498,178.2576803596908,180.2605743408203,129806,0.0,0.0
1993-07-22,180.42759704589844,182.93122101835468,179.42613972096655,180.42759704589844,93973,0.0,0.0
1993-07-23,180.92809156677285,185.1007798943496,180.76116933538503,184.6000518798828,126721,0.0,0.0
1993-07-26,184.60006520258904,185.26769615677864,181.9295413858308,183.097900390625,111296,0.0,0.0
1993-07-27,183.0979292085472,183.0979292085472,181.59576416015625,181.59576416015625,53631,0.0,0.0
1993-07-28,181.2619874307948,181.7627156941061,179.75982198071856,180.0936279296875,83104,0.0,0.0
1993-07-29,180.26047128587305,185.10079080475927,180.26047128587305,184.09933471679688,247414,0.0,0.0
1993-07-30,184.5166889480289,184.5166889480289,181.2619843024636,184.0159606933593,108053,0.0,1.5
1993-08-02,184.26626314357628,189.02313137145512,184.01588944325624,188.2720489501953,236862,0.0,0.0
1993-08-03,188.52247067064144,192.02754900870187,188.27211622071871,191.02609252929688,175257,0.0,0.0
1993-08-04,191.5268325454089,193.27935248233925,190.77574980960188,191.2764587402344,136434,0.0,0.0
1993-08-05,190.52538423151924,193.7800891204636,190.52538423151924,192.2779235839844,111027,0.0,0.0
1993-08-06,192.5282467740144,193.2793294202021,191.5268096923828,191.5268096923828,130613,0.0,0.0
1993-08-09,191.7771548811576,192.0275286443855,189.7742614746093,189.7742614746093,129948,0.0,0.0
1993-08-10,188.77280175669708,193.279296875,188.27207363026807,193.279296875,220820,0.0,0.0
1993-08-11,192.7786636261684,193.78010093157351,191.026124166884,192.52828979492188,106534,0.0,0.0
1993-08-12,193.02912506262223,193.2794796927139,190.0247728021672,191.77731323242188,127322,0.0,0.0
1993-08-13,192.27793938682763,193.02902221679688,191.026128223592,193.02902221679688,85303,0.0,0.0
1993-08-16,193.02902785709705,198.0362726563509,193.02902785709705,195.7830047607422,122955,0.0,0.0
1993-08-17,195.7829181672924,198.28653945958465,193.279296875,193.279296875,137637,0.0,0.0
1993-08-18,194.0304652478883,195.0319025041846,190.024658203125,190.024658203125,106819,0.0,0.0
1993-08-19,190.2750215391111,191.2764587402344,188.27212779700625,191.2764587402344,196330,0.0,0.0
1993-08-20,191.52678345453225,192.27786599782675,190.27497276909023,192.0275115966797,141212,0.0,0.0
1993-08-23,191.77723244544765,191.77723244544765,188.7729007904511,190.52542114257807,110014,0.0,0.0
1993-08-24,190.0246675216186,192.7786636261684,188.02177357094803,192.52828979492188,131783,0.0,0.0
1993-08-25,192.7786316983271,193.27934059817247,190.27500983967167,191.02609252929688,103813,0.0,0.0
1993-08-26,191.02609252929688,193.5297143879523,189.7742815999692,191.02609252929688,65085,0.0,0.0
1993-08-27,190.7757580475052,192.2779235839844,190.2750297553924,192.2779235839844,62364,0.0,0.0
1993-08-30,192.22786886215204,192.4784844775532,190.7241170896486,191.97723388671875,69641,0.316049,0.0
1993-08-31,192.47837591120617,194.9846080917203,192.47837591120617,194.2327423095703,188009,0.0,0.0
1993-09-01,193.9820668703509,194.9845672767173,193.23020124558465,194.7339324951172,112704,0.0,0.0
1993-09-02,194.2326893806399,194.48330478638945,193.23018903760985,193.4808044433593,78595,0.0,0.0
1993-09-03,191.97718960134617,193.2303061093469,190.7240730933454,192.9796905517578,97263,0.0,0.0
1993-09-07,191.4757924252426,197.49075479923985,191.4757924252426,195.73638916015625,104193,0.0,0.0
1993-09-08,195.7365410073692,196.7390226073921,194.4834244873196,195.2352905273437,147730,0.0,0.0
1993-09-09,194.48337213384647,198.99458651963408,194.2327566413115,197.7414703369141,195666,0.0,0.0
1993-09-10,198.24273681640625,199.7464686140456,197.24023604463056,198.24273681640625,192596,0.0,0.0
1993-09-13,197.9921331772317,199.99711567705023,197.9921331772317,198.7440185546875,87929,0.0,0.0
1993-09-14,197.99206311679885,199.7464294433593,197.74144765301324,199.7464294433593,162316,0.0,0.0
1993-09-15,199.49577945636565,200.999510698896,197.2401632325532,200.49826049804688,156463,0.0,0.0
1993-09-16,200.2476522183355,200.2476522183355,197.7414204847363,198.4932861328125,94511,0.0,0.0
1993-09-17,196.4884011423747,199.2452496596217,196.4884011423747,198.7440185546875,330075,0.0,0.0
1993-09-20,198.2428312659005,198.2428312659005,195.9872131347656,195.9872131347656,81411,0.0,0.0
1993-09-21,195.98714569290192,195.98714569290192,190.47344879863687,194.48341369628903,189812,0.0,0.0
1993-09-22,196.488427672463,196.488427672463,193.2303282503423,194.9846954345703,166082,0.0,0.0
1993-09-23,195.2352905273437,195.7365410073692,193.4809235272688,195.2352905273437,103908,0.0,0.0
1993-09-24,194.73406048823497,195.98717713982217,194.232829315624,194.9846954345703,102389,0.0,0.0
1993-09-27,195.4858703604263,199.9970653293391,195.4858703604263,199.495834350586,100744,0.0,0.0
1993-09-28,199.4958139795737,200.247679730951,198.7439482281965,199.7464294433593,72552,0.0,0.0
1993-09-29,198.9945856362353,199.49583597910265,196.7389687733436,197.2402191162109,81696,0.0,0.0
1993-09-30,197.240187640808,197.9920533551157,194.9845904978848,196.7389373779297,93403,0.0,0.0
1993-10-01,196.48833213926025,197.2401978926472,193.9821000546233,196.2377166748047,108053,0.0,0.0
1993-10-04,195.9872131347656,196.98971438416635,195.48598187009867,195.9872131347656,87075,0.0,0.0
1993-10-05,196.48845389164416,197.4909550906984,188.46852173934008,188.9697723388672,250942,0.0,0.0
1993-10-06,190.2227193205437,192.72895097557364,189.9721038990475,191.2252197265625,289290,0.0,0.0
1993-10-07,191.72659161847832,191.97720719904024,189.9722244744568,190.72409057617188,64199,0.0,0.0
1993-10-08,190.72402867879043,191.9771448949737,188.2177962464238,190.2227783203125,138618,0.0,0.0
1993-10-11,190.72400649892649,190.97464132903,188.4684091881205,188.71902465820312,126373,0.0,0.0
1993-10-12,188.46841673384924,189.2202825342204,185.2103186922264,186.71405029296875,148743,0.0,0.0
1993-10-13,186.96463836270624,186.96463836270624,184.7090412922797,185.46090698242188,158488,0.0,0.0
1993-10-14,185.96226958679927,186.46352013642047,183.456036198724,185.2104034423828,278153,0.0,0.0
1993-10-15,186.46340747595733,186.96463836270624,185.46090698242188,185.46090698242188,252524,0.0,0.0
1993-10-18,185.7115998827196,185.9622154044951,182.70411682128903,182.70411682128903,128746,0.0,0.0
1993-10-19,183.45593866475176,185.21030497570536,182.7040729200632,183.70657348632807,210284,0.0,0.0
1993-10-20,183.70663012632613,183.95724566515148,179.44603044611222,179.94728088378906,194748,0.0,0.0
1993-10-21,180.19784966814044,181.2003502833834,178.94473357909726,179.44598388671875,196298,0.0,0.0
1993-10-22,180.44852612698816,183.2053744148116,179.44602528049293,180.1978912353516,241386,0.0,0.0
1993-10-25,181.45102179372336,182.2028878073397,177.94230727683785,178.4435577392578,168455,0.0,0.0
1993-10-26,178.9447702899002,180.19788663602216,176.18792207244192,176.43853759765625,221896,0.0,0.0
1993-10-27,175.43602339086945,178.19287109375,172.92979116642476,178.19287109375,342763,0.0,0.0
1993-10-28,179.4460008767538,181.7015984345799,178.192884669065,180.4485015869141,275843,0.0,0.0
1993-10-29,180.9497325819712,180.9497325819712,178.94475052167368,180.4485015869141,399748,0.0,0.0
1993-11-01,180.44846109957328,180.44846109957328,177.19036356260844,177.44097900390625,238380,0.0,0.0
1993-11-02,177.94222643483926,177.94222643483926,170.67416579184078,172.4285125732422,391173,0.0,0.0
1993-11-03,172.42857870266866,172.92982912960107,165.91238123262437,167.666748046875,480621,0.0,0.0
1993-11-04,167.66668895259238,170.67417109417127,167.66668895259238,168.669189453125,372252,0.0,0.0
1993-11-05,168.66918613095658,174.6841309356229,168.66918613095658,173.43101501464844,280336,0.0,0.0
1993-11-08,172.92970758465856,176.93966946163468,172.6790922273521,175.68655395507812,167347,0.0,0.0
1993-11-09,177.44104442792835,178.69416081648936,174.93481165080627,176.68917846679688,190223,0.0,0.0
1993-11-10,176.6891724828957,176.93978800811007,175.1854406115594,176.43853759765625,164183,0.0,0.0
1993-11-11,176.43852516737215,176.6891600349541,173.43106163657856,173.93231201171875,176681,0.0,0.0
1993-11-12,174.4335427407732,178.19289150812378,173.4310613521606,177.94227600097656,134663,0.0,0.0
1993-11-15,177.6916723656143,178.94478884165065,175.93732478718508,178.4435577392578,171998,0.0,0.0
1993-11-16,178.69412141064322,179.19537172753647,176.93975498152764,178.19287109375,119443,0.0,0.0
1993-11-17,178.19278496819123,178.19278496819123,174.68407316584018,175.68655395507812,196457,0.0,0.0
1993-11-18,175.4359973934678,177.69159444520406,174.93474715085352,177.44097900390625,305617,0.0,0.0
1993-11-19,177.19033813476562,179.44593486281067,176.43845319873475,177.19033813476562,215061,0.0,0.0
1993-11-22,175.68661205639137,176.43847773697237,170.67416773251202,173.43101501464844,264769,0.0,0.0
1993-11-23,174.43343206431547,175.68654752500842,172.92970125548854,174.68406677246094,166493,0.0,0.0
1993-11-24,174.9348123702094,174.9348123702094,171.67671361855724,172.67921447753906,145863,0.0,0.0
1993-11-26,172.92976477425495,173.43101501464844,172.92976477425495,173.43101501464844,47619,0.0,0.0
1993-11-29,174.1335888206111,175.63906072461506,172.6280975341797,172.6280975341797,106882,0.316049,0.0
1993-11-30,172.62814911608345,175.38820760804262,172.62814911608345,172.8790740966797,110647,0.0,0.0
1993-12-01,175.63911272127143,176.64275449358564,172.3772430419922,172.3772430419922,175257,0.0,0.0
1993-12-02,172.8790546016127,176.39182949193545,172.8790546016127,174.1336212158203,111280,0.0,0.0
1993-12-03,175.8899245851918,177.89722644254158,175.1371888114885,176.89358520507812,116880,0.0,0.0
1993-12-06,178.39910604651263,181.41006935571764,177.64637006481843,180.65733337402344,192185,0.0,0.0
1993-12-07,181.41010948347784,183.91924289909548,179.653712216059,180.4064483642578,161620,0.0,0.0
1993-12-08,180.15542874850289,180.15542874850289,177.64629692100945,178.39903259277344,136023,0.0,0.0
1993-12-09,178.39909962401282,181.1591379183376,177.89726919347356,179.90457153320312,171113,0.0,0.0
1993-12-10,180.4064005778088,180.6573254823645,176.89362635587509,177.6463623046875,87993,0.0,0.0
1993-12-13,177.14459319376192,178.14825439453125,176.89368758478662,178.14825439453125,122418,0.0,0.0
1993-12-14,178.14829468400777,178.65012539788495,175.89006616277968,176.1409912109375,214713,0.0,0.0
1993-12-15,176.1408494313748,177.39541551502128,175.38811365767148,176.89358520507812,161905,0.0,0.0
1993-12-16,177.1445765248432,177.39550149264107,174.38453755609223,176.6427459716797,166366,0.0,0.0
1993-12-17,176.89361637896326,178.39908819167852,175.1372196758446,177.39544677734375,243728,0.0,0.0
1993-12-20,177.646418007596,179.90462656211835,177.14458742355765,177.89732360839844,98149,0.0,0.0
1993-12-21,178.14823763117022,178.39914321653583,176.6427459716797,176.6427459716797,145990,0.0,0.0
1993-12-22,177.8973548907859,179.65375255255736,177.1446185735801,178.90101623535156,124538,0.0,0.0
1993-12-23,178.1481497801126,178.64998008580608,175.63901763406773,175.88992309570312,124443,0.0,0.0
1993-12-27,177.897251872516,177.897251872516,175.13721384692226,177.14451599121094,107072,0.0,0.0
1993-12-28,177.14451599121094,177.897251872516,175.8899497282273,177.14451599121094,100902,0.0,0.0
1993-12-29,176.6426603588951,176.89358520507812,175.8899245851918,176.89358520507812,168898,0.0,0.0
1993-12-30,176.39175489513497,177.14449066883827,176.39175489513497,176.89358520507812,82139,0.0,0.0
1993-12-31,176.89372759053404,177.39555830441122,175.89006616277968,176.1409912109375,96251,0.0,0.0
1994-01-03,176.14095031616137,176.6427615310942,174.8863835139613,175.38821411132812,232337,0.0,0.0
1994-01-04,174.88635088622783,175.13725644688398,172.37721774994512,173.380859375,225914,0.0,0.0
1994-01-05,173.38087326869768,173.38087326869768,168.6135315571927,170.62083435058594,399621,0.0,0.0
1994-01-06,171.62451031707133,171.87541591958518,170.1190185546875,170.1190185546875,219428,0.0,0.0
1994-01-07,171.12257827298356,173.63171034022056,170.36984252929688,170.36984252929688,249170,0.0,0.0
1994-01-10,172.12630805928111,176.14091322803466,170.36991102954022,174.6354217529297,234425,0.0,0.0
1994-01-11,174.63545156652404,174.88637654642747,171.37358188724482,172.3772430419922,274198,0.0,0.0
1994-01-12,172.62816928718777,173.63183056198113,171.12269675743318,172.12635803222656,193767,0.0,0.0
1994-01-13,171.87545219477408,171.87545219477408,169.36631811033573,169.86814880371094,141307,0.0,0.0
1994-01-14,170.11904448155752,172.1263671373272,169.8681388408046,171.3736114501953,140674,0.0,0.0
1994-01-17,171.37353115336722,173.12992796299014,169.61715372617172,172.6280975341797,127037,0.0,0.0
1994-01-18,172.87900096152762,172.87900096152762,170.36986851163417,171.1226043701172,186332,0.0,0.0
1994-01-19,171.37353115336722,173.12992796299014,170.87172010698418,172.6280975341797,210758,0.0,0.0
1994-01-20,172.87895807822403,178.39903259277344,172.87895807822403,178.39903259277344,418447,0.0,0.0
1994-01-21,178.39918099646945,180.9083149112188,176.3918777411572,180.15557861328125,489196,0.0,0.0
1994-01-24,179.90460735624336,182.16283505212007,178.90096567774478,179.65370178222656,278374,0.0,0.0
1994-01-25,180.15547728042844,181.1591186523437,179.90455240063054,181.1591186523437,238918,0.0,0.0
1994-01-26,182.66465286394563,184.4210305246323,182.41372792496887,183.4173889160156,182946,0.0,0.0
1994-01-27,185.9264765639757,185.9264765639757,184.17007995018653,185.17372131347656,184750,0.0,0.0
1994-01-28,185.92650715114507,187.4319791349612,183.16644933757755,183.9192047119141,226072,0.0,0.0
1994-01-31,183.66837667527545,185.9266052246093,182.66473461746816,185.9266052246093,176428,0.0,0.0
1994-02-01,185.9266052246093,187.6829836713817,185.42477450448644,185.9266052246093,162918,0.0,0.0
1994-02-02,185.92653642397,185.92653642397,182.4137420654297,182.4137420654297,156938,0.0,0.0
1994-02-03,182.91557115660183,182.91557115660183,178.90096567774478,179.65370178222656,176365,0.0,0.0
1994-02-04,179.90452829989135,181.41001922972083,176.6426603588951,176.89358520507812,243316,0.0,0.0
1994-02-07,176.1408746102794,178.90091263587314,175.63904422860082,177.14451599121094,160323,0.0,0.0
1994-02-08,177.39551240679356,180.4064571461567,177.14458742355765,177.89732360839844,115204,0.0,0.0
1994-02-09,177.64636366941767,180.90823239428167,177.3954581453618,179.90457153320312,136561,0.0,0.0
1994-02-10,179.65370178222656,181.15917399119013,178.65006010372798,179.65370178222656,119507,0.0,0.0
1994-02-11,179.9045039363014,180.4063341782841,177.8972023507907,178.39903259277344,91663,0.0,0.0
1994-02-14,177.89729946652045,179.15186606514635,176.39182730114177,178.65005493164062,158583,0.0,0.0
1994-02-15,179.4027414058856,181.6609490295141,178.90091102871523,181.1591186523437,129315,0.0,0.0
1994-02-16,181.9119206606554,181.9119206606554,179.653712216059,180.4064483642578,87518,0.0,0.0
1994-02-17,180.90816442026687,181.4099946622496,176.8935612492455,178.39903259277344,183357,0.0,0.0
1994-02-18,178.65002315805563,179.6536646289964,177.6463623046875,177.6463623046875,150420,0.0,0.0
1994-02-22,177.64629692100945,178.90086283475617,177.64629692100945,178.39903259277344,92580,0.0,0.0
1994-02-23,178.39915419243678,180.15555154535423,177.14458742355765,177.89732360839844,99035,0.0,0.0
1994-02-24,176.6427615310942,178.14825332319458,175.13728912142776,175.38821411132812,136972,0.0,0.0
1994-02-25,176.1408746102794,177.897251872516,174.1335724659907,177.14451599121094,155640,0.0,0.0
1994-02-28,177.84797022774305,179.10396038990206,176.34078979492188,176.34078979492188,102800,0.316049,0.0
1994-03-01,176.34078754642397,177.34556802068488,174.0799975215951,174.5823974609375,159437,0.0,0.0
1994-03-02,173.32630920410156,173.82870885906257,170.3119306787484,173.32630920410156,199621,0.0,0.0
1994-03-03,173.07515073083718,173.07515073083718,170.81436157226562,170.81436157226562,181649,0.0,0.0
1994-03-04,172.070445560105,172.3216552734375,171.06566492005626,172.3216552734375,176523,0.0,0.0
1994-03-07,172.57272423292383,173.07512390188512,170.06074529253078,170.3119354248047,237938,0.0,0.0
1994-03-08,170.31197140872283,170.31197140872283,164.28323232066126,166.5440216064453,344123,0.0,0.0
1994-03-09,166.54406305025884,168.3024335940792,165.2880730021458,167.2976531982422,329157,0.0,0.0
1994-03-10,168.55364756161995,168.55364756161995,166.29285765536738,166.79525756835938,207974,0.0,0.0
1994-03-11,167.04640890420774,168.55360829203676,166.79521870844542,168.05120849609375,158456,0.0,0.0
1994-03-14,167.80001134201032,169.05600107757536,166.5440216064453,166.5440216064453,147192,0.0,0.0
1994-03-15,167.79995743717933,171.06552581971866,167.79995743717933,168.30233764648438,262902,0.0,0.0
1994-03-16,168.80479296778404,171.56796264848575,168.05120300072153,171.3167724609375,148363,0.0,0.0
1994-03-17,170.8144006398,170.8144006398,169.05603023032208,169.30722045898438,144155,0.0,0.0
1994-03-18,169.5583456235695,170.814335093766,168.55356569006034,170.3119354248047,294701,0.0,0.0
1994-03-21,169.05600808797976,169.30719828374208,167.80001830033143,168.05120849609375,110078,0.0,0.0
1994-03-22,168.55360829203676,169.05600808797976,167.54880870015074,168.05120849609375,175954,0.0,0.0
1994-03-23,168.55364324635525,168.55364324635525,167.2976531982422,167.2976531982422,155609,0.0,0.0
1994-03-24,167.5487479281155,169.5583269785696,167.04634831439913,168.30233764648438,118652,0.0,0.0
1994-03-25,168.05117794306273,170.81434721175572,167.0463785338572,167.79998779296875,127796,0.0,0.0
1994-03-28,167.54880729946788,170.5631866455078,166.79521731406246,170.5631866455078,177377,0.0,0.0
1994-03-29,170.81436984836904,172.82394952867824,169.05599975585938,169.05599975585938,149913,0.0,0.0
1994-03-30,168.30242690049383,171.06561653910066,165.79046630859375,165.79046630859375,197153,0.0,0.0
1994-03-31,166.79521048775064,170.81436984836904,165.5392207620052,169.05599975585938,220662,0.0,0.0
1994-04-04,166.29282983009728,170.5631992693471,166.0416396178436,168.8048095703125,219649,0.0,0.0
1994-04-05,171.31678931052775,171.81918913945472,167.8000293168782,168.8048095703125,201646,0.0,0.0
1994-04-06,169.55841068764667,170.31200077805448,167.29764041642326,169.30722045898438,156716,0.0,0.0
1994-04-07,169.30715549129556,171.3167347627273,167.79997588882512,170.3119354248047,126689,0.0,0.0
1994-04-08,169.8096092281665,169.8096092281665,167.5488197002049,168.8048095703125,167569,0.0,0.0
1994-04-11,169.0559605890921,173.57749926892782,168.30235140470657,173.0751190185547,162095,0.0,0.0
1994-04-12,174.3311197802021,175.3358997506453,173.0751302638375,173.82872009277344,186775,0.0,0.0
1994-04-13,174.07998657226562,175.5871862954926,173.3263964128635,174.07998657226562,232907,0.0,0.0
1994-04-14,172.82390954914055,174.83348876457163,171.81912964363144,173.32630920410156,247873,0.0,0.0
1994-04-15,172.8238976893225,177.34545546485967,172.8238976893225,175.08468627929688,209208,0.0,0.0
1994-04-18,175.08484345679332,178.09920507693545,173.82885298025778,174.3312530517578,201741,0.0,0.0
1994-04-19,172.8238976893225,177.0942653568232,172.8238976893225,175.08468627929688,304193,0.0,0.0
1994-04-20,175.3359569803183,176.34075668314236,174.07996705399847,174.83355712890625,221484,0.0,0.0
1994-04-21,175.58716660823455,175.58716660823455,173.0751867555949,174.83355712890625,166873,0.0,0.0
1994-04-22,174.5823669054105,174.83355712890625,174.07996705399847,174.83355712890625,92929,0.0,0.0
1994-04-25,174.83353629652413,178.3503154329442,174.07994631141074,178.09910583496094,130296,0.0,0.0
1994-04-26,178.35028080247443,179.35506078605363,176.34070143090156,178.60147094726562,141307,0.0,0.0
1994-04-28,177.84793424144772,178.09912446128325,170.5632044175944,172.823974609375,205474,0.0,0.0
1994-04-29,172.070362428,172.8239523950625,168.5536027802358,171.3167724609375,176270,0.0,0.0
1994-05-02,171.81917224045176,172.070362428,170.56318249387502,171.3167724609375,114444,0.0,0.0
1994-05-03,171.56809417549306,171.56809417549306,169.05613216104467,170.0609130859375,130929,0.0,0.0
1994-05-04,169.0560842355317,172.82403589124831,167.80009388215043,172.3216552734375,262997,0.0,0.0
1994-05-05,174.33113000933744,178.09907937510704,173.5775207317682,177.34548950195312,230502,0.0,0.0
1994-05-06,175.83836187222815,179.3551221240811,174.0799720440911,178.350341796875,240595,0.0,0.0
1994-05-09,176.8432146003999,176.8432146003999,173.07526257522224,174.3312530517578,112546,0.0,0.0
1994-05-10,174.83354455285345,177.0943340193752,173.57755471687895,176.59193420410156,209429,0.0,0.0
1994-05-11,176.59186573633872,177.84785508534412,174.5822866588124,175.08468627929688,126436,0.0,0.0
1994-05-12,175.58716660823455,175.58716660823455,174.07996705399847,174.83355712890625,86759,0.0,0.0
1994-05-13,175.58708589978136,175.58708589978136,173.07510720177055,175.08468627929688,61668,0.0,0.0
1994-05-16,175.58710444142025,179.103863347351,175.335894902445,177.0942840576172,172853,0.0,0.0
1994-05-17,178.85268666248652,183.1230356976453,178.35028695116927,182.62063598632807,399684,0.0,0.0
1994-05-18,183.6254605647309,186.891030029037,183.12306078458727,185.88623046875,448822,0.0,0.0
1994-05-19,185.38383759075865,187.3934173817349,185.13264739354352,186.8910369873047,277014,0.0,0.0
1994-05-20,187.39345661707023,187.39345661707023,184.88149590572428,185.6350860595703,228540,0.0,0.0
1994-05-23,185.886311130964,186.38871112911545,184.37913054093576,185.3839111328125,137668,0.0,0.0
1994-05-24,185.13263917669343,188.90060839419493,185.13263917669343,188.6493988037109,214745,0.0,0.0
1994-05-25,188.1470665131769,190.4078369787745,186.89107645303736,190.1566467285156,146180,0.0,0.0
1994-05-26,189.6542291199028,191.4126189208421,188.1470489501953,188.1470489501953,171366,0.0,0.0
1994-05-27,186.5878967356107,188.09668798477225,185.58202295272773,186.83935546875,194337,0.316049,0.0
1994-05-31,185.8335170481984,187.84524536132807,185.0791213589204,187.84524536132807,95966,0.0,0.0
1994-06-01,188.34826071310465,192.37171901449685,186.08505327783865,191.3658447265625,145167,0.0,0.0
1994-06-02,190.86273350169424,190.86273350169424,188.0966108705417,189.3539428710937,116311,0.0,0.0
1994-06-03,188.59969169047287,190.35996172153853,188.0967546208585,188.8511505126953,74007,0.0,0.0
1994-06-06,188.5996410506062,189.1025779851797,186.83937149218104,187.84524536132807,100269,0.0,0.0
1994-06-07,186.8393915405644,191.8687225756321,186.8393915405644,191.6172637939453,120741,0.0,0.0
1994-06-08,190.8628909611874,192.12022399902344,189.60557734852227,192.12022399902344,197754,0.0,0.0
1994-06-09,192.37172533644053,194.8863917137437,188.8511846381468,192.6231842041016,115520,0.0,0.0
1994-06-10,192.1201813573188,192.3716595641721,191.11432680540523,191.6172637939453,58662,0.0,0.0
1994-06-13,189.1025897075323,190.86283994990976,189.1025897075323,190.1084442138672,49834,0.0,0.0
1994-06-14,190.1084739535725,191.8687438964844,189.6055563343138,191.8687438964844,104256,0.0,0.0
1994-06-15,191.36582253215133,193.3775514495292,191.36582253215133,192.8746337890625,143205,0.0,0.0
1994-06-16,192.3716770084741,194.8863427540383,191.36580294018103,194.1319274902344,132258,0.0,0.0
1994-06-17,193.8804511046258,194.3833880931659,191.11432680540523,191.6172637939453,258061,0.0,0.0
1994-06-20,189.3540515855709,189.8569885595756,187.34232311471817,189.60552978515625,157760,0.0,0.0
1994-06-21,189.35406560311017,190.3599396255826,185.33060836355548,187.5937957763672,127607,0.0,0.0
1994-06-22,188.59962487621365,188.85108360935297,186.3364380024714,186.83935546875,67426,0.0,0.0
1994-06-23,187.34233954657697,188.3482135828119,185.3306108992749,186.0850067138672,73628,0.0,0.0
1994-06-24,185.5820311024558,185.83350927180143,179.54684641561525,179.79832458496094,138333,0.0,0.0
1994-06-27,180.04987945223684,181.0557538162975,178.03815014928958,180.8042755126953,187281,0.0,0.0
1994-06-28,179.7983410392483,180.0497998064426,177.0321974742839,179.0439453125,196931,0.0,0.0
1994-06-29,179.04393575681652,181.55858157004755,179.04393575681652,181.0556640625,120867,0.0,0.0
1994-06-30,181.0557310819747,181.3071899288283,173.7631914211602,174.26612854003906,181870,0.0,0.0
1994-07-01,175.27193264331444,177.7865978063022,175.02045447191733,177.28366088867188,160798,0.0,0.0
1994-07-05,177.7865963560141,181.05565715619807,177.7865963560141,179.79832458496094,108274,0.0,0.0
1994-07-06,179.79828787682038,180.30120526250724,177.78656005859375,177.78656005859375,111438,0.0,0.0
1994-07-07,178.03805510019606,180.04978332914288,177.7865963560141,179.79832458496094,77614,0.0,0.0
1994-07-08,179.7983519662972,180.5527477388931,179.04395619370132,180.30126953125,92580,0.0,0.0
1994-07-11,180.80422369894475,181.0557019304799,179.04397320404135,180.55276489257807,108432,0.0,0.0
1994-07-12,180.3012350989333,180.3012350989333,178.0380482133488,178.54098510742188,107989,0.0,0.0
1994-07-13,178.79248046875,179.54687625182137,177.53514768857545,178.79248046875,109666,0.0,0.0
1994-07-14,179.2954759804051,182.3130600975038,179.2954759804051,181.3072052001953,119886,0.0,0.0
1994-07-15,181.0557019304799,181.0557019304799,179.04397320404135,180.55276489257807,144693,0.0,0.0
1994-07-18,181.0557331411339,185.5821089870076,179.5469217673375,184.8277130126953,135643,0.0,0.0
1994-07-19,185.07919167061084,186.08504649671823,184.0733174193316,185.8335876464844,148584,0.0,0.0
1994-07-20,186.08498708515577,186.08498708515577,182.31298898490624,183.31886291503903,105237,0.0,0.0
1994-07-21,183.3189407329884,183.82187791154905,181.3072114439197,182.5645446777344,154659,0.0,0.0
1994-07-22,183.3188243103259,183.82176116948,181.81003315802545,182.81588745117188,73185,0.0,0.0
1994-07-25,182.56447510665376,184.3247448482312,182.31299690061897,183.82180786132807,64547,0.0,0.0
1994-07-26,183.31885333506904,185.8335186038228,182.31297945750168,185.33058166503903,98529,0.0,0.0
1994-07-27,184.57625416298183,185.8335872618929,183.06746221435728,184.8277130126953,149439,0.0,0.0
1994-07-28,185.3305642195885,188.59962487621365,185.3305642195885,186.83935546875,92707,0.0,0.0
1994-07-29,188.3481970627276,193.126049752857,188.3481970627276,189.60552978515625,282962,0.0,0.0
1994-08-01,188.599652741782,191.3657769156601,188.599652741782,190.1084442138672,142035,0.0,0.0
1994-08-02,190.61136089157253,191.1142978037919,188.5996326678588,189.10256958007807,127290,0.0,0.0
1994-08-03,189.1024842410453,189.3539428710937,187.0907569251929,189.3539428710937,88436,0.0,0.0
1994-08-04,188.85109286849263,189.10257103912448,186.58790588378903,186.58790588378903,86063,0.0,0.0
1994-08-05,185.8335552579433,185.8335552579433,182.815952455209,185.5820770263672,112008,0.0,0.0
1994-08-08,185.8335186038228,185.8335186038228,184.8276447262554,185.33058166503903,69673,0.0,0.0
1994-08-09,185.5821128020688,188.85117504140624,185.0791950923032,188.59971618652344,91473,0.0,0.0
1994-08-10,188.09679155653225,192.1202500531756,188.09679155653225,191.1143951416016,106566,0.0,0.0
1994-08-11,191.3657769156601,191.6172551111181,189.6055266732826,190.1084442138672,91536,0.0,0.0
1994-08-12,190.6114579732277,192.8746655183232,189.35412476488,191.1143951416016,102073,0.0,0.0
1994-08-15,191.11430629830943,191.61724323288303,187.34230842675456,187.84524536132807,75368,0.0,0.0
1994-08-16,187.84526008872285,190.8628430824189,185.8335316178701,189.60552978515625,119538,0.0,0.0
1994-08-17,190.3599864462197,190.86290415598523,188.59971618652344,188.59971618652344,140389,0.0,0.0
1994-08-18,187.0908427998889,187.8452384614568,186.33644713832103,186.58790588378903,104003,0.0,0.0
1994-08-19,186.8393730562254,186.8393730562254,184.8276447262554,185.33058166503903,140105,0.0,0.0
1994-08-22,184.57628642031827,185.330682526472,183.31895310167025,185.0792236328125,99257,0.0,0.0
1994-08-23,185.07911456065327,187.8452384614568,184.5761776445535,186.58790588378903,108717,0.0,0.0
1994-08-24,187.34238306176505,189.10265332146128,186.8394459268272,188.59971618652344,94447,0.0,0.0
1994-08-25,189.1025982764115,193.62899232293907,188.09672429933133,191.6172637939453,199905,0.0,0.0
1994-08-26,192.6231555336588,194.3834256208033,192.37169670342544,192.8746337890625,124253,0.0,0.0
1994-08-29,192.3509749487966,194.11335930464747,189.5815277099609,189.5815277099609,97580,0.363457,0.0
1994-08-30,190.0850139849315,191.8473978318595,188.0708693520837,191.34385681152344,97580,0.0,0.0
1994-08-31,191.3438719652118,191.5956327710701,188.32264505242247,189.3297271728516,118905,0.0,0.0
1994-09-01,188.070854445566,188.5743954259913,186.5602509527848,186.81201171875,86854,0.0,0.0
1994-09-02,187.56734617276547,188.826189119096,185.5532013483364,185.80496215820312,70052,0.0,0.0
1994-09-06,186.0566719811221,187.31551445089275,183.03544616397423,185.5531311035156,110426,0.0,0.0
1994-09-07,184.29435536429645,187.8191038868248,184.29435536429645,187.31558227539065,108401,0.0,0.0
1994-09-08,186.30837940989187,186.81192014348136,183.28717390532552,183.7906951904297,102294,0.0,0.0
1994-09-09,183.28719652820664,183.53895720183323,181.27305279373107,182.5318756103516,292834,0.0,0.0
1994-09-12,183.5391167972283,183.5391167972283,182.0285125449562,182.2802734375,114286,0.0,0.0
1994-09-13,182.53187410529875,186.05664019793363,182.53187410529875,183.53895568847656,148964,0.0,0.0
1994-09-14,183.28717390532552,184.04247528146712,181.27303041945285,183.7906951904297,106755,0.0,0.0
1994-09-15,183.53889885645447,187.0636444091797,183.53889885645447,187.0636444091797,142857,0.0,0.0
1994-09-16,185.80496215820312,187.06380510453363,185.3014405384696,185.80496215820312,259516,0.0,0.0
1994-09-19,185.8048616099354,186.81194320141705,182.5318756103516,182.5318756103516,119127,0.0,0.0
1994-09-20,181.52480288508136,183.79070716108907,179.76241992697325,180.2659606933593,222655,0.0,0.0
1994-09-21,180.517731875876,184.0424979975741,179.25890905925544,182.5318756103516,213796,0.0,0.0
1994-09-22,183.0354967097873,183.28727694236588,179.76250927423624,181.27313232421875,96314,0.0,0.0
1994-09-23,180.7696015064011,182.53196599140057,180.7696015064011,181.0213623046875,167063,0.0,0.0
1994-09-26,180.7695913075579,183.0354967097873,180.51781107497936,181.27313232421875,107768,0.0,0.0
1994-09-27,181.77666414804403,182.02844439482777,180.0142996630446,181.0213623046875,128398,0.0,0.0
1994-09-28,182.0284425686964,184.7978891160527,181.2731407329172,184.04258728027344,127923,0.0,0.0
1994-09-29,183.7908088798272,185.04965176825388,181.0213623046875,181.0213623046875,117134,0.0,0.0
1994-09-30,181.52484128815124,181.77660200036303,178.7553956598585,179.0071563720703,100586,0.0,0.0
1994-10-03,180.01417740712895,180.7694787375256,178.50355529785156,178.50355529785156,151337,0.0,0.0
1994-10-04,178.75550152879265,180.5178664550271,177.24487801537452,177.4966583251953,136561,0.0,0.0
1994-10-05,177.24484964103723,178.50369264311198,176.4895477294922,176.4895477294922,162728,0.0,0.0
1994-10-06,177.49655068695446,178.00009155273438,176.48946895539467,178.00009155273438,113558,0.0,0.0
1994-10-07,178.00006885314278,179.76243248589003,177.24474792655056,179.2589111328125,76792,0.0,0.0
1994-10-10,179.25887409300083,180.5176966640753,179.0070940199988,180.01417541503906,78057,0.0,0.0
1994-10-11,180.7696015064011,184.0425891266109,179.76251941626083,181.0213623046875,137225,0.0,0.0
1994-10-12,181.5248783222116,181.5248783222116,177.74835017761632,178.75543212890625,97295,0.0,0.0
1994-10-13,180.01423811789897,181.77660200036303,178.7553956598585,179.0071563720703,148236,0.0,0.0
1994-10-14,180.01433606543023,180.76963806152344,178.5037126247425,180.76963806152344,95270,0.0,0.0
1994-10-17,180.26612795163564,182.2802734375,179.76258671804337,182.2802734375,104730,0.0,0.0
1994-10-18,182.2802407116697,183.7908446927343,181.5249387211374,183.28732299804688,65370,0.0,0.0
1994-10-19,182.53197329578256,184.54613755666392,182.2802124874215,184.2943572998047,105173,0.0,0.0
1994-10-20,183.7908070360156,184.2943480760341,183.03550520023632,184.04258728027344,112356,0.0,0.0
1994-10-21,184.0425964914436,184.79789836502505,183.28729461786216,184.2943572998047,117134,0.0,0.0
1994-10-24,183.53901015624348,186.05669541285883,181.02132489962813,181.7766265869141,157349,0.0,0.0
1994-10-25,180.26605029089703,183.53903772644816,180.26605029089703,181.27313232421875,119285,0.0,0.0
1994-10-26,182.0284812045126,182.0284812045126,180.76963806152344,180.76963806152344,70654,0.0,0.0
1994-10-27,180.76953889524103,182.28014205874305,180.5177587356636,182.02838134765625,102674,0.0,0.0
1994-10-28,182.2801161055976,190.84023189413264,182.2801161055976,190.08493041992188,194337,0.0,0.0
1994-10-31,190.08511306690733,190.58865434971463,188.32272830133527,188.5745086669922,104193,0.0,0.0
1994-11-01,188.0708100941869,189.3296525241392,186.8119676642347,188.32257080078125,86031,0.0,0.0
1994-11-02,189.83319338581808,191.59555722895897,188.32257080078125,188.32257080078125,170163,0.0,0.0
1994-11-03,188.57431818917496,190.08492106323905,188.07077741499128,189.83316040039065,74039,0.0,0.0
1994-11-04,190.0850688757044,191.5956729244325,189.32976685134025,189.5815277099609,99668,0.0,0.0
1994-11-07,189.329730260947,189.329730260947,187.8191070556641,187.8191070556641,92644,0.0,0.0
1994-11-08,187.81894563844355,188.0707256805192,186.8118838155856,187.0636444091797,92422,0.0,0.0
1994-11-09,189.32965851282768,190.0849601049919,185.5531311035156,185.5531311035156,140801,0.0,0.0
1994-11-10,186.0567484894188,187.8191131130061,185.5532074047515,187.56735229492188,191805,0.0,0.0
1994-11-11,187.56718504484945,189.07778750337715,185.8048025442461,187.0636444091797,114792,0.0,0.0
1994-11-14,187.5674261013777,189.0780305012929,187.31566518422733,188.5745086669922,61351,0.0,0.0
1994-11-15,188.07088731412705,190.0850321393393,186.5602835573424,187.8191070556641,103686,0.0,0.0
1994-11-16,188.32254734777155,190.33669109516285,188.32254734777155,190.08493041992188,106407,0.0,0.0
1994-11-17,189.83316040039065,190.84022250027104,188.32253807783968,189.83316040039065,150578,0.0,0.0
1994-11-18,189.8331697446809,190.33669109516285,188.5743274715004,190.08493041992188,183421,0.0,0.0
1994-11-21,190.3366492348132,190.3366492348132,184.2942193215385,184.7977600097656,93403,0.0,0.0
1994-11-22,184.0426263435949,185.04968918888545,180.76963806152344,180.76963806152344,129568,0.0,0.0
1994-11-23,180.26602786533667,185.04961830728303,179.2589654057924,184.5460968017578,229015,0.0,0.0
1994-11-25,184.54599938989384,185.3013006979928,184.54599938989384,184.7977600097656,39772,0.0,0.0
1994-11-28,185.02974402753952,187.8026652346291,184.27349455950585,187.29849243164065,124126,0.363457,0.0
1994-11-29,187.2985918220491,188.05484169138845,185.2819190128414,187.80276489257807,143079,0.0,0.0
1994-11-30,187.55065315231752,187.55065315231752,184.02146178902547,184.525634765625,119696,0.0,0.0
1994-12-01,185.0297626930264,186.29018509119783,184.52558983917783,185.533935546875,95080,0.0,0.0
1994-12-02,185.5338876999648,188.8109811955083,185.5338876999648,188.3068084716797,172631,0.0,0.0
1994-12-05,189.06306243695136,192.59223264412648,188.55888970081327,191.8359832763672,180510,0.0,0.0
1994-12-06,191.836127103578,193.8528000872149,191.33195398944127,193.6007232666016,159595,0.0,0.0
1994-12-07,192.34029245417327,193.8527922626236,192.0882156437347,193.09654235839844,122449,0.0,0.0
1994-12-08,192.8444281678672,193.60067792550427,190.071505898896,191.3319091796875,194716,0.0,0.0
1994-12-09,191.58400754033707,193.60068007405184,190.82775777430723,192.0881805419922,151400,0.0,0.0
1994-12-12,192.088146974391,192.8443966082654,191.5839740608406,192.59230041503903,132321,0.0,0.0
1994-12-13,192.34022602952183,192.59230275290585,191.07980346679688,191.07980346679688,227939,0.0,0.0
1994-12-14,191.33193001959955,194.35694885253903,191.0798532305661,194.35694885253903,278406,0.0,0.0
1994-12-15,193.85274597239405,196.1215146162179,192.84441949850924,195.36526489257807,287234,0.0,0.0
1994-12-16,195.61727705310025,197.12977600097656,195.1131042461754,197.12977600097656,361811,0.0,0.0
1994-12-19,196.37357518434305,196.87774811619147,195.61732552302183,196.62567138671875,157823,0.0,0.0
1994-12-20,195.86932306908187,199.14641659192296,195.86932306908187,198.39016723632807,178421,0.0,0.0
1994-12-21,197.88601880125063,201.6672855163172,197.88601880125063,199.9027099609375,190129,0.0,0.0
1994-12-22,198.89437924170903,199.90272489689207,196.3735345766503,197.6339569091797,168328,0.0,0.0
1994-12-23,198.1381595609175,199.6506587984576,196.87773703866685,198.8944091796875,116975,0.0,0.0
1994-12-27,199.6505720979901,201.9193394419648,199.6505720979901,201.1630706787109,57238,0.0,0.0
1994-12-28,201.1631127263955,203.1797844131848,199.14644103960617,199.9027099609375,116659,0.0,0.0
1994-12-29,199.9027411606613,200.40689455637096,198.3902225548305,198.642318725586,86822,0.0,0.0
1994-12-30,199.1464559190553,199.90272489689207,196.121457899304,197.6339569091797,72204,0.0,0.0
1995-01-03,196.3734518479205,198.13804626464844,194.10470428889104,198.13804626464844,108970,0.0,0.0
1995-01-04,198.1381838910052,199.6506833142704,195.3652617907176,195.86941528320312,149850,0.0,0.0
1995-01-05,195.61729431152344,195.61729431152344,193.85269906805345,195.61729431152344,166588,0.0,0.0
1995-01-06,195.3652176222705,196.6256400143349,194.8610447708648,195.61729431152344,137415,0.0,0.0
1995-01-09,196.62568446774003,196.62568446774003,194.60899260618072,195.86941528320312,158203,0.0,0.0
1995-01-10,196.6256899007041,199.1465158514976,194.8610942095344,197.88609313964844,187882,0.0,0.0
1995-01-11,198.64232302880023,201.91941753640816,198.39022685258368,200.9110717773437,255814,0.0,0.0
1995-01-12,201.1630706787109,202.6755887323252,200.4068213883505,201.1630706787109,220693,0.0,0.0
1995-01-13,202.9277095132526,206.70897626108777,201.9193833975685,206.20480346679688,311439,0.0,0.0
1995-01-16,206.4568832378932,213.0110712437246,206.2048065733989,212.2548217773437,305459,0.0,0.0
1995-01-17,210.2381145275025,212.2547859214777,209.2297885669624,211.2464599609375,288373,0.0,0.0
1995-01-18,210.74237068196047,210.9944474036749,207.21319921344767,208.47360229492188,152919,0.0,0.0
1995-01-19,207.2131597972561,207.7173131447845,201.6672977183556,203.93606567382807,241133,0.0,0.0
1995-01-20,203.43196362589825,203.93613662172345,201.41529111550287,201.91946411132807,277741,0.0,0.0
1995-01-23,201.1632111809577,201.41530743574984,199.650711543833,200.6590576171875,266509,0.0,0.0
1995-01-24,201.16308030082743,202.6755984267891,200.9110036829477,201.4151763916016,219966,0.0,0.0
1995-01-25,201.16317089017485,204.94443869854703,200.911094158778,202.6756896972656,151622,0.0,0.0
1995-01-26,203.17992281270625,206.45701897010187,202.92784598248767,204.94451904296875,194210,0.0,0.0
1995-01-27,206.2048065733989,212.75899457923032,205.1964804425237,212.2548217773437,320108,0.0,0.0
1995-01-30,212.2547859214777,212.2547859214777,210.49021062230867,211.2464599609375,126531,0.0,0.0
1995-01-31,211.24659841857635,213.76744418151023,208.7257526556424,209.9861755371093,163266,0.0,0.0
1995-02-01,210.2381697731933,210.9944193105469,205.1964996998693,205.70065307617188,192945,0.0,0.0
1995-02-02,205.7005864157617,206.2047591015792,203.4318385389232,205.9526824951172,207974,0.0,0.0
1995-02-03,207.2132405275192,215.5320076775129,206.20489449381344,213.5153350830078,340358,0.0,0.0
1995-02-06,212.7589586381952,214.0193806935416,210.99436386613144,211.2464599609375,213100,0.0,0.0
1995-02-07,211.75070260277045,214.0194710493921,211.75070260277045,212.7590484619141,186142,0.0,0.0
1995-02-08,212.506924899239,215.5319228641856,212.0027520807817,215.27984619140625,260118,0.0,0.0
1995-02-09,214.01951821586167,214.5236912565451,209.73407657941303,211.4986724853516,195855,0.0,0.0
1995-02-10,210.2381816667869,210.74235454451133,208.7256825065146,209.7340087890625,176048,0.0,0.0
1995-02-13,209.48186436512552,209.9860370798604,206.9610202643456,208.97769165039065,128461,0.0,0.0
1995-02-14,209.2299454722697,211.75077200048085,208.22159928265776,210.99452209472656,112134,0.0,0.0
1995-02-15,211.24659841857635,212.5070213000433,209.9861755371093,209.9861755371093,135928,0.0,0.0
1995-02-16,209.986128225719,210.2382049560547,207.7173597610854,210.2382049560547,127005,0.0,0.0
1995-02-17,210.23830715283188,211.4987303630079,207.96955705826264,208.2216339111328,157222,0.0,0.0
1995-02-21,208.72563334614048,209.2298061051189,203.17977194317,203.68394470214844,185920,0.0,0.0
1995-02-22,203.17980830306,208.22149784928376,201.6673092283528,205.70065307617188,223351,0.0,0.0
1995-02-23,208.9777927003013,211.49863802002025,208.9777927003013,209.2298889160156,327923,0.0,0.0
1995-02-24,209.482010313318,210.4903564453125,208.4736641813234,210.4903564453125,176808,0.0,0.0
1995-02-27,210.2177570242735,210.97484088233992,208.4512150258632,209.7130279541016,101788,0.363457,0.0
1995-02-28,209.71298706290747,210.47007077335283,206.9370069598148,209.46063232421875,98814,0.0,0.0
1995-03-01,208.45123179632563,208.9559609071044,207.44179306915268,207.94650268554688,93720,0.0,0.0
1995-03-02,208.1988220214844,209.4606347181074,207.44173830238643,208.1988220214844,128556,0.0,0.0
1995-03-03,207.694121135636,208.1988501814282,205.9275792225542,207.1893920898437,89037,0.0,0.0
1995-03-06,206.432357788086,206.9370869549544,204.6658154512396,206.432357788086,125645,0.0,0.0
1995-03-07,205.9276047201245,205.9276047201245,202.89926905917235,204.41343688964844,266541,0.0,0.0
1995-03-08,204.9180623855165,205.6751459179516,202.6467922938369,203.65625,182946,0.0,0.0
1995-03-09,203.6563098118624,203.6563098118624,202.14214230229624,203.15158081054688,232147,0.0,0.0
1995-03-10,203.9086760131708,206.68465643468463,203.4039469835188,206.1799468994141,225946,0.0,0.0
1995-03-13,206.9370310746926,209.71301150127707,206.43230204411867,209.20828247070312,156336,0.0,0.0
1995-03-14,210.2177288831366,211.7318963965729,210.2177288831366,210.7224578857422,132764,0.0,0.0
1995-03-15,210.2176128277025,211.4794248904141,209.20815537978527,211.22705078125,123588,0.0,0.0
1995-03-16,211.47954462920967,212.9937121640308,210.9748156194757,212.48898315429688,128777,0.0,0.0
1995-03-17,212.74134578169165,213.49842950773345,210.4700751091866,211.7318878173828,220946,0.0,0.0
1995-03-20,211.47945828972635,212.7412705517181,211.47945828972635,212.23654174804688,114507,0.0,0.0
1995-03-21,211.47963772297223,214.2556192569305,210.9749084910555,213.49853515625,179086,0.0,0.0
1995-03-22,213.49842950773345,214.00315848988785,211.2271588352284,211.7318878173828,155514,0.0,0.0
1995-03-23,211.22723887271192,211.9843228856253,210.2178000202897,210.97488403320312,129632,0.0,0.0
1995-03-24,211.2271528533184,213.7507781982422,211.2271528533184,213.7507781982422,126499,0.0,0.0
1995-03-27,215.51739856918067,218.04102483601,214.76031458800912,217.7886505126953,158551,0.0,0.0
1995-03-28,217.28388857670456,217.28388857670456,214.00317911803688,216.77915954589844,101408,0.0,0.0
1995-03-29,216.77914181694592,218.5456640387229,215.5173290903168,215.76968383789065,175226,0.0,0.0
1995-03-30,216.5266536468908,216.7790277560549,210.46996744249697,211.22705078125,154786,0.0,0.0
1995-03-31,208.45117077890896,211.47952506274305,207.44173234721683,210.2177124023437,149660,0.0,0.0
1995-04-03,210.2177124023437,211.22715083403588,208.45117077890896,210.2177124023437,89828,0.0,0.0
1995-04-04,211.47953307349545,211.7318878173828,209.9653461270322,211.7318878173828,93403,0.0,0.0
1995-04-05,211.2271673939674,211.2271673939674,209.96535463464363,210.7224578857422,64041,0.0,0.0
1995-04-06,211.4795847858828,216.02210774728104,210.9748556803087,215.0126495361328,199589,0.0,0.0
1995-04-07,215.2650314170597,216.52684459250952,212.74142456054688,212.74142456054688,163266,0.0,0.0
1995-04-10,212.23660174549784,214.00314331054688,211.98422752513187,214.00314331054688,112704,0.0,0.0
1995-04-11,214.00308281370988,215.01252092667968,210.72237483140583,212.23654174804688,94321,0.0,0.0
1995-04-12,211.7319081291913,212.23663715976525,207.946469641459,209.20828247070312,111660,0.0,0.0
1995-04-13,210.2177288831366,211.2271673939674,209.96535463464363,210.7224578857422,117070,0.0,0.0
1995-04-17,211.9842345313997,213.75077615483448,210.2177124023437,210.2177124023437,148774,0.0,0.0
1995-04-18,209.96533817363647,211.73187979707137,209.2082544762728,210.2177124023437,135105,0.0,0.0
1995-04-19,209.9654094155132,210.72251286414323,208.45124150702392,210.4701385498047,127955,0.0,0.0
1995-04-20,210.2176909754444,210.2176909754444,208.4511495320681,209.9653167724609,96504,0.0,0.0
1995-04-21,209.96527296186045,209.96527296186045,203.908585769679,208.7034606933593,322988,0.0,0.0
1995-04-24,208.70354482286345,213.49844117376472,208.70354482286345,212.48898315429688,148616,0.0,0.0
1995-04-25,211.98423767089844,212.4889666414089,211.2271539623221,211.98423767089844,171524,0.0,0.0
1995-04-26,211.7318963965729,211.7318963965729,210.4700836372492,210.7224578857422,89258,0.0,0.0
1995-04-27,212.48898603102987,217.53623720793885,212.48898603102987,216.5267791748047,208037,0.0,0.0
1995-04-28,216.7792081321633,216.7792081321633,213.75085276296912,215.51739501953125,154027,0.0,0.0
1995-05-01,215.5173290903168,216.77914181694592,214.50787111126144,215.76968383789065,130106,0.0,0.0
1995-05-02,215.7697334473018,216.27446255287592,213.2461074138156,215.0126495361328,84734,0.0,0.0
1995-05-03,215.26497245348,217.28388857670456,213.75080485544308,216.77915954589844,152002,0.0,0.0
1995-05-04,217.03155352334807,221.06934751050807,216.02211477375067,218.798095703125,205854,0.0,0.0
1995-05-05,218.54570122244849,221.32170138997384,216.77917870011248,219.0504302978516,196931,0.0,0.0
1995-05-08,218.5455682347498,227.88298221743293,218.5455682347498,226.6211700439453,180573,0.0,0.0
1995-05-09,226.3688837465837,227.8830706389152,226.11652901171792,227.3783416748047,149312,0.0,0.0
1995-05-10,227.37833091968224,229.6495819091797,226.3688730392092,229.6495819091797,159564,0.0,0.0
1995-05-11,229.144904974668,230.6590921390309,227.6307373046875,227.6307373046875,174593,0.0,0.0
1995-05-12,227.126053229118,230.15440866318588,226.6213435687619,229.9020538330078,153489,0.0,0.0
1995-05-15,229.144961123798,234.9492979401805,229.144961123798,233.6874847412109,175004,0.0,0.0
1995-05-16,232.4255657130642,232.93029466171373,230.65904363435828,231.1637725830078,115298,0.0,0.0
1995-05-17,230.65905752373504,231.4161412451088,227.6307031438606,228.3877868652344,85082,0.0,0.0
1995-05-18,228.1354266356757,229.64959404200368,227.6306976687734,227.8830718994141,135991,0.0,0.0
1995-05-19,226.6213100231957,227.8831229760789,224.60241319745924,225.3594970703125,213732,0.0,0.0
1995-05-22,225.8641613928106,227.6306834248607,224.85470352217243,226.11651611328125,115014,0.0,0.0
1995-05-23,227.12601592672007,230.9114547240009,226.6213063492557,229.14491271972656,126436,0.0,0.0
1995-05-24,229.90195978553965,235.95864868164065,229.90195978553965,235.95864868164065,161304,0.0,0.0
1995-05-25,235.20154337732657,235.45389808106577,230.15429334753097,230.911376953125,154723,0.0,0.0
1995-05-26,231.1701247156227,231.92805667131347,226.87517046130145,227.6331024169922,97959,0.404543,0.0
1995-05-30,227.63311510340043,228.3910471013321,225.6119566035086,226.87518310546875,163392,0.0,0.0
1995-05-31,226.11717118382435,229.9068298339844,225.3592199375772,229.9068298339844,205632,0.0,0.0
1995-06-01,229.65431213378903,231.17017638397817,227.6331532947952,229.65431213378903,122797,0.0,0.0
1995-06-02,229.40169743182472,236.98105911447007,229.1490598488948,234.9598999023437,228034,0.0,0.0
1995-06-05,235.97031930662573,236.98090802649912,234.9597501029688,235.7176818847656,113337,0.0,0.0
1995-06-06,235.97040648743152,241.52860746781585,235.7177689722328,240.265380859375,284323,0.0,0.0
1995-06-07,239.5074847033962,239.5074847033962,234.9598721344972,236.7283935546875,166208,0.0,0.0
1995-06-08,235.9703309972973,238.4967834059323,233.44389810487976,233.9491729736328,131214,0.0,0.0
1995-06-09,230.9175055938303,231.1701430937384,225.1066674499428,228.89634704589844,219301,0.0,0.0
1995-06-12,229.6542756106201,229.6542756106201,226.117253083949,226.62252807617188,151464,0.0,0.0
1995-06-13,228.39116133697925,231.17025322483624,227.6332289599484,230.15968322753903,138428,0.0,0.0
1995-06-14,230.159611591651,231.67547587390845,228.6437277931679,231.1701812744141,100111,0.0,0.0
1995-06-15,230.15954182560773,230.15954182560773,227.12779466385143,227.38043212890625,93846,0.0,0.0
1995-06-16,228.39100916799185,229.90687291208624,227.88571474788748,229.14894104003903,274261,0.0,0.0
1995-06-19,229.1489527400077,233.69656372070315,228.3910208292617,233.69656372070312,145230,0.0,0.0
1995-06-20,233.6965080003596,233.6965080003596,228.89626069934675,229.9068298339844,164563,0.0,0.0
1995-06-21,230.9175441312207,233.1913405585302,230.41224953085444,232.18077087402344,170321,0.0,0.0
1995-06-22,232.93864034828792,238.49682090830564,232.93864034828792,236.98095703125,154786,0.0,0.0
1995-06-23,236.728270604639,236.728270604639,233.4438865393752,235.7176818847656,87550,0.0,0.0
1995-06-26,234.95976803479908,234.95976803479908,229.9068630822338,230.664794921875,147224,0.0,0.0
1995-06-27,231.4228484536202,232.1807806278973,228.39110024028523,228.64373779296875,191046,0.0,0.0
1995-06-28,229.65425668803968,232.18070950587327,227.6330983370169,231.6754150390625,181459,0.0,0.0
1995-06-29,232.1806445402955,232.1806445402955,228.39096637392035,229.9068298339844,91979,0.0,0.0
1995-06-30,230.15957868101384,231.42280524100752,228.39105759377813,230.41221618652344,187534,0.0,0.0
1995-07-03,229.90695453379087,231.9281134155428,229.90695453379087,231.1701812744141,60370,0.0,0.0
1995-07-05,232.18073212581555,233.19130164167024,228.89634704589844,228.89634704589844,160671,0.0,0.0
1995-07-06,230.4122161865234,230.664853692033,227.12783103378447,230.41221618652344,189844,0.0,0.0
1995-07-07,229.9069141044964,235.4651146890696,229.65427660728847,232.68600463867188,233160,0.0,0.0
1995-07-10,231.67544219598847,232.43337422693912,228.13841954614503,229.4016265869141,115014,0.0,0.0
1995-07-11,228.8963904114939,230.41225473057548,227.63316364018388,228.13845825195312,194938,0.0,0.0
1995-07-12,227.88580561869165,229.1490324145624,227.88580561869165,228.64373779296875,190856,0.0,0.0
1995-07-13,229.6542477354969,230.15954218261,227.6330894632643,227.8857269287109,155514,0.0,0.0
1995-07-14,227.6330891101808,229.14895293294904,227.12779466385143,227.38043212890625,159848,0.0,0.0
1995-07-17,227.3805065761861,228.39109579972467,226.6225744166454,228.13845825195312,128493,0.0,0.0
1995-07-18,227.3804248184588,228.138376221694,223.5907653833785,226.11721801757807,202437,0.0,0.0
1995-07-19,225.86461880398744,226.8752079225893,221.82230136202816,223.8434600830078,229110,0.0,0.0
1995-07-20,223.5908632920945,223.84350085965485,221.06440955158027,221.31704711914065,198577,0.0,0.0
1995-07-21,221.82233221246844,222.07496976914297,217.2747195787388,218.28530883789065,475021,0.0,0.0
1995-07-24,218.2852625065672,219.2958320349975,215.00087738577875,217.2746734619141,332163,0.0,0.0
1995-07-25,218.2852286468797,223.33811453768976,218.0325716667964,222.3275451660156,432179,0.0,0.0
1995-07-26,223.84344509854776,228.8963513208588,223.33815057307208,224.34873962402344,255530,0.0,0.0
1995-07-27,227.12786584068,231.6754782503252,224.60141233351865,225.35934448242188,245468,0.0,0.0
1995-07-28,226.8752314806431,228.13845825195312,224.6014154857945,228.13845825195312,144439,0.0,0.0
1995-07-31,228.1383835565101,230.03321333497044,227.0014661732142,227.38043212890625,113379,0.0,1.5
1995-08-01,226.2435490487556,227.3804469901376,221.3169717865456,222.8328552246093,263967,0.0,0.0
1995-08-02,225.86460240337703,231.17014610022744,221.6959567452326,223.9697723388672,265402,0.0,0.0
1995-08-03,223.59084641012657,227.38050721853628,223.2118803292856,227.0015411376953,169488,0.0,0.0
1995-08-04,227.0014748425743,230.0332221201153,224.72767902158395,225.4856109619141,150272,0.0,0.0
1995-08-07,226.2435429022442,228.13839226929,224.34871305141888,225.4856109619141,148690,0.0,0.0
1995-08-08,225.48558894313803,227.00145267577344,222.4538419616485,223.5907592773437,177736,0.0,0.0
1995-08-09,224.72776518361565,224.72776518361565,221.6960167436833,222.4539489746093,197163,0.0,0.0
1995-08-10,220.9380669747462,222.83291691787667,218.66427046246136,221.6959991455078,240131,0.0,0.0
1995-08-11,222.07497933804936,222.4539454475037,219.8011826813232,221.31704711914065,131541,0.0,0.0
1995-08-14,221.317033060127,221.6959991455078,219.8011687186037,221.6959991455078,188726,0.0,0.0
1995-08-15,220.5590398256242,223.96975316599145,220.5590398256242,222.8328552246093,183241,0.0,0.0
1995-08-16,223.2118403130632,225.1066703775731,222.45388877103656,223.9697723388672,187481,0.0,0.0
1995-08-17,222.8328680533893,228.13841160150707,222.8328680533893,226.62252807617188,195581,0.0,0.0
1995-08-18,229.2753394581609,234.20191764540152,228.89637340654423,232.3070678710937,245489,0.0,0.0
1995-08-21,232.68600463867188,234.9598201784316,231.928072630826,232.68600463867188,118842,0.0,0.0
1995-08-22,231.9281005859375,233.0650182509652,229.2753382387303,231.9281005859375,99795,0.0,0.0
1995-08-23,231.54911423565085,231.54911423565085,229.6542841537718,230.41221618652344,83890,0.0,0.0
1995-08-24,229.65427660728847,232.68600463867188,229.27531060336565,232.68600463867188,104034,0.0,0.0
1995-08-25,234.2020047041868,241.0234156852008,234.2020047041868,238.74961853027344,125234,0.0,0.0
1995-08-28,239.1284445418553,239.50741051218736,236.09669726297884,237.9915466308593,89058,0.0,0.0
1995-08-29,239.12848525541733,243.2971311550356,238.37055318570924,241.0233154296875,145927,0.0,0.0
1995-08-30,240.6443518836796,242.16021603877343,238.37055565103884,241.78125,102009,0.0,0.0
1995-08-31,240.6443412594461,245.19195304017865,240.6443412594461,244.4340209960937,134156,0.0,0.0
1995-09-01,244.4340527275897,247.4657812974968,242.5392028551721,244.81301879882807,71803,0.0,0.0
1995-09-05,244.05514389592872,244.4341100560481,239.507530458266,242.1602935791016,107177,0.0,0.0
1995-09-06,242.7975040022683,245.45311119605904,238.2450680192161,240.5212860107422,143902,0.402963,0.0
1995-09-07,242.79757895157883,244.6944474004061,240.90073003976767,241.6594696044922,119180,0.0,0.0
1995-09-08,243.5563168940052,243.9356866434091,240.1419696123555,242.038818359375,85177,0.0,0.0
1995-09-11,243.17677857452108,248.4879908851809,242.4180395407133,242.7974090576172,152234,0.0,0.0
1995-09-12,243.5562407116522,245.8324584960937,242.0387426516827,245.8324584960937,98698,0.0,0.0
1995-09-13,246.59137899180607,249.6263578053177,246.21200908224503,246.9707489013672,149618,0.0,0.0
1995-09-14,246.21185723769244,256.0755078771848,246.21185723769244,254.5580291748047,302738,0.0,0.0
1995-09-15,255.69627259271155,257.9724918426373,250.38507480586367,253.79942321777344,336994,0.0,0.0
1995-09-18,254.937416213798,257.59300412383124,254.55804651236463,256.45489501953125,159701,0.0,0.0
1995-09-19,256.0755500745624,257.9723987651095,254.17870138401528,256.83428955078125,98824,0.0,0.0
1995-09-20,256.8343211685186,259.48992919921875,256.07558159889464,259.48992919921875,108084,0.0,0.0
1995-09-21,260.6280257622612,263.283614125611,253.79935043377483,257.5930480957031,174530,0.0,0.0
1995-09-22,254.1787336236424,256.0755825547828,252.6612349417135,255.6962127685547,116501,0.0,0.0
1995-09-25,254.1787101942305,261.7661247564242,254.1787101942305,261.00738525390625,105870,0.0,0.0
1995-09-26,259.8692746572557,260.6280141558528,256.83429712585263,258.3517761230469,107578,0.0,0.0
1995-09-27,256.8341786015779,257.2135481758043,253.7992220077664,256.075439453125,166725,0.0,0.0
1995-09-28,256.0756258675938,262.90430271172306,256.0756258675938,262.5249328613281,134937,0.0,0.0
1995-09-29,261.76603632462275,261.76603632462275,257.2135813104458,257.9723205566406,129537,0.0,0.0
1995-10-02,257.5931350360054,258.7312642557295,252.661306873941,254.9375457763672,119412,0.0,0.0
1995-10-03,257.2135946240101,261.0073105883578,255.31674641034087,259.86920166015625,144387,0.0,0.0
1995-10-04,259.869274165129,259.869274165129,257.2136663880536,259.11053466796875,96715,0.0,0.0
1995-10-05,258.351775633794,261.38675315944954,258.351775633794,259.11053466796875,102009,0.0,0.0
1995-10-06,260.6280141558528,261.76612340374845,257.9724063737483,258.3517761230469,79080,0.0,0.0
1995-10-09,258.3517035522117,261.0073105883578,257.592964266744,259.86920166015625,100638,0.0,0.0
1995-10-10,257.9724305229545,259.8692989840307,257.21369095333057,259.48992919921875,116227,0.0,0.0
1995-10-11,258.73111185123867,262.14543888814967,258.73111185123867,260.6279602050781,81169,0.0,0.0
1995-10-12,261.3867130732718,262.14545245407203,259.4898646212712,261.7660827636719,81021,0.0,0.0
1995-10-13,266.3185328183889,266.3185328183889,259.86922868423426,262.1454467773437,143163,0.0,0.0
1995-10-16,262.9042301078877,264.0423588817859,260.2486418884922,263.2835998535156,82540,0.0,0.0
1995-10-17,263.66301270697835,265.1805114746094,262.90427309167166,265.1805114746094,86927,0.0,0.0
1995-10-18,265.55974529927386,265.55974529927386,262.9041384685175,264.0422668457031,137173,0.0,0.0
1995-10-19,263.66297665478874,265.93921472648304,263.2836068990088,265.5598449707031,129389,0.0,0.0
1995-10-20,265.1805698949645,265.1805698949645,258.73126220703125,258.73126220703125,199020,0.0,0.0
1995-10-23,257.5930366244498,260.6280141558528,256.45492737655405,258.3517761230469,158878,0.0,0.0
1995-10-24,259.1105592652248,259.4899290498184,252.6612338531017,253.0406036376953,155250,0.0,0.0
1995-10-25,253.4199006110088,255.31676852599475,250.3849432062485,254.5580291748047,205959,0.0,0.0
1995-10-26,254.17872122582804,255.69620029672387,249.62626447612504,250.76437377929688,204715,0.0,0.0
1995-10-27,250.0056147277976,257.9723987651095,248.4881357753599,256.83428955078125,119813,0.0,0.0
1995-10-30,259.8692862298756,259.8692862298756,254.9374597323533,257.5930480957031,110995,0.0,0.0
1995-10-31,256.45491981267185,257.5930290270001,254.17870138401528,256.83428955078125,97116,0.0,0.0
1995-11-01,256.8342116873484,258.7310793398435,256.454842064251,257.9723205566406,88741,0.0,0.0
1995-11-02,261.00741736774256,263.6630059532936,261.00741736774256,262.9042663574219,103043,0.0,0.0
1995-11-03,263.2835558238985,263.2835558238985,260.6279680486041,262.1454467773437,79418,0.0,0.0
1995-11-06,261.3867074129739,262.52481645952867,259.48985900204934,262.1454467773437,68133,0.0,0.0
1995-11-07,262.5248085589176,262.5248085589176,258.3517226434602,260.6279602050781,77583,0.0,0.0
1995-11-08,261.00738137974804,263.2835998535156,259.8692721428643,263.2835998535156,125761,0.0,0.0
1995-11-09,261.00740999793226,262.5248891468281,258.351801950348,261.38677978515625,148563,0.0,0.0
1995-11-10,262.1454467773437,262.52481645952867,261.007337730789,262.1454467773437,68913,0.0,0.0
1995-11-13,262.1454467773437,262.52481645952867,259.48985900204934,262.1454467773437,85978,0.0,0.0
1995-11-14,261.7661479080905,261.7661479080905,259.1105594144068,259.48992919921875,105933,0.0,0.0
1995-11-15,258.7310793398435,259.4898185860383,256.8342116873484,257.9723205566406,122302,0.0,0.0
1995-11-16,257.9725028875492,261.3868514456418,257.5931329963191,258.73126220703125,207942,0.0,0.0
1995-11-17,259.11058699993686,265.1805237401645,256.8343485117149,263.6630249023437,218447,0.0,0.0
1995-11-20,263.28367256211806,263.66304241251305,261.00745345974826,262.5249328613281,90788,0.0,0.0
1995-11-21,262.9041918146704,269.732885315371,262.1454524339285,269.353515625,199357,0.0,0.0
1995-11-22,268.5947856680986,269.7329143989402,265.9391975491668,266.69793701171875,142277,0.0,0.0
1995-11-24,268.5948004037126,271.2504082053497,268.2154306516237,270.4916687011719,36113,0.0,0.0
1995-11-27,274.6647381035638,274.6647381035638,269.7329121019607,271.6297607421875,197712,0.0,0.0
1995-11-28,271.629694085753,272.7678029906034,268.5947174691433,272.0090637207031,100005,0.0,0.0
1995-11-29,270.8710004959111,271.62973989376627,267.0772839696236,268.21539306640625,76950,0.0,0.0
1995-11-30,269.7329007846357,273.5265979059151,266.6979235505995,272.38848876953125,151474,0.0,0.0
1995-12-01,272.7678242082544,276.9409100543242,272.7678242082544,275.4234313964844,133861,0.0,0.0
1995-12-04,275.4235312926937,280.7347280585163,275.4235312926937,279.5966186523437,189148,0.0,0.0
1995-12-05,280.3553180100613,282.631536495644,278.45844973506127,282.2521667480469,198977,0.0,0.0
1995-12-06,282.130674001519,284.40897493139244,278.7132030518205,279.47265625,183558,0.402963,0.0
1995-12-07,277.9538334508194,282.51045591532875,277.9538334508194,280.5643920898437,176048,0.0,0.0
1995-12-08,278.7131454295516,279.8523152138601,276.05512822756174,276.4348449707031,83953,0.0,0.0
1995-12-11,276.4349631616742,279.0929815001114,276.0552462561832,277.19439697265625,105975,0.0,0.0
1995-12-12,277.9538534805205,282.8901932098833,276.43498573453013,278.7132873535156,146602,0.0,0.0
1995-12-13,276.43485792124187,284.7886657714844,276.0551411603113,284.7886657714844,159258,0.0,0.0
1995-12-14,285.1684094469334,287.06699343077673,282.5103723146658,283.2698059082031,128039,0.0,0.0
1995-12-15,288.5857748074413,289.7249444139045,286.3074747042774,287.4466247558594,414450,0.0,0.0
1995-12-18,286.3074844746877,286.68720117150644,280.991431164344,282.8900146484375,176470,0.0,0.0
1995-12-19,282.1306578860523,288.2061462402344,278.3334703316058,288.2061462402344,227243,0.0,0.0
1995-12-20,288.96558492594966,290.1047549007541,281.3712292382829,281.7509460449219,154891,0.0,0.0
1995-12-21,281.37121579367005,282.51036615915547,277.1943115653368,279.0928955078125,201150,0.0,0.0
1995-12-22,279.09270032068423,282.5101685819761,277.5738342289425,280.9913024902344,175774,0.0,0.0
1995-12-26,280.6118222805975,284.4089907076838,279.85238859518023,282.5104064941406,110700,0.0,0.0
1995-12-27,282.13062889008535,285.5480992933455,281.3711953682242,284.7886657714844,116712,0.0,0.0
1995-12-28,284.02923334003026,284.02923334003026,280.2320654547192,281.3712158203125,78574,0.0,0.0
1995-12-29,280.61158596729894,280.9913024902344,277.5738342289425,280.9913024902344,108485,0.0,0.0
1996-01-02,280.232084800114,284.408969762301,278.71319798624893,283.6495361328125,163709,0.0,0.0
1996-01-03,288.5857989101437,288.96551562571835,284.40889548394017,285.5480651855469,157528,0.0,0.0
1996-01-04,285.16839237964905,286.6872594758197,282.8900721805072,285.9278259277344,205875,0.0,0.0
1996-01-05,286.6872153322707,286.6872153322707,283.2697453372163,285.5480651855469,258757,0.0,0.0
1996-01-08,284.7888552207706,286.6874402884137,284.0294016388151,284.4091186523437,45246,0.0,0.0
1996-01-09,285.92786641611235,285.92786641611235,281.3712449274811,283.5546264648437,192586,0.0,0.0
1996-01-10,280.61190457502954,280.99162152909696,274.1566772460937,274.1566772460937,194801,0.0,0.0
1996-01-11,276.814697265625,277.9538480528733,273.397225348986,276.814697265625,189675,0.0,0.0
1996-01-12,276.8145947768416,279.0928955078125,274.1565577024889,279.0928955078125,145716,0.0,0.0
1996-01-15,279.4725375763847,283.6494208408382,279.09280136109976,282.13055419921875,122386,0.0,0.0
1996-01-16,284.4088814357123,284.4088814357123,279.8522810738879,282.8900146484375,133228,0.0,0.0
1996-01-17,283.2698059082031,286.3075598372394,281.75093872112853,283.2698059082031,141455,0.0,0.0
1996-01-18,284.4089659640264,287.06700318662627,283.2698155350069,286.6872863769531,184106,0.0,0.0
1996-01-19,286.3075256347656,287.82639264039545,283.64948882002875,286.3075256347656,242620,0.0,0.0
1996-01-22,286.6872840861159,286.6872840861159,280.611795625005,281.7509460449219,87792,0.0,0.0
1996-01-23,281.3710960762076,281.3710960762076,277.1941936250582,278.3333435058594,119180,0.0,0.0
1996-01-24,278.71319950276137,279.0929163195717,275.6754649682785,277.9537658691406,182398,0.0,0.0
1996-01-25,277.9537399960366,280.2320602397112,269.5999512489264,271.49853515625,264600,0.0,0.0
1996-01-26,271.4985581583675,275.6754626632448,269.5999740901905,275.2957458496094,226167,0.0,0.0
1996-01-29,275.295727622861,279.4726318511943,274.91601083436586,279.0928955078125,112978,0.0,0.0
1996-01-30,279.85238859518023,283.2698401795579,277.19435114133034,282.5104064941406,163983,0.0,0.0
1996-01-31,286.68729086137216,297.31940080830583,284.7887067833083,294.2816467285156,270949,0.0,0.0
1996-02-01,292.0034218660747,292.76285569504,287.8265162518723,291.2439880371094,173602,0.0,0.0
1996-02-02,291.2439001525361,292.7627673521396,288.206146198442,290.4844665527344,185393,0.0,0.0
1996-02-05,289.72512037917875,291.2439880371094,286.6873655084243,291.2439880371094,122407,0.0,0.0
1996-02-06,290.48449343658746,303.3949049378284,290.48449343658746,301.87603759765625,217772,0.0,0.0
1996-02-07,303.3947815762108,305.29338453433485,296.9395784503036,299.5975952148437,246670,0.0,0.0
1996-02-08,300.3571281069755,313.2675377964387,300.3571281069755,312.1283874511719,191658,0.0,0.0
1996-02-09,312.12838123424353,312.50809800843604,307.19204361485566,310.22979736328125,175669,0.0,0.0
1996-02-12,312.50809059038045,314.0269576510967,307.5717530881672,309.4703369140625,156115,0.0,0.0
1996-02-13,309.0907592773437,312.88794819321697,307.95160846905003,309.0907592773437,171935,0.0,0.0
1996-02-14,309.47039579163595,311.36899953363115,306.05294425484504,306.8123779296875,140295,0.0,0.0
1996-02-15,305.2935314276646,307.9515494711219,304.53407814607203,305.6732482910156,119285,0.0,0.0
1996-02-16,305.29340593068474,305.29340593068474,299.9773524741501,300.7367858886719,253441,0.0,0.0
1996-02-20,298.8383467784962,299.2180636941184,294.66144115175854,296.1803283691406,168666,0.0,0.0
1996-02-21,295.8004520456581,295.8004520456581,290.4843985368929,292.0032653808594,241545,0.0,0.0
1996-02-22,296.18028828802164,299.597740066149,294.66140127618564,295.0411376953125,256247,0.0,0.0
1996-02-23,297.699138651716,303.7746276855469,295.80055443954683,303.7746276855469,219185,0.0,0.0
1996-02-26,301.87604542565987,303.394912805218,296.9397068872064,298.078857421875,134346,0.0,0.0
1996-02-27,298.0787217990754,298.83815514332,293.9018188508496,297.6990051269531,146306,0.0,0.0
1996-02-28,300.7367648116706,304.154214937508,298.0787284922493,299.5975952148437,158245,0.0,0.0
1996-02-29,298.8382680707569,301.1165885193216,293.5222130972901,294.2816467285156,125065,0.0,0.0
1996-03-01,296.9397164355273,299.218017578125,291.6236608812426,299.218017578125,143880,0.0,0.0
1996-03-04,299.21800019746604,304.1543386079144,298.45856652738,301.87603759765625,122513,0.0,0.0
1996-03-05,300.73688116488296,300.73688116488296,298.07884381708374,299.9774475097656,125613,0.0,0.0
1996-03-06,299.8558081059441,300.61591556854154,297.5755444333561,298.33563232421875,203597,0.402963,0.0
1996-03-07,298.3354935174712,299.0955810546875,295.6751871372143,299.0955810546875,146348,0.0,0.0
1996-03-08,292.6349845343232,293.3950725056098,285.7941732210074,289.2145690917969,312251,0.0,0.0
1996-03-11,286.174036529521,289.9744935582568,281.613492009383,283.1336669921875,226821,0.0,0.0
1996-03-12,280.4735341171228,281.23362207829246,274.77285483661365,278.9533386230469,236609,0.0,0.0
1996-03-13,279.7134923336272,281.6137125502572,278.19329658858334,280.0935363769531,241988,0.0,0.0
1996-03-14,280.47346421762427,283.5138153045877,279.33331298828125,279.33331298828125,219923,0.0,0.0
1996-03-15,281.2336685069312,283.8939768102132,278.57334063190933,280.0935363769531,417909,0.0,0.0
1996-03-18,283.89376795724047,286.1740501113943,281.613505374812,285.79400634765625,175795,0.0,0.0
1996-03-19,286.5540938751324,288.4543126938228,285.0339188201801,285.79400634765625,140548,0.0,0.0
1996-03-20,286.55437131582806,291.87500873130455,285.03419478904743,291.4949645996094,173686,0.0,0.0
1996-03-21,291.87481689453125,293.7750363040745,291.11472913071395,291.87481689453125,144218,0.0,0.0
1996-03-22,293.39500951807105,293.39500951807105,288.8344630976963,291.11474609375,90323,0.0,0.0
1996-03-25,294.1551670493739,296.0554065917853,292.6349910728346,295.2953186035156,173454,0.0,0.0
1996-03-26,294.5351477379401,296.05534295947524,293.39501600058856,294.9151916503906,96799,0.0,0.0
1996-03-27,294.9152110799285,294.9152110799285,288.8344885083783,289.9746398925781,141455,0.0,0.0
1996-03-28,288.0744371348671,289.2145690917969,286.93430517793723,289.2145690917969,102030,0.0,0.0
1996-03-29,290.35472115542285,290.35472115542285,283.51389025776643,284.6540222167969,145800,0.0,0.0
1996-04-01,287.69424204915674,288.07428583519703,283.51374083098744,285.033935546875,288162,0.0,0.0
1996-04-02,286.17413330078125,288.4543965460708,285.03400167813646,286.17413330078125,115615,0.0,0.0
1996-04-03,285.7940231189555,285.7940231189555,282.3736094728667,285.033935546875,112873,0.0,0.0
1996-04-04,285.7941737475642,285.7941737475642,283.1338462714229,284.6540222167969,122470,0.0,0.0
1996-04-08,279.71344615595314,280.4735341171228,276.67307473953787,278.9533386230469,237495,0.0,0.0
1996-04-09,278.9532228978263,279.333266720748,274.3926774510381,275.9128723144531,178158,0.0,0.0
1996-04-10,274.012738149992,275.912977561173,272.1125183105469,272.1125183105469,302527,0.0,0.0
1996-04-11,273.63269418210297,273.63269418210297,269.8322545032127,272.1125183105469,242473,0.0,0.0
1996-04-12,271.3523627081282,282.3736741720176,270.59227496189186,281.61358642578125,265148,0.0,0.0
1996-04-15,282.37367926455903,284.6539425443922,280.8535037446703,282.75372314453125,128756,0.0,0.0
1996-04-16,285.03396465946435,285.03396465946435,280.0933753645962,280.4734191894531,93340,0.0,0.0
1996-04-17,280.093490136538,281.23362207829246,277.4331627007075,278.9533386230469,150778,0.0,0.0
1996-04-18,279.33328905893086,280.0933963372881,275.152806672481,276.2929382324219,120762,0.0,0.0
1996-04-19,275.9129553853723,283.5138537039859,274.7728235733404,280.8535461425781,220261,0.0,0.0
1996-04-22,282.7536590532026,285.7940289755556,282.3736152593744,284.2738342285156,98613,0.0,0.0
1996-04-23,283.5137241935024,286.5540938751324,282.75363666602624,285.79400634765625,90513,0.0,0.0
1996-04-24,286.174180837128,286.55422477447195,279.71341433054624,280.8535461425781,104941,0.0,0.0
1996-04-25,279.71327670451166,279.71327670451166,273.6325375554176,275.53277587890625,441893,0.0,0.0
1996-04-26,275.1527846686098,278.193135251983,270.9722830447432,275.9128723144531,493446,0.0,0.0
1996-04-29,272.492501858816,276.6730041503906,272.492501858816,276.6730041503906,262216,0.0,0.0
1996-04-30,277.05314439027995,279.7134720726011,275.1529243112922,277.813232421875,162654,0.0,0.0
1996-05-01,276.6729613691557,281.6135506640238,275.912873719442,280.4734191894531,150652,0.0,0.0
1996-05-02,278.95331554684225,278.95331554684225,270.2122851447496,271.3524169921875,370322,0.0,0.0
1996-05-03,272.87262891830443,275.15291248683485,267.9320373535156,267.9320373535156,479187,0.0,0.0
1996-05-06,269.0721154599973,270.5923107251199,267.9319836899556,269.4521789550781,172188,0.0,0.0
1996-05-07,270.2122851447496,272.1125048904795,268.3120458272847,271.3524169921875,194991,0.0,0.0
1996-05-08,270.2121438022425,276.29286337961184,269.8321000518897,275.53277587890625,262448,0.0,0.0
1996-05-09,275.15273212855345,276.67290712996464,274.3926250561232,275.53277587890625,150462,0.0,0.0
1996-05-10,278.9533846752353,281.2336685069312,276.2930763719533,280.0935363769531,197058,0.0,0.0
1996-05-13,281.61354434608097,283.5137634277344,277.813086611046,283.5137634277344,100322,0.0,0.0
1996-05-14,284.6539425443922,286.1741376360123,282.37367926455903,282.75372314453125,127259,0.0,0.0
1996-05-15,282.75368213859446,283.89381361316515,278.95322431829703,280.4734191894531,167716,0.0,0.0
1996-05-16,278.953320364485,280.09347180334885,276.673056630228,277.0531005859375,123567,0.0,0.0
1996-05-17,277.8131358012569,278.9532674521232,276.2929602667685,276.6730041503906,216675,0.0,0.0
1996-05-20,276.6731204152793,281.9937565935832,275.9130323286273,280.0935363769531,123736,0.0,0.0
1996-05-21,281.6135915046147,283.5138109044756,279.7133721047538,282.75372314453125,100955,0.0,0.0
1996-05-22,282.7538022850794,287.3143496929381,281.2336263397055,284.6540222167969,154322,0.0,0.0
1996-05-23,284.6540768799225,285.7942286296372,283.51394470194845,285.4141845703125,122428,0.0,0.0
1996-05-24,285.41417642080825,289.5946609540133,284.65406875212176,288.4545288085937,159405,0.0,0.0
1996-05-28,288.0742689300847,288.0742689300847,284.65385548471664,285.79400634765625,108759,0.0,0.0
1996-05-29,286.9343057065946,287.6943936792816,281.613670326049,284.6540222167969,111185,0.0,0.0
1996-05-30,282.7538017641243,289.2145690917969,281.9937137928378,289.2145690917969,248295,0.0,0.0
1996-05-31,288.0743441530778,288.8344318790308,285.033993249266,286.5541687011719,143648,0.0,0.0
1996-06-03,285.79404739281915,290.734636602697,285.4140035745,288.0743103027344,167063,0.0,0.0
1996-06-04,290.7346297221745,293.3949363874501,289.9745421035243,293.014892578125,174930,0.0,0.0
1996-06-05,291.37172928459927,294.79514379425905,288.328674575892,294.4147644042969,152888,0.402963,0.0
1996-06-06,294.79521330500944,295.55599185333,292.8933159067436,294.0344543457031,147087,0.0,0.0
1996-06-07,289.0893695617821,290.6109063748795,287.1874730316671,289.8501281738281,143037,0.0,0.0
1996-06-10,289.85009983902535,290.2304986968672,287.56782422599514,288.3285827636719,80325,0.0,0.0
1996-06-11,288.32865206534314,290.2305684556764,286.80713462428304,287.9482727050781,125803,0.0,0.0
1996-06-12,287.1875640670766,287.94832292027513,283.7641296386719,283.7641296386719,121036,0.0,0.0
1996-06-13,284.1444032356401,286.0463192492789,283.0032653808594,283.0032653808594,147234,0.0,0.0
1996-06-14,281.1013548781508,283.7640097392885,280.34059634639715,282.24249267578125,128081,0.0,0.0
1996-06-17,281.86223815618985,283.00337645886407,280.3407204192909,280.7210998535156,108823,0.0,0.0
1996-06-18,279.1994878592802,281.48178344326993,278.0583498617887,279.96026611328125,163477,0.0,0.0
1996-06-19,280.7211182150977,289.08948590441736,280.7211182150977,288.7091064453125,220830,0.0,0.0
1996-06-20,289.46975357412344,289.46975357412344,286.04633976425714,286.8070983886719,238064,0.0,0.0
1996-06-21,288.32861364823566,290.9912884043223,287.1874757194866,290.23052978515625,329780,0.0,0.0
1996-06-24,292.8932215299077,295.17549767242554,290.9913247444762,291.3717041015625,191215,0.0,0.0
1996-06-25,292.13255694743737,295.36580211350343,292.13255694743737,294.0344543457031,130275,0.0,0.0
1996-06-26,294.03440162825177,295.17553986261646,293.6540222167969,293.6540222167969,126816,0.0,0.0
1996-06-27,293.6540495204471,297.0774841308594,292.5129111799805,297.0774841308594,116775,0.0,0.0
1996-06-28,297.83820699360217,301.6420205906713,296.6970687911845,300.1204833984375,131899,0.0,0.0
1996-07-01,300.8812897388864,300.8812897388864,296.3167169161877,297.4578552246094,134072,0.0,0.0
1996-07-02,296.69711844255374,298.9793952293212,296.31673897809253,297.8382568359375,130591,0.0,0.0
1996-07-03,297.45787737147623,298.9793952293212,295.17558099569527,297.8382568359375,123124,0.0,0.0
1996-07-05,294.41474988192823,294.41474988192823,287.1875222401286,287.5679016113281,85809,0.0,0.0
1996-07-08,284.5247539444931,287.1874282605617,280.7209614772556,281.4817199707031,142552,0.0,0.0
1996-07-09,284.14442596104084,287.18748007283887,283.3836673303428,285.2855834960937,123441,0.0,0.0
1996-07-10,285.6661376953125,286.8072763399609,282.6230817205656,285.6661376953125,94838,0.0,0.0
1996-07-11,284.905147536919,285.2855463917991,278.4386804280098,282.24249267578125,179065,0.0,0.0
1996-07-12,281.48178461168504,287.1874942118333,280.3406466094568,283.9067077636719,121627,0.0,0.0
1996-07-15,286.0464313284152,289.08946680015714,284.1445145695645,284.9052734375,148416,0.0,0.0
1996-07-16,285.2855463917991,287.1874427211832,278.8190596938866,282.24249267578125,261415,0.0,0.0
1996-07-17,282.6230977310872,284.9053751496744,279.1996620141875,280.3408203125,164426,0.0,0.0
1996-07-18,278.4387143420985,288.7089949497087,277.67795571768374,286.8070983886719,231377,0.0,0.0
1996-07-19,287.1874939561722,287.1874939561722,280.72102569362835,284.1444396972656,138987,0.0,0.0
1996-07-22,283.00337645886407,284.524894195763,279.9603409850661,280.7210998535156,72330,0.0,0.0
1996-07-23,281.4818252044259,283.3837221490806,274.25457763671875,274.25457763671875,170606,0.0,0.0
1996-07-24,275.01548674677764,281.10157945202906,275.01548674677764,280.3408203125,178516,0.0,0.0
1996-07-25,283.00343013117805,284.9053276630014,278.4388564657863,279.1996154785156,116733,0.0,0.0
1996-07-26,279.1995542435611,281.1014709472656,278.0584159747453,281.1014709472656,107241,0.0,0.0
1996-07-29,280.7209896712979,283.7640239507132,280.7209896712979,283.0032653808594,116902,0.0,0.0
1996-07-30,283.38375021207264,284.1445090652711,282.6229913588741,283.7641296386719,143184,0.0,0.0
1996-07-31,283.0032636449956,286.4266967773437,283.0032636449956,286.4266967773437,107114,0.0,0.0
1996-08-01,286.42677762608093,294.79514379425905,286.0463982361187,294.4147644042969,218067,0.0,0.0
1996-08-02,297.83823157449007,300.8812866210937,296.3167138456941,300.8812866210937,209545,0.0,0.0
1996-08-05,300.8812897388864,301.2616691750269,296.69709635232823,297.4578552246094,117302,0.0,0.0
1996-08-06,296.31673897809253,299.7401541582437,296.31673897809253,297.8382568359375,124748,0.0,0.0
1996-08-07,298.9793173536644,303.16350996188777,297.07742052674854,298.59893798828125,196172,0.0,0.0
1996-08-08,298.5989053637702,302.7830975148344,298.5989053637702,302.0223388671875,85303,0.0,0.0
1996-08-09,303.9243108619034,304.6850696982244,302.4027931892614,302.7831726074219,93002,0.0,0.0
1996-08-12,302.02239448212305,306.96734619140625,301.2616356943887,306.96734619140625,121627,0.0,0.0
1996-08-13,304.684969319816,305.8261267873545,302.40269356274825,303.1634521484375,94141,0.0,0.0
1996-08-14,303.9243469238281,304.68510585041645,301.261690680769,303.9243469238281,71740,0.0,0.0
1996-08-15,303.92421073412675,304.684969319816,302.02231426990363,303.1634521484375,71909,0.0,0.0
1996-08-16,304.3046487099738,308.48884132716125,303.5438899775776,304.6850280761719,117049,0.0,0.0
1996-08-19,305.0654518772252,305.82623030944234,303.5439341908134,305.4458312988281,82308,0.0,0.0
1996-08-20,304.30474799850623,306.9674240196791,303.16360952758134,306.2066650390625,83827,0.0,0.0
1996-08-21,305.4458090814351,305.82620806438,303.1635327178247,305.0654296875,57607,0.0,0.0
1996-08-22,305.82623030944234,306.9673685742512,305.0654518772252,305.4458312988281,50498,0.0,0.0
1996-08-23,303.54381124978374,304.68494905241005,301.26153564453125,301.26153564453125,104414,0.0,0.0
1996-08-26,300.500890575087,302.02240821976267,299.3597327525694,301.6420288085937,73596,0.0,0.0
1996-08-27,302.0224249176907,302.0224249176907,299.740128735485,300.8812866210937,60075,0.0,0.0
1996-08-28,300.88119473362514,302.0223326817248,298.9792785644531,298.9792785644531,87602,0.0,0.0
1996-08-29,296.69715042568697,297.07752993115207,289.0895211383537,291.752197265625,162295,0.0,0.0
1996-08-30,291.7521224660979,292.1325018740412,288.3286882055978,289.0894470214844,141244,0.0,0.0
1996-09-03,287.567968067998,289.850244822627,286.04645023157866,288.7091064453125,99858,0.0,0.0
1996-09-04,288.6328125,289.3943737516051,286.3481287451848,288.6328125,88277,0.474074,0.0
1996-09-05,289.01356537135075,291.298268516435,286.348101246702,286.7288818359375,95154,0.0,0.0
1996-09-06,287.4905186000276,290.5367837244922,285.9673958426333,289.0136413574219,120551,0.0,0.0
1996-09-09,292.440743080496,297.0101318359375,292.0599623183492,297.0101318359375,135148,0.0,0.0
1996-09-10,297.7716195946442,298.15240026246204,292.8214513033383,294.3445739746094,123483,0.0,0.0
1996-09-11,295.1063253951898,296.6294686572284,294.72554448210207,296.2486877441406,84544,0.0,0.0
1996-09-12,298.5332595342019,299.6756018384343,297.0101364618919,297.7716979980469,91695,0.0,0.0
1996-09-13,302.341038682765,304.62572292743874,301.9602579753194,303.10260009765625,108970,0.0,0.0
1996-09-16,302.72177434769293,303.1025549984815,300.4370708332873,300.81787109375,144851,0.0,0.0
1996-09-17,300.0562566824948,300.81783750871875,297.39079242456245,299.67547607421875,131309,0.0,0.0
1996-09-18,299.2948210703569,300.0563826065118,297.3909172299694,297.7716979980469,75241,0.0,0.0
1996-09-19,297.01017080546325,298.1525132417859,295.8678283691406,295.8678283691406,109688,0.0,0.0
1996-09-20,295.86781612916207,299.6756240927095,295.86781612916207,298.9140625,350747,0.0,0.0
1996-09-23,297.01015851822626,299.2948432963547,294.7254541304163,298.9140625,108148,0.0,0.0
1996-09-24,299.6756240927095,300.0564048890642,297.39093931458103,298.9140625,161009,0.0,0.0
1996-09-25,299.6755750113878,303.1026212269752,297.3908906074485,301.5794982910156,171534,0.0,0.0
1996-09-26,302.3410434061876,307.67199300338785,302.3410434061876,303.8641662597656,151095,0.0,0.0
1996-09-27,305.7680793091876,306.1488796440687,303.48339495796824,305.3872985839844,101777,0.0,0.0
1996-09-30,305.38725808214025,308.0527424147321,305.0064774074379,306.910400390625,123525,0.0,0.0
1996-10-01,307.6720672087576,311.4798948707643,306.9105055982927,309.1951904296875,108316,0.0,0.0
1996-10-02,309.1950936374216,311.86057804931187,308.814312951391,311.47979736328125,81506,0.0,0.0
1996-10-03,312.24137362761616,313.0029350359999,308.43354697602064,310.7182312011719,83890,0.0,0.0
1996-10-04,313.76447928989364,319.0954284667969,312.6221372397735,319.0954284667969,140147,0.0,0.0
1996-10-07,319.4761995019469,319.4761995019469,316.42995412695683,317.5722961425781,75684,0.0,0.0
1996-10-08,315.6684088887841,318.7146742181089,314.9068474588722,315.2876281738281,82920,0.0,0.0
1996-10-09,315.2875749397414,317.5722784533982,314.52601363841376,317.1914978027344,92011,0.0,0.0
1996-10-10,316.43006813148173,316.43006813148173,312.2414596221088,313.0030212402344,78342,0.0,0.0
1996-10-11,313.76443970589304,314.9067816118972,312.24131716455406,314.5260009765625,93720,0.0,0.0
1996-10-14,313.3837327397584,317.57234032275755,313.3837327397584,314.1452941894531,52692,0.0,0.0
1996-10-15,315.2876042235875,316.42996589135527,309.1950936374216,311.47979736328125,169235,0.0,0.0
1996-10-16,313.3836590705583,314.9067816118972,311.09897525854984,314.5260009765625,95428,0.0,0.0
1996-10-17,315.2876020233872,319.47620915017023,314.14525997326706,319.0954284667969,84459,0.0,0.0
1996-10-18,319.0955360918959,322.5225830078125,317.5724128446806,322.5225830078125,137911,0.0,0.0
1996-10-21,323.28414463142013,326.3303911258505,321.3802405724011,322.5225830078125,89838,0.0,0.0
1996-10-22,323.2841506826168,323.66493150154804,319.8571037025532,320.2378845214844,83194,0.0,0.0
1996-10-23,319.8570021928582,321.76092529296875,315.28761420614006,321.76092529296875,104920,0.0,0.0
1996-10-24,321.38023746379224,321.38023746379224,316.8108481566625,318.7147521972656,82118,0.0,0.0
1996-10-25,317.953125,321.3801711759052,316.81078281125764,317.953125,100427,0.0,0.0
1996-10-28,317.5722784533982,320.61852365870857,315.2875749397414,317.1914978027344,93466,0.0,0.0
1996-10-29,317.1915722493124,329.3765951497928,317.1915722493124,328.2342529296875,157676,0.0,0.0
1996-10-30,328.61499170312294,331.6612372343753,327.8534303203098,331.28045654296875,148584,0.0,0.0
1996-10-31,328.9957548476364,332.4227808875159,328.9957548476364,330.899658203125,103064,0.0,0.0
1996-11-01,331.2804775987622,332.42281974558773,328.9957933051111,329.7573547363281,79966,0.0,0.0
1996-11-04,330.5188264310582,332.4227294921875,329.37648459438066,332.4227294921875,78363,0.0,0.0
1996-11-05,335.469146156784,336.99226920748964,333.18442236136593,333.94598388671875,157233,0.0,0.0
1996-11-06,334.32676587886505,337.75379235353626,332.42282306247034,336.6114501953125,119496,0.0,0.0
1996-11-07,336.99211370014683,342.32304191762285,336.61133311318423,337.3728942871094,171218,0.0,0.0
1996-11-08,336.6115383732491,343.0848122989066,335.4691959157802,341.180908203125,117977,0.0,0.0
1996-11-11,339.65768295142254,339.65768295142254,335.8498759030733,336.9922180175781,68977,0.0,0.0
1996-11-12,334.70762861111814,336.9923134873781,332.4229045154934,335.0884094238281,117555,0.0,0.0
1996-11-13,335.8498806287236,337.7537841796875,333.94593785840544,337.7537841796875,93192,0.0,0.0
1996-11-14,336.61140520247363,336.9921858709848,331.6612172924777,334.32672119140625,167421,0.0,0.0
1996-11-15,335.0882993469204,335.0882993469204,332.80357600183004,333.1843566894531,252766,0.0,0.0
1996-11-18,333.1844661409134,337.7538751127981,333.1844661409134,335.0884094238281,73870,0.0,0.0
1996-11-19,334.3266495914088,338.5152360479971,334.3266495914088,337.3728942871094,76676,0.0,0.0
1996-11-20,337.3728942871094,338.89601663495966,334.7074301783714,337.3728942871094,115088,0.0,0.0
1996-11-21,337.37292971290407,338.1344909667969,335.08824595122576,338.1344909667969,104245,0.0,0.0
1996-11-22,339.65774165458555,343.84633013168485,338.51539934264935,341.5616455078125,95217,0.0,0.0
1996-11-25,342.70393011435874,349.1772413446977,341.5615879947732,348.4156799316406,128145,0.0,0.0
1996-11-26,348.7964444560778,354.50815478901626,347.6541023894901,350.7003479003906,178453,0.0,0.0
1996-11-27,351.4617997183025,351.8425802884658,348.4155551569959,350.3194580078125,54169,0.0,0.0
1996-11-29,351.4617997183025,352.60414142879245,350.3194580078125,350.3194580078125,31008,0.0,0.0
1996-12-02,349.1771722496796,351.0810754055788,346.51170783142067,349.5579528808594,111945,0.0,0.0
1996-12-03,349.17719837315315,351.8426629908271,342.7038879394531,342.7038879394531,101166,0.0,0.0
1996-12-04,342.62765762791634,343.0087770519853,338.81646338722703,341.1031799316406,139388,0.474074,0.0
1996-12-05,340.3410757098556,344.15227145811315,338.8165974105526,342.2466735839844,90577,0.0,0.0
1996-12-06,339.19771050928847,339.959949644387,336.5298735364435,338.0543518066406,130845,0.0,0.0
1996-12-09,340.7221984863281,341.1033180647351,333.8620068207454,340.7221984863281,124158,0.0,0.0
1996-12-10,342.62787399431465,342.62787399431465,339.19779701163174,340.3411560058594,106819,0.0,0.0
1996-12-11,336.91088686040536,338.05424520249943,332.71853368515065,334.2430114746094,162063,0.0,0.0
1996-12-12,335.76764800090774,335.76764800090774,327.76409750395044,328.5263366699219,199631,0.0,0.0
1996-12-13,325.0961463277067,327.7640022604952,323.5716684387549,324.71502685546875,189780,0.0,0.0
1996-12-16,328.1451217327331,328.1451217327331,323.190548966517,324.71502685546875,132933,0.0,0.0
1996-12-17,323.1907488761621,329.66980353894945,322.42850946020303,328.14532470703125,189338,0.0,0.0
1996-12-18,328.907360677209,331.9563164551125,324.3339073832308,324.71502685546875,141455,0.0,0.0
1996-12-19,327.7639995035013,335.7675476074219,325.85838253121784,335.7675476074219,178727,0.0,0.0
1996-12-20,344.5333844549783,344.5333844549783,336.91099310399284,338.0543518066406,368044,0.0,0.0
1996-12-23,337.29200812128886,339.578724817772,334.24301327173464,336.910888671875,141771,0.0,0.0
1996-12-24,337.29200812128886,338.0542470201166,336.1486497730473,336.910888671875,30143,0.0,0.0
1996-12-26,337.29198827207176,339.9598242609698,337.29198827207176,339.5787048339844,78511,0.0,0.0
1996-12-27,340.3411289283076,341.4844878315696,337.67329148736303,338.816650390625,46132,0.0,0.0
1996-12-30,339.9598603633796,340.7220992982972,336.14866568879114,336.52978515625,78806,0.0,0.0
1996-12-31,336.5297282858302,336.5297282858302,329.66953977663434,330.0506591796875,125445,0.0,0.0
1997-01-02,330.81308660148414,331.95644546253874,324.71515304872906,327.7641296386719,162570,0.0,0.0
1997-01-03,330.050718819829,332.3374356513576,329.2884798759861,330.8129577636719,158245,0.0,0.0
1997-01-06,330.43183829175047,332.7185551232791,328.9073604040647,330.8129577636719,151095,0.0,0.0
1997-01-07,330.431924959702,333.0997619628906,328.1452075283974,333.0997619628906,125318,0.0,0.0
1997-01-08,336.1487442399907,338.0543420225848,333.4808680901046,335.3865051269531,184233,0.0,0.0
1997-01-09,336.9108656579594,348.3444876136033,336.9108656579594,345.2955322265625,245700,0.0,0.0
1997-01-10,341.48438801298204,342.62774658203125,338.4354318288508,342.62774658203125,236988,0.0,0.0
1997-01-13,346.0576447518596,347.5821218888999,339.9596969494717,343.3897705078125,135780,0.0,0.0
1997-01-14,345.6768265304494,352.15586000570295,344.1523088114232,349.1069030761719,190181,0.0,0.0
1997-01-15,347.9633202569554,351.77451396575003,344.1520872939254,346.4388427734375,162422,0.0,0.0
1997-01-16,350.2500500550081,350.2500500550081,345.67661742722635,347.58221435546875,149280,0.0,0.0
1997-01-17,347.9634689403519,349.1068275415428,345.29563220423967,348.7257080078125,165565,0.0,0.0
1997-01-20,348.72550587470846,352.15557969009444,346.8199093106051,351.3933410644531,83700,0.0,0.0
1997-01-21,349.1068517992164,356.34816269750667,347.9634931185792,351.7746887207031,162211,0.0,0.0
1997-01-22,354.8235136995821,360.9214636572452,352.15567776683463,360.5403442382813,189844,0.0,0.0
1997-01-23,362.827144161173,377.3097639196433,356.3481125493436,357.1103515625,313559,0.0,0.0
1997-01-24,359.0159461636222,363.9704997086793,355.9669901358947,358.63482666015625,355662,0.0,0.0
1997-01-27,357.87264093835626,358.2537604985686,350.631330040066,351.7746887207031,152698,0.0,0.0
1997-01-28,356.34815432280755,358.6348716303407,348.3446044921875,348.3446044921875,148542,0.0,0.0
1997-01-29,349.1067156608352,356.7291431468802,348.7255962492449,355.5857849121094,171387,0.0,0.0
1997-01-30,356.348135451352,360.9215698242188,350.2501836999444,360.9215698242188,133692,0.0,0.0
1997-01-31,362.0650531279581,369.6874856291428,361.68393346561214,369.3063659667969,210030,0.0,0.0
1997-02-03,368.54407237368287,368.9251919799086,363.589478238488,366.2573547363281,139957,0.0,0.0
1997-02-04,366.2571627819068,371.9739538791384,365.4949239689426,371.59283447265625,94985,0.0,0.0
1997-02-05,372.3553521848789,378.83442620222894,367.78191588152725,370.0686340332031,169109,0.0,0.0
1997-02-06,370.4494604274791,374.26065432948457,370.4494604274791,371.9739379882813,165164,0.0,0.0
1997-02-07,374.2607497101076,382.64541768559576,371.9740327861328,381.8831787109375,157127,0.0,0.0
1997-02-10,381.1209397362792,384.9321346095705,379.5964617869627,381.8831787109375,206677,0.0,0.0
1997-02-11,380.358696145681,380.358696145681,373.117386720059,376.1663818359375,116817,0.0,0.0
1997-02-12,375.40423645985845,378.8343522722494,375.40423645985845,378.0721130371094,140421,0.0,0.0
1997-02-13,381.1210052948076,391.0301529241342,378.4531684245957,390.2679138183594,190835,0.0,0.0
1997-02-14,390.2680250654461,395.2225806652936,384.9323105498067,388.3624267578125,186532,0.0,0.0
1997-02-18,388.743269275123,389.1243886649408,383.788677953255,385.69427490234375,218320,0.0,0.0
1997-02-19,384.9320864560754,385.313205895728,381.8831309388548,383.0264892578125,117239,0.0,0.0
1997-02-20,380.7398259259441,381.5020649119677,373.8796357974841,375.4041137695313,148880,0.0,0.0
1997-02-21,377.6909262491567,382.2643608466352,377.6909262491567,381.1210021972656,185857,0.0,0.0
1997-02-24,379.5964156221309,383.7887294729006,378.8341767401727,382.2642517089844,92623,0.0,0.0
1997-02-25,383.0265120840639,383.0265120840639,378.4530785356817,378.8341979980469,152487,0.0,0.0
1997-02-26,379.2153508693089,379.2153508693089,370.0684437124567,373.879638671875,179740,0.0,0.0
1997-02-27,375.0229078578018,376.16630532760536,369.68723618516685,372.3550720214844,126647,0.0,0.0
1997-02-28,368.9250183105469,373.11733200552266,367.7816600300989,368.9250183105469,141391,0.0,0.0
1997-03-03,365.8759844029865,373.4983713040409,365.8759844029865,370.8305358886719,151200,0.0,0.0
1997-03-04,372.3550132688827,372.3550132688827,368.54381981835553,370.8305358886719,106798,0.0,0.0
1997-03-05,371.1358155576932,376.0944850766622,369.2286500836852,375.7130126953125,124453,0.474074,0.0
1997-03-06,376.857431347846,378.0017308754126,371.8987607751678,373.0430603027344,161726,0.0,0.0
1997-03-07,374.18731373764047,382.1974487304688,373.0430143510295,382.1974487304688,181343,0.0,0.0
1997-03-10,384.4860721120455,384.4860721120455,379.1460079660796,381.8160400390625,142256,0.0,0.0
1997-03-11,381.4346126619745,387.53758249348033,380.6717463438556,384.1046447753906,188937,0.0,0.0
1997-03-12,383.3418479141549,388.3005191669334,383.3418479141549,387.1562194824219,156705,0.0,0.0
1997-03-13,385.6303688746538,385.6303688746538,374.1873350696382,375.3316345214844,180415,0.0,0.0
1997-03-14,375.3317153952085,383.7232858034549,374.9502821624046,381.0532531738281,249391,0.0,0.0
1997-03-17,381.0532459890245,384.8675782451432,378.38321340974153,384.4861450195313,158815,0.0,0.0
1997-03-18,384.1045592006163,385.6302914969357,380.2902284598177,382.5788269042969,237347,0.0,0.0
1997-03-19,382.1976090726832,384.48620880603454,378.3832761837644,378.76470947265625,223446,0.0,0.0
1997-03-20,378.7644223960698,381.4344533946187,373.8057541122264,378.0015563964844,159764,0.0,0.0
1997-03-21,380.2902681702606,390.2075684184612,378.3831026007124,387.53753662109375,292697,0.0,0.0
1997-03-24,387.53773741888216,389.8263372881492,382.9604983937778,388.6820373535156,243970,0.0,0.0
1997-03-25,390.2078071218142,394.0221405942678,386.774906996606,389.0635070800781,134220,0.0,0.0
1997-03-26,389.8261505944267,391.7333162387783,382.1974487304688,382.1974487304688,154702,0.0,0.0
1997-03-27,381.8158746213392,382.1973076093706,369.22854672976473,371.1357116699219,265718,0.0,0.0
1997-03-31,369.6099594524129,369.9913924195307,355.8783333496369,358.1669311523437,319338,0.0,0.0
1997-04-01,358.1671627610293,361.2186284712012,354.7342245505257,359.3114624023437,311766,0.0,0.0
1997-04-02,357.0227939496775,357.40422708954964,347.48692616632104,348.6312255859375,306450,0.0,0.0
1997-04-03,348.6312192353244,353.2084168304127,348.6312192353244,352.0641174316406,252366,0.0,0.0
1997-04-04,350.15692748421327,355.4970302613742,349.39406127126875,352.4455261230469,243886,0.0,0.0
1997-04-07,355.4970549145088,355.4970549145088,351.6826842987166,352.0641174316406,241460,0.0,0.0
1997-04-08,352.4454330024036,357.02266835725527,350.15683496824727,356.6412353515625,209419,0.0,0.0
1997-04-09,357.0226516355171,358.1669505990002,351.30111753156467,353.2082824707031,178748,0.0,0.0
1997-04-10,351.6826842987166,355.1155824950328,350.9198180328686,352.0641174316406,101904,0.0,0.0
1997-04-11,350.15691520899435,351.6826475813968,347.8683166503906,347.8683166503906,311576,0.0,0.0
1997-04-14,347.86830452036503,349.775469919366,343.2910682762161,349.0126037597656,204019,0.0,0.0
1997-04-15,353.58994724497103,358.9300518616586,352.8270807692389,354.3528137207031,194738,0.0,0.0
1997-04-16,349.3940347585888,357.40416867323154,349.0126016810604,357.0227355957031,199652,0.0,0.0
1997-04-17,357.02266983183983,364.2698969699344,357.02266983183983,362.36273193359375,197037,0.0,0.0
1997-04-18,362.3627747644345,363.8885069738468,359.31131034561,363.1256408691406,168940,0.0,0.0
1997-04-21,363.1256223408595,363.5070553737501,358.5484259461716,361.9813232421875,183916,0.0,0.0
1997-04-22,362.3627747644345,367.702876783921,361.2184756073753,363.1256408691406,194147,0.0,0.0
1997-04-23,364.6514777269665,365.03291088878393,358.9299802997037,360.07427978515625,134768,0.0,0.0
1997-04-24,361.6000061035156,363.8886050343645,359.3114071726668,361.6000061035156,133502,0.0,0.0
1997-04-25,361.2186333524602,363.88866588494153,357.4043011632012,363.5072326660156,114223,0.0,0.0
1997-04-28,361.5999367686908,371.517236187335,361.5999367686908,369.2286376953125,157402,0.0,0.0
1997-04-29,374.5688443796713,387.91908593876286,373.0431114669892,387.1562194824219,233318,0.0,0.0
1997-04-30,386.011746753634,394.403314152168,385.2488805616353,392.1147155761719,190582,0.0,0.0
1997-05-01,392.1147339880095,393.2590333297384,386.0117648789052,387.53753662109375,143585,0.0,0.0
1997-05-02,388.6818154298645,405.8463439355949,388.6818154298645,403.9391784667969,163666,0.0,0.0
1997-05-05,404.3206271930493,409.6607299986994,400.5062961079774,407.37213134765625,180773,0.0,0.0
1997-05-06,407.753527769471,417.670826984921,406.2277561861706,406.99066162109375,262744,0.0,0.0
1997-05-07,406.22777685018457,406.9906823239152,397.4548156975829,398.2176818847656,184127,0.0,0.0
1997-05-08,395.1661682128906,403.9391684381002,391.7332704542835,395.1661682128906,252323,0.0,0.0
1997-05-09,395.54782200317874,396.31068859741896,389.0634559521368,393.6406555175781,391247,0.0,0.0
1997-05-12,393.25902775979137,408.51643067317787,392.496161542777,407.37213134765625,156684,0.0,0.0
1997-05-13,408.13470936418577,408.5161422033477,399.3617147769385,402.4131774902344,120403,0.0,0.0
1997-05-14,405.4649265185709,410.805029324221,405.0834934100637,407.37213134765625,96209,0.0,0.0
1997-05-15,406.9905965016959,408.1348955411714,403.9390931098884,404.3205261230469,105806,0.0,0.0
1997-05-16,402.79493461214525,403.5578009046387,396.3105318393972,397.8363037109375,241207,0.0,0.0
1997-05-19,397.4548946998301,403.9392585797828,397.4548946998301,399.362060546875,117766,0.0,0.0
1997-05-20,396.69194968536425,405.08347774807567,393.6404456487394,403.9391784667969,165333,0.0,0.0
1997-05-21,403.1763922409648,403.9392585797828,397.0734615304211,399.362060546875,164257,0.0,0.0
1997-05-22,400.8877688809115,401.2692020271583,396.69200427219727,397.8363037109375,196657,0.0,0.0
1997-05-23,400.8877112251098,410.4235777963804,400.8877112251098,408.1349792480469,112113,0.0,0.0
1997-05-27,405.0835876464844,412.7122908778773,403.5578548575176,405.0835876464844,155440,0.0,0.0
1997-05-28,403.5577246668503,408.5163939178482,402.4134254442844,406.99066162109375,171640,0.0,0.0
1997-05-29,407.7534380228717,408.1348710131068,403.1762028535125,404.7019348144531,99668,0.0,0.0
1997-05-30,404.3206271484406,413.8564941466177,403.1763278230453,413.0936279296875,127533,0.0,0.0
1997-06-02,416.52639148146005,418.8150286801945,411.9491956570645,416.14495849609375,140337,0.0,0.0
1997-06-03,414.6193697305465,420.72233889041473,412.7122041451347,419.95947265625,108084,0.0,0.0
1997-06-04,418.011017481226,419.5379924781973,414.193540670253,418.3927612304688,128630,0.530963,0.0
1997-06-05,419.9197969028699,424.11897875129296,417.62933407645727,418.0110778808594,90703,0.0,0.0
1997-06-06,418.01090801425113,430.2267441095334,417.6291643649777,424.8822937011719,143079,0.0,0.0
1997-06-09,425.2640689946798,433.2807255444807,425.2640689946798,430.2267761230469,103591,0.0,0.0
1997-06-10,432.1354689885629,436.3346491950215,430.2267507129,432.8989562988281,107873,0.0,0.0
1997-06-11,430.9904495011382,442.0610602506348,430.9904495011382,438.2436218261719,169847,0.0,0.0
1997-06-12,442.82446392552,449.6958911045014,441.29748884542346,448.9324035644531,163160,0.0,0.0
1997-06-13,451.2228307489743,456.56724310960266,438.2435042689045,440.9157104492188,287993,0.0,0.0
1997-06-16,436.7164650446746,445.8783536009629,436.7164650446746,443.9696350097656,184697,0.0,0.0
1997-06-17,443.2063242017836,443.9698119425309,439.0071416276732,439.3888854980469,136329,0.0,0.0
1997-06-18,440.1521958398589,446.6418390206256,437.4799505057079,442.8244018554688,156727,0.0,0.0
1997-06-19,445.1149032105164,455.4220237793643,444.3514157104939,453.1315612792969,109709,0.0,0.0
1997-06-20,453.1315921273988,460.00301941393576,452.3681045754,458.8577880859375,226125,0.0,0.0
1997-06-23,456.5673177677649,456.9490615702328,448.1689147949219,448.1689147949219,107325,0.0,0.0
1997-06-24,448.9325072288003,457.9035075551617,443.5880538958119,457.7126159667969,151073,0.0,0.0
1997-06-25,457.7124176372466,459.621175419595,445.1148364575645,449.3140563964844,128039,0.0,0.0
1997-06-26,449.8868023980475,451.7955214987732,439.7705715049255,444.5423889160156,138923,0.0,0.0
1997-06-27,445.8782463093653,459.6210954961292,445.8782463093653,458.2849731445313,148605,0.0,0.0
1997-06-30,458.28503469101867,458.28503469101867,449.1231471089357,456.1854248046875,158372,0.0,0.0
1997-07-01,456.1854248046875,458.0941431929262,453.1314753835056,456.1854248046875,119243,0.0,0.0
1997-07-02,457.330747348081,464.0113220214843,455.80377233194713,464.0113220214844,106650,0.0,0.0
1997-07-03,467.2561333354859,472.9823290756117,467.2561333354859,472.2188415527344,95154,0.0,0.0
1997-07-07,474.891137736757,475.6546254040935,469.1649802317333,470.6919555664063,129959,0.0,0.0
1997-07-08,471.83709779129566,474.89104788280497,468.2105123983555,472.2188415527344,111038,0.0,0.0
1997-07-09,472.6006359717481,473.3641235764629,457.3308052403525,459.6213073730469,131288,0.0,0.0
1997-07-10,460.0029994770145,468.0196184255553,456.5672663233799,465.347412109375,202838,0.0,0.0
1997-07-11,467.25628940993016,474.8912065074888,465.7293138541303,472.7915954589844,82709,0.0,0.0
1997-07-14,472.0281932017149,476.2274160595261,465.5385459137906,471.4555969238281,116543,0.0,0.0
1997-07-15,473.3639484116221,474.89092305600593,462.1024514314881,466.4925231933594,177209,0.0,0.0
1997-07-16,469.1648890224639,469.1648890224639,461.9117182742861,465.347412109375,207436,0.0,0.0
1997-07-17,465.347288260811,468.4012375236608,460.3846207086802,462.1024475097656,144429,0.0,0.0
1997-07-18,464.77471652956746,465.1564602072152,453.5132190611533,456.1854248046875,177926,0.0,0.0
1997-07-21,455.04037140728735,455.4221152339576,448.93247018056286,452.7499084472656,103127,0.0,0.0
1997-07-22,450.45926794607874,461.9116175509831,450.2683764487041,460.0028991699219,187481,0.0,0.0
1997-07-23,464.5840485508822,470.11935419917415,458.8578906312126,466.87451171875,159933,0.0,0.0
1997-07-24,466.87436889667896,480.0445870608367,459.2394940060462,477.9449768066406,201741,0.0,0.0
1997-07-25,477.1816007387665,479.6629553168868,470.310211732738,470.6919555664063,102938,0.0,0.0
1997-07-28,476.4180840204808,476.4180840204808,466.39727950882127,468.97406005859375,82406,0.0,1.5
1997-07-29,469.2604698711308,475.2729458947842,466.68368881548525,474.4140319824219,131653,0.0,0.0
1997-07-30,477.8496147036072,486.72518744167536,476.4180656402349,485.5799560546875,158709,0.0,0.0
1997-07-31,486.15265574987546,489.58835036555416,482.7169218156422,487.8704833984375,125972,0.0,0.0
1997-08-01,486.152585909706,486.72518193745,468.97403666205577,473.5549621582031,132806,0.0,0.0
1997-08-04,474.7001599021274,477.2769399273656,462.6751733448348,466.6835021972656,121078,0.0,0.0
1997-08-05,468.1150794256845,468.97399304669455,461.5299701484872,462.6752014160156,98916,0.0,0.0
1997-08-06,463.82035136776767,468.4012756347656,461.5298892342687,468.4012756347656,116606,0.0,0.0
1997-08-07,469.5466280165946,471.55077290375374,458.3805543584227,459.8121032714844,93994,0.0,0.0
1997-08-08,458.09426333583554,459.2395339876824,444.9240833436192,454.6585693359375,174094,0.0,0.0
1997-08-11,455.8037738610109,456.9490051269531,450.0776175312996,456.9490051269531,155194,0.0,0.0
1997-08-12,464.96547295148406,468.9738004005562,454.65835645916417,456.08990478515625,174825,0.0,0.0
1997-08-13,459.8121299950584,464.6793729912175,454.0859733285615,454.6585693359375,151622,0.0,0.0
1997-08-14,455.8038295107491,460.6710728148887,453.5133666992187,453.5133666992188,105216,0.0,0.0
1997-08-15,450.0774736607119,454.9447148147533,438.052490234375,438.052490234375,130430,0.0,0.0
1997-08-18,440.6294342637878,448.35977521578405,435.1895559675207,447.7871398925781,144084,0.0,0.0
1997-08-19,450.6503023971739,453.2270830834584,446.0693764298029,452.9407653808594,146109,0.0,0.0
1997-08-20,455.5175186767742,464.106813326948,451.5092283556205,462.3889465332031,133875,0.0,0.0
1997-08-21,466.68359045013386,466.68359045013386,450.6502720084067,454.3722839355469,129966,0.0,0.0
1997-08-22,449.7912350418331,453.5132459492048,442.0608956222444,451.7953796386719,126478,0.0,0.0
1997-08-25,454.0860361912551,454.37231457530106,447.21460792164567,452.9407653808594,106552,0.0,0.0
1997-08-26,451.22280625118543,453.51326856710097,445.7829287619799,447.2144775390625,79411,0.0,0.0
1997-08-27,444.3515615511364,446.6420248029568,438.62540342158536,440.3432312011719,114398,0.0,0.0
1997-08-28,439.770536545176,446.3556464081073,433.47174435423057,438.6253051757813,123384,0.0,0.0
1997-08-29,436.90747272371607,436.90747272371607,429.46344857963226,432.3265075683594,151031,0.0,0.0
1997-09-02,432.6127153102882,449.50494384765625,432.6127153102882,449.50494384765625,143030,0.0,0.0
1997-09-03,448.7028497920993,453.000782925476,447.27020541430704,451.8546752929688,126858,0.533333,0.0
1997-09-04,451.85470269784975,457.2987044452781,449.8489847078411,457.01220703125,207014,0.0,0.0
1997-09-05,462.7425717175171,466.75396684206544,455.5793914335083,463.6021423339844,232214,0.0,0.0
1997-09-08,470.1924167184345,473.6307788180192,468.7597724017128,471.62506103515625,139655,0.0,0.0
1997-09-09,468.7597243174103,475.0633744038242,467.0405827925948,470.7654418945313,108295,0.0,0.0
1997-09-10,467.32702582748607,472.1979914191955,462.7425575334036,464.1752014160156,126450,0.0,0.0
1997-09-11,461.8828576364367,462.4558914198856,450.4217491327648,454.1466064453125,258989,0.0,0.0
1997-09-12,462.1697113646503,462.1697113646503,453.0008103998681,457.01220703125,143522,0.0,0.0
1997-09-15,456.1523144421506,465.8942829032022,456.1523144421506,459.30413818359375,151045,0.0,0.0
1997-09-16,463.0290617734089,481.0803183428919,463.0290617734089,479.6476745605469,191714,0.0,0.0
1997-09-17,479.9343188902608,486.5244660285159,478.5016747864119,485.6648559570313,171084,0.0,0.0
1997-09-18,486.81085412365496,491.6818587230744,479.6476745605469,479.6476745605469,135155,0.0,0.0
1997-09-19,483.0859960290048,487.0973907498473,477.641996874434,479.6476745605469,202289,0.0,0.0
1997-09-22,478.5016109149512,487.9570449987718,477.3555036545821,484.2321472167969,99788,0.0,0.0
1997-09-23,486.2380407744377,487.3841484504576,474.7769246656038,477.9287109375,117436,0.0,0.0
1997-09-24,479.9340459787009,482.5127960295136,473.3439025878906,473.3439025878906,147853,0.0,0.0
1997-09-25,470.47882913437127,474.4902242915134,464.46175607296846,465.0347900390625,140583,0.0,0.0
1997-09-26,468.47315415786056,476.4959051736626,467.9000808395641,474.7767639160156,120333,0.0,0.0
1997-09-29,471.3384068344632,482.5130218502129,471.0519095214251,481.6534118652344,92194,0.0,0.0
1997-09-30,479.93408402800617,481.6532246324398,472.7708670141788,473.0574035644531,97847,0.0,0.0
1997-10-01,476.4959432891,486.8109490545754,476.2094459556557,486.2379150390625,132328,0.0,0.0
1997-10-02,482.2264714074984,488.5300810407562,477.6420423464455,485.3782958984375,97242,0.0,0.0
1997-10-03,492.8279348274085,496.8393292955034,483.94557541541775,493.1144714355469,157261,0.0,0.0
1997-10-06,495.97989242942367,497.9856100372129,491.3954624949816,497.41253662109375,162450,0.0,0.0
1997-10-07,498.5586719520891,506.5814641341098,494.8338125851431,505.7218933105469,114764,0.0,0.0
1997-10-08,505.7216324807887,506.2946662847408,494.5470207947111,499.9910583496094,88509,0.0,0.0
1997-10-09,497.1257946183905,500.2776184082031,491.68179615656845,495.1201171875,105638,0.0,0.0
1997-10-10,496.83947942229184,496.83947942229184,486.8109705474976,488.5301513671875,94472,0.0,0.0
1997-10-13,491.3952157941053,503.7158945688949,491.3952157941053,500.85064697265625,85697,0.0,0.0
1997-10-14,504.5755643638413,508.873455944445,498.2719559434914,508.0138854980469,101953,0.0,0.0
1997-10-15,506.8680008581741,509.16021595342863,503.7161755907267,505.7218933105469,71986,0.0,0.0
1997-10-16,506.5815013882103,516.0369385372771,496.83956684264,498.8452453613281,109083,0.0,0.0
1997-10-17,499.70462656042366,504.2890946964432,489.67615907651947,493.9740905761719,194063,0.0,0.0
1997-10-20,491.6818593451348,510.01961321539375,486.52435746161456,506.8678283691406,143733,0.0,0.0
1997-10-21,508.58735448311273,511.7391414717373,504.2894202091955,511.1661071777344,108506,0.0,0.0
1997-10-22,511.165891618042,516.0368581318656,505.7218517032381,513.1715698242188,86400,0.0,0.0
1997-10-23,499.7046513479638,503.7160464102319,486.23786160549673,489.1031494140625,230991,0.0,0.0
1997-10-24,492.25511591070097,494.5473312627408,474.7769246656038,477.9287109375,294455,0.0,0.0
1997-10-27,467.61351633090896,471.6249112742152,455.0062975654429,456.15240478515625,229191,0.0,0.0
1997-10-28,451.5680574266143,475.0633580438263,444.9779102120974,470.1923522949219,431466,0.0,0.0
1997-10-29,472.197980825358,484.5186628513383,469.6192297642348,476.7824096679688,246502,0.0,0.0
1997-10-30,472.7710253630687,475.3497764820466,463.3156308258961,464.1752014160156,227897,0.0,0.0
1997-10-31,470.7653426672277,472.1979865350213,461.3099088792379,467.9000549316406,165361,0.0,0.0
1997-11-03,471.9113396412397,479.07451795808765,470.1921595318079,477.3553771972656,172997,0.0,0.0
1997-11-04,475.6365276956104,476.7826354490039,470.7655599065287,472.4847412109375,171211,0.0,0.0
1997-11-05,472.7708728517133,483.37241055391655,470.478659118428,477.6418762207031,153942,0.0,0.0
1997-11-06,473.0576297065024,473.3441663937537,467.61359004322793,469.0462341308594,193205,0.0,0.0
1997-11-07,460.7368111121436,463.8885957057551,458.15806037709166,461.3098449707031,205622,0.0,0.0
1997-11-10,461.59649635683047,464.4617844079636,457.5851009549688,458.4446716308594,213975,0.0,0.0
1997-11-11,460.1637186150106,461.5963622242737,457.0119341535212,457.2984313964844,149484,0.0,0.0
1997-11-12,455.5794606879272,459.3043197236766,449.5623474121094,449.5623474121094,193430,0.0,0.0
1997-11-13,449.27587890625,455.2929532197453,448.7028054722842,449.27587890625,172491,0.0,0.0
1997-11-14,450.135589945126,457.01227655195294,448.1298716500075,453.5739135742188,130458,0.0,0.0
1997-11-17,461.0233568115625,475.6362922952585,459.8772496253965,470.4787902832031,172252,0.0,0.0
1997-11-18,473.3440082741294,473.3440082741294,463.8885761937802,467.6134338378906,140527,0.0,0.0
1997-11-19,468.7595842194297,476.49583681485024,467.3269798264545,475.063232421875,169411,0.0,0.0
1997-11-20,475.0632087148208,480.5072074428553,471.338311563399,479.9341735839844,155995,0.0,0.0
1997-11-21,480.22086099376185,485.0918273925782,475.3498552463197,485.0918273925781,148359,0.0,0.0
1997-11-24,480.507186970816,483.3724741889354,466.1807902288309,467.6134338378906,161944,0.0,0.0
1997-11-25,468.186670670093,469.6193147799165,459.5908453597772,460.1638793945313,175120,0.0,0.0
1997-11-26,461.0234197940206,464.7483178437067,459.0177417813801,463.315673828125,105188,0.0,0.0
1997-11-28,461.02350032522514,463.6022521340017,460.1639295051762,462.1696472167969,50330,0.0,0.0
1997-12-01,467.6135109031658,487.67048538688925,462.456008800011,487.097412109375,165333,0.0,0.0
1997-12-02,485.9513926475261,493.68764719913526,480.22085558075577,485.6648559570313,147488,0.0,0.0
1997-12-03,489.1630337504509,490.3099532425175,485.14879583996463,486.2957153320313,164813,0.533333,0.0
1997-12-04,488.5893781719345,495.18419240616186,487.1557194795814,491.4566955566406,106270,0.0,0.0
1997-12-05,489.736418114758,497.4781533381868,487.4425793914831,493.1772155761719,123427,0.0,0.0
1997-12-08,493.1771325546608,495.1842312555256,487.4424973353413,488.5894165039063,124172,0.0,0.0
1997-12-09,488.58922765893294,489.1627067098071,480.2740570566163,483.7148132324219,119405,0.0,0.0
1997-12-10,479.1276227292345,485.72244159924816,474.8266436288292,477.1204833984375,132427,0.0,0.0
1997-12-11,473.679339882834,476.8333571659569,465.6508678188141,468.2314453125,142692,0.0,0.0
1997-12-12,469.37831030325,475.6863835207418,464.7906350092499,467.08447265625,154463,0.0,0.0
1997-12-15,467.944838101447,475.11313282082966,466.5111791575704,473.6794738769531,144028,0.0,0.0
1997-12-16,474.82638892423125,482.2813838647377,473.9662093161724,479.7008056640625,126759,0.0,0.0
1997-12-17,483.71495482572016,488.01593083682087,482.2812961553532,484.57513427734375,209531,0.0,0.0
1997-12-18,485.1487766516197,486.0089563925217,477.4070408539874,485.4355163574219,166781,0.0,0.0
1997-12-19,481.7079703212683,483.4283296316814,475.9733342825565,481.1344909667969,238022,0.0,0.0
1997-12-22,482.28156693279885,488.5896449981949,481.9948271624369,488.0162048339844,121514,0.0,0.0
1997-12-23,487.4426182027906,488.0160976175219,477.4070434570313,477.4070434570313,100603,0.0,0.0
1997-12-24,479.4141062785027,479.700845964111,470.2387513510496,470.52545166015625,96919,0.0,0.0
1997-12-26,471.38555198067047,474.5395695983982,470.52533314052414,470.8120727539063,34298,0.0,0.0
1997-12-29,475.3998973946391,486.86913017011096,473.3927590174436,486.0089111328125,120797,0.0,0.0
1997-12-30,490.8833971481701,502.3526306152344,489.16299834633423,502.3526306152344,112908,0.0,0.0
1997-12-31,504.359824013261,505.7934833866904,497.7650066460898,498.9119262695313,100800,0.0,0.0
1998-01-02,505.7932362999018,506.3667155197256,498.0515030912299,505.2197570800781,114820,0.0,0.0
1998-01-05,505.7934741367316,506.3669536262198,493.4640588778338,501.77923583984375,189450,0.0,0.0
1998-01-06,500.6321216620776,503.4994392420895,498.0515437153659,499.7719421386719,238205,0.0,0.0
1998-01-07,500.34547959688393,500.34547959688393,490.0231657971706,494.8975830078125,161536,0.0,0.0
1998-01-08,493.1772968320527,494.0374766508786,488.5895792531292,492.3170776367188,127519,0.0,0.0
1998-01-09,491.4567464629928,493.1771449473181,469.0917236727471,473.3927001953125,201052,0.0,0.0
1998-01-12,463.3572274873754,467.65820493631946,459.0562500384315,464.2174072265625,344953,0.0,0.0
1998-01-13,465.6510470455637,473.10604281304927,462.7837288652991,463.3572082519531,275597,0.0,0.0
1998-01-14,467.94476294646137,469.09168204206014,458.4826705636484,461.6366882324219,265978,0.0,0.0
1998-01-15,462.7835300546133,464.50392809899375,459.91625248262704,461.0631713867188,165009,0.0,0.0
1998-01-16,463.35719277713775,468.8050892623956,463.070453093387,465.6510314941406,201586,0.0,0.0
1998-01-20,473.6794778916884,477.1202357602554,467.9448420675775,476.83349609375,207970,0.0,0.0
1998-01-21,472.8192976034255,481.4212119509899,472.8192976034255,478.5538940429688,202458,0.0,0.0
1998-01-22,478.267172947441,483.4283296316814,475.11315462735,481.1344909667969,185977,0.0,0.0
1998-01-23,481.1344591764837,489.7363732896909,477.69370140650045,489.1629333496094,240539,0.0,0.0
1998-01-26,493.7506401414066,499.1985364713401,490.023142488426,495.4710388183594,189998,0.0,0.0
1998-01-27,495.4710657703664,510.9545365756903,494.324146382176,509.8076171875,273825,0.0,0.0
1998-01-28,509.2340622273418,513.5350388271046,505.7933045734296,510.3809814453125,145223,0.0,0.0
1998-01-29,509.2339390448226,515.8287524852566,505.7931822232216,507.5135803222656,172913,0.0,0.0
1998-01-30,507.51392071181294,512.1015995509035,505.5067816873257,506.0802612304688,135731,0.0,0.0
1998-02-02,509.52085017755314,515.2554861875359,509.52085017755314,514.6820068359375,138811,0.0,0.0
1998-02-03,512.3882005922496,521.5635951626862,511.5280208869441,521.27685546875,111263,0.0,0.0
1998-02-04,514.9687304874437,523.8573845251283,514.1085508633128,518.6962280273438,112852,0.0,0.0
1998-02-05,518.4093734751601,522.7103493956693,512.9614785178132,519.2695922851562,88158,0.0,0.0
1998-02-06,520.4164856131832,522.423583984375,518.4093478655029,522.423583984375,125705,0.0,0.0
1998-02-09,519.8429027719621,521.2765610554198,517.2623257370343,520.4163818359375,66488,0.0,0.0
1998-02-10,519.5565420591535,529.8788577250738,517.5494426247842,527.2982788085938,142031,0.0,0.0
1998-02-11,528.7319201095629,536.7603963263173,527.5850005609562,533.0328979492188,106397,0.0,0.0
1998-02-12,533.0328483195792,546.7959209979141,529.3053502895407,545.0755615234375,152114,0.0,0.0
1998-02-13,541.347854277263,541.347854277263,533.319420703327,539.0540161132812,110855,0.0,0.0
1998-02-17,539.0543341840943,541.9216532691886,534.4666551491556,536.4737548828125,80002,0.0,0.0
1998-02-18,537.907396857219,543.0685552912184,537.333956684838,540.4879760742188,97678,0.0,0.0
1998-02-19,540.487758986895,540.487758986895,533.8929437059845,535.6133422851562,132680,0.0,0.0
1998-02-20,537.9071533427251,542.7815697955931,534.1796560919145,542.2081298828125,139584,0.0,0.0
1998-02-23,543.9282944841865,544.78851311048,537.3335212748284,543.068115234375,71817,0.0,0.0
1998-02-24,542.4948695274509,545.6488874889848,536.7602341406676,542.2081298828125,86273,0.0,0.0
1998-02-25,545.9357025030977,554.8243570785432,542.4949444219096,550.8101196289062,71170,0.0,0.0
1998-02-26,548.5163866157055,553.964284159857,542.2083092296125,553.1040649414062,90830,0.0,0.0
1998-02-27,552.8173262136021,554.2509460585103,548.2296088297741,551.3836669921875,79552,0.0,0.0
1998-03-02,548.516209066911,552.2437063441193,546.5090709167241,551.6702270507812,95414,0.0,0.0
1998-03-03,548.80309402762,559.698849097593,547.0826950685688,559.412109375,90717,0.0,0.0
1998-03-04,560.3300953662447,560.9039276194794,551.7228873728442,554.3050537109375,82463,0.533333,0.0
1998-03-05,550.8619814307103,553.4441470302304,542.541691943768,549.1405639648438,86597,0.0,0.0
1998-03-06,550.2885042714574,557.4611730936416,549.7146718533262,556.6004638671875,83306,0.0,0.0
1998-03-09,556.6004635066803,564.3469647419784,555.4528380719039,563.7731323242188,68147,0.0,0.0
1998-03-10,563.4860049946924,566.3550476057086,558.8954658957609,560.0430908203125,89578,0.0,0.0
1998-03-11,558.8954634911449,562.9121704101562,555.4525887323031,562.9121704101562,99900,0.0,0.0
1998-03-12,560.6170030545709,562.9122532314991,555.7395865784155,561.1907958984375,81295,0.0,0.0
1998-03-13,568.0763834576967,570.3716328169623,559.1822626400043,570.084716796875,94486,0.0,0.0
1998-03-16,572.9539388985645,584.7171440044277,572.9539388985645,583.5695190429688,127350,0.0,0.0
1998-03-17,582.995762517735,589.8815525807906,579.552887186573,588.1600952148438,106931,0.0,0.0
1998-03-18,584.7172122145754,588.1600875005809,574.3885469558278,577.2576293945312,99239,0.0,0.0
1998-03-19,581.84818673111,582.1351028832119,572.6671456689951,580.7005615234375,87244,0.0,0.0
1998-03-20,582.4220837129482,594.4722088327712,576.1101246694427,593.8983764648438,187116,0.0,0.0
1998-03-23,592.7505671646346,596.4803581963733,580.9873618795845,584.4302368164062,115284,0.0,0.0
1998-03-24,587.299399298778,589.3077728371878,579.2659839466033,585.5779418945312,100069,0.0,0.0
1998-03-25,586.1516362847223,595.3326746131976,573.8146394250127,580.9873046875,137559,0.0,0.0
1998-03-26,579.8398736676875,581.8482080043583,569.5112070202684,571.8064575195312,111319,0.0,0.0
1998-03-27,576.3969923871485,577.8314943848686,565.2075773593377,568.07666015625,147361,0.0,0.0
1998-03-30,569.2242109184174,576.1100008499333,558.3217528776426,561.1907958984375,130050,0.0,0.0
1998-03-31,565.7815865854144,583.2829261975057,565.494670335864,578.1185913085938,125648,0.0,0.0
1998-04-01,575.2493541229356,586.4387696637804,573.8148520594438,579.552978515625,111206,0.0,0.0
1998-04-02,580.7005178523565,585.8648505988709,578.6921837401484,584.1434326171875,119517,0.0,0.0
1998-04-03,584.1436935540466,588.4472798313984,579.2662353585652,585.8651123046875,115467,0.0,0.0
1998-04-06,591.6030156064346,596.4804322224246,584.1434326171875,584.1434326171875,139177,0.0,0.0
1998-04-07,587.5863496540055,587.5863496540055,569.7980999101535,574.1016845703125,115959,0.0,0.0
1998-04-08,576.9705742024313,577.257490257292,570.6586179991026,573.2407836914062,128630,0.0,0.0
1998-04-09,575.5360836762809,586.4385795089585,573.8146659979712,585.2909545898438,132553,0.0,0.0
1998-04-13,585.2912405603463,594.7591606192046,578.4054482805677,591.3162841796875,132891,0.0,0.0
1998-04-14,593.6113790353195,595.9066293914076,587.873253145099,593.324462890625,83123,0.0,0.0
1998-04-15,596.480459502155,624.3104586197264,594.7590020410095,612.8341674804688,182419,0.0,0.0
1998-04-16,616.5639560962614,617.1377883807164,608.2436637767988,615.7032470703125,142017,0.0,0.0
1998-04-17,615.9898911997719,640.090087890625,613.1208098459114,640.090087890625,162267,0.0,0.0
1998-04-20,635.4998650647246,635.7867812047813,617.4246998514211,628.6140747070312,171127,0.0,0.0
1998-04-21,622.8760213416913,637.5082733773161,618.8593131160086,635.4999389648438,122681,0.0,0.0
1998-04-22,634.3524042109327,644.107240293625,632.6309463254456,643.533447265625,124805,0.0,0.0
1998-04-23,638.9426115274628,642.385486310755,626.0317818392098,634.3521118164062,135534,0.0,0.0
1998-04-24,630.3356784824127,631.1963877016676,602.7925500580889,603.6532592773438,173784,0.0,0.0
1998-04-27,600.7840354765185,609.965075534881,589.3077452537482,593.0375366210938,184823,0.0,0.0
1998-04-28,597.6279520208709,599.0624930199456,582.4218725916943,585.2909545898438,140316,0.0,0.0
1998-04-29,587.586533806223,596.1937452248138,580.700741030902,590.168701171875,99084,0.0,0.0
1998-04-30,596.7672151137994,609.1042119645772,594.7588420492651,603.9398803710938,123722,0.0,0.0
1998-05-01,608.5304259432635,611.6863845070167,600.2100963283508,607.669677734375,126338,0.0,0.0
1998-05-04,608.2435031659044,613.9816274915952,601.9315467072828,603.9398803710938,66248,0.0,0.0
1998-05-05,600.4970344770366,600.4970344770366,589.8814547162222,595.3327026367188,80789,0.0,0.0
1998-05-06,594.1853148862024,594.1853148862024,583.2828146934688,585.0042724609375,111009,0.0,0.0
1998-05-07,584.430285813874,584.7172019328455,576.6837870060285,576.970703125,96075,0.0,0.0
1998-05-08,576.9707081134945,593.3244148267635,576.9707081134945,590.7422485351562,124720,0.0,0.0
1998-05-11,591.889946466753,600.210238653901,587.2994064663153,588.7339477539062,129488,0.0,0.0
1998-05-12,591.889858280611,592.7505671646346,576.109945868905,584.4302368164062,140456,0.0,0.0
1998-05-13,585.5778404902733,596.4803364946343,582.9956745314221,596.1934204101562,100364,0.0,0.0
1998-05-14,592.7506642870875,594.7589984791182,588.160124218436,589.5946655273438,67106,0.0,0.0
1998-05-15,590.7423772427213,601.0710446595011,587.5864174213382,593.8983764648438,136702,0.0,0.0
1998-05-18,594.4720764852626,601.070910842892,587.0124543666401,593.611328125,83953,0.0,0.0
1998-05-19,598.2018011486186,598.4886778359906,585.8647639669297,589.3076782226562,117295,0.0,0.0
1998-05-20,588.1599720894582,591.8898021683291,580.7003907331632,590.4552612304688,154575,0.0,0.0
1998-05-21,592.7505530776567,596.1934279326571,585.8647639669297,589.3076782226562,123694,0.0,0.0
1998-05-22,590.4552567814906,593.0374225700383,582.4218433502924,583.8563842773438,72169,0.0,0.0
1998-05-26,588.4469932772824,589.881534471409,576.6837870060285,576.970703125,89227,0.0,0.0
1998-05-27,575.8230747986312,575.8230747986312,558.6086199670385,570.371826171875,171506,0.0,0.0
1998-05-28,569.2241667413767,576.1099561384918,567.7896256419474,574.6754150390625,92531,0.0,0.0
1998-05-29,578.4051506523098,578.9789827973262,568.0764872478042,568.3634033203125,105497,0.0,0.0
1998-06-01,571.806489336693,573.5279470072957,559.7563644439507,563.1992797851562,130036,0.0,0.0
1998-06-02,568.3636697553657,572.3803784512446,564.6338772664943,566.6422119140625,106847,0.0,0.0
1998-06-03,566.4125657554348,581.9149872478832,566.4125657554348,577.3216552734375,159736,0.533333,0.0
1998-06-04,577.6084567360863,597.1300191485038,577.3213662392837,594.8333740234375,180717,0.0,0.0
1998-06-05,597.1302601893624,598.8527250161233,592.5369286603836,598.565673828125,131864,0.0,0.0
1998-06-08,598.8527978811006,625.8385302636749,598.8527978811006,615.2164916992188,182545,0.0,0.0
1998-06-09,615.2163916802167,634.7379611743655,613.7809781001641,630.7188110351562,136842,0.0,0.0
1998-06-10,627.2737045390226,636.1732752279898,620.957909429683,630.14453125,132905,0.0,0.0
1998-06-11,628.9959766539752,629.2830671042118,609.7615078581769,614.3547973632812,156417,0.0,0.0
1998-06-12,613.2068127309783,627.56090947743,605.7426934617373,624.9771728515625,156727,0.0,0.0
1998-06-15,619.2353287411022,620.0965608229081,606.316650390625,606.316650390625,126844,0.0,0.0
1998-06-16,603.4457581254192,608.6132288996381,593.97204856446,600.287841796875,158527,0.0,0.0
1998-06-17,602.5846055034518,615.5032841404989,602.5846055034518,610.6228637695312,162998,0.0,0.0
1998-06-18,607.178189300736,610.33610757096,598.5657458564758,600.0011596679688,106889,0.0,0.0
1998-06-19,601.149139313533,619.8094293503716,601.149139313533,619.5223388671875,210741,0.0,0.0
1998-06-22,617.2259097218345,628.9962688269127,610.9101140062517,611.1972045898438,128377,0.0,0.0
1998-06-23,612.9197386434919,620.0967670361777,612.9197386434919,619.2355346679688,128869,0.0,0.0
1998-06-24,619.8095797853417,643.9244765816172,615.7904303192958,641.0536499023438,134564,0.0,0.0
1998-06-25,641.053718599669,651.3886642128309,639.6183051062089,646.22119140625,150328,0.0,0.0
1998-06-26,646.2209192793115,652.8238027988444,646.2209192793115,650.814208984375,109406,0.0,0.0
1998-06-29,655.4077162842275,665.7426209301254,655.1206257434485,658.2785034179688,123328,0.0,0.0
1998-06-30,657.1301046212866,670.6229248046875,651.3884915936729,670.6229248046875,222638,0.0,0.0
1998-07-01,670.6231642050469,672.6327984753019,663.4461355022906,671.4844360351562,120811,0.0,0.0
1998-07-02,675.21628972445,675.21628972445,665.4554490787183,674.92919921875,93220,0.0,0.0
1998-07-06,673.7808222374023,688.4220434562732,673.2066412387495,683.8286743164062,102347,0.0,0.0
1998-07-07,684.4027996561296,688.7089990971148,679.2353287872079,683.2545166015625,152452,0.0,0.0
1998-07-08,681.5319737456899,688.7089990971148,681.5319737456899,683.2545166015625,74939,0.0,0.0
1998-07-09,678.6613833087262,682.3934819420191,672.9198083450549,674.6422729492188,131527,0.0,0.0
1998-07-10,671.1971834732066,688.1350522821402,665.4555303566403,684.4029541015625,142270,0.0,0.0
1998-07-13,683.2548254094969,688.7093103702908,682.1064629865612,685.8385620117188,115270,0.0,0.0
1998-07-14,679.8098724724905,699.3314044605715,679.2356912141611,695.886474609375,181181,0.0,0.0
1998-07-15,693.5897718183842,693.8767835747345,681.2451911693594,685.8385620117188,130767,0.0,0.0
1998-07-16,686.4126286068281,686.9868097883771,671.7714815736068,678.3743286132812,147713,0.0,0.0
1998-07-17,679.8097065184317,701.0537770954326,678.9484348411897,696.7474975585938,162788,0.0,0.0
1998-07-20,695.5991994805,705.0728723325927,691.2929200346105,699.0441284179688,98156,0.0,0.0
1998-07-21,698.4701363190331,702.776337594697,680.9580829193195,682.1064453125,116030,0.0,0.0
1998-07-22,680.9580218321295,685.5513921434092,666.02978515625,666.02978515625,203428,0.0,0.0
1998-07-23,666.0296486849487,679.0919122368805,660.2880355340394,668.3262939453125,268045,0.0,0.0
1998-07-24,670.6232968201538,674.6424873060699,660.2883876373556,670.0491943359375,156642,0.0,0.0
1998-07-27,667.1781016354875,703.350407400672,664.3072749565746,702.4891357421875,182377,0.0,0.0
1998-07-28,694.7380686319966,696.4605334498427,671.1973481576359,686.6997680664062,262167,0.0,0.0
1998-07-29,684.4031220261497,694.1638874095862,678.3743768896107,686.6997680664062,149963,0.0,0.0
1998-07-30,686.6996207568468,702.4891278896858,686.6996207568468,693.8766479492188,130852,0.0,0.0
1998-07-31,692.4412419832074,695.3120684970805,686.6995889554614,692.7283325195312,154139,0.0,0.0
1998-08-03,692.4412586669436,695.4555910969237,680.3838500976562,680.3838500976562,120703,0.0,1.5
1998-08-04,686.8434867853399,686.8434867853399,636.0299762523874,637.75244140625,240056,0.0,0.0
1998-08-05,638.6134750108406,647.6565516792525,630.8622664379161,641.6278076171875,245166,0.0,0.0
1998-08-06,641.6278945069046,664.8815627993923,639.9054297627877,659.7140502929688,189900,0.0,0.0
1998-08-07,653.6854446556123,657.130414094577,637.3217905396593,647.65673828125,134081,0.0,0.0
1998-08-10,656.2690723054035,656.2690723054035,630.8623431464297,634.3073120117188,112453,0.0,0.0
1998-08-11,634.3073818459119,634.3073818459119,608.470013949948,615.7905883789062,188316,0.0,0.0
1998-08-12,622.2498618461715,637.3216844092782,621.8192653784419,634.3073120117188,142847,0.0,0.0
1998-08-13,637.7523970577973,651.9629504248325,626.9868526083267,629.1399536132812,133284,0.0,0.0
1998-08-14,636.0297133755769,640.3359139051422,602.8717406347567,608.4698486328125,146953,0.0,0.0
1998-08-17,601.5799100288779,635.1684812581509,601.5799100288779,633.015380859375,140709,0.0,0.0
1998-08-18,633.0153167782031,653.6852046730015,633.0153167782031,651.5321044921875,175744,0.0,0.0
1998-08-19,654.5462597016013,658.4218626329096,649.3787891265238,651.9625244140625,115172,0.0,0.0
1998-08-20,620.0966234500694,624.8334595154191,596.4123642739577,602.8717041015625,1044684,0.0,0.0
1998-08-21,597.7042277808262,603.7329711914062,584.3549518531445,603.7329711914062,499884,0.0,0.0
1998-08-24,608.4698907306973,620.0967039293731,600.2880460789559,617.943603515625,263334,0.0,0.0
1998-08-25,623.5415111054064,640.3357924905112,623.5415111054064,630.8621215820312,316425,0.0,0.0
1998-08-26,625.6947572345554,633.015329536615,616.2210452836027,618.3741455078125,194231,0.0,0.0
1998-08-27,612.345483880294,614.9292200991981,585.6468894265126,589.0918579101562,320306,0.0,0.0
1998-08-28,592.5370131263118,601.5800927423186,561.5321687285739,564.1159057617188,375900,0.0,0.0
1998-08-31,577.8957479758386,577.8957479758386,530.5272188374431,532.6803588867188,347447,0.0,0.0
1998-09-01,533.1109857084585,558.5177558786237,524.9291792144057,554.6421508789062,459497,0.0,0.0
1998-09-02,557.196533203125,565.8151825919679,554.6109344411616,557.196533203125,333319,0.618667,0.0
1998-09-03,557.1963322984361,557.1963322984361,537.8043485757527,550.3013916015625,280894,0.0,0.0
1998-09-04,550.3015277440602,552.45621943726,513.6722423968853,525.7383422851562,290794,0.0,0.0
1998-09-08,542.9760093777064,563.6608097349524,539.0976093107228,559.7824096679688,316369,0.0,0.0
1998-09-09,559.3512524515133,570.9864482691319,555.4728538456404,562.3677978515625,238313,0.0,0.0
1998-09-10,551.5944897717424,552.0254361281885,521.8600985985612,528.3240966796875,294534,0.0,0.0
1998-09-11,518.843650766107,544.6996459960938,515.3961584333636,544.6996459960938,324056,0.0,0.0
1998-09-14,561.9367201314493,569.6935155295204,557.1964694281064,560.6439208984375,243572,0.0,0.0
1998-09-15,555.0420396038901,567.5390907130471,552.4564401017805,564.9534912109375,213984,0.0,0.0
1998-09-16,564.9537455864788,572.2796009899495,556.3350898498583,571.8486938476562,185409,0.0,0.0
1998-09-17,560.2132852643209,561.9369921072044,549.4399399572561,557.627685546875,160697,0.0,0.0
1998-09-18,558.4895449597981,558.4895449597981,541.2522001741961,545.9924926757812,261844,0.0,0.0
1998-09-21,540.3901176094482,556.7655625677907,533.4951747281493,556.3346557617188,154509,0.0,0.0
1998-09-22,559.7821064422074,567.9698486328125,552.0253105099828,567.9698486328125,127875,0.0,0.0
1998-09-23,567.1079502418713,576.1575454023964,552.4562510459476,574.86474609375,332484,0.0,0.0
1998-09-24,574.864773628168,583.4834624006913,556.3346756187649,560.2130737304688,254250,0.0,0.0
1998-09-25,557.6276436110871,557.6276436110871,538.6665541403516,544.6996459960938,401606,0.0,0.0
1998-09-28,545.5611420648261,554.1797883460991,545.5611420648261,550.3013916015625,250303,0.0,0.0
1998-09-29,554.1797883460991,556.3344795062363,545.1301959421802,550.3013916015625,139856,0.0,0.0
1998-09-30,542.5449730201656,549.0089720611252,524.014868738161,540.3903198242188,248119,0.0,0.0
1998-10-01,521.4291290664137,526.6003269102026,506.77738869130906,519.7053833007812,343303,0.0,0.0
1998-10-02,518.8436051721449,523.583857396715,506.3465156071019,510.2249145507813,285300,0.0,0.0
1998-10-05,503.3300291700901,504.62282886876926,482.645233991225,491.2638854980469,292875,0.0,0.0
1998-10-06,492.5567606822796,503.33010630668593,487.3855610950641,489.9711608886719,258544,0.0,0.0
1998-10-07,489.54012435198,499.8825216231705,475.75027447476407,483.9380187988281,271331,0.0,0.0
1998-10-08,468.85526670518425,468.85526670518425,447.3086217745929,458.9438171386719,610144,0.0,0.0
1998-10-09,465.40803741066526,482.214438761606,455.06563657931713,480.4906921386719,436622,0.0,0.0
1998-10-12,487.8163711646588,513.6723618720946,486.0926252997928,511.5176696777344,313397,0.0,0.0
1998-10-13,511.5177294364903,518.4126742483547,505.484677384306,511.0868225097656,249469,0.0,0.0
1998-10-14,511.0869380025842,516.2581379167651,504.1919916326349,511.9487915039063,207169,0.0,0.0
1998-10-15,510.6558431295571,571.848370815951,507.208390672969,568.40087890625,395372,0.0,0.0
1998-10-16,577.4505691985366,607.6159112782857,576.5887158087562,604.599365234375,492131,0.0,0.0
1998-10-19,604.5993453225999,604.5993453225999,592.1022940433216,600.2900390625,191513,0.0,0.0
1998-10-20,605.8921502282926,633.4718920111083,604.1684434908855,622.6985473632812,371250,0.0,0.0
1998-10-21,619.2509001773004,621.8364989254311,605.0301070625817,612.35595703125,229931,0.0,0.0
1998-10-22,607.1850182930198,607.6159647523956,581.7599662522937,594.2570190429688,275719,0.0,0.0
1998-10-23,592.9638330297672,593.3947792085473,574.002792959902,590.3782348632812,210553,0.0,0.0
1998-10-26,589.0858126038962,589.0858126038962,565.8154142200143,566.6773071289062,228938,0.0,0.0
1998-10-27,572.2794282107482,583.4837206840701,558.0586288395591,565.384521484375,315450,0.0,0.0
1998-10-28,557.6276161402438,558.4894694544128,543.8377263948479,547.7161254882812,257438,0.0,0.0
1998-10-29,547.7160653901565,565.8152591735791,541.6830139467194,564.091552734375,242606,0.0,0.0
1998-10-30,570.9864748279431,592.1022147042411,564.5224768508226,588.2238159179688,369356,0.0,0.0
1998-11-02,594.6878293488792,599.8590278649564,589.516630832802,595.5496826171875,187266,0.0,0.0
1998-11-03,597.2736412153387,598.9973878186621,586.5002939875403,592.9642944335938,155484,0.0,0.0
1998-11-04,598.1353197114955,606.3230643642548,596.8425200006975,603.3065185546875,185034,0.0,0.0
1998-11-05,597.2733974987534,610.2013931156094,591.6712529137452,609.7704467773438,145059,0.0,0.0
1998-11-06,609.7705816717455,617.9583271914308,603.3065824333414,616.66552734375,150103,0.0,0.0
1998-11-09,613.6488528242917,613.6488528242917,594.6878055097992,602.8755493164062,191363,0.0,0.0
1998-11-10,602.4446076938573,602.4446076938573,587.7928658864599,591.6712646484375,206184,0.0,0.0
1998-11-11,598.1351889530438,598.1351889530438,580.466943252302,581.3287963867188,159975,0.0,0.0
1998-11-12,581.7594153961504,582.6212680457088,574.0026231908683,577.4500732421875,138206,0.0,0.0
1998-11-13,580.0361276416324,599.8590698242188,580.0361276416324,599.8590698242188,144478,0.0,0.0
1998-11-16,606.3230819198634,610.2014811645533,602.0137362747244,606.7540283203125,123309,0.0,0.0
1998-11-17,605.0303342375666,619.2511326918684,602.8756809561369,613.6489868164062,148341,0.0,0.0
1998-11-18,613.6489671515002,629.1625649681374,610.6324605447892,626.5769653320312,192413,0.0,0.0
1998-11-19,625.7149485843462,633.9026917788417,623.9912027925816,630.4552001953125,139528,0.0,0.0
1998-11-20,635.1954314947271,643.3831344657439,630.8860871473305,638.6428833007812,188822,0.0,0.0
1998-11-23,661.4823757468776,668.3773193359375,650.278126936125,668.3773193359375,171394,0.0,0.0
1998-11-24,668.3773307291667,680.8744186631839,666.6536243923506,678.7197265625,202856,0.0,0.0
1998-11-25,680.4434234755028,687.3384065397115,676.134118240035,684.7528076171875,146138,0.0,0.0
1998-11-27,683.0290611496067,688.2002592880422,673.9794644073447,676.5650634765625,70819,0.0,0.0
1998-11-30,672.2557808032791,673.1176734909991,646.3997892339222,648.12353515625,137316,0.0,0.0
1998-12-01,645.106748117983,652.8635426845319,630.8859580793101,648.55419921875,193584,0.0,0.0
1998-12-02,645.9362826477043,647.6610527766315,632.5690970225002,636.0186767578125,151294,0.618667,0.0
1998-12-03,635.5875303567952,642.9179024027709,621.7891318876582,626.5323486328125,206869,0.0,0.0
1998-12-04,628.2570758689828,650.2482299804688,628.2570758689828,650.2482299804688,166997,0.0,0.0
1998-12-07,656.2850437019262,656.2850437019262,645.0738407777662,650.2482299804688,86063,0.0,0.0
1998-12-08,646.7987379523597,649.3859329041692,634.7251483514283,640.761962890625,114938,0.0,0.0
1998-12-09,636.0187458273331,642.9179455246456,630.8443559237141,640.761962890625,104147,0.0,0.0
1998-12-10,639.8996056879672,640.3308180511975,631.275634765625,631.275634765625,117975,0.0,0.0
1998-12-11,632.1378666488512,635.1562735042216,620.9267032220497,624.8074951171875,138431,0.0,0.0
1998-12-14,621.3578137197422,622.6514108062668,598.504238872843,601.953857421875,131981,0.0,0.0
1998-12-15,608.8531698459625,637.3123129609324,603.6787801886952,634.2939453125,242194,0.0,0.0
1998-12-16,644.2114143523562,656.2850015422077,641.6242199172062,649.3858032226562,235894,0.0,0.0
1998-12-17,648.9548985116909,670.0836762368762,648.9548985116909,667.0653076171875,194813,0.0,0.0
1998-12-18,667.0649532259175,687.3312558347307,658.0097337451948,686.0376586914062,263438,0.0,0.0
1998-12-21,684.3131870425766,708.0291186873021,681.2948187110482,695.95556640625,173053,0.0,0.0
1998-12-22,694.2306186225186,697.6801589911449,672.6706360214731,673.9642333984375,171891,0.0,0.0
1998-12-23,675.6887159499913,686.899914762846,666.6335381659237,682.5879516601562,136791,0.0,0.0
1998-12-24,682.5879516601562,683.01912428396,679.1383338050738,682.5879516601562,48469,0.0,0.0
1998-12-28,679.138427734375,682.1567944282293,663.615263671875,679.138427734375,72713,0.0,0.0
1998-12-29,664.9090896939051,686.4690735249851,657.147504989307,685.1754760742188,124416,0.0,0.0
1998-12-30,685.1753911414701,685.1753911414701,670.9458209469046,671.8081665039062,115903,0.0,0.0
1998-12-31,671.8082398240415,674.8266864677138,664.4779070149433,666.6338500976562,129984,0.0,0.0
1999-01-04,672.6703774051979,696.3862938800339,672.6703774051979,687.3311157226562,252272,0.0,0.0
1999-01-05,683.8820489292181,698.5427973705324,678.7076578375844,692.5059814453125,340809,0.0,0.0
1999-01-06,688.625107600389,697.680290951856,679.1387513600204,691.6435546875,210956,0.0,0.0
1999-01-07,689.9186284755988,731.3137477632332,683.4506410869059,721.827392578125,407419,0.0,0.0
1999-01-08,729.5886234174055,742.9557645494292,726.5702570856289,739.5062255859375,412481,0.0,0.0
1999-01-11,734.3319052763351,744.6806810220737,704.1479233813354,711.4783325195312,340481,0.0,0.0
1999-01-12,717.084339130572,717.084339130572,687.7628422479431,692.5059814453125,273244,0.0,0.0
1999-01-13,669.2209978133202,720.1025458413817,669.2209978133202,700.267333984375,311522,0.0,0.0
1999-01-14,702.4230376678063,702.4230376678063,670.0831188064892,684.3126831054688,212578,0.0,0.0
1999-01-15,683.0192313160768,710.1847689252389,678.7072675376833,708.0287475585938,244228,0.0,0.0
1999-01-19,707.5976791240289,719.2400541004754,689.0561452946575,697.2489013671875,192694,0.0,0.0
1999-01-20,705.4415496125243,718.3775198313048,694.2304280595123,695.0927734375,197738,0.0,0.0
1999-01-21,693.7993694221901,701.1297809036961,676.5514306506145,687.7626342773438,215719,0.0,0.0
1999-01-22,677.4137573242188,684.7440887914337,670.9457713502603,677.4137573242188,180750,0.0,0.0
1999-01-25,676.120164547073,680.43212890625,659.7345736543489,680.43212890625,195469,0.0,0.0
1999-01-26,676.1201194533742,693.3680546946416,666.2025152383217,678.2760620117188,252281,0.0,0.0
1999-01-27,679.5695058707076,684.7438931716391,670.0831554706281,672.6703491210938,211950,0.0,0.0
1999-01-28,673.5328468710973,679.569580078125,669.6520559716253,679.569580078125,178434,0.0,0.0
1999-01-29,683.0195686048497,711.4787172967185,674.3955578344564,710.1851196289062,199809,0.0,0.0
1999-02-01,710.6159730006839,713.6344188382749,697.6800021392946,702.4232177734375,193584,0.0,0.0
1999-02-02,695.5242794536655,703.2858644235579,684.7442476921981,700.6986694335938,184406,0.0,0.0
1999-02-03,697.2491864719645,714.4971301344046,689.9187729118307,712.3411865234375,191531,0.0,0.0
1999-02-04,710.6160010371793,731.3135552319992,705.4416124884744,717.9464111328125,254072,0.0,0.0
1999-02-05,714.9279769860432,720.5335377357063,699.4048127978411,704.14794921875,165028,0.0,0.0
1999-02-08,704.1480851719799,708.4601286934023,686.4689751808461,699.8361206054688,141656,0.0,0.0
1999-02-09,696.3864680946214,698.111317002218,676.982510045964,680.43212890625,151181,0.0,0.0
1999-02-10,675.2574399051931,689.4870028150726,675.2574399051931,681.2942504882812,117563,0.0,0.0
1999-02-11,680.863162734231,738.2126796798728,680.863162734231,734.7630615234375,445125,0.0,0.0
1999-02-12,732.1762584730395,758.9106358074451,729.5890632134175,738.2130737304688,293344,0.0,0.0
1999-02-16,752.011335994084,782.195330925351,749.424140940257,780.9017333984375,251250,0.0,0.0
1999-02-17,771.8464922749906,778.7456522445644,761.9288856678546,770.1216430664062,179728,0.0,0.0
1999-02-18,770.1214497762251,786.0758666992188,767.1030828511539,786.0758666992188,257738,0.0,0.0
1999-02-19,786.0761280498567,825.3152269414053,782.6265083065051,797.718505859375,387375,0.0,0.0
1999-02-22,797.7180648702652,822.296404436461,786.5068661182671,821.0028076171875,192103,0.0,0.0
1999-02-23,821.0031436275858,827.4711303710938,803.7551263416203,827.4711303710938,272747,0.0,0.0
1999-02-24,817.5535390753496,820.1407338192589,781.3328126606189,786.5072021484375,238800,0.0,0.0
1999-02-25,774.433833910493,779.6082246071,753.7362711240651,772.708984375,328875,0.0,0.0
1999-02-26,774.0022410891314,789.0942336242898,772.7086439848292,786.0758666992188,258675,0.0,0.0
1999-03-01,774.433337130129,782.6260908259902,769.2589497527671,778.7453002929688,183628,0.0,0.0
1999-03-02,779.6079596944751,799.0119182132404,776.1583407506137,784.7823486328125,228028,0.0,0.0
1999-03-03,785.6003280905056,789.9144166855997,759.7156385323341,769.2066650390625,193116,0.597333,0.0
1999-03-04,770.932210128435,800.2681331224334,770.0693609837452,796.81689453125,230597,0.0,0.0
1999-03-05,814.5048425524494,821.407478849591,809.7593689661904,816.6619262695312,219741,0.0,0.0
1999-03-08,819.2507795333863,845.5668656568392,815.3680744171143,828.3104248046875,226472,0.0,0.0
1999-03-09,819.681876611714,836.0755410018436,813.210703693743,833.91845703125,183103,0.0,0.0
1999-03-10,833.9185835875223,838.6641374454941,816.66214618535,834.7814331054688,127716,0.0,0.0
1999-03-11,833.0559069888803,836.5071474621425,813.6423830999149,827.8789672851562,169903,0.0,0.0
1999-03-12,836.9380683957296,839.0950725426543,815.7988590006537,823.9957275390625,159956,0.0,0.0
1999-03-15,823.5644865845436,847.7235557252843,820.9760177121,846.4293212890625,175134,0.0,0.0
1999-03-16,846.4294176705971,851.6063560049738,822.2703457789023,833.91845703125,168197,0.0,0.0
1999-03-17,836.0754918239846,836.5068769952053,812.3478855183495,820.544677734375,157594,0.0,0.0
1999-03-18,817.0933518034229,827.8786919281386,814.5048828125,814.5048828125,225675,0.0,0.0
1999-03-19,816.2305236145754,839.958128018289,809.3278874655032,819.6817626953125,341203,0.0,0.0
1999-03-22,821.4076024261147,847.7236801609076,820.1133677999148,842.1153564453125,203175,0.0,0.0
1999-03-23,842.1154944135401,842.1154944135401,796.8172750750986,807.6025390625,378234,0.0,0.0
1999-03-24,808.0334925358213,817.093131562094,798.111083407664,802.4251708984375,202472,0.0,0.0
1999-03-25,807.6022980319466,823.1331114556378,807.6022980319466,812.7792358398438,158841,0.0,0.0
1999-03-26,807.6023126072677,811.9164011937737,797.6798219651199,804.5824584960938,146756,0.0,0.0
1999-03-29,805.0137279926319,827.8785601028934,805.0137279926319,819.2503051757812,115538,0.0,0.0
1999-03-30,814.5045759303194,828.7411500164593,810.1904889021414,824.4270629882812,132056,0.0,0.0
1999-03-31,823.9960288130286,837.8011447784562,821.4075596952848,832.6242065429688,235369,0.0,0.0
1999-04-01,826.5843257100215,836.5067359314764,817.9560707839896,834.3497314453125,134691,0.0,0.0
1999-04-05,838.6637804809384,875.333723975231,836.9381611733514,874.0394897460938,182559,0.0,0.0
1999-04-06,872.3138704385068,889.5703004957408,864.5484650636834,874.0394897460938,194128,0.0,0.0
1999-04-07,874.0398541137615,877.0597879032169,857.6462663730953,868.8629150390625,221709,0.0,0.0
1999-04-08,869.7256967480923,872.3141660836521,858.5089699627282,869.2943115234375,171113,0.0,0.0
1999-04-09,869.7252807617186,869.7252807617186,856.3515552558681,869.7252807617188,128306,0.0,0.0
1999-04-12,864.548271401278,885.2560144288535,859.8027206262018,883.5303955078125,160856,0.0,0.0
1999-04-13,877.4911001464117,886.550742773292,865.8429881975655,868.4314575195312,137963,0.0,0.0
1999-04-14,861.5286666771214,865.4113696130817,851.6061772872916,855.0574951171875,150534,0.0,0.0
1999-04-15,855.0579752702848,855.0579752702848,819.6821648816928,828.3104248046875,253191,0.0,0.0
1999-04-16,828.3103525958563,833.9186776102804,819.2507081143391,827.8789672851562,176259,0.0,0.0
1999-04-19,842.1151181517174,882.6677652995128,842.1151181517174,861.09716796875,329559,0.0,0.0
1999-04-20,857.6462041699434,873.1770202676256,843.8410079740652,844.703857421875,255263,0.0,0.0
1999-04-21,842.115527385478,893.8849229420888,826.5847087184948,885.6880493164062,312047,0.0,0.0
1999-04-22,897.3360562527655,924.9464499178974,892.5905815554922,917.6124267578124,325088,0.0,0.0
1999-04-23,910.709765534201,910.709765534201,886.1193083411328,894.3161010742188,190041,0.0,0.0
1999-04-26,896.0415686145647,896.9044178586332,869.7254961053412,872.31396484375,185859,0.0,0.0
1999-04-27,876.628028428931,883.5306641998088,859.8029821023327,864.9799194335938,216413,0.0,0.0
1999-04-28,869.7256481110796,871.4512679070139,849.4492797851562,849.4492797851562,206447,0.0,0.0
1999-04-29,842.9779523693858,850.7433585191359,812.7791770071785,822.2702026367188,397941,0.0,0.0
1999-04-30,821.4077370016812,825.2904415164047,792.0717210036057,807.6025390625,311334,0.0,0.0
1999-05-03,807.6025162456192,831.3301279450653,805.0140466422678,830.8987426757812,215231,0.0,0.0
1999-05-04,834.3501147697032,840.8212891888223,797.2486884354773,799.837158203125,298500,0.0,0.0
1999-05-05,801.131152690666,814.5048828125,777.8349317723591,814.5048828125,360113,0.0,0.0
1999-05-06,810.1908137036481,817.956220863747,792.0715303300841,807.1709594726562,232781,0.0,0.0
1999-05-07,808.8964308607635,820.9759245636869,793.7970044867652,819.2503051757812,229434,0.0,0.0
1999-05-10,812.7792358398438,815.3677047437923,801.9939750713254,812.7792358398438,176616,0.0,0.0
1999-05-11,813.2103908293202,833.4867511693585,810.6219226579868,823.9957275390625,201281,0.0,0.0
1999-05-12,827.8786332481111,827.8786332481111,805.876648384766,819.6817626953125,193397,0.0,0.0
1999-05-13,828.3101335002785,840.3896299492209,825.7216643330902,833.91845703125,178031,0.0,0.0
1999-05-14,823.9959117479325,823.9959117479325,801.9939273729325,808.896484375,226078,0.0,0.0
1999-05-17,807.1709594726562,813.642132106072,799.4055523125575,807.1709594726562,143316,0.0,0.0
1999-05-18,802.856831535961,810.1908538821386,787.3260164455685,795.5228881835938,162319,0.0,0.0
1999-05-19,802.8568567017467,805.8767901709684,786.4632706994554,801.5626220703125,149803,0.0,0.0
1999-05-20,807.6022063228041,821.4073985741164,804.582352609058,805.8765869140625,171938,0.0,0.0
1999-05-21,807.170969929145,807.170969929145,793.7971603176306,798.111328125,153525,0.0,0.0
1999-05-24,802.4254573443119,806.7395463751076,773.0894465509913,786.4632568359375,192141,0.0,0.0
1999-05-25,787.7574034199355,792.5028771254044,773.0893601653879,773.9522094726562,208884,0.0,0.0
1999-05-26,773.9520912550613,779.1290283203125,757.9898949684668,779.1290283203125,327216,0.0,0.0
1999-05-27,773.0891778808348,779.5603486750209,762.7353046101371,769.637939453125,196088,0.0,0.0
1999-05-28,768.775210063212,792.9342777881586,768.775210063212,789.0515747070312,139734,0.0,0.0
1999-06-01,788.1883757242666,788.1883757242666,767.9120200777197,776.10888671875,138750,0.0,0.0
1999-06-02,781.2439440910484,806.2783339540048,773.4746670369943,801.0988159179688,179269,0.597333,0.0
1999-06-03,809.2996659201872,816.6373425689204,801.9619892714541,811.4578247070312,245644,0.0,0.0
1999-06-04,809.299748414641,816.6374258113266,808.0048688171776,813.1843872070312,132450,0.0,0.0
1999-06-07,814.9108902979729,833.902484614964,809.7313717599917,832.6076049804688,122775,0.0,0.0
1999-06-08,832.6072379017329,832.6072379017329,813.6156519577261,819.658447265625,121884,0.0,0.0
1999-06-09,821.3849979770569,821.3849979770569,795.9190935271155,800.6669311523438,117628,0.0,0.0
1999-06-10,808.0046994418169,808.0046994418169,790.3079889750394,794.192626953125,154800,0.0,0.0
1999-06-11,796.7825219142013,800.2355603853908,781.2439673436112,789.0132446289062,130566,0.0,0.0
1999-06-14,797.6456648335885,803.6884613661091,790.7396681058235,794.192626953125,239128,0.0,0.0
1999-06-15,788.1502913625712,797.2144510369313,787.2870117158511,790.7400512695312,141919,0.0,0.0
1999-06-16,794.1928346576924,818.3639480760633,794.1928346576924,814.4793090820312,223875,0.0,0.0
1999-06-17,826.99628953844,842.1031623255483,823.9748517544887,836.9236450195312,195075,0.0,0.0
1999-06-18,836.0605129980354,842.1032309923494,828.7228365384616,841.671630859375,261759,0.0,0.0
1999-06-21,841.6716049515417,841.6716049515417,832.1758490862206,838.2185668945312,114038,0.0,0.0
1999-06-22,835.628662109375,841.239857850777,828.722666235133,835.628662109375,129113,0.0,0.0
1999-06-23,841.6716748222156,841.6716748222156,821.8168821708003,829.1544799804688,120619,0.0,0.0
1999-06-24,825.2695944493572,830.8807899573275,815.3422406118386,826.1328735351562,146344,0.0,0.0
1999-06-25,824.4067269730589,833.4708844145258,821.8169677040682,832.6076049804688,151256,0.0,0.0
1999-06-28,834.3337829433826,843.3979371053294,834.3337829433826,835.628662109375,184491,0.0,0.0
1999-06-29,835.1972521765758,840.8083701620542,825.7014958088807,840.3767700195312,208350,0.0,0.0
1999-06-30,833.9024346488656,833.9024346488656,801.5304457261611,809.7313232421875,609422,0.0,0.0
1999-07-01,819.2272393293563,830.0178770126878,815.7742004960894,825.2699584960938,311128,0.0,0.0
1999-07-02,828.722996517805,849.8726716470419,824.406757255336,842.1033935546875,188559,0.0,0.0
1999-07-06,833.9024470839389,848.5777226033425,830.881087750491,835.1973266601562,167325,0.0,0.0
1999-07-07,836.9234075562828,846.4192392784694,832.6071707036505,840.8080444335938,139191,0.0,0.0
1999-07-08,836.4921945913032,838.218674324499,825.2698787425903,826.5647583007812,159188,0.0,0.0
1999-07-09,827.4280003252243,836.0605566677917,826.9964001697062,829.1544799804688,113269,0.0,0.0
1999-07-12,833.9024704412707,833.9024704412707,817.5006356720492,820.9536743164062,147581,0.0,0.0
1999-07-13,821.8169537357903,825.2699133469679,811.8895170290011,820.9536743164062,202500,0.0,0.0
1999-07-14,821.8168429593752,822.2484430943002,811.88940759075,814.9107666015625,188766,0.0,0.0
1999-07-15,818.3637660945486,833.9023186153312,813.184248587621,815.3424072265625,246638,0.0,0.0
1999-07-16,821.8165390554999,840.8080444335938,818.7951021288316,840.8080444335938,184247,0.0,0.0
1999-07-19,840.8085637295508,842.1034434883916,826.9965656573747,831.3128051757812,137213,0.0,0.0
1999-07-20,832.1758368500492,838.2185545695087,822.2484019778444,828.2911987304688,158606,0.0,0.0
1999-07-21,828.290961731754,828.290961731754,802.8249816678032,821.3848876953125,204094,0.0,0.0
1999-07-22,819.658676144541,828.2912319901894,813.6158791492704,823.9749145507812,237056,0.0,0.0
1999-07-23,823.9747050052696,830.8807795387675,814.9105513340581,819.2268676757812,138253,0.0,0.0
1999-07-26,815.7741216602493,828.2913170671532,815.3425214852444,826.5647583007812,117506,0.0,0.0
1999-07-27,828.2911892508438,835.6287862595195,819.6586338506303,822.6799926757812,134756,0.0,0.0
1999-07-28,818.3638047804689,818.3638047804689,811.88940759075,814.9107666015625,125569,0.0,0.0
1999-07-29,813.1842870286938,816.2056460395063,802.3936513902186,814.9107666015625,215138,0.0,0.0
1999-07-30,815.7740488296378,820.0902872938705,799.3722162124828,801.9619750976562,182306,0.0,0.0
1999-08-02,803.3650682840685,811.9975479465381,794.7325095884047,800.1278686523438,142170,0.0,1.25
1999-08-03,802.8249205411438,804.9830783923536,790.4156907212441,797.4295654296875,150218,0.0,0.0
1999-08-04,800.6667126202892,803.9039096780979,780.7040501192237,781.2435302734375,109125,0.0,0.0
1999-08-05,781.2437286414945,788.7972430497388,755.885704927635,778.0065307617188,195315,0.0,0.0
1999-08-06,776.9272660456991,776.9272660456991,733.2251073306285,743.4762573242188,298710,0.0,0.0
1999-08-09,744.5558026576147,753.1883600473144,736.4628048026406,741.318603515625,184163,0.0,0.0
1999-08-10,739.1603881912357,741.8581066265002,721.3557942644651,729.4487915039062,238823,0.0,0.0
1999-08-11,736.4626551281937,740.2394130373424,727.8300994929251,735.923095703125,161235,0.0,0.0
1999-08-12,737.5416935171075,745.0952093207794,730.5278161706256,733.7650146484375,137505,0.0,0.0
1999-08-13,742.3973764567141,762.3601236613027,740.2392971605965,760.2019653320312,181215,0.0,0.0
1999-08-16,761.8207591048691,767.7556762695312,756.425480451943,767.7556762695312,109740,0.0,0.0
1999-08-17,787.7180037032933,804.9831091054265,782.3227274191236,802.824951171875,261473,0.0,0.0
1999-08-18,802.8249447875913,817.9318921360384,795.2715106299371,816.3132934570312,289080,0.0,0.0
1999-08-19,810.3785615594029,810.9181209183714,796.3507295246283,803.3646850585938,183195,0.0,0.0
1999-08-20,804.9834049861687,818.4716796875,803.904286106181,818.4716796875,148395,0.0,0.0
1999-08-23,820.0902884386466,840.5925989970019,820.0902884386466,840.0530395507812,156450,0.0,0.0
1999-08-24,838.9739060178483,871.3458885132874,837.3553068930764,859.4761352539062,282413,0.0,0.0
1999-08-25,848.1461741511982,865.9507694100975,845.9880150481498,861.094970703125,227430,0.0,0.0
1999-08-26,856.7788953384819,864.3323350935269,845.9881767933351,851.923095703125,151230,0.0,0.0
1999-08-27,850.3043882091154,859.4764266817883,834.1183914731118,837.3555908203125,131040,0.0,0.0
1999-08-30,828.722672988527,831.4203115952773,799.048332181663,800.6669311523438,160913,0.0,0.0
1999-08-31,807.1417484989512,822.2487064580642,796.8906690206192,800.1278686523438,206753,0.0,0.0
1999-09-01,803.2584551103773,807.5770225964518,795.1610916516034,802.1788330078125,130778,0.666667,0.0
1999-09-02,801.6391535946611,801.6391535946611,781.1258548107821,798.4002075195312,129338,0.0,0.0
1999-09-03,811.8956662077139,828.6301645778195,811.3558156204859,828.0903930664062,160350,0.0,0.0
1999-09-07,834.5683655758097,835.6479877802258,817.293935850218,823.2320556640625,102503,0.0,0.0
1999-09-08,820.5328622254292,830.2496990639244,812.4354981933499,816.2142944335938,111413,0.0,0.0
1999-09-09,815.1346932437974,816.7541660919137,796.2407906318924,799.479736328125,137153,0.0,0.0
1999-09-10,808.6569772232331,816.2144924614854,798.4002872688736,808.1171264648438,111068,0.0,0.0
1999-09-13,807.5770803808904,810.8160259961558,797.8602435350942,804.338134765625,85268,0.0,0.0
1999-09-14,794.6210567185869,796.240529034641,778.9661840219967,790.302490234375,119685,0.0,0.0
1999-09-15,794.6215573645308,799.4799773737076,777.8870522723748,778.9666748046875,141210,0.0,0.0
1999-09-16,777.8867260721585,785.9840893585591,771.9486069449225,781.1256713867188,141930,0.0,0.0
1999-09-17,790.3026092978014,819.9929659237397,789.2229872830466,813.5150756835938,172425,0.0,0.0
1999-09-20,811.3558080908788,815.6743755211809,800.0194993949982,812.9752807617188,97253,0.0,0.0
1999-09-21,807.5769349125002,807.5769349125002,779.5061306871261,794.6211547851562,164370,0.0,0.0
1999-09-22,794.6214459352026,794.6214459352026,770.8692000241623,785.4444580078125,175335,0.0,0.0
1999-09-23,785.4442333680465,793.0017460246675,773.5680742712312,780.5858154296875,131340,0.0,0.0
1999-09-24,768.7095657926383,776.8069280695123,750.8953687835154,767.6299438476562,225443,0.0,0.0
1999-09-27,769.7896719697791,770.3294436884614,747.1170456614559,757.3736572265625,190298,0.0,0.0
1999-09-28,752.5147122699043,756.2935070434216,738.4793130873668,750.35546875,234038,0.0,0.0
1999-09-29,753.055085451182,753.5949362438122,738.479825732772,739.5594482421875,161535,0.0,0.0
1999-09-30,742.2583121687607,753.5946205338612,738.4795163551232,750.8954467773438,177615,0.0,0.0
1999-10-01,738.4798853802891,739.0197362165234,701.7718472609386,734.1613159179688,373245,0.0,0.0
1999-10-04,729.8423178810169,740.6388549804688,721.2051830924315,740.6388549804688,188648,0.0,0.0
1999-10-05,741.17875013517,766.5505453834932,736.8601820203993,757.913330078125,297390,0.0,0.0
1999-10-06,764.3912552709859,784.9045535594786,763.3116329639588,774.1080932617188,234465,0.0,0.0
1999-10-07,775.1873154673457,793.0015092558248,772.4882215549603,786.5236206054688,177758,0.0,0.0
1999-10-08,785.9840421629737,816.214170258385,780.5857739375825,813.5150756835938,141848,0.0,0.0
1999-10-11,810.2761084895678,811.8955810054857,789.222965782634,794.6211547851562,100560,0.0,0.0
1999-10-12,789.2230121993705,789.2230121993705,764.3910724695799,771.4088134765625,168788,0.0,0.0
1999-10-13,771.4090546340186,775.187772524162,729.8425252357547,739.0195922851562,255833,0.0,0.0
1999-10-14,735.2409385145861,744.9577791116951,721.2055284551567,734.1613159179688,210233,0.0,0.0
1999-10-15,734.1607619155676,734.1607619155676,704.4704116925342,708.2492065429688,264990,0.0,0.0
1999-10-18,710.4089312667469,722.2850952148438,706.0903621382777,722.2850952148438,191513,0.0,0.0
1999-10-19,734.1610387180142,760.0726038601109,733.6211880856133,747.1168212890625,198525,0.0,0.0
1999-10-20,760.072745213163,761.6922183357224,735.2407976419732,744.4177856445312,161235,0.0,0.0
1999-10-21,744.4177232156544,753.5947895244349,726.6035203614479,741.7186279296875,117090,0.0,0.0
1999-10-22,755.7541307048839,803.2587040789169,754.1346575111764,793.0020141601562,235403,0.0,0.0
1999-10-25,784.3648765109426,802.7188533224012,776.8072822230813,793.0020141601562,166575,0.0,0.0
1999-10-26,790.8424848105349,796.2406741305421,771.4088134765625,771.4088134765625,111923,0.0,0.0
1999-10-27,771.4089967299793,807.5771742541042,766.550577742336,803.2586059570312,158715,0.0,0.0
1999-10-28,824.8514726452022,865.8780625443397,821.0726765719327,855.0816040039062,450068,0.0,0.0
1999-10-29,869.1170517450473,893.4091439901805,866.417956743084,889.090576171875,313718,0.0,0.0
1999-11-01,886.9313846062075,889.6305590853431,862.6392887489849,865.8782348632812,209558,0.0,0.0
1999-11-02,866.9578653802187,882.6127439603563,856.1613264983484,857.2410278320312,183593,0.0,0.0
1999-11-03,858.8605037131906,880.4534233996078,851.8427613234003,877.2144775390625,179205,0.0,0.0
1999-11-04,889.6304073025606,923.0994850814086,879.9135706174931,882.0728149414062,212070,0.0,0.0
1999-11-05,902.5862294874804,934.4358358947838,902.5862294874804,910.68359375,244628,0.0,0.0
1999-11-08,916.6214897341844,933.8958377404184,913.3825445407774,929.5772705078124,114878,0.0,0.0
1999-11-09,945.771677297312,945.771677297312,916.081330018996,926.3380126953124,154005,0.0,0.0
1999-11-10,915.5418508539458,927.957780841683,913.3825277394576,920.4002685546876,169373,0.0,0.0
1999-11-11,922.0199342544654,922.0199342544654,907.9844496840328,914.4623413085938,101595,0.0,0.0
1999-11-12,917.701074380861,947.3914304692696,906.904617201352,913.3825073242188,206648,0.0,0.0
1999-11-15,915.0020676529364,916.6215403390476,893.4090721461795,899.886962890625,194033,0.0,0.0
1999-11-16,907.9844667358124,949.5509914912412,907.9844667358124,947.9315185546876,297938,0.0,0.0
1999-11-17,937.1350195886542,960.3474923618568,934.975774964982,952.7899780273438,228818,0.0,0.0
1999-11-18,950.6307623342308,966.2856434757268,946.8519651997292,963.5865478515624,187478,0.0,0.0
1999-11-19,966.8251837718716,966.8251837718716,939.2941483880828,946.3118896484376,130050,0.0,0.0
1999-11-22,938.7543728649616,941.9933184632029,911.763185904892,940.9136962890624,151380,0.0,0.0
1999-11-23,938.75440380952,943.0730508000792,909.6038924644488,910.68359375,164715,0.0,0.0
1999-11-24,915.5415823134244,929.5769807513065,904.7450489835592,916.351318359375,132990,0.0,0.0
1999-11-26,928.4979036854924,928.4979036854924,903.6659573518606,912.5730590820312,63360,0.0,0.0
1999-11-29,904.7458880849326,905.8255898647536,881.5334859566632,886.3919067382812,161318,0.0,0.0
1999-11-30,886.2834180707179,909.5072025025268,886.2834180707179,896.5451049804688,229208,0.666667,0.0
1999-12-01,886.8236625087967,904.6465492277566,885.7434348132149,893.7097778320312,140505,0.0,0.0
1999-12-02,890.0637456289408,898.1650537532505,883.582699129493,890.4688110351562,160845,0.0,0.0
1999-12-03,899.7857330319694,920.3090301017476,894.3848320707125,898.7055053710938,270398,0.0,0.0
1999-12-06,900.8657624843607,905.1864352135508,886.2834030196858,893.3045654296875,114240,0.0,0.0
1999-12-07,888.9839212453139,930.0305940437914,883.5830994583582,916.5283813476562,227723,0.0,0.0
1999-12-08,918.688568769436,935.4313027433884,914.3678964047592,923.414306640625,129705,0.0,0.0
1999-12-09,935.4309356943432,954.3339588761932,932.1904129137788,952.173583984375,183908,0.0,0.0
1999-12-10,959.1952343311513,975.397856532691,945.693022791746,965.1361694335938,172530,0.0,0.0
1999-12-13,965.676457768137,971.6173939444674,948.39368400057,958.5203247070312,134430,0.0,0.0
1999-12-14,954.8741481898122,956.4944097087348,931.11025983606,946.2327270507812,139170,0.0,0.0
1999-12-15,940.8322847282424,946.7732992519232,928.9504139096211,939.7521362304688,131970,0.0,0.0
1999-12-16,941.9126079809078,948.3936578543672,913.8280321577904,920.30908203125,195248,0.0,0.0
1999-12-17,913.28792356379,915.9884137695574,890.064214126215,894.3848876953125,348435,0.0,0.0
1999-12-20,886.8234118102514,896.5449836360117,868.4604164345861,885.6082153320312,229973,0.0,0.0
1999-12-21,875.4818046260293,920.3090377210298,869.5407897851486,910.5874633789062,209235,0.0,0.0
1999-12-22,912.7476645762764,945.1529061693471,903.5661267153336,931.6506958007812,133988,0.0,0.0
1999-12-23,947.8529885697036,950.0133636330444,924.6292137603696,946.2327270507812,95865,0.0,0.0
1999-12-27,945.152727013498,945.152727013498,924.6293584852316,926.7897338867188,132045,0.0,0.0
1999-12-28,924.629487441158,926.7898631439476,915.98814285871,921.9290771484376,88065,0.0,0.0
1999-12-29,924.0893847377492,939.211776199558,921.9290091941982,935.9712524414062,69578,0.0,0.0
1999-12-30,935.9712524414064,937.5915143204822,928.410056710502,935.9712524414062,61403,0.0,0.0
1999-12-31,935.4309350100943,937.0511963991912,927.3296280646094,934.3507080078124,34290,0.0,0.0
2000-01-03,925.7094233276748,928.4098327699894,890.0636705860697,898.1649780273438,166575,0.0,0.0
2000-01-04,877.1017934049775,882.5026136117914,849.5573413614369,852.2577514648438,364095,0.0,0.0
2000-01-05,852.2576928027945,863.59952521652,834.9749269247563,854.2830200195312,266580,0.0,0.0
2000-01-06,855.4985406831582,895.464986540585,851.1778673541963,880.3425903320312,279150,0.0,0.0
2000-01-07,895.4645064197633,950.0133636330444,892.2239833819182,946.2327270507812,328733,0.0,0.0
2000-01-10,946.2329052261388,947.853167050156,925.169501513913,929.4901733398438,163020,0.0,0.0
2000-01-11,931.110077990095,941.3717586439406,898.7048539403896,914.367431640625,194288,0.0,0.0
2000-01-12,915.9885765124455,955.955031691944,915.9885765124455,941.9127807617188,244485,0.0,0.0
2000-01-13,941.9124147122028,977.0180679520726,941.9124147122028,967.8366088867188,233453,0.0,0.0
2000-01-14,970.5370721041024,989.4401050112466,964.596136987998,985.6595458984376,283380,0.0,0.0
2000-01-18,969.9971803725642,970.5372942756204,932.1911059038604,936.5117797851562,249075,0.0,0.0
2000-01-19,938.6721832439392,950.0140217331924,914.368243624111,918.1488037109376,237038,0.0,0.0
2000-01-20,924.6292748886906,926.2495365147306,890.063746276063,910.3170166015624,219450,0.0,0.0
2000-01-21,909.5068084451271,909.5068084451271,881.9623631447959,898.1649780273438,224115,0.0,0.0
2000-01-24,898.1654659196981,905.186550106504,867.3804809201494,877.64208984375,168660,0.0,0.0
2000-01-25,876.5618285021061,896.004974420822,873.8614179404055,889.52392578125,170250,0.0,0.0
2000-01-26,891.6843596429155,913.2878037690876,887.9037213193695,911.6675415039062,213413,0.0,0.0
2000-01-27,912.7477265276904,915.4481371389464,892.2243527161788,909.5072021484376,203183,0.0,0.0
2000-01-28,904.1061522539924,904.1061522539924,872.7810620649005,881.4224853515625,228300,0.0,0.0
2000-01-31,885.7433010092328,901.9459228515624,865.2200063804034,901.9459228515624,208890,0.0,0.0
2000-02-01,895.4649919882744,898.165482060382,872.78131842307,884.6632690429688,210345,0.0,0.0
2000-02-02,888.9838334719567,893.8446200689134,874.9415874522035,884.123046875,152100,0.0,0.0
2000-02-03,877.1022573709002,883.5833083388763,847.9375280150076,875.4819946289062,377618,0.0,0.0
2000-02-04,880.8823331846157,884.6629705412844,862.5194182850215,870.6207275390625,139298,0.0,0.0
2000-02-07,863.0598503847216,863.5999642885712,840.916287928271,843.61669921875,253178,0.0,0.0
2000-02-08,832.8147567600632,845.2367403791932,804.1901514140837,829.0341186523438,564218,0.0,0.0
2000-02-09,836.05541145457,843.6166097345093,825.2536883240318,840.9161987304688,357413,0.0,0.0
2000-02-10,851.1773180898804,852.2574659465084,805.8100005109789,814.991455078125,325793,0.0,0.0
2000-02-11,823.6333129865391,827.4138720510423,810.6712153611213,819.3125610351562,233963,0.0,0.0
2000-02-14,824.1733635275848,831.1945262481148,806.8905927320881,809.5910034179688,179010,0.0,0.0
2000-02-15,812.2912124901078,840.3756954374877,803.6497905216543,833.3546142578125,307455,0.0,0.0
2000-02-16,820.9330349139041,825.2537879793824,803.6502599951477,812.2916870117188,248730,0.0,0.0
2000-02-17,824.1732399994787,824.7133537014487,793.9283758619055,800.409423828125,225473,0.0,0.0
2000-02-18,792.8483109722034,797.1689836993907,764.763740459578,772.8650512695312,416970,0.0,0.0
2000-02-22,767.4641808615169,771.2448190912629,738.83957459163,749.6412963867188,446093,0.0,0.0
2000-02-23,740.999853260044,748.0209359031105,730.7381674783272,738.8394775390625,474248,0.0,0.0
2000-02-24,736.6792034408965,737.7594310075796,715.0757597083722,718.3162841796875,394463,0.0,0.0
2000-02-25,720.4768911177601,736.1394855452426,718.316593283515,722.6372680664062,285975,0.0,0.0
2000-02-28,734.5190220871857,768.0044205204133,734.5190220871857,753.4220581054688,367500,0.0,0.0
2000-02-29,760.4430130806436,777.185668141705,741.5399031397117,764.2235717773438,373035,0.0,0.0
2000-03-01,771.6809966825837,779.2464702636901,757.6308088436404,774.3829345703125,242490,0.666667,0.0
2000-03-02,772.2213673989064,774.9233051168508,748.98444971545,752.226806640625,205358,0.0,0.0
2000-03-03,768.4387293475892,768.9791486519281,740.3382712269865,755.4692993164062,232238,0.0,0.0
2000-03-06,753.307356022839,753.307356022839,724.6665708828816,732.7724609375,282975,0.0,0.0
2000-03-07,734.934543676162,735.4748839308243,687.3799308769153,704.1321411132812,384810,0.0,0.0
2000-03-08,695.4855826223197,736.0150454790983,679.2737974796083,717.6416625976562,473355,0.0,0.0
2000-03-09,710.0765477420379,719.263204241207,698.7282924128272,717.1016845703125,359018,0.0,0.0
2000-03-10,718.7225010465752,725.747555169012,706.8338322222178,717.6416625976562,289605,0.0,0.0
2000-03-13,708.9957295113802,747.3636108398438,705.7533711129428,745.742431640625,320693,0.0,0.0
2000-03-14,750.0651773085837,750.0651773085837,737.636169339775,741.4189453125,294765,0.0,0.0
2000-03-15,746.8233085619818,790.5951538085938,737.6366513780896,790.5951538085938,600645,0.0,0.0
2000-03-16,801.9431595403751,866.7903174320261,797.6200420673077,864.08837890625,554700,0.0,0.0
2000-03-17,863.5479164217895,874.8961684862272,835.9878756938693,841.9322509765625,368903,0.0,0.0
2000-03-20,851.6592439896511,859.7651375582103,841.9321717073802,855.9823608398438,185483,0.0,0.0
2000-03-21,853.8208146294941,876.5173179982703,850.0381168407791,868.9518432617188,304035,0.0,0.0
2000-03-22,863.5480834575208,865.1692626374529,848.9574708381307,860.3057250976562,226043,0.0,0.0
2000-03-23,861.9267609913702,912.1833072146494,860.8460014374601,901.9158935546876,323460,0.0,0.0
2000-03-24,907.8601967416158,937.0414173511678,905.6985984582362,930.5567016601562,274860,0.0,0.0
2000-03-27,924.0721916479816,928.9357294987606,897.0525633078141,900.294921875,215768,0.0,0.0
2000-03-28,885.1636850938855,915.9660843920244,879.7597290060822,901.9158935546876,247230,0.0,0.0
2000-03-29,901.3752780128152,926.2333756153656,893.8098044638256,920.2890014648438,250110,0.0,0.0
2000-03-30,919.208082513581,960.818298545526,913.2637885544732,939.7429809570312,370155,0.0,0.0
2000-03-31,941.9046532617856,954.8740805011904,934.3391804251668,946.7681884765624,296363,0.0,0.0
2000-04-03,948.9300213600868,1024.0445866404973,948.9300213600868,1017.01953125,356798,0.0,0.0
2000-04-04,1008.3732780215332,1027.8274248643925,956.495553107242,993.2422485351562,476273,0.0,0.0
2000-04-05,986.7573705329576,991.6209064432936,946.2279046134888,950.0106811523438,225428,0.0,0.0
2000-04-06,950.0108780499052,961.359130859375,931.637489972006,961.359130859375,205290,0.0,0.0
2000-04-07,958.6573884188666,984.5962572900952,929.4761609387348,940.2839965820312,223118,0.0,0.0
2000-04-10,940.2838515062842,985.1364456227924,938.6626724519632,978.1113891601562,172185,0.0,0.0
2000-04-11,980.2724927823572,1007.8325250191843,978.1109743992608,1002.4286499023438,269295,0.0,0.0
2000-04-12,1006.752247822589,1031.0699349680622,999.1867715414876,999.7271118164062,299618,0.0,0.0
2000-04-13,989.4591908240716,996.4842440795704,968.38387273938,980.2724609375,194700,0.0,0.0
2000-04-14,959.7377573310716,961.8993552429632,881.380763144585,932.7181396484376,457050,0.0,0.0
2000-04-17,897.5923705925966,919.2081079236696,870.032339138095,878.6786499023438,353220,0.0,0.0
2000-04-18,876.5172096806415,913.2639776522464,865.1689593986395,909.481201171875,272318,0.0,0.0
2000-04-19,907.3199931085376,910.0220113949848,885.7043217718334,907.8604125976562,216578,0.0,0.0
2000-04-20,907.3198020914588,943.5261587387138,902.9966845660888,937.0414428710938,197370,0.0,0.0
2000-04-24,937.041188829576,967.8435808499254,935.9604295310206,967.3031616210938,200940,0.0,0.0
2000-04-25,964.0609417888094,1007.8327682586468,951.0915117236724,994.322998046875,229485,0.0,0.0
2000-04-26,998.6463743511,1002.9694924424304,982.434582559686,985.6769409179688,150098,0.0,0.0
2000-04-27,974.8688214293873,987.838251075192,953.793498254954,955.9550170898438,235965,0.0,0.0
2000-04-28,955.9550004760526,960.8185365087048,931.6373203127914,948.3895263671876,179108,0.0,0.0
2000-05-01,950.5510765931066,965.1416839584176,944.066362208524,951.6318359375,188580,0.0,0.0
2000-05-02,951.6318881067034,976.4899876633808,950.551128703062,968.3840942382812,191865,0.0,0.0
2000-05-03,961.899137204786,974.868563418068,942.9853378710192,947.3085327148438,184200,0.0,0.0
2000-05-04,949.47025204409,961.3589216435912,947.3087333235352,951.0914306640624,158985,0.0,0.0
2000-05-05,948.9297106038022,974.3281438747374,947.84887231374,964.60107421875,171578,0.0,0.0
2000-05-08,965.6819330624696,1002.96903726055,957.0357008037664,999.1863403320312,276023,0.0,0.0
2000-05-09,999.1867937971936,999.1867937971936,983.5153422927336,985.6769409179688,188138,0.0,0.0
2000-05-10,982.4340021398413,992.7014905947738,977.0300483489674,988.3782958984376,192345,0.0,0.0
2000-05-11,998.1057739257812,1007.8328472368904,981.8939850739324,998.1057739257812,163343,0.0,0.0
2000-05-12,991.0809873594452,993.7829265155196,973.7883551149588,993.5127563476562,153210,0.0,0.0
2000-05-15,991.6210742274068,1041.8776204710482,975.4092851165548,1041.3372802734375,273645,0.0,0.0
2000-05-16,1039.17527881095,1071.5988444524771,1031.6098065476256,1060.791015625,307635,0.0,0.0
2000-05-17,1055.9270685128845,1055.9270685128845,1009.9936754014756,1021.3419189453124,262455,0.0,0.0
2000-05-18,1021.3425328044358,1041.8774356490535,1015.938577673068,1025.6656494140625,180570,0.0,0.0
2000-05-19,1020.262125383754,1027.8276018501087,999.7271362964284,1006.2118530273438,174143,0.0,0.0
2000-05-22,1008.3735095176578,1034.8527974079864,992.702136238438,1034.3123779296875,218588,0.0,0.0
2000-05-23,1035.933433108517,1039.175791271611,981.3537637494804,981.8941040039062,301710,0.0,0.0
2000-05-24,986.7574444027993,1002.4288918375856,978.6515506120884,994.322998046875,293798,0.0,0.0
2000-05-25,1000.8078847643716,1019.1811944024438,984.0556750034166,991.080810546875,294465,0.0,0.0
2000-05-26,985.6768815805608,994.3231964018564,970.0055101786515,981.8941040039062,124958,0.0,0.0
2000-05-30,981.8940656518228,997.5655156007512,974.8690093456028,984.0556640625,174503,0.0,0.0
2000-05-31,977.4596526469956,985.0285303912856,968.8096197876632,973.67529296875,160808,0.666667,0.0
2000-06-01,976.9195702019734,1021.2512288569974,975.2976783196204,1014.2230834960938,216053,0.0,0.0
2000-06-02,1026.1162109375,1035.847555654064,1016.384866220936,1026.1162109375,157823,0.0,0.0
2000-06-05,1025.0352080564508,1027.7383335784627,1000.166183994666,1001.2474975585938,128280,0.0,0.0
2000-06-06,1008.8163452148436,1009.357002022896,982.8660855308606,1008.8163452148438,126930,0.0,0.0
2000-06-07,1008.8166365027868,1037.4700301126595,1008.8166365027868,1033.6856689453125,192263,0.0,0.0
2000-06-08,1035.8480803769398,1038.0106289184953,1022.3323697755144,1034.766845703125,168068,0.0,0.0
2000-06-09,1037.469274151482,1046.6600398756625,1015.3034634871536,1016.9253540039062,98220,0.0,0.0
2000-06-12,1016.9255899586396,1037.4695148729718,1016.9255899586396,1033.9554443359375,92573,0.0,0.0
2000-06-13,1037.4694253979392,1060.1758959427166,1032.0631756832008,1058.013427734375,153750,0.0,0.0
2000-06-14,1049.363582469799,1054.7699127444791,1042.8760178177445,1050.9854736328125,113918,0.0,0.0
2000-06-15,1046.66035481761,1073.1511884331264,1038.0102430608042,1066.123046875,207263,0.0,0.0
2000-06-16,1055.3103080097694,1057.472855584798,1007.734894910266,1020.7100219726562,364208,0.0,0.0
2000-06-19,1022.87286590117,1025.5760711609091,1010.9790478564288,1017.4666137695312,179805,0.0,0.0
2000-06-20,1017.4663114520048,1017.4663114520048,990.97539878005,995.3004150390624,142170,0.0,0.0
2000-06-21,994.760186093616,1005.5727701271156,982.8662882210195,1001.788330078125,119018,0.0,0.0
2000-06-22,1001.7882130702384,1006.653887196096,973.675482027894,997.4631958007812,174030,0.0,0.0
2000-06-23,995.8412586983366,1020.1696282105108,995.8412586983366,1018.007080078125,118178,0.0,0.0
2000-06-26,1016.9259568787994,1029.3604318142725,1004.4914819433264,1017.4666137695312,123585,0.0,0.0
2000-06-27,1017.4665262769616,1042.3354740094114,1017.4665262769616,1032.6041259765625,144173,0.0,0.0
2000-06-28,1033.144916105956,1048.2825969523694,1032.604259191966,1043.28173828125,155970,0.0,0.0
2000-06-29,1040.1730600104015,1067.745214227779,1031.5229460148207,1058.554443359375,219503,0.0,0.0
2000-06-30,1057.473259393525,1058.0139162922112,1005.5727313251311,1016.3853149414062,308805,0.0,0.0
2000-07-03,1016.3850441452824,1028.8195951446703,1013.1412620052506,1025.03515625,86918,0.0,0.0
2000-07-05,1033.6854003838282,1050.4448907853578,1029.3603041820895,1043.416748046875,231045,0.0,0.0
2000-07-06,1041.794201654099,1043.4160919113738,1032.6034374003018,1035.306640625,118245,0.0,0.0
2000-07-07,1046.6606276491405,1058.0138676420509,1038.010513637522,1053.148193359375,179288,0.0,0.0
2000-07-10,1058.554633899996,1068.8266411690977,1049.9045975413192,1051.5264892578125,139410,0.0,0.0
2000-07-11,1053.6887290148074,1058.0138254450767,1046.6605859049696,1050.4449462890625,175410,0.0,0.0
2000-07-12,1056.3921075323149,1056.9326852794209,1041.7950828697626,1049.904541015625,141375,0.0,0.0
2000-07-13,1048.823253887052,1053.1483511377885,1033.685651091262,1040.1732177734375,133178,0.0,0.0
2000-07-14,1043.416887263355,1046.12001335467,1032.6042245102535,1036.9293212890625,126960,0.0,0.0
2000-07-17,1039.0916913317951,1039.0916913317951,1025.5759829710023,1032.6041259765625,137655,0.0,0.0
2000-07-18,1034.7669846025483,1034.7669846025483,1026.6575254755692,1030.9825439453125,137198,0.0,0.0
2000-07-19,1033.1449629105862,1035.84808921515,1028.2792880460152,1031.5230712890625,146798,0.0,0.0
2000-07-20,1033.68520017601,1056.9322511836658,1033.68520017601,1054.2291259765625,216165,0.0,0.0
2000-07-21,1057.4731674483685,1057.4731674483685,1021.7915575037918,1022.3322143554688,215798,0.0,0.0
2000-07-24,1027.198053362975,1041.795077956688,1027.198053362975,1031.5230712890625,158130,0.0,0.0
2000-07-25,1038.0102982954545,1083.9639056075432,1038.0102982954545,1070.4481201171875,249270,0.0,0.0
2000-07-26,1072.611250903737,1100.183414436899,1072.611250903737,1080.1800537109375,310185,0.0,0.0
2000-07-27,1094.2354705199427,1147.2172815658366,1089.9104554281068,1122.3482666015625,315495,0.0,0.0
2000-07-28,1121.8081233845471,1121.8081233845471,1100.1829588352828,1109.914306640625,210705,0.0,0.0
2000-07-31,1134.5130530837937,1148.2991302120456,1109.3737359675697,1137.7568359375,226315,0.0,1.5
2000-08-01,1138.5676189769397,1145.8661293549972,1121.5377614281394,1141.8114013671875,222840,0.0,0.0
2000-08-02,1133.7020185376048,1136.1348554872563,1103.6970294919026,1112.617431640625,150630,0.0,0.0
2000-08-03,1112.6169232495258,1132.0796099535992,1107.7512515735075,1122.3482666015625,203270,0.0,0.0
2000-08-04,1141.0006176688944,1153.164803358328,1126.4035948415735,1149.9210205078125,165465,0.0,0.0
2000-08-07,1148.2990558067063,1161.2741863807937,1141.8114905196628,1154.78662109375,139365,0.0,0.0
2000-08-08,1159.652295059033,1166.9508060069566,1132.891088249978,1154.78662109375,138950,0.0,0.0
2000-08-09,1128.836642795139,1150.732181125217,1128.025696931062,1138.5679931640625,132930,0.0,0.0
2000-08-10,1139.378339918,1146.6768488569764,1115.8609222257423,1119.9156494140625,100125,0.0,0.0
2000-08-11,1118.2944477736348,1128.8367449607686,1112.6178262113322,1123.9710693359375,99560,0.0,0.0
2000-08-14,1130.4583245166607,1140.1896730777796,1119.916030242115,1137.7568359375,98465,0.0,0.0
2000-08-15,1136.1346992250822,1136.1346992250822,1118.2938973814337,1125.5924072265625,106455,0.0,0.0
2000-08-16,1125.5927012044506,1134.513104456071,1118.294189453125,1118.294189453125,123800,0.0,0.0
2000-08-17,1132.0799483816963,1135.32373046875,1124.7814386858258,1135.32373046875,89520,0.0,0.0
2000-08-18,1119.1046252274668,1130.457860555861,1119.1046252274668,1128.0250244140625,117015,0.0,0.0
2000-08-21,1128.8366662779852,1141.0008544921875,1119.91626158757,1141.0008544921875,82740,0.0,0.0
2000-08-22,1142.6227976699415,1142.6227976699415,1123.9710415688708,1133.702392578125,105615,0.0,0.0
2000-08-23,1136.1349959563656,1141.0006704572493,1111.8066234519465,1118.294189453125,128170,0.0,0.0
2000-08-24,1117.483171954278,1120.7269547465985,1097.2095295022775,1098.8314208984375,123225,0.0,0.0
2000-08-25,1107.751766185098,1109.3736574972284,1096.398527000185,1097.20947265625,96465,0.0,0.0
2000-08-28,1102.8864749616705,1128.0257990232967,1102.8864749616705,1123.9710693359375,122230,0.0,0.0
2000-08-29,1124.7817554543035,1125.5927012044506,1105.3190574507682,1118.294189453125,101665,0.0,0.0
2000-08-30,1119.58564453125,1140.679287109375,1118.7743505859376,1135.8115234375,112980,0.74,0.0
2000-08-31,1142.301676161262,1170.6969593044753,1139.0565009448949,1157.1077880859375,161560,0.0,0.0
2000-09-01,1156.9050529178253,1157.7163467838266,1142.3017633298025,1148.7921142578125,98560,0.0,0.0
2000-09-05,1148.7917194662375,1165.017591210111,1145.546545117463,1150.414306640625,91055,0.0,0.0
2000-09-06,1150.415371712796,1160.962198110727,1122.0200698722122,1139.0572509765625,194825,0.0,0.0
2000-09-07,1137.4340275434215,1142.3017908567317,1117.15168040463,1126.88720703125,151860,0.0,0.0
2000-09-08,1126.887108670583,1152.8485107421875,1124.45322722637,1152.8485107421875,175320,0.0,0.0
2000-09-11,1156.09365834311,1191.790585337564,1152.0371893664676,1188.54541015625,177195,0.0,0.0
2000-09-12,1203.9602697846462,1206.3941517316505,1188.5456841202877,1203.7574462890625,189990,0.0,0.0
2000-09-13,1203.9604419011837,1205.583030097816,1188.5458540331765,1190.979736328125,119630,0.0,0.0
2000-09-14,1189.3564813033397,1195.8468304509702,1184.4887194426165,1194.2242431640625,106520,0.0,0.0
2000-09-15,1182.05549017148,1189.3571369879137,1168.2634906293283,1171.5086669921875,236090,0.0,0.0
2000-09-18,1174.753672814268,1177.9988487060202,1142.3019138967468,1147.169677734375,145435,0.0,0.0
2000-09-19,1158.527507300516,1180.43243916124,1147.9806882564635,1169.8856201171875,205445,0.0,0.0
2000-09-20,1166.640688404199,1167.4519823460655,1136.622812555134,1149.603515625,165235,0.0,0.0
2000-09-21,1142.3019622093025,1152.8487843035643,1129.3212580932875,1151.2261962890625,174170,0.0,0.0
2000-09-22,1154.470980223775,1193.41307934587,1153.6596864920648,1186.9227294921875,207410,0.0,0.0
2000-09-25,1202.3376905584432,1212.073218417216,1195.0360446643635,1199.90380859375,166480,0.0,0.0
2000-09-26,1190.1678392363758,1214.5066498547064,1190.1678392363758,1197.469482421875,142170,0.0,0.0
2000-09-27,1195.846937264052,1212.0728115824245,1186.1114126730286,1208.82763671875,106800,0.0,0.0
2000-09-28,1213.6955109045184,1240.4682059980005,1210.4503357416722,1229.92138671875,201765,0.0,0.0
2000-09-29,1236.4121281918476,1265.6187138971668,1233.9782460497377,1242.0911865234375,206280,0.0,0.0
2000-10-02,1234.789096158222,1256.6940275618174,1210.450283487561,1253.4488525390625,161185,0.0,0.0
2000-10-03,1249.3926219654766,1253.4490915173126,1235.6006254892343,1246.958740234375,169505,0.0,0.0
2000-10-04,1236.412356384118,1257.5060055087815,1226.6768260188887,1242.9027099609375,181360,0.0,0.0
2000-10-05,1242.091113011042,1263.996050993601,1239.65723101298,1246.1475830078125,171330,0.0,0.0
2000-10-06,1252.637755940212,1258.3168131238788,1202.337535170592,1215.3182373046875,217835,0.0,0.0
2000-10-09,1209.6388872354844,1220.996998852719,1199.092069305195,1211.261474609375,106930,0.0,0.0
2000-10-10,1212.8840405142005,1218.5630962222936,1192.6016986995817,1205.5823974609375,171695,0.0,0.0
2000-10-11,1204.771422124004,1224.2424754108563,1189.3568382719125,1221.80859375,206040,0.0,0.0
2000-10-12,1210.450308748158,1216.1293651564938,1166.6404450267098,1169.8856201171875,290920,0.0,0.0
2000-10-13,1173.1314067570488,1215.318704925352,1165.82975899715,1203.1492919921875,195905,0.0,0.0
2000-10-16,1215.3178852802998,1219.3743535222234,1190.1677821803737,1200.714599609375,176575,0.0,0.0
2000-10-17,1198.2813832129705,1214.5072651792937,1186.923265836544,1190.979736328125,136060,0.0,0.0
2000-10-18,1181.2441419367024,1218.5636683989885,1168.2634370802552,1208.016845703125,156035,0.0,0.0
2000-10-19,1207.2054290166775,1242.9023637456655,1204.7715471033378,1228.299072265625,200255,0.0,0.0
2000-10-20,1220.186030982906,1238.8457907652244,1216.9408553685898,1233.97802734375,106995,0.0,0.0
2000-10-23,1235.6010147424486,1247.7704272317044,1230.7332497467462,1238.84619140625,112985,0.0,0.0
2000-10-24,1251.8264127291166,1265.618408203125,1246.147355769231,1265.618408203125,216555,0.0,0.0
2000-10-25,1289.95703125,1297.258674823113,1276.1650378341194,1289.95703125,149220,0.0,0.0
2000-10-26,1265.618151634712,1285.0892001213997,1184.4887829401791,1211.261474609375,424515,0.0,0.0
2000-10-27,1211.2616438157488,1238.034339224938,1207.2051748143565,1229.110107421875,261530,0.0,0.0
2000-10-30,1234.789140797625,1292.3909995339134,1234.789140797625,1285.08935546875,271355,0.0,0.0
2000-10-31,1289.9573532415895,1289.9573532415895,1246.147480867347,1272.10888671875,242000,0.0,0.0
2000-11-01,1278.5989654599966,1292.3909593767603,1252.637565146088,1259.939208984375,207580,0.0,0.0
2000-11-02,1263.184574117289,1286.71209669237,1245.336108715503,1249.392578125,158160,0.0,0.0
2000-11-03,1240.4682851041753,1255.0715742682532,1223.431114412751,1232.3553466796875,154525,0.0,0.0
2000-11-06,1233.1665834664536,1281.03291795627,1233.1665834664536,1269.6748046875,145830,0.0,0.0
2000-11-07,1281.0328002161948,1307.80549331761,1274.5424503734275,1289.95703125,264260,0.0,0.0
2000-11-08,1303.7493899570854,1309.4284476606945,1280.2218651849912,1283.467041015625,201540,0.0,0.0
2000-11-09,1296.4474868394843,1305.371718601208,1279.410317112557,1304.5604248046875,170515,0.0,0.0
2000-11-10,1310.239677405402,1331.333319270752,1295.6363868832366,1300.504150390625,211720,0.0,0.0
2000-11-13,1285.0898961996484,1292.3915433371465,1246.1477781329922,1268.864013671875,206475,0.0,0.0
2000-11-14,1280.2216942399532,1294.8249835278614,1274.5426372946556,1279.410400390625,195790,0.0,0.0
2000-11-15,1280.2218260473137,1301.3154683015784,1263.18465345733,1272.10888671875,190370,0.0,0.0
2000-11-16,1276.9767433506668,1278.599331334594,1256.6943935515774,1273.7315673828125,151545,0.0,0.0
2000-11-17,1276.9769364726335,1292.391524651147,1249.3929365742413,1263.1849365234375,193085,0.0,0.0
2000-11-20,1254.2603176978323,1272.1087827620968,1242.0909096994708,1257.5054931640625,131775,0.0,0.0
2000-11-21,1258.3172513890595,1265.618898882613,1229.1106614148457,1238.84619140625,198890,0.0,0.0
2000-11-22,1238.034107435072,1238.034107435072,1184.4887266416808,1200.714599609375,211735,0.0,0.0
2000-11-24,1212.0727468416155,1212.8840405142005,1198.2807544076747,1205.5823974609375,142835,0.0,0.0
2000-11-27,1212.0735281431748,1212.0735281431748,1182.055642908036,1203.1492919921875,194495,0.0,0.0
2000-11-28,1205.5826962441108,1231.5441002009152,1194.2245820130088,1216.1295166015625,197045,0.0,0.0
2000-11-29,1232.030710697174,1254.755914847056,1224.7261807918549,1246.6397705078125,200930,0.74,0.0
2000-11-30,1253.9442783259792,1275.0462532363194,1246.639748549323,1258.81396484375,302050,0.0,0.0
2000-12-01,1259.6257053299391,1271.799922842793,1254.7560183247977,1265.3070068359375,233845,0.0,0.0
2000-12-04,1259.6258045191698,1290.467157980335,1251.5096588714948,1280.727783203125,179135,0.0,0.0
2000-12-05,1280.7274018191754,1310.7571317731106,1280.7274018191754,1299.39453125,218110,0.0,0.0
2000-12-06,1299.3946342562451,1328.6127522032937,1298.583019868827,1314.8153076171875,252460,0.0,0.0
2000-12-07,1311.5690068197514,1344.033586196478,1311.5690068197514,1322.1199951171875,174730,0.0,0.0
2000-12-08,1321.30833562905,1347.279998245837,1321.30833562905,1346.4683837890625,218665,0.0,0.0
2000-12-11,1343.2217046962835,1344.844933342442,1295.3364596346032,1299.39453125,274310,0.0,0.0
2000-12-12,1297.7712659212812,1298.5828802214196,1267.7415368161608,1292.0899658203125,170470,0.0,0.0
2000-12-13,1288.032122443704,1289.6553513314718,1267.7417613466073,1269.364990234375,211305,0.0,0.0
2000-12-14,1266.1189225576456,1269.3653813334345,1233.6543347997572,1253.9447021484375,258740,0.0,0.0
2000-12-15,1233.6543006996574,1251.509823472942,1217.4220072693986,1243.3936767578125,449905,0.0,0.0
2000-12-18,1236.9003586726692,1278.2926935101405,1233.6539010383578,1277.4810791015625,245425,0.0,0.0
2000-12-19,1278.292842621499,1284.785758647513,1212.5520678581076,1220.668212890625,278715,0.0,0.0
2000-12-20,1222.2915904101956,1237.7122678456494,1201.1896107616794,1211.7406005859375,244730,0.0,0.0
2000-12-21,1227.1610912298386,1258.8140558845766,1223.1030188382056,1258.00244140625,217240,0.0,0.0
2000-12-22,1259.6256392733217,1283.162458563867,1245.828193482312,1257.1907958984375,161785,0.0,0.0
2000-12-26,1257.1906811007318,1269.3648968634889,1247.451308490526,1266.9300537109375,129620,0.0,0.0
2000-12-27,1266.9299225160223,1310.7570947234954,1266.9299225160223,1292.0899658203125,441680,0.0,0.0
2000-12-28,1290.4667629879732,1299.394520467764,1269.3647907630125,1286.40869140625,186760,0.0,0.0
2000-12-29,1293.7134615765694,1301.0179917862238,1279.1044011572606,1279.916015625,131090,0.0,0.0
2001-01-02,1276.669574407762,1276.669574407762,1245.016609753024,1258.00244140625,253565,0.0,0.0
2001-01-03,1258.0027109947578,1270.9885454308328,1234.465886079372,1245.8284912109375,442280,0.0,0.0
2001-01-04,1245.8284836672665,1246.6400983146066,1142.7534234550562,1155.7392578125,619260,0.0,0.0
2001-01-05,1171.971607105152,1180.087753968761,1133.8257168461894,1141.1302490234375,305160,0.0,0.0
2001-01-08,1147.6229557751767,1166.2900901336131,1137.0719667899737,1148.4345703125,256865,0.0,0.0
2001-01-09,1145.9996232657595,1154.9273823705212,1129.767333984375,1129.767333984375,241520,0.0,0.0
2001-01-10,1124.8976429845557,1145.999618971279,1117.5931128353052,1123.2744140625,352940,0.0,0.0
2001-01-11,1136.2602578877872,1139.5067157674666,1081.8820884031577,1094.867919921875,373970,0.0,0.0
2001-01-12,1094.868465293043,1097.3033099156369,1049.4180323379576,1067.2735595703125,459985,0.0,0.0
2001-01-16,1068.084528069155,1102.9839465395,1064.8380705370305,1101.3607177734375,332605,0.0,0.0
2001-01-17,1110.2889382755054,1120.8399296480063,1099.7379469030045,1103.7960205078125,350795,0.0,0.0
2001-01-18,1103.7956669978323,1124.8976429845557,1098.1143657706375,1123.2744140625,276080,0.0,0.0
2001-01-19,1116.7812906296433,1124.8974337301495,1085.93994684772,1092.432861328125,408685,0.0,0.0
2001-01-22,1092.4328667374446,1113.5348389032497,1084.3167235967503,1098.92578125,261475,0.0,0.0
2001-01-23,1110.288699837618,1121.651303490927,1080.2589616110158,1116.7816162109375,309505,0.0,0.0
2001-01-24,1120.0282671780535,1141.9418637097983,1113.535349687167,1141.1302490234375,321900,0.0,0.0
2001-01-25,1146.8109472621816,1159.796775398201,1138.6948046771697,1150.8690185546875,222530,0.0,0.0
2001-01-26,1163.8556466387888,1163.8556466387888,1133.0142836176772,1139.5072021484375,151670,0.0,0.0
2001-01-29,1152.4926327184626,1162.102180458343,1131.3257416257331,1134.7020263671875,156695,0.0,0.0
2001-01-30,1131.455235073264,1135.4808895126037,1110.2883502134343,1133.662841796875,266585,0.0,0.0
2001-01-31,1123.274559058333,1129.7674755846815,1087.5635181634148,1104.0555419921875,320970,0.0,0.0
2001-02-01,1109.6393488803396,1128.3389787395336,1103.7957244567451,1110.80810546875,217350,0.0,0.0
2001-02-02,1110.8081120262093,1123.9237707729003,1097.3028149082622,1121.8460693359375,203025,0.0,0.0
2001-02-05,1142.1039496022229,1151.8433238171367,1130.1569680467494,1145.2205810546875,167885,0.0,0.0
2001-02-06,1148.4665848611753,1149.1158762186817,1119.3783003412043,1123.92333984375,179140,0.0,0.0
2001-02-07,1127.1700449286177,1140.0260483428956,1123.4041225218286,1128.4686279296875,160610,0.0,0.0
2001-02-08,1128.468615964803,1136.909405382261,1094.0561668013193,1112.8856201171875,253210,0.0,0.0
2001-02-09,1112.8859592451608,1126.5210847668343,1100.549417106504,1125.612060546875,193035,0.0,0.0
2001-02-12,1139.5067281882857,1162.23193359375,1138.208145022259,1162.23193359375,268320,0.0,0.0
2001-02-13,1162.2318961444755,1162.3617227532045,1148.7265999492747,1155.479248046875,277010,0.0,0.0
2001-02-14,1155.479163660268,1156.9076525480798,1116.911231836847,1117.0411376953125,220390,0.0,0.0
2001-02-15,1117.0413858353045,1125.8717365445914,1112.3664383356331,1124.8328857421875,205305,0.0,0.0
2001-02-16,1127.1703198624052,1132.2348265055734,1118.7295282966154,1124.8328857421875,189265,0.0,0.0
2001-02-20,1124.8328381925028,1125.8716889509917,1093.4071073780106,1098.6014404296875,169310,0.0,0.0
2001-02-21,1098.6010345796817,1110.2882796284016,1053.7999285595884,1055.747802734375,291880,0.0,0.0
2001-02-22,1077.8239661291705,1077.8239661291705,1033.931873480815,1065.4874267578125,298490,0.0,0.0
2001-02-23,1065.6172424911456,1070.0324566616418,1035.360272614572,1049.9044189453125,191660,0.0,0.0
2001-02-26,1046.6583292393598,1061.5920398922783,1044.0611621692867,1058.3455810546875,179465,0.0,0.0
2001-02-27,1058.3452736090896,1100.2894937542674,1058.3452736090896,1098.861083984375,250735,0.0,0.0
2001-02-28,1109.4748770939984,1109.4748770939984,1058.288299524569,1062.7054443359375,270480,0.74,0.0
2001-03-01,1062.706021105162,1077.3864184963634,1048.415353339689,1067.2530517578125,298005,0.0,0.0
2001-03-02,1065.30448862557,1081.1541566322007,1053.6121222869967,1068.5523681640625,233250,0.0,0.0
2001-03-05,1084.7911824023556,1085.570641354789,1053.0918634385505,1065.9534912109375,173220,0.0,0.0
2001-03-06,1078.2949816031537,1080.2437074735203,1048.414518257524,1052.0521240234375,164365,0.0,0.0
2001-03-07,1062.0557139890157,1071.019885677846,1057.50868646735,1066.3428955078125,186485,0.0,0.0
2001-03-08,1071.799954321982,1097.7829835176665,1065.3041970230609,1088.4290771484375,171580,0.0,0.0
2001-03-09,1087.3895598664724,1089.338286676269,1056.5996604129075,1061.6663818359375,149650,0.0,0.0
2001-03-12,1055.5602841737482,1064.6543420066296,1001.3856666533756,1014.6370239257812,272015,0.0,0.0
2001-03-13,1026.199253761411,1036.072768173161,1006.9717583903094,1023.6009521484376,263275,0.0,0.0
2001-03-14,1001.6456374618148,1012.688423348229,962.5412156286612,983.45751953125,416280,0.0,0.0
2001-03-15,989.9532473028272,1038.931265029477,989.3036716812376,1023.0816040039062,347130,0.0,0.0
2001-03-16,1023.0815858107349,1039.9705516717374,1012.6883760501178,1013.3379516601562,446350,0.0,0.0
2001-03-19,1013.3379476968344,1015.9362501268264,990.6028014344054,1000.346435546875,296155,0.0,0.0
2001-03-20,1013.3378459477408,1034.6439554518902,999.6967595599828,1000.9959106445312,297655,0.0,0.0
2001-03-21,994.5005281655124,1002.94501338181,976.961981947048,980.7295532226562,320555,0.0,0.0
2001-03-22,975.0130025924504,976.9617294463992,943.7034895232304,975.9224243164062,407990,0.0,0.0
2001-03-23,967.867899212796,993.5910838968496,961.6319876672555,980.2098388671876,239600,0.0,0.0
2001-03-26,984.1073592822196,1009.0510864257812,984.1073592822196,1009.0510864257812,187260,0.0,0.0
2001-03-27,1000.9955495648684,1029.7067464591132,998.3972483330324,1029.1871337890625,200080,0.0,0.0
2001-03-28,1029.0578210060012,1029.1877837259815,1009.4406660348574,1028.5382080078125,136540,0.0,0.0
2001-03-29,1026.3291364857407,1035.423192125488,1013.3376284289592,1014.7666625976562,200810,0.0,0.0
2001-03-30,1026.329623204581,1045.81689453125,1025.6800474936915,1045.81689453125,302245,0.0,0.0
2001-04-02,1052.312545914331,1087.649476895173,1049.0646676862004,1077.64599609375,278500,0.0,0.0
2001-04-03,1065.3042832055685,1067.2530105528958,1035.4237972132173,1042.0494384765625,250870,0.0,0.0
2001-04-04,1013.3380065524622,1013.3380065524622,974.363467838906,998.2678833007812,915820,0.0,0.0
2001-04-05,1001.6452944055576,1006.9717811148078,996.448691062338,1006.0624389648438,443705,0.0,0.0
2001-04-06,1012.6883609505124,1012.6883609505124,987.4847959392526,994.500244140625,339215,0.0,0.0
2001-04-09,1000.3462915934206,1002.9445936495074,987.3547813129866,989.6932373046876,293080,0.0,0.0
2001-04-10,1003.5941316058304,1013.337763951518,993.8504992601428,1001.3855590820312,278895,0.0,0.0
2001-04-11,1001.5153372635413,1004.7632141138008,997.747768399693,1000.2161865234376,209210,0.0,0.0
2001-04-12,1000.3465957445472,1010.739807128906,1000.2167123198068,1010.7398071289062,184175,0.0,0.0
2001-04-16,1006.8425506257304,1010.7400056604106,996.7091833943468,1007.4921264648438,144815,0.0,0.0
2001-04-17,1005.6726588287646,1019.8334350585938,998.527329028991,1019.8334350585938,163685,0.0,0.0
2001-04-18,1028.9277130436733,1052.3124337946658,1019.1840793974264,1039.4508056640625,341810,0.0,0.0
2001-04-19,1042.56884115281,1063.0954143161048,1042.56884115281,1060.7569580078125,323235,0.0,0.0
2001-04-20,1060.7567229065714,1060.7567229065714,1026.3292236328125,1026.3292236328125,314290,0.0,0.0
2001-04-23,1031.5259450666392,1031.5259450666392,1010.3497985770716,1013.2079467773438,220285,0.0,0.0
2001-04-24,1013.2080280978251,1016.4559060192904,1000.3463998112654,1002.9447021484376,274355,0.0,0.0
2001-04-25,1003.0746601697298,1023.2115047808592,1002.9447767607666,1021.912353515625,201845,0.0,0.0
2001-04-26,1023.0814093564104,1056.209759754618,1018.9241103104076,1037.3720703125,320980,0.0,0.0
2001-04-27,1042.5688585472817,1052.0526466354115,1042.5688585472817,1048.4150390625,204405,0.0,0.0
2001-04-30,1056.2096897862068,1067.772164602279,1055.8199603719988,1062.7054443359375,329965,0.0,0.0
2001-05-01,1062.7051929800589,1084.7907532253655,1057.5085905693984,1076.995849609375,253715,0.0,0.0
2001-05-02,1076.9966488580635,1078.1659169857303,1063.485440846016,1067.902587890625,232350,0.0,0.0
2001-05-03,1067.9020724498375,1076.8662456514578,1053.6114121129176,1074.3978271484375,209350,0.0,0.0
2001-05-04,1070.5005371962063,1097.133135512374,1066.6030837840842,1095.833984375,286455,0.0,0.0
2001-05-07,1092.5857375365113,1096.0934602815491,1088.9481314391585,1093.7550048828125,223020,0.0,0.0
2001-05-08,1097.7831115722656,1099.7318389892578,1088.169357930869,1091.287353515625,201425,0.0,0.0
2001-05-09,1091.1570996048697,1091.286983004336,1079.8544685649742,1089.4681396484375,247595,0.0,0.0
2001-05-10,1091.287044663027,1092.5861959066735,1065.3040197900978,1078.2955322265625,244305,0.0,0.0
2001-05-11,1078.2953869614037,1078.2953869614037,1059.1978503937917,1066.60302734375,400860,0.0,0.0
2001-05-14,1069.851318359375,1076.9966519974764,1066.733322872454,1069.851318359375,239440,0.0,0.0
2001-05-15,1071.1502396374888,1077.64599609375,1065.9536344724795,1077.64599609375,219260,0.0,0.0
2001-05-16,1080.244378475333,1101.6803763645007,1073.7486215392216,1100.5111083984375,296685,0.0,0.0
2001-05-17,1101.0306167811602,1101.680192366282,1085.4408027382412,1089.4681396484375,248960,0.0,0.0
2001-05-18,1093.8855264566814,1094.2752560348788,1077.776016677284,1086.3504638671875,166760,0.0,0.0
2001-05-21,1086.3503654162366,1104.1487546174442,1081.413606187337,1100.121337890625,192020,0.0,0.0
2001-05-22,1099.9910888802976,1099.9910888802976,1073.4883786583894,1080.8935546875,256980,0.0,0.0
2001-05-23,1078.2954667254191,1082.1929202196077,1057.5090480897484,1065.303955078125,263165,0.0,0.0
2001-05-24,1071.7998470907116,1080.6340602746177,1070.5006957609046,1073.2288818359375,148020,0.0,0.0
2001-05-25,1075.697171293677,1076.996322466737,1066.603113082257,1069.331298828125,96375,0.0,0.0
2001-05-29,1071.7995937372866,1071.7995937372866,1062.0559610669477,1068.2918701171875,133590,0.0,0.0
2001-05-30,1073.5818064702648,1075.2714472004884,1059.284712195237,1061.3642578125,157780,0.74,0.0
2001-05-31,1059.284689820843,1061.8841614523053,1045.247558876863,1052.7860107421875,181080,0.0,0.0
2001-06-01,1057.3348884380412,1060.5842273699343,1038.3587808076106,1040.958251953125,157385,0.0,0.0
2001-06-04,1039.78885314514,1053.95600800108,1039.6589112703343,1053.696044921875,145790,0.0,0.0
2001-06-05,1053.6958355478932,1062.5340231775217,1050.1865329999234,1061.8841552734375,180900,0.0,0.0
2001-06-06,1061.6241984232431,1065.133500991633,1052.7860107421875,1052.7860107421875,141565,0.0,0.0
2001-06-07,1059.2852497218423,1062.4046490602334,1052.7865672082114,1054.0863037109375,173545,0.0,0.0
2001-06-08,1059.2848260520668,1059.2848260520668,1044.987730240321,1049.666748046875,88965,0.0,0.0
2001-06-11,1050.186748426884,1053.825993570365,1044.987804127741,1052.1363525390625,119735,0.0,0.0
2001-06-12,1052.1364691334654,1052.3964322431495,1040.0489381643752,1050.9666748046875,130900,0.0,0.0
2001-06-13,1056.0355426690085,1059.1549409268837,1046.5474853515625,1046.5474853515625,151220,0.0,0.0
2001-06-14,1046.5474881714526,1052.7862053744195,1044.4678628840684,1049.536865234375,191395,0.0,0.0
2001-06-15,1046.2874271903158,1068.38293807508,1046.1574853287102,1063.8338623046875,381265,0.0,0.0
2001-06-18,1067.0835593839906,1078.9111286148673,1063.9641603652742,1072.932373046875,238530,0.0,0.0
2001-06-19,1074.881455365323,1090.4782842218935,1074.881455365323,1087.35888671875,264015,0.0,0.0
2001-06-20,1087.359258438402,1091.648451303902,1082.9402030161068,1088.529052734375,348830,0.0,0.0
2001-06-21,1090.4782397574756,1115.1732177734375,1087.228900544849,1115.1732177734375,533755,0.0,0.0
2001-06-22,1115.043505159108,1115.1734470224974,1102.4360505564562,1105.0355224609375,267880,0.0,0.0
2001-06-25,1103.476010039687,1104.515783111378,1087.8791759755218,1097.627197265625,184230,0.0,0.0
2001-06-26,1093.0781206635768,1098.017102251309,1087.4892709898377,1097.627197265625,254805,0.0,0.0
2001-06-27,1100.8762241077588,1109.9743747202197,1095.6772809006384,1103.8656005859375,236020,0.0,0.0
2001-06-28,1103.9954594922615,1125.700980727925,1103.9954594922615,1124.4012451171875,339745,0.0,0.0
2001-06-29,1126.2213436666384,1126.8712117241496,1091.778336618553,1104.9056396484375,596700,0.0,0.0
2001-07-02,1114.523645282792,1127.521005577635,1111.1443633379697,1124.1417236328125,313250,0.0,0.0
2001-07-03,1124.1421027067763,1132.0704634283306,1122.9723081539353,1131.550537109375,168975,0.0,0.0
2001-07-05,1130.7704887154712,1130.7704887154712,1108.674973418732,1108.9349365234375,218675,0.0,0.0
2001-07-06,1109.5846875294783,1109.9745924805904,1096.8472900390625,1096.8472900390625,187955,0.0,0.0
2001-07-09,1098.926884009212,1111.2743770879672,1092.948129618706,1107.6351318359375,198415,0.0,0.0
2001-07-10,1102.1757038236858,1106.074910323062,1091.7778198253493,1092.167724609375,208385,0.0,0.0
2001-07-11,1088.2689178974151,1095.6774288337388,1082.290164133835,1085.279541015625,251115,0.0,0.0
2001-07-12,1090.4786526456598,1099.706747771727,1086.8394072155038,1093.078125,196415,0.0,0.0
2001-07-13,1093.0777315345715,1102.5657863466624,1089.958334100385,1098.4066162109375,116750,0.0,0.0
2001-07-16,1100.8760836799197,1112.5737044037912,1100.8760836799197,1108.5445556640625,171825,0.0,0.0
2001-07-17,1107.3752222939509,1109.324826558553,1098.9269371473422,1106.33544921875,214400,0.0,0.0
2001-07-18,1106.3353024341493,1107.2451335028372,1100.0965854810736,1107.1151123046875,208290,0.0,0.0
2001-07-19,1109.9746326675686,1113.8738409790471,1100.8764799407852,1103.4759521484375,230485,0.0,0.0
2001-07-20,1100.8762903585082,1105.165402896586,1088.3988576423585,1091.9080810546875,212790,0.0,0.0
2001-07-23,1095.0275743150332,1097.4971044340482,1082.0302143825106,1082.16015625,202270,0.0,0.0
2001-07-24,1083.9798181212775,1085.0195910497207,1073.8418932421764,1077.3511962890625,283160,0.0,0.0
2001-07-25,1076.1814623084106,1082.68014263636,1072.932122144436,1074.4918212890625,215010,0.0,0.0
2001-07-26,1074.491731456031,1076.1813723341163,1065.6535428148566,1069.4227294921875,313615,0.0,0.0
2001-07-27,1067.083022823578,1070.3323621135405,1054.6055916819523,1062.14404296875,286510,0.0,0.0
2001-07-30,1065.7834811224234,1076.051426879706,1063.573914137106,1073.9718017578125,283155,0.0,0.0
2001-07-31,1076.1815825591216,1089.8288127727335,1075.5317144537116,1082.0303955078125,256210,0.0,0.0
2001-08-01,1083.9800434251097,1085.409721582677,1072.4123589516803,1073.5821533203125,195370,0.0,0.0
2001-08-02,1075.5314096759637,1076.5711824840546,1061.6242202952044,1071.6322021484375,261980,0.0,0.0
2001-08-03,1069.6825949181132,1069.6825949181132,1054.3457278921292,1061.1043701171875,213245,0.0,0.0
2001-08-06,1060.5846481978526,1060.5846481978526,1037.189398605253,1059.284912109375,269565,0.0,0.0
2001-08-07,1066.9827127421731,1069.9736295180608,1062.4312934922066,1065.0321044921875,201525,0.84,0.0
2001-08-08,1058.921072045226,1066.983608790139,1056.71036496461,1061.781982421875,223240,0.0,0.0
2001-08-09,1061.131452030866,1061.131452030866,1055.2796241704018,1058.5306396484375,170520,0.0,0.0
2001-08-10,1055.279737321661,1064.772687661298,1052.0287214950386,1062.171875,144125,0.0,0.0
2001-08-13,1062.171289836416,1064.3819952547144,1051.898133106203,1052.6783447265625,138775,0.0,0.0
2001-08-14,1050.0781430142447,1050.0781430142447,1042.7958990957227,1044.3563232421875,339135,0.0,0.0
2001-08-15,1049.42822800947,1062.1721980517125,1049.42822800947,1059.05126953125,313455,0.0,0.0
2001-08-16,1059.0507812859405,1059.440887249835,1050.728150327231,1055.669677734375,246170,0.0,0.0
2001-08-17,1053.3288117538873,1053.3288117538873,1020.8186632429648,1030.051513671875,322350,0.0,0.0
2001-08-20,1030.5718046487634,1032.5224137427358,1011.7159167403634,1016.1373291015624,352450,0.0,0.0
2001-08-21,1016.1376042123362,1029.791871566922,1016.1376042123362,1017.3079223632812,450335,0.0,0.0
2001-08-22,1020.5588199483292,1021.469120207082,1008.0749515641444,1008.8551635742188,369960,0.0,0.0
2001-08-23,1008.855241949754,1018.8683868329346,1006.5145263671874,1006.5145263671876,403005,0.0,0.0
2001-08-24,1006.5145701670276,1009.2453919037732,1003.653660165836,1003.9137573242188,338225,0.0,0.0
2001-08-27,1006.5146541632736,1010.4158737530538,993.3805799592202,998.06201171875,357910,0.0,0.0
2001-08-28,998.0619284278988,1004.563960534921,997.4117252171966,1003.9137573242188,485645,0.0,0.0
2001-08-29,1010.4157451478222,1018.218183334292,995.4610719570888,1015.6173706054688,512625,0.0,0.0
2001-08-30,1018.8682383932126,1027.4508874023795,1018.0880264361952,1020.81884765625,603110,0.0,0.0
2001-08-31,1017.5673170162894,1019.2578283142384,1011.7154921899976,1016.9171142578124,344820,0.0,0.0
2001-09-04,1013.0166029986214,1013.1466118926512,988.3088809742648,994.8109130859376,455795,0.0,0.0
2001-09-05,994.8104420845762,994.8104420845762,944.7448185286858,962.1702880859376,781955,0.0,0.0
2001-09-06,962.3006125651472,987.658534112472,962.1706036900268,982.4569091796876,622295,0.0,0.0
2001-09-07,982.4569430556594,988.958974445836,944.745160992636,951.2471923828124,441785,0.0,0.0
2001-09-10,942.79446299499,971.7935043964616,937.2027323989116,965.6815795898438,298245,0.0,0.0
2001-09-17,871.2720285335058,924.1985691259812,871.1420196804257,923.2882690429688,990295,0.0,0.0
2001-09-18,915.4860534885796,923.2884914444484,903.7823965547768,910.9346313476562,601535,0.0,0.0
2001-09-19,910.2843799179408,924.1987427422148,897.1503084701815,903.7823486328124,600930,0.0,0.0
2001-09-20,903.912427502637,903.912427502637,884.5364203949192,895.97998046875,574395,0.0,0.0
2001-09-21,858.2680980844518,890.1280502103141,858.2680980844518,871.92236328125,808840,0.0,0.0
2001-09-24,881.0250736290301,938.8931411958076,881.0250736290301,923.2882690429688,602830,0.0,0.0
2001-09-25,923.288373396074,960.3499489478884,920.6875610766484,956.44873046875,518295,0.0,0.0
2001-09-26,962.3007877173012,981.806884765625,957.7493650726924,981.806884765625,383625,0.0,0.0
2001-09-27,981.8065028943512,989.6089386789422,972.703661145662,988.3085327148438,323480,0.0,0.0
2001-09-28,994.8106806828424,1014.3167724609376,988.958853149414,1014.3167724609376,462120,0.0,0.0
2001-10-01,1011.0660810929254,1011.0660810929254,992.8603896005768,997.9320068359376,284325,0.0,0.0
2001-10-02,999.3620816310398,1020.1685791015624,998.061675539132,1020.1685791015624,267285,0.0,0.0
2001-10-03,1023.4196120856568,1057.4902681587946,1017.5677845705546,1049.427734375,450595,0.0,0.0
2001-10-04,1049.4281191865614,1050.338419674582,1027.3212071343044,1042.1458740234375,356010,0.0,0.0
2001-10-05,1042.1451256439975,1047.4767570914362,1007.5542875330394,1027.58056640625,323775,0.0,0.0
2001-10-08,1020.8185735738502,1024.069588139372,984.407210440006,999.3618774414062,264470,0.0,0.0
2001-10-09,1000.6625112522472,1015.6171816608254,990.2592622723668,1005.8641357421876,298510,0.0,0.0
2001-10-10,1014.3167692843869,1052.678749661168,1014.3167692843869,1049.427734375,382365,0.0,0.0
2001-10-11,1065.683042799696,1092.9915771484375,1065.683042799696,1092.9915771484375,499735,0.0,0.0
2001-10-12,1084.538848595039,1088.4400674748774,1072.705183074397,1088.31005859375,368035,0.0,0.0
2001-10-15,1081.938224540764,1104.8253475424583,1076.7365984612409,1103.655029296875,227830,0.0,0.0
2001-10-16,1103.654907124224,1123.5511088018218,1096.8927780952972,1118.4794921875,286425,0.0,0.0
2001-10-17,1122.2507773048703,1122.2507773048703,1104.0450868271553,1110.547119140625,291100,0.0,0.0
2001-10-18,1110.547284156156,1111.197487484116,1072.8354911344595,1079.3375244140625,293180,0.0,0.0
2001-10-19,1079.3370325425092,1084.538656795726,1053.3289112764246,1061.13134765625,270850,0.0,0.0
2001-10-22,1061.1316201844224,1104.6952344934643,1059.1810105884952,1102.8746337890625,312900,0.0,0.0
2001-10-23,1096.8923795547812,1103.9146031815685,1086.099026430294,1090.000244140625,274170,0.0,0.0
2001-10-24,1090.130584531208,1092.731397129097,1068.9339777325104,1089.740478515625,243095,0.0,0.0
2001-10-25,1079.3367576269206,1091.6906120816866,1050.0776286551063,1090.910400390625,333370,0.0,0.0
2001-10-26,1087.6598601855142,1094.9421037114037,1072.4450906137613,1089.740478515625,205480,0.0,0.0
2001-10-29,1085.839133180218,1085.9691420467732,1041.7553330310516,1053.3289794921875,294045,0.0,0.0
2001-10-30,1053.329448187944,1065.0331087233656,1035.7739573848114,1059.05126953125,269675,0.0,0.0
2001-10-31,1059.180522773102,1059.180522773102,1020.8185517211604,1022.1189575195312,296970,0.0,0.0
2001-11-01,1020.8190674891588,1048.127603052563,1001.573067823338,1044.8765869140625,361685,0.0,0.0
2001-11-02,1041.6252567066863,1062.431753719554,1036.0335265085755,1061.13134765625,226790,0.0,0.0
2001-11-05,1062.431911114949,1071.2746577813405,1050.0780516833795,1066.3331298828125,353295,0.0,0.0
2001-11-06,1066.333022546394,1082.5880991096012,1042.2755092328473,1077.386474609375,313430,0.0,0.0
2001-11-07,1058.5303277332305,1059.8307335412564,1049.947681148447,1052.9385986328125,445990,0.0,0.0
2001-11-08,1053.3290620548737,1059.1808901774004,1047.2171368083566,1051.6385498046875,309395,0.0,0.0
2001-11-09,1039.934945046821,1041.885554517571,1032.522613183869,1036.2938232421875,224600,0.0,0.0
2001-11-12,1023.4195328714852,1038.7643079603918,1007.8146607057192,1037.7239990234375,275995,0.0,0.0
2001-11-13,1039.674706156086,1052.6787675213902,1034.6030904754205,1052.028564453125,227320,0.0,0.0
2001-11-14,1062.431787505103,1063.3420876524613,1044.2261020398994,1056.449951171875,222430,0.0,0.0
2001-11-15,1066.3331865609748,1068.9339992111234,1051.7686198460412,1065.6829833984375,230485,0.0,0.0
2001-11-16,1067.6332441757588,1067.6332441757588,1040.4547291105478,1054.8892822265625,235970,0.0,0.0
2001-11-19,1057.8804276995406,1062.4318493307003,1046.8269751667242,1057.230224609375,158555,0.0,0.0
2001-11-20,1049.4273306909647,1059.8305756048776,1046.8265194624864,1052.6783447265625,179100,0.0,0.0
2001-11-21,1052.0286158110468,1052.15862468285,1040.324960010924,1041.6253662109375,141385,0.0,0.0
2001-11-23,1039.024503087821,1052.9388646227949,1039.024503087821,1052.028564453125,71220,0.0,0.0
2001-11-26,1059.8305756048776,1061.7811840262364,1050.7277363052035,1052.6783447265625,191650,0.0,0.0
2001-11-27,1049.4274742489445,1079.0767104354154,1047.3468567297248,1073.614990234375,298380,0.0,0.0
2001-11-28,1075.436409623151,1085.839663887945,1070.4948797214795,1076.73681640625,246970,0.0,0.0
2001-11-29,1078.0369477401064,1090.2608001261358,1072.9653308336551,1081.2879638671875,216530,0.0,0.0
2001-11-30,1083.8884029203248,1088.9600180775035,1071.5345458984375,1071.5345458984375,203115,0.0,0.0
2001-12-03,1066.333169079702,1067.5035665012829,1052.6789028902667,1063.0821533203125,214315,0.0,0.0
2001-12-04,1064.3825204988805,1066.3331298828125,1050.2080605607753,1066.3331298828125,203035,0.0,0.0
2001-12-05,1068.8310675360683,1082.622404384971,1061.675168727245,1077.6783447265625,243540,0.84,0.0
2001-12-06,1075.986816165904,1079.6298028051542,1055.5599647167996,1058.162109375,219765,0.0,0.0
2001-12-07,1069.4815866100046,1072.9944982146787,1055.1697892222794,1065.578369140625,176655,0.0,0.0
2001-12-10,1068.830908540505,1070.6524415489791,1029.148202867364,1035.653564453125,246405,0.0,0.0
2001-12-11,1036.3040537146137,1040.8578066185696,1029.9287678846154,1036.95458984375,246545,0.0,0.0
2001-12-12,1040.207429800461,1052.5676181470576,1034.0923733678069,1046.062255859375,220870,0.0,0.0
2001-12-13,1046.0619484237964,1047.2329450558898,1030.319008078888,1035.783447265625,226395,0.0,0.0
2001-12-14,1035.783532725301,1055.1695400090368,1027.8470241764971,1043.5899658203125,244655,0.0,0.0
2001-12-17,1052.5680914084214,1058.4229200998157,1045.4121896744953,1053.2186279296875,232845,0.0,0.0
2001-12-18,1053.2181718905963,1059.072998046875,1048.6644182134903,1059.072998046875,231625,0.0,0.0
2001-12-19,1059.0729510161043,1066.7493100668023,1047.363299223543,1060.3740234375,224400,0.0,0.0
2001-12-20,1059.0729848787198,1059.0729848787198,1043.4601153227682,1049.31494140625,215470,0.0,0.0
2001-12-21,1049.9656631469727,1050.486123988591,1036.4344753766431,1040.858154296875,402300,0.0,0.0
2001-12-24,1040.858637971698,1042.029635703901,1033.962965377378,1034.353271484375,106240,0.0,0.0
2001-12-26,1034.353271484375,1042.8102479178951,1033.7027348356428,1034.353271484375,199125,0.0,0.0
2001-12-27,1034.352524744406,1042.8094950725051,1030.579383141254,1039.6868896484375,167100,0.0,0.0
2001-12-28,1039.687207863185,1045.6721901892656,1038.9065959738252,1043.7205810546875,165035,0.0,0.0
2001-12-31,1040.858563247796,1046.7133926660647,1033.0521240234375,1033.0521240234375,159480,0.0,0.0
2002-01-02,1033.7018657769097,1033.7018657769097,1012.3642498730668,1024.5943603515625,301855,0.0,0.0
2002-01-03,1018.740129264354,1022.6433481504242,979.7079404036508,1022.3831176757812,509155,0.0,0.0
2002-01-04,1022.1223706797072,1023.9439036705194,1007.02996371154,1012.2342529296876,311085,0.0,0.0
2002-01-07,1008.9816144704818,1011.583759188652,992.7182099819184,999.2235717773438,329635,0.0,0.0
2002-01-08,1007.029796209861,1007.6803322539242,988.814786976091,991.4169311523438,378070,0.0,0.0
2002-01-09,996.6216722093188,1020.9517471911804,996.6216722093188,1010.9334716796876,314240,0.0,0.0
2002-01-10,1008.330989343058,1014.1858144424692,1001.82562812149,1013.5352783203124,207565,0.0,0.0
2002-01-11,1018.0898173965757,1021.993037143783,1008.3317680285572,1015.4876708984376,220065,0.0,0.0
2002-01-14,1012.2345403392222,1015.4872220241168,1003.777567958496,1008.591552734375,250145,0.0,0.0
2002-01-15,1008.7211898792924,1026.2856633447643,1008.3308841289544,1025.11474609375,209985,0.0,0.0
2002-01-16,1026.5463828025386,1029.1485282595793,1020.4313250962576,1024.2044677734375,234380,0.0,0.0
2002-01-17,1029.1480114467947,1037.6049799352954,1025.2447952213329,1035.783447265625,257180,0.0,0.0
2002-01-18,1035.784420347101,1040.858637971698,1033.0521981869103,1034.353271484375,229340,0.0,0.0
2002-01-22,1034.3523834054793,1034.3523834054793,1025.8954142329817,1028.49755859375,172800,0.0,0.0
2002-01-23,1025.2451386921146,1027.8472837141758,1003.9075177467472,1004.427978515625,290190,0.0,0.0
2002-01-24,1005.7291772740032,1012.2345406457628,1001.3054984167374,1006.77001953125,271660,0.0,0.0
2002-01-25,1001.8256929458192,1019.1299390326528,996.6214036318148,1014.9664916992188,268385,0.0,0.0
2002-01-28,1008.33160518478,1014.8369703795204,988.685434061142,997.53271484375,283660,0.0,0.0
2002-01-29,1003.127147605359,1003.7776840175544,940.2853460695168,947.7014770507812,615865,0.0,0.0
2002-01-30,947.701479913188,949.7831646740276,865.2134308331894,927.5348510742188,1248940,0.0,0.0
2002-01-31,936.772181072994,966.0463117315252,936.1216448361378,964.7452392578124,527930,0.0,0.0
2002-02-01,964.7456682120576,964.7456682120576,938.2037461825404,953.0360107421876,284610,0.0,0.0
2002-02-04,941.326049885056,952.905628082112,915.9551335439936,919.337890625,296545,0.0,0.0
2002-02-05,918.8178181015354,929.6167087024736,902.8146352195477,912.7027587890624,424600,0.0,0.0
2002-02-06,914.0036084070643,923.761654048421,905.2864050852168,920.5089721679688,341030,0.0,0.0
2002-02-07,907.4980127738664,929.225938065881,887.8518510001429,925.1925659179688,480230,0.0,0.0
2002-02-08,954.9873262972444,977.1055613749736,947.1808903874576,962.7937622070312,496150,0.0,0.0
2002-02-11,964.74504661338,974.1127824357526,963.4439743994712,964.8751220703124,202200,0.0,0.0
2002-02-12,962.793565110698,966.436551907264,955.637666991632,962.4032592773438,182290,0.0,0.0
2002-02-13,965.3958846562224,1006.7699781163976,961.4926667937308,1002.8667602539062,335805,0.0,0.0
2002-02-14,1002.8666616832865,1006.6398036773054,989.205400507316,1004.0376586914062,251840,0.0,0.0
2002-02-15,991.4174272017044,1002.9970063442534,963.1841328807852,966.0465087890624,404960,0.0,0.0
2002-02-19,967.347434090421,968.6485066312284,944.0582038454994,946.5302734375,278460,0.0,0.0
2002-02-20,948.4818850523894,962.143146771251,918.5572165253592,959.1506958007812,323075,0.0,0.0
2002-02-21,927.6646780696328,939.3743303874822,912.0518083125,924.2819213867188,644030,0.0,0.0
2002-02-22,911.2713095462916,919.8583572126624,895.1379770329727,915.0443725585938,441930,0.0,0.0
2002-02-25,923.7618467957824,935.8618100335444,919.9887032627016,930.2672119140624,388935,0.0,0.0
2002-02-26,930.2665615739494,945.8794269430228,928.3149534028151,943.2772827148438,265990,0.0,0.0
2002-02-27,946.4278727604471,973.896380338296,944.4751329954668,959.836669921875,302180,0.84,0.0
2002-02-28,961.3988519086791,978.3225960858124,959.4461121959332,962.9610595703124,297865,0.0,0.0
2002-03-01,959.70651905375,959.8366699218748,943.8242197404736,959.836669921875,362285,0.0,0.0
2002-03-04,963.3517552014722,983.2696877621717,957.753916299173,982.6187744140624,321840,0.0,0.0
2002-03-05,973.7664661371896,990.6902148802156,973.2457036237536,984.7018432617188,250120,0.0,0.0
2002-03-06,984.8321126435668,999.152209456626,969.73095142359,991.3412475585938,269330,0.0,0.0
2002-03-07,990.0396606445312,991.3414879432092,955.9317695277242,973.1159057617188,317155,0.0,0.0
2002-03-08,977.6716103291828,981.577089464985,965.9551729217756,971.9435424804688,230755,0.0,0.0
2002-03-11,963.352014975023,967.2574961168136,949.6828309787558,955.6712036132812,251630,0.0,0.0
2002-03-12,947.0786743316208,962.700590609256,946.818293168892,962.31005859375,221820,0.0,0.0
2002-03-13,959.055492702576,964.6533301439604,954.2387192922037,962.31005859375,201630,0.0,0.0
2002-03-14,963.2216638888104,978.0624414692644,963.2216638888104,973.2456665039062,256115,0.0,0.0
2002-03-15,976.3702068784193,981.5775146484376,975.5891424958008,981.5775146484376,347215,0.0,0.0
2002-03-18,982.098154744265,987.6959940075624,959.3161860912636,966.6063842773438,275430,0.0,0.0
2002-03-19,967.9082963490824,974.9381933643598,958.4049759078432,962.7009887695312,193620,0.0,0.0
2002-03-20,959.4459508217634,961.2685393633157,947.3389825305076,950.4633178710938,236570,0.0,0.0
2002-03-21,947.2090662658852,952.806984589214,940.049019482944,942.5225219726562,207075,0.0,0.0
2002-03-22,935.3624196315552,941.8715526839668,929.5041998843848,940.4395751953124,294795,0.0,0.0
2002-03-25,938.6173267655856,942.9133402476876,917.7880934393036,920.2615966796876,241580,0.0,0.0
2002-03-26,921.5629280019648,939.1375841666178,921.5629280019648,931.9775390625,228060,0.0,0.0
2002-03-27,930.8058717354974,950.3332676460324,930.8058717354974,941.09033203125,207640,0.0,0.0
2002-03-28,935.3621234141988,946.2974952620324,934.3206783470632,939.137451171875,200930,0.0,0.0
2002-04-01,930.8065081382504,933.2800117609512,916.6165589585648,922.9955444335938,239115,0.0,0.0
2002-04-02,926.2496333581788,947.078859125896,922.0837723131972,940.4395751953124,330540,0.0,0.0
2002-04-03,939.9192576763936,943.8247393564895,931.4573807028528,934.06103515625,322845,0.0,0.0
2002-04-04,933.409886910992,952.9372904028536,932.8891243683256,952.286376953125,265975,0.0,0.0
2002-04-05,955.5406492495472,972.9851561004645,955.5406492495472,965.9552612304688,285515,0.0,0.0
2002-04-08,960.0968690007876,973.7660447628324,956.9724541865952,968.4285888671876,213025,0.0,0.0
2002-04-09,971.683377554102,983.399816610829,968.9494940998864,979.754638671875,263210,0.0,0.0
2002-04-10,978.3227669601364,983.1395416509802,969.3401309297196,974.9380493164062,265125,0.0,0.0
2002-04-11,974.9381315958184,975.0682824941782,946.1677113672628,947.7299194335938,305925,0.0,0.0
2002-04-12,950.463437571273,964.9137585092852,950.3332867121292,960.0969848632812,209635,0.0,0.0
2002-04-15,958.795336449435,961.2688388898196,929.5042365579044,940.5697631835938,207595,0.0,0.0
2002-04-16,947.7298502020188,953.4579195410636,937.1850855746828,945.25634765625,230420,0.0,0.0
2002-04-17,942.0021416976258,954.7601119799764,937.0552141683612,950.073486328125,191900,0.0,0.0
2002-04-18,948.90159806367,950.3335757785374,918.9595812925656,937.3153076171876,272235,0.0,0.0
2002-04-19,941.2205984980128,943.1733383289215,916.4858939731688,921.5630493164062,277515,0.0,0.0
2002-04-22,919.0895226684632,920.9121115784418,878.6027496992278,907.5032348632812,677830,0.0,0.0
2002-04-23,907.50325468964,913.231323282842,885.2420525051069,886.8042602539062,365325,0.0,0.0
2002-04-24,885.8934314510201,912.58088970928,885.8934314510201,889.6687622070312,372020,0.0,0.0
2002-04-25,896.9589629239572,915.1845441735004,884.8519855567777,889.6687622070312,477125,0.0,0.0
2002-04-26,896.9586099724573,904.1186569315988,885.7629319646785,894.485107421875,303580,0.0,0.0
2002-04-29,891.7513267569377,903.0772354115678,888.6269107635227,888.7571411132812,280615,0.0,0.0
2002-04-30,898.2603020445453,911.01818609519,890.3191920267358,899.822509765625,316135,0.0,0.0
2002-05-01,914.5334862252092,921.6935348718124,892.0118945555192,919.2200317382812,355075,0.0,0.0
2002-05-02,919.219898786745,932.1080162694416,918.4388344666075,930.9363403320312,324575,0.0,0.0
2002-05-03,927.681618285518,927.681618285518,915.053963628336,919.3499755859376,255570,0.0,0.0
2002-05-06,919.7404409116502,927.9419321366228,905.4203491210938,905.4203491210938,185185,0.0,0.0
2002-05-07,904.7695230398016,907.8939387871328,875.7388045948553,880.6857299804688,374380,0.0,0.0
2002-05-08,896.307833580906,914.0126478934476,893.313647559151,910.6279296875,326065,0.0,0.0
2002-05-09,909.3262272006004,930.8063742998272,896.5683375422007,899.432373046875,206765,0.0,0.0
2002-05-10,899.4318598832057,900.0827730602938,885.2419208398152,889.1473999023438,212705,0.0,0.0
2002-05-13,891.7512389619309,898.1302212132942,882.8988337950609,889.9286499023438,247465,0.0,0.0
2002-05-14,891.7512198288666,896.8283753450748,876.1293006493828,886.1533813476562,444670,0.0,0.0
2002-05-15,879.6443932939474,879.7745441923453,852.6965623777445,857.9038696289062,808040,0.0,0.0
2002-05-16,857.9038083771399,896.8284590833518,853.9983282176081,894.485107421875,538970,0.0,0.0
2002-05-17,891.2308494281625,908.0244517159058,891.1006984939605,906.3320922851562,343565,0.0,0.0
2002-05-20,903.0770157606528,903.207166621556,882.8987059754821,884.591064453125,247850,0.0,0.0
2002-05-21,883.9404192722271,889.7986400185084,868.969410698397,871.3126831054688,212750,0.0,0.0
2002-05-22,874.8274292594347,885.8929547783412,872.2237761961625,885.3721923828125,221215,0.0,0.0
2002-05-23,887.3248112236271,893.5736412894129,879.3837022460223,889.1473999023438,198255,0.0,0.0
2002-05-24,889.1477451380727,890.4495719977184,874.827649681969,882.6386108398438,171185,0.0,0.0
2002-05-28,880.0345561847503,883.2891218511139,870.2708591856591,872.87451171875,158640,0.0,0.0
2002-05-29,873.004938597146,883.2894011375577,871.5729610340381,873.2653198242188,144425,0.0,0.0
2002-05-30,869.2296836800851,885.2421358338768,866.2354982297329,873.5256958007812,247235,0.0,0.0
2002-05-31,874.1765850388681,877.9519140616744,867.6674518665757,871.8333129882812,269720,0.0,0.0
2002-06-03,871.8333223459796,875.348270188183,837.0745349414213,840.3291015625,343515,0.0,0.0
2002-06-04,839.677978515625,844.8852838087452,826.6597152828247,839.677978515625,425655,0.0,0.0
2002-06-05,845.4491596480615,850.7901780050853,843.6253546182373,847.6637573242188,306630,0.86,0.0
2002-06-06,845.4491092681885,851.9625846862793,828.2535182623891,833.724853515625,300960,0.0,0.0
2002-06-07,820.6977510892428,854.5678170072116,820.6977510892428,846.7516479492188,378010,0.0,0.0
2002-06-10,846.1005097380364,862.6447542369561,838.8054486175093,841.5410766601562,293540,0.0,0.0
2002-06-11,843.2343588654484,849.3570405505952,815.4869745163691,820.69775390625,284510,0.0,0.0
2002-06-12,822.6521426762375,845.1887571277949,822.6521426762375,836.3304443359375,328665,0.0,0.0
2002-06-13,834.8974610041805,840.2384800032169,818.61376953125,818.61376953125,239185,0.0,0.0
2002-06-14,819.5255097716935,847.4032185583242,805.0656250100604,839.71728515625,373950,0.0,0.0
2002-06-17,857.3036552693825,901.4650531147802,852.7442221972701,896.2542724609375,501035,0.0,0.0
2002-06-18,896.3844800768576,901.4650228478548,879.3192058125751,897.0358276367188,338330,0.0,0.0
2002-06-19,892.3461479791052,896.5147882220693,878.6678493604475,890.7828979492188,310925,0.0,0.0
2002-06-20,890.7829396822052,899.1202205587333,872.8057622717822,885.9629516601562,276875,0.0,0.0
2002-06-21,874.1084813359959,885.8327381646455,868.2463529216709,872.8057861328125,365600,0.0,0.0
2002-06-24,871.5031294684688,885.8327773371582,853.9167434478047,884.0089721679688,334940,0.0,0.0
2002-06-25,886.6144340184939,898.859802259154,875.8020783861152,876.19287109375,296075,0.0,0.0
2002-06-26,859.7789558086688,875.4113004597356,853.1352411360521,862.9054565429688,329710,0.0,0.0
2002-06-27,874.1085032646965,874.7598508826286,855.2194223446696,871.5031127929688,314600,0.0,0.0
2002-06-28,876.713869007263,899.7715899337151,876.713869007263,888.8289184570312,424190,0.0,0.0
2002-07-01,888.9592824902518,892.3462583822173,874.1085246342597,874.3690795898438,228350,0.0,0.0
2002-07-02,887.3959119922537,887.3959119922537,850.7901322248678,852.22314453125,375130,0.0,0.0
2002-07-03,850.9204194387598,858.9971446211537,833.7248289398366,853.0046997070312,281255,0.0,0.0
2002-07-05,868.8976180792362,883.8786114943954,861.3420025197171,882.4456787109375,133055,0.0,0.0
2002-07-08,882.4455482354236,891.0433026853306,872.9358119524169,881.9244384765625,210845,0.0,0.0
2002-07-09,881.5336515898472,885.3114190802695,852.4835713254324,853.91650390625,237015,0.0,0.0
2002-07-10,857.1734744340945,866.2923411833934,794.6441024389022,812.8818359375,494215,0.0,0.0
2002-07-11,807.6710094432951,830.4681750324204,794.7742953916514,827.3416748046875,493115,0.0,0.0
2002-07-12,830.4679798516701,841.5408862496923,822.2610180704671,827.2112426757812,293945,0.0,0.0
2002-07-15,814.1848336934115,826.299888116722,794.6443976847697,824.9971923828125,343925,0.0,0.0
2002-07-16,823.3031899161596,833.2036395098103,794.6439016595843,798.1611938476562,396995,0.0,0.0
2002-07-17,811.1885592424187,817.5717199229327,778.3606144947371,793.3416137695312,421755,0.0,0.0
2002-07-18,792.0386418776261,793.3413370122933,741.2335316256074,745.5324096679688,562030,0.0,0.0
2002-07-19,732.5057821479649,758.6900136364385,728.3371399721135,740.0614013671875,496440,0.0,0.0
2002-07-22,740.061259210667,756.0844769809305,716.4825031827415,731.4635009765625,528555,0.0,0.0
2002-07-23,729.1185849823729,736.0228542619022,664.3746118116286,665.6773071289062,816085,0.0,0.0
2002-07-24,665.677345151301,703.455511510181,620.213283932498,695.3787841796875,1149815,0.0,0.0
2002-07-25,680.6580620997979,719.7389077705997,657.2095546973168,691.8612060546875,817495,0.0,0.0
2002-07-26,690.4282644113379,740.4517780142702,690.4282644113379,740.1912231445312,456155,0.0,0.0
2002-07-29,765.9848405790328,818.2228905899468,765.9848405790328,809.75537109375,709310,0.0,0.0
2002-07-30,808.8433238135032,825.257248329799,783.0499002733388,810.406494140625,494145,0.0,0.0
2002-07-31,813.5331050307883,833.4643245282215,801.8088489134511,832.6827392578125,505785,0.0,0.0
2002-08-01,832.5525458239088,840.6292726965247,814.184573646528,818.61376953125,418290,0.0,0.0
2002-08-02,817.3107912131118,822.5215706801761,773.2796411082705,784.8736572265625,360485,0.0,0.0
2002-08-05,784.8739752204053,790.7361044959105,745.1417656864263,750.8736572265625,313030,0.0,0.0
2002-08-06,764.0308102248429,796.988986136421,763.9005724960679,790.084716796875,394210,0.0,0.0
2002-08-07,814.1844088600475,823.6940668534936,780.3143374514696,808.7130737304688,384590,0.0,0.0
2002-08-08,814.184476274364,859.9090446578513,809.6250432072276,853.3955688476562,377735,0.0,0.0
2002-08-09,850.1387197129134,872.154296875,841.5409645724421,872.154296875,304175,0.0,0.0
2002-08-12,859.7788069457284,866.2922827559233,844.7978125822801,853.3955688476562,239205,0.0,0.0
2002-08-13,850.1385395167517,850.2688566944049,806.628583725898,811.7090454101562,389810,0.0,0.0
2002-08-14,808.4525984526848,838.2843499359155,784.8738474535961,831.7708740234375,403670,0.0,0.0
2002-08-15,833.0733520977315,855.219164428711,833.0733520977315,846.7516479492188,300820,0.0,0.0
2002-08-16,837.6327840482272,854.5678170072116,833.0733520977315,846.7516479492188,282425,0.0,0.0
2002-08-19,847.4032274126323,885.9629735200244,847.4032274126323,884.6602783203125,307050,0.0,0.0
2002-08-20,871.6331326295754,878.1466071807162,853.7862759675997,874.62939453125,288740,0.0,0.0
2002-08-21,878.0167042615165,883.2274858891813,855.4800896239097,865.2503051757812,218690,0.0,0.0
2002-08-22,862.6446123285426,883.8785241247107,862.6446123285426,879.319091796875,231355,0.0,0.0
2002-08-23,873.456927336599,874.2385124697383,851.9624615632151,853.91650390625,220310,0.0,0.0
2002-08-26,855.8711412429963,868.376989128295,846.7522706361455,861.4727172851562,164965,0.0,0.0
2002-08-27,869.5492591133748,872.1546501519167,833.7251323334231,841.1505126953125,264130,0.0,0.0
2002-08-28,827.2113594018083,834.3761821997767,799.4639706498971,808.7130737304688,305170,0.0,0.0
2002-08-29,795.5562818004846,823.9550322265625,789.43359609375,814.184814453125,279630,0.0,0.0
2002-08-30,811.579235392771,833.594819489214,805.7171060841555,818.0927124023438,194390,0.0,0.0
2002-09-03,814.8357583597534,814.8357583597534,774.0614189673718,776.6668090820312,315750,0.0,0.0
2002-09-04,779.8869282751905,788.4914661912255,768.6748654089033,785.492919921875,298600,0.94,0.0
2002-09-05,773.107768806117,779.2352830569423,753.2911625275273,760.331298828125,329300,0.0,0.0
2002-09-06,763.5907879430986,782.2340160783747,763.5907879430986,775.0635375976562,247795,0.0,0.0
2002-09-09,769.1965314035626,807.0044965064496,762.6779167306511,795.9228515625,264845,0.0,0.0
2002-09-10,799.1822875976562,805.7009033203125,786.7969177246093,795.2711181640625,221475,0.0,0.0
2002-09-11,805.3096416103058,814.6964622925932,790.4471688989398,795.79248046875,180030,0.0,0.0
2002-09-12,791.8814133540546,792.0117538300358,769.1966004275245,771.6737060546875,254110,0.0,0.0
2002-09-13,769.1965815313033,775.7151966290263,750.9444592576792,763.981689453125,327110,0.0,0.0
2002-09-16,763.9819086814414,771.1523873465402,756.1595683195153,766.58935546875,260755,0.0,0.0
2002-09-17,785.4930238105392,788.75233096328,755.6377384622617,757.5933227539062,320335,0.0,0.0
2002-09-18,757.7236054715656,777.1490248379325,748.3367866581351,765.8067016601562,334960,0.0,0.0
2002-09-19,759.0276924601067,765.2855481487771,749.640869140625,749.640869140625,317500,0.0,0.0
2002-09-20,754.8556567837734,758.7668259899069,722.1322395882992,734.64794921875,541305,0.0,0.0
2002-09-23,729.4330066525558,733.9960370784431,715.0920538854814,720.3069458007812,272925,0.0,0.0
2002-09-24,713.7882668028681,736.4730764263225,702.9673829650085,703.8800048828125,410090,0.0,0.0
2002-09-25,712.4845424834806,729.5632801081675,706.6177896176514,724.348388671875,382855,0.0,0.0
2002-09-26,734.6479326445481,756.8112243126179,730.0849020070043,756.1593627929688,386675,0.0,0.0
2002-09-27,750.9445185665458,757.4631341791026,718.0906799646705,720.0462646484375,339260,0.0,0.0
2002-09-30,720.1766722131609,723.5663204437201,685.7583505466608,713.1365356445312,516225,0.0,0.0
2002-10-01,713.1365141793348,760.3313048897035,710.2683075313014,759.679443359375,400375,0.0,0.0
2002-10-02,753.5517956237541,769.1964695813407,732.4314698664269,732.8225708007812,416095,0.0,0.0
2002-10-03,732.9531363117394,750.8141585398123,705.9660524636379,712.0935668945312,433225,0.0,0.0
2002-10-04,712.2239126346694,723.5663195036394,684.4546265574968,687.0620727539062,430985,0.0,0.0
2002-10-07,687.1923211115928,713.6579601155989,681.1952274929806,683.8026733398438,347050,0.0,0.0
2002-10-08,699.9689344559424,723.4359492581063,682.8901148283816,716.3958129882812,435250,0.0,0.0
2002-10-09,708.5734848043475,710.3987289218883,682.4990235419979,685.6279907226562,380870,0.0,0.0
2002-10-10,682.3686397240034,726.8255615234375,676.3714662708109,726.8255615234375,449330,0.0,0.0
2002-10-11,754.7252892564223,787.0576042870683,736.4731669486292,778.7137451171875,512290,0.0,0.0
2002-10-14,756.1596302798027,777.6710680377627,749.6410127773906,760.07080078125,315315,0.0,0.0
2002-10-15,801.919839729974,850.8094433447811,793.9671627044678,834.382568359375,520665,0.0,0.0
2002-10-16,830.9930332226562,837.9027488853922,810.0030461591048,813.7838745117188,379735,0.0,0.0
2002-10-17,813.7837561144703,850.0272326342929,813.7837561144703,845.5945434570312,372605,0.0,0.0
2002-10-18,834.382696096643,847.9414467373874,822.6491894327839,830.6018676757812,358070,0.0,0.0
2002-10-21,827.3428634495662,842.0750019844735,814.827150250898,833.7311401367188,328580,0.0,0.0
2002-10-22,824.6047315926387,831.7752075195312,818.7379785615449,831.7752075195312,216695,0.0,0.0
2002-10-23,825.9084219512819,828.906968578903,802.0503098126575,821.9972534179688,343850,0.0,0.0
2002-10-24,821.9974547121216,857.3283206191815,816.1307004754768,836.46875,425460,0.0,0.0
2002-10-25,836.5989602517525,856.4155632848122,820.1720047650505,852.7650756835938,307580,0.0,0.0
2002-10-28,853.9386471483189,861.1091243381138,831.1234924535164,838.8154907226562,291570,0.0,0.0
2002-10-29,836.9900398921545,842.2049311064358,814.8267522314588,839.9885864257812,284060,0.0,0.0
2002-10-30,840.1191521428105,857.1978920021959,822.6492317161759,832.2968139648438,340920,0.0,0.0
2002-10-31,833.6004170288237,837.9026864929665,808.9600234851182,815.4786376953125,330475,0.0,0.0
2002-11-01,813.5228296155012,815.4784133405384,795.2707148484867,806.3523559570312,316755,0.0,0.0
2002-11-04,828.5160582589832,855.11204223369,827.2123351145946,830.9931640625,381630,0.0,0.0
2002-11-05,842.8570069875957,853.938653637858,833.7309450403209,851.4615478515625,230610,0.0,0.0
2002-11-06,857.1978945001817,868.2795402845948,834.513081888796,858.6319580078125,272430,0.0,0.0
2002-11-07,856.6762274754308,856.806647500316,828.5158465805416,835.9470825195312,246380,0.0,0.0
2002-11-08,840.9015380915887,847.4201546659422,835.5563043298015,840.5104370117188,281290,0.0,0.0
2002-11-11,836.3381457306475,843.1175199582473,826.1691241757088,831.9054565429688,164120,0.0,0.0
2002-11-12,839.5973612684486,844.4211508424928,830.4713029937915,834.9039916992188,201795,0.0,0.0
2002-11-13,835.0345143880289,839.9886454752765,817.3039148422172,830.0803833007812,272190,0.0,0.0
2002-11-14,837.6419116118108,860.0659600240195,835.1648064253448,857.19775390625,235555,0.0,0.0
2002-11-15,853.9381708225532,885.2275083794101,850.5485244163871,885.09716796875,399410,0.0,0.0
2002-11-18,885.2280774568256,888.878486603913,865.6722289121241,866.9759521484375,272685,0.0,0.0
2002-11-19,867.1060852008089,881.1863564428623,861.7608530398708,867.8883666992188,249385,0.0,0.0
2002-11-20,866.9756322947245,878.8394775390625,863.3252244943837,878.8394775390625,326110,0.0,0.0
2002-11-21,881.055943464878,889.7909030430374,864.2379653489234,872.3209838867188,443505,0.0,0.0
2002-11-22,873.4942571043059,878.5788077434853,853.8080750793333,853.9384155273438,369205,0.0,0.0
2002-11-25,853.9384017452116,863.8466628217889,842.5959978990496,848.7235107421875,270970,0.0,0.0
2002-11-26,848.7234675721733,848.7234675721733,811.0458501626132,812.87109375,334800,0.0,0.0
2002-11-27,817.5646573657908,846.8984247185044,816.2609343723369,843.11767578125,269690,0.0,0.0
2002-11-29,846.3770022786874,854.4601009342754,841.1621101877195,849.3755493164062,116665,0.0,0.0
2002-12-02,866.9759036752222,866.9759036752222,821.9974545371844,836.2080688476562,308585,0.0,0.0
2002-12-03,827.8641104628521,830.6018969517432,816.1306033854258,819.129150390625,216835,0.0,0.0
2002-12-04,819.1028656814184,828.3664216799234,811.6659487907191,816.8848266601562,268910,0.96,0.0
2002-12-05,815.7107345585758,818.1896540934155,795.7485400005773,797.8360595703125,223695,0.0,0.0
2002-12-06,793.2696361360399,798.2275554351348,783.4842376639671,789.2250366210938,283595,0.0,0.0
2002-12-09,786.0934506420065,796.4007659147143,775.2642953814897,777.2213745117188,322420,0.0,0.0
2002-12-10,780.2223508230453,794.1828670070005,776.960551697531,792.6171875,238425,0.0,0.0
2002-12-11,785.4409883059535,813.883852022178,785.4409883059535,803.968017578125,245745,0.0,0.0
2002-12-12,795.8785872753944,803.3155014766805,776.4382423884551,784.0056762695312,219645,0.0,0.0
2002-12-13,781.52689808991,786.3543756576161,767.9577848672362,769.784423828125,278895,0.0,0.0
2002-12-16,773.0466347923092,802.1418761750333,773.0466347923092,799.7933959960938,316400,0.0,0.0
2002-12-17,790.0082050313645,799.663167879493,788.3120844320483,790.2691650390625,250405,0.0,0.0
2002-12-18,790.3993414053281,790.3993414053281,765.0878217834174,770.3067016601562,377530,0.0,0.0
2002-12-19,767.1748509529742,782.4400807507245,752.9533805358957,757.911376953125,304550,0.0,0.0
2002-12-20,767.1752994333866,776.1778985761691,757.38990020592,770.6980590820312,456370,0.0,0.0
2002-12-23,770.8282308282969,789.3552628415775,766.3922325033245,775.1337890625,229390,0.0,0.0
2002-12-24,775.264417927397,779.9613767288927,769.5236197177766,773.5682983398438,73215,0.0,0.0
2002-12-26,773.5683686570176,785.5717266038903,756.7374520931603,760.651611328125,184190,0.0,0.0
2002-12-27,758.6944076913775,764.6960856837552,736.5141756522486,739.5150146484375,224335,0.0,0.0
2002-12-30,742.7769121240523,750.7357501047538,737.8189931718445,749.03955078125,254980,0.0,0.0
2002-12-31,748.3871156724239,754.7802734375,731.2953211092804,754.7802734375,272665,0.0,0.0
2003-01-02,758.0423737837506,786.7462158203125,753.3454133040128,786.7462158203125,313865,0.0,0.0
2003-01-03,783.4842631939031,788.311742524185,776.8302238695815,784.3975830078125,194780,0.0,0.0
2003-01-06,784.3974552397964,815.5802065273705,784.1364953877893,810.7528076171875,260870,0.0,0.0
2003-01-07,810.7526054225007,811.4049650729423,790.6598963353963,794.9654541015625,269220,0.0,0.0
2003-01-08,794.9657036687968,802.2721818277485,782.7013861705462,785.0498657226562,172775,0.0,0.0
2003-01-09,789.3554066389036,814.7974404066038,789.3554066389036,814.1450805664062,216445,0.0,0.0
2003-01-10,810.8833447385441,816.7545837591772,802.794066161139,806.447265625,232210,0.0,0.0
2003-01-13,809.5782798210217,824.5825509216531,806.3164817556672,819.6246337890625,254510,0.0,0.0
2003-01-14,816.3629515735887,828.496826171875,811.5354738250492,828.496826171875,236815,0.0,0.0
2003-01-15,828.4970565726788,828.888456578163,811.5356995089862,821.843017578125,280210,0.0,0.0
2003-01-16,821.8428534715055,828.4968911373727,811.6659775584011,818.5810546875,282765,0.0,0.0
2003-01-17,818.7114800601244,818.7114800601244,801.6196865928504,807.88232421875,253920,0.0,0.0
2003-01-21,819.3640387221345,820.6687585290169,800.44560152234,801.0979614257812,197060,0.0,0.0
2003-01-22,801.2282956336556,810.2308929645462,786.745939545284,788.0506591796875,266685,0.0,0.0
2003-01-23,786.0933787823041,802.5328101199375,786.0933787823041,794.9654541015625,223110,0.0,0.0
2003-01-24,766.5225953685166,769.2624740686755,731.1647338867188,731.1647338867188,785825,0.0,0.0
2003-01-27,731.2952814365036,737.9493190483456,712.6378084702277,720.4661254882812,430490,0.0,0.0
2003-01-28,723.7281885123812,742.5161084357916,723.7281885123812,730.6431884765625,359775,0.0,0.0
2003-01-29,730.7734821491695,730.7734821491695,711.7246061211587,723.07568359375,324785,0.0,0.0
2003-01-30,721.5099352626174,723.8584146043505,693.9803836910938,694.76318359375,418390,0.0,0.0
2003-01-31,694.76318145632,716.291054684544,692.8061020719359,706.1142578125,402935,0.0,0.0
2003-02-03,711.7246300081399,726.5984671450462,709.115190484737,721.9014282226562,299610,0.0,0.0
2003-02-04,658.4920037697777,675.3228389757975,645.1838478073622,674.5400390625,1792840,0.0,0.0
2003-02-05,670.6257054562569,670.7561455298907,660.4489110667437,663.058349609375,792420,0.0,0.0
2003-02-06,653.6646784232365,656.9264782157677,628.0921600864142,628.875,797620,0.0,0.0
2003-02-07,632.1364810788402,638.0077177452072,604.0850170061982,609.3038940429688,667700,0.0,0.0
2003-02-10,609.3041026013963,614.5229814245346,598.8663449551198,613.21826171875,565575,0.0,0.0
2003-02-11,613.2181654985523,629.2661994348477,613.2181654985523,618.9589233398438,476045,0.0,0.0
2003-02-12,620.9162023572071,626.0046020850459,600.5625636289597,606.6947631835938,362980,0.0,0.0
2003-02-13,623.0037458306322,639.4432243646197,614.5230665680162,625.8741455078125,812375,0.0,0.0
2003-02-14,625.8740658701711,646.2276616570986,625.8740658701711,644.4010620117188,465095,0.0,0.0
2003-02-18,656.2739429632951,667.7554592394789,655.6215831790373,664.3632202148438,440320,0.0,0.0
2003-02-19,665.4069681521272,665.4069681521272,647.7932542892768,654.708251953125,248010,0.0,0.0
2003-02-20,657.9702990930233,659.5359790650398,649.0982187633181,649.2286987304688,223160,0.0,0.0
2003-02-21,655.6216621587021,666.0594199642138,649.7504233931018,662.9281005859375,314655,0.0,0.0
2003-02-24,661.3624742731175,663.4500339657878,645.3144362809368,647.7933959960938,267270,0.0,0.0
2003-02-25,647.9238151063581,656.5349731445312,641.400216564846,656.5349731445312,306105,0.0,0.0
2003-02-26,656.5349898297832,657.1873497005136,642.8354325444457,645.3143920898438,366740,0.0,0.0
2003-02-27,648.5760542049447,662.1451286815457,643.7485762562787,658.3614501953125,294135,0.0,0.0
2003-02-28,657.5787096890433,665.1460678023619,638.0079147578218,643.0963134765625,480800,0.0,0.0
2003-03-03,645.444596875902,651.7072330384121,628.2222877036946,630.8317260742188,357355,0.0,0.0
2003-03-04,621.6989590464502,630.1796373965067,618.4371596810438,620.5247192382812,349680,0.0,0.0
2003-03-05,623.7504909740787,639.9450097809552,623.2280948557154,639.55322265625,284660,0.94,0.0
2003-03-06,630.4112062751135,633.2844051057705,619.0489003887602,623.2281494140625,263645,0.0,0.0
2003-03-07,611.343521653622,632.7620858344512,608.600891638502,625.3178100585938,329255,0.0,0.0
2003-03-10,617.7429484061045,619.048958867851,590.9697339403008,592.0145263671875,338180,0.0,0.0
2003-03-11,592.1450411746038,602.5931232062908,579.8685527586256,580.7827758789062,487665,0.0,0.0
2003-03-12,580.9132609380871,584.4395040559021,560.5395358102,583.7864990234375,666005,0.0,0.0
2003-03-13,596.8467711762562,627.146229331653,594.2347502958349,622.9669799804688,614175,0.0,0.0
2003-03-14,623.4893859300786,644.5161623173612,622.9669897170847,639.4227294921875,486780,0.0,0.0
2003-03-17,639.5532669720767,672.0728759765625,629.3663626049123,672.0728759765625,533620,0.0,0.0
2003-03-18,675.7296799942224,676.6438233244595,656.0088790038709,665.803955078125,447120,0.0,0.0
2003-03-19,665.8040878273729,678.3418355297373,665.6735186720297,677.4276123046875,367235,0.0,0.0
2003-03-20,674.2930713750193,688.1368277548685,662.1471920782225,680.4313354492188,334945,0.0,0.0
2003-03-21,695.4503143792356,715.432251131571,685.0022345387964,711.5142211914062,478740,0.0,0.0
2003-03-24,708.7718827409481,708.7718827409481,675.3379676017532,678.733642578125,438725,0.0,0.0
2003-03-25,680.4313927620727,685.6554341652364,667.2406802478298,677.2969360351562,423505,0.0,0.0
2003-03-26,679.1253635600885,679.1253635600885,663.8450269374778,672.0728759765625,318260,0.0,0.0
2003-03-27,662.800407409668,672.5954873221261,654.572556225716,658.2293701171875,409450,0.0,0.0
2003-03-28,654.3111683683865,655.3559606787613,646.475106471759,651.046142578125,285220,0.0,0.0
2003-03-31,637.9859002617662,656.9230457147767,633.1536472036652,645.8219604492188,368010,0.0,0.0
2003-04-01,645.9529759444466,663.5841224621134,645.9529759444466,660.8414916992188,334030,0.0,0.0
2003-04-02,683.696370595514,700.0214988332293,675.5990910470993,692.4466552734375,442525,0.0,0.0
2003-04-03,702.633654203869,703.2866594587053,683.0434965587797,685.655517578125,314630,0.0,0.0
2003-04-04,691.9245014463636,703.286811275785,686.3086709850047,700.8053588867188,319560,0.0,0.0
2003-04-07,725.2275214622568,742.3363046400492,706.1598024988873,706.4210205078125,517760,0.0,0.0
2003-04-08,706.4210380356332,710.8614254473584,698.7155450001455,700.674560546875,305220,0.0,0.0
2003-04-09,703.6783344321524,718.044447747151,692.185459722662,693.3609008789062,326665,0.0,0.0
2003-04-10,693.3609718332749,702.3723960073321,689.0510736276922,694.0139770507812,255810,0.0,0.0
2003-04-11,697.4095861912991,705.2456489574935,688.9205181945886,692.5773315429688,225235,0.0,0.0
2003-04-14,692.70798454692,701.5888397923825,688.9205223023221,701.4581909179688,339250,0.0,0.0
2003-04-15,701.4580703625547,705.1149628168037,690.8794192682271,704.9843139648438,280275,0.0,0.0
2003-04-16,711.7756860509562,716.4772917251715,685.6554773885358,690.4877319335938,398845,0.0,0.0
2003-04-17,690.4875900659687,701.5886764666674,690.2263720905041,700.5438842773438,281260,0.0,0.0
2003-04-21,707.2047198654316,718.044591595834,702.8949009500376,711.7757568359375,235565,0.0,0.0
2003-04-22,711.7756694616359,744.4259295286834,708.7718614779773,743.25048828125,574740,0.0,0.0
2003-04-23,744.426039627077,764.0161985646316,741.814018435403,761.0123901367188,453145,0.0,0.0
2003-04-24,761.0121749897376,761.0121749897376,713.0815837305431,723.1378784179688,598500,0.0,0.0
2003-04-25,728.1008147496611,731.2352716667875,709.8166687290419,715.0407104492188,294845,0.0,0.0
2003-04-28,720.2647250808539,745.7319275089167,716.4772630911485,740.7691040039062,292995,0.0,0.0
2003-04-29,740.7690740860195,747.0379077187731,727.9701888123676,738.81005859375,309880,0.0,0.0
2003-04-30,738.9405902466568,762.0569878249871,738.9405902466568,756.8329467773438,395055,0.0,0.0
2003-05-01,756.8330155329086,759.0532491223654,732.6718234926001,748.21337890625,317255,0.0,0.0
2003-05-02,748.2133774930131,755.5270037253003,733.1942581449734,754.3515625,330495,0.0,0.0
2003-05-05,754.3517799782858,763.3632860701299,749.6501731467143,752.0009765625,263675,0.0,0.0
2003-05-06,752.0009694090485,760.098251953125,744.426123046875,750.9561767578125,284355,0.0,0.0
2003-05-07,748.3439054210875,749.7804848728298,735.93680751271,738.548828125,360540,0.0,0.0
2003-05-08,738.679407014122,738.679407014122,721.3094856557848,724.3132934570312,329200,0.0,0.0
2003-05-09,730.7127674153646,736.851031806224,720.9176901041667,734.6307983398438,236185,0.0,0.0
2003-05-12,734.6307573428488,738.2875700591144,721.83187297965,735.936767578125,329470,0.0,0.0
2003-05-13,736.0672589233591,736.5896948472699,723.5295938748006,726.40283203125,274435,0.0,0.0
2003-05-14,733.3248735785219,739.2019206508342,723.529795124668,737.3734741210938,297570,0.0,0.0
2003-05-15,743.120179835926,754.4824902680241,741.1611635446187,748.4747924804688,297710,0.0,0.0
2003-05-16,747.0378698130122,757.4859519082992,740.7690364983482,756.8329467773438,331170,0.0,0.0
2003-05-19,748.3438719323714,752.2619026754728,722.8766721022121,729.5372924804688,362135,0.0,0.0
2003-05-20,728.7537779956923,732.1493730332345,711.7756433828895,723.7909545898438,255715,0.0,0.0
2003-05-21,718.3056803217829,724.7051628133038,713.0816390103518,723.9215087890625,270170,0.0,0.0
2003-05-22,722.8769191618888,730.0599779792157,718.9588870797106,728.7539672851562,278695,0.0,0.0
2003-05-23,728.8842068715444,728.8842068715444,716.9995468148174,718.1749877929688,234985,0.0,0.0
2003-05-27,713.7350804085024,739.9858721578859,712.2985000548401,738.02685546875,345840,0.0,0.0
2003-05-28,743.6423427844536,750.9559690326219,735.9368496519694,740.7691040039062,359865,0.0,0.0
2003-05-29,739.2018344184028,747.8214705672397,729.6679751113455,734.6307983398438,323290,0.0,0.0
2003-05-30,734.6308691109061,756.8330464884801,734.6308691109061,755.9188232421875,319860,0.0,0.0
2003-06-02,757.4861215444712,781.2555295768266,756.8331162672777,764.0161743164062,366680,0.0,0.0
2003-06-03,765.3220033530332,769.2400340869225,749.7804495569235,756.179931640625,318695,0.0,0.0
2003-06-04,752.8734130677805,770.3882084077229,750.2592692724063,767.5126342773438,258395,0.94,0.0
2003-06-05,767.3818113777536,773.6558197538433,760.0622413087561,770.2573852539062,225555,0.0,0.0
2003-06-06,775.0934984833387,785.5500718186958,756.6638198907013,761.6306762695312,344210,0.0,0.0
2003-06-09,758.7550595911538,760.1928064322508,748.2984868491568,750.2590942382812,189715,0.0,0.0
2003-06-10,752.8730819572678,761.2383703343806,749.8668338701906,757.1864013671875,177380,0.0,0.0
2003-06-11,762.6762484246046,775.7469639074599,756.7944264573198,775.3548583984375,238730,0.0,0.0
2003-06-12,775.354664384584,783.8506273225295,756.0100262659518,762.0225219726562,276660,0.0,0.0
2003-06-13,762.6761833269572,763.9832547636786,754.0495437555195,760.715576171875,187745,0.0,0.0
2003-06-16,768.5579351380815,786.9876088146553,762.0225785467712,786.85693359375,326815,0.0,0.0
2003-06-17,790.7780470887697,790.7780470887697,779.014406718854,783.8505859375,268230,0.0,0.0
2003-06-18,783.8508355674489,792.085370493352,767.2510106924053,776.2698364257812,391670,0.0,0.0
2003-06-19,776.2696439402631,777.053854775964,752.219501132998,756.7942504882812,306040,0.0,0.0
2003-06-20,760.7155290755434,765.551709047464,750.9124939070441,755.4872436523438,359145,0.0,0.0
2003-06-23,755.3567576554024,757.0559348881496,737.8419651890548,747.9064331054688,250335,0.0,0.0
2003-06-24,745.0306420288777,746.3377133306826,731.9599290108272,743.5928955078125,298615,0.0,0.0
2003-06-25,743.0698617282261,743.0698617282261,727.385009765625,727.385009765625,286835,0.0,0.0
2003-06-26,727.516242190347,740.064181237803,721.3730676214997,734.574462890625,327105,0.0,0.0
2003-06-27,735.2275871989478,738.4952653642765,721.7647691132536,727.9080200195312,256730,0.0,0.0
2003-06-30,726.0784918984622,727.7776695333949,717.582523946455,721.2423095703125,374490,0.0,0.0
2003-07-01,717.5820396422993,728.0386085259757,708.4325418690823,725.9473266601562,351190,0.0,0.0
2003-07-02,718.366706370314,745.945972172916,718.366706370314,745.031005859375,330865,0.0,0.0
2003-07-03,741.7628726853945,745.684086109282,732.6133746963236,738.2337646484375,183205,0.0,0.0
2003-07-07,748.2983511954443,757.9707111392854,745.6842084838445,755.4872436523438,279875,0.0,0.0
2003-07-08,753.526872358651,762.4149444032524,746.991513535072,758.1016235351562,278525,0.0,0.0
2003-07-09,756.5329141454173,760.8462338315123,739.1488803939997,745.161376953125,328975,0.0,0.0
2003-07-10,738.4954773878134,740.063979312951,727.3853684359613,729.99951171875,301595,0.0,0.0
2003-07-11,731.959832971244,750.6509341791588,731.3062974060912,747.121826171875,258875,0.0,0.0
2003-07-14,753.9189897689295,769.2117456116623,751.1741709308651,763.852783203125,319900,0.0,0.0
2003-07-15,766.5974795774104,776.4005164006509,765.2904080009782,775.0934448242188,419120,0.0,0.0
2003-07-16,786.8567017009825,786.8567017009825,775.2237384858538,781.62841796875,362855,0.0,0.0
2003-07-17,781.4977427863557,784.2425598348663,772.6095966197377,781.62841796875,358255,0.0,0.0
2003-07-18,788.8176535084485,789.7326195176908,778.099651208712,784.5043334960938,325865,0.0,0.0
2003-07-21,784.2429809570312,788.8177316792805,776.0084456124467,784.2429809570312,263890,0.0,0.0
2003-07-22,787.510289985509,793.7842149295218,779.0143283508105,791.8236083984375,308355,0.0,0.0
2003-07-23,791.8235107521112,791.8235107521112,778.4913720293782,787.5101928710938,291975,0.0,0.0
2003-07-24,796.6599009228672,818.3572510551313,791.8237214999518,812.998291015625,510105,0.0,0.0
2003-07-25,822.1478583976823,847.5050738585475,814.5668607144995,845.0216064453125,501635,0.0,0.0
2003-07-28,852.7335727952387,852.7335727952387,835.2187808477529,845.6753540039062,327960,0.0,0.0
2003-07-29,845.5444378622334,846.3286487146014,822.2785053961934,827.1146850585938,311000,0.0,0.0
2003-07-30,830.6437211800438,839.139683709816,829.4673252265429,830.9051513671875,243290,0.0,0.0
2003-07-31,836.2642585323757,850.9034740412346,831.9509389051395,839.1398315429688,330460,0.0,0.0
2003-08-01,836.5260799562519,846.3291199557393,817.4428606681874,821.6254272460938,271685,0.0,0.0
2003-08-04,820.8408958239432,820.8408958239432,801.1041482333691,815.6126098632812,322100,0.0,0.0
2003-08-05,811.6916131740662,819.7954745428651,803.8491821289062,803.8491821289062,298245,0.0,0.0
2003-08-06,804.5023909285384,823.7163551320077,801.3653878750857,811.5606079101562,308155,0.0,0.0
2003-08-07,811.0379352200416,814.305614249937,805.5482184943533,810.3843994140625,309280,0.0,0.0
2003-08-08,814.3053622230456,815.6124334304662,805.8093993748116,812.998291015625,162395,0.0,0.0
2003-08-11,812.9982821107327,828.5524612195888,812.214071305788,817.0501708984375,209930,0.0,0.0
2003-08-12,814.9593466263783,826.7229939714263,809.4696285765547,826.0694580078125,214515,0.0,0.0
2003-08-13,826.1993937687772,829.8592557109888,804.7634812156682,808.8153686523438,266235,0.0,0.0
2003-08-14,808.4235527401515,820.8407293788442,799.7969145652415,820.0565185546875,195695,0.0,0.0
2003-08-15,820.1873600788605,821.2330013155304,811.0378596477019,815.6126098632812,118945,0.0,0.0
2003-08-18,821.4941469574583,825.2846848766088,815.7430024823234,818.8800048828125,152715,0.0,0.0
2003-08-19,824.1083695669023,824.5004749609601,815.6124069940475,823.454833984375,197405,0.0,0.0
2003-08-20,822.1479026612952,822.2785778891106,802.4111566227972,805.940185546875,263235,0.0,0.0
2003-08-21,809.0768340898857,810.6453350225739,790.9085178593497,793.1305541992188,311850,0.0,0.0
2003-08-22,800.5811398814285,800.8425700866453,777.576717813714,778.8837890625,317520,0.0,0.0
2003-08-25,779.0143587840469,780.8442901954612,773.5246443270911,778.6222534179688,240380,0.0,0.0
2003-08-26,778.0995483867848,790.5167260472103,770.9106560570648,789.0789794921875,218765,0.0,0.0
2003-08-27,784.8965068589347,788.1641859049753,776.139111060082,777.0540771484375,176000,0.0,0.0
2003-08-28,777.1847534179688,779.014685597078,766.0746446468695,777.1847534179688,221540,0.0,0.0
2003-08-29,777.1844273726326,779.5372191236759,768.0349298701354,778.6222534179688,172980,0.0,0.0
2003-09-02,776.4004057426213,777.7074771327603,761.7611902176021,771.3027954101562,398280,0.0,0.0
2003-09-03,778.564940593802,792.0426034243055,777.3872473930162,786.416015625,411515,1.3,0.0
2003-09-04,791.6503548422451,791.912073411946,779.481200071448,781.1822509765625,247685,0.0,0.0
2003-09-05,780.7895323696141,783.1448392212847,766.5267122071094,771.3682250976562,243510,0.0,0.0
2003-09-08,775.2935585678845,782.4903764111307,771.1063031223994,779.6116333007812,238885,0.0,0.0
2003-09-09,779.2193365880021,792.9587203565562,778.5650802180709,789.1640014648438,255670,0.0,0.0
2003-09-10,791.6499834213681,797.9308268209161,788.5095217889657,792.69677734375,269015,0.0,0.0
2003-09-11,794.9213262924231,797.9308890032761,783.0138947500329,787.0702514648438,324325,0.0,0.0
2003-09-12,786.4162803986587,788.3790498172909,773.9854074139877,785.7620239257812,221095,0.0,0.0
2003-09-15,785.1080234109494,785.2388428020573,767.704811531737,770.0601196289062,284100,0.0,0.0
2003-09-16,770.7140047700699,789.425721001109,770.7140047700699,787.7246704101562,276710,0.0,0.0
2003-09-17,786.4162416673267,786.4162416673267,779.0886014781058,781.4439086914062,179585,0.0,0.0
2003-09-18,778.5649192508167,795.5755813520951,777.2564067814877,794.3978881835938,274975,0.0,0.0
2003-09-19,792.9587208163966,794.9214899273283,785.1076443726699,789.6874389648438,274985,0.0,0.0
2003-09-22,783.7989299355288,783.7989299355288,775.0318808563534,780.5276489257812,221835,0.0,0.0
2003-09-23,783.144612279216,786.023355314947,769.5360524004434,782.2286376953125,235900,0.0,0.0
2003-09-24,779.2193877647662,781.1821570034684,749.254412107799,758.9374389648438,461225,0.0,0.0
2003-09-25,761.5544646164466,767.1810537943359,757.7597454755085,758.9374389648438,248555,0.0,0.0
2003-09-26,758.9372155230978,766.7882901664402,752.2638340223613,752.3946533203125,271340,0.0,0.0
2003-09-29,753.0488481016189,763.9094844991039,751.4786173280086,761.6849975585938,242825,0.0,0.0
2003-09-30,761.5544659963307,761.5544659963307,749.123594128693,755.0119018554688,303205,0.0,0.0
2003-10-01,757.6288784326417,783.7991333007812,757.105441389167,783.7991333007812,322515,0.0,0.0
2003-10-02,783.7992529790403,791.6503306382627,780.7896891827301,789.9492797851562,243605,0.0,0.0
2003-10-03,797.5386784976421,807.3525260591389,790.3418569525444,792.3046264648438,322590,0.0,0.0
2003-10-06,792.435343114512,800.6790378899669,790.472573856601,795.8375244140625,147205,0.0,0.0
2003-10-07,792.9585967189905,799.2394409179688,785.761777771871,799.2394409179688,233975,0.0,0.0
2003-10-08,799.2394616630448,799.3703608391867,789.2947980786444,796.6224365234375,180025,0.0,0.0
2003-10-09,796.6226194260107,804.7354151945252,789.4257986397182,796.3609008789062,281940,0.0,0.0
2003-10-10,796.3607406826064,797.6692532896204,787.7245894224226,788.9022827148438,182630,0.0,0.0
2003-10-13,790.9958882730846,809.0533466725173,790.4724512727004,803.9501953125,191240,0.0,0.0
2003-10-14,806.6981970703125,818.8673509800673,805.3896841796875,817.820556640625,280460,0.0,0.0
2003-10-15,822.4000659480491,826.0638847954497,808.6606853713514,817.689453125,263775,0.0,0.0
2003-10-16,812.586384764055,818.8672297360358,806.828896951661,813.8948974609375,268605,0.0,0.0
2003-10-17,813.8947972924292,813.8947972924292,790.0798531670893,799.2394409179688,338095,0.0,0.0
2003-10-20,803.4268370251967,810.6236572265625,796.230016823831,810.6236572265625,211395,0.0,0.0
2003-10-21,798.1925863853651,803.4266361321543,793.2202550989674,801.7255859375,291060,0.0,0.0
2003-10-22,801.7255656338888,801.7255656338888,784.1914674800894,788.3787231445312,269130,0.0,0.0
2003-10-23,785.1075422161528,797.1458738365209,783.1447733606124,792.4351806640625,239105,0.0,0.0
2003-10-24,789.6872556704734,794.5287676600637,775.8170557854146,787.4627685546875,280005,0.0,0.0
2003-10-27,794.2674405316795,795.4451342512403,782.4908227972724,784.8461303710938,204680,0.0,0.0
2003-10-28,788.1170040490284,790.9957473075668,779.8733918863686,789.8180541992188,295500,0.0,0.0
2003-10-29,789.818336929924,797.5385948143569,787.0704918471463,796.8843383789062,251740,0.0,0.0
2003-10-30,801.4640732566909,808.0066371200109,791.650227461711,792.958740234375,296160,0.0,0.0
2003-10-31,796.2301023430056,806.1747684705247,792.8280007376147,795.9683837890625,263660,0.0,0.0
2003-11-03,796.230197696624,813.2408674912931,796.230197696624,808.6610717773438,223685,0.0,0.0
2003-11-04,810.6235774536946,811.0161152711745,799.2395015551401,801.2022705078125,232405,0.0,0.0
2003-11-05,794.9217378904489,796.7536882448778,778.6961428993203,785.5004272460938,293085,0.0,0.0
2003-11-06,783.7990319398281,786.1543386003162,778.0415446672841,783.406494140625,242320,0.0,0.0
2003-11-07,785.1072539991485,786.415766089147,762.2082924241734,762.600830078125,402345,0.0,0.0
2003-11-10,762.6012923666289,781.0513719391813,762.6012923666289,776.9949340820312,344295,0.0,0.0
2003-11-11,774.639505185939,782.8831190822613,773.0692739996691,779.4810180664062,181170,0.0,0.0
2003-11-12,778.5648394057237,782.0978386836409,773.5925085052592,779.6116333007812,173350,0.0,0.0
2003-11-13,773.3310953432663,777.1258145592548,765.3491988941289,774.2470703125,246020,0.0,0.0
2003-11-14,772.5459198553709,775.2937645430842,760.2458686911931,762.9937133789062,250290,0.0,0.0
2003-11-17,758.9374584957814,763.778972048898,752.6566127433564,762.732177734375,222240,0.0,0.0
2003-11-18,766.1341984253456,767.4427111468236,756.320353014261,756.974609375,266700,0.0,0.0
2003-11-19,758.2830406749023,763.2553725095527,753.1798096629926,760.114990234375,195905,0.0,0.0
2003-11-20,754.3577731866395,757.6290558110396,741.0109241060279,742.7119750976562,295475,0.0,0.0
2003-11-21,745.8522973010577,748.6001422397377,734.8607578157709,740.4874267578125,325055,0.0,0.0
2003-11-24,745.8520709845247,753.3106076674218,743.8893023766707,751.0861206054688,323650,0.0,0.0
2003-11-25,749.1234943620401,756.5820324623677,746.3756497349441,748.20751953125,269315,0.0,0.0
2003-11-26,749.7779668411503,765.6109425717817,748.9928909685874,764.8258666992188,237965,0.0,0.0
2003-11-28,763.5170702008567,765.218120536734,756.9745074741999,758.2830200195312,103900,0.0,0.0
2003-12-01,758.2829974164259,778.0415043158557,758.2829974164259,774.115966796875,299805,0.0,0.0
2003-12-02,771.3682264947647,775.4245838652511,760.9001250325796,762.9937133789062,286820,0.0,0.0
2003-12-03,762.9283568149749,785.7218405251881,758.8673922781401,760.3084106445312,349515,1.3,0.0
2003-12-04,757.8193932782393,773.6700348637479,757.8193932782393,771.8361206054688,296435,0.0,0.0
2003-12-05,768.9543508448263,779.4341375684355,765.2864414824486,768.037353515625,187315,0.0,0.0
2003-12-08,766.989379004237,775.3732402355841,765.0244190238675,773.5392456054688,171050,0.0,0.0
2003-12-09,772.8837864496853,788.3414461878035,770.1328761406832,784.8045043945312,348385,0.0,0.0
2003-12-10,779.4340564110897,785.3289358293249,775.2421261672387,781.7919921875,264015,0.0,0.0
2003-12-11,782.7090519226174,800.7866675912003,781.2681132648648,796.98779296875,287840,0.0,0.0
2003-12-12,805.6332191003878,816.767987169255,804.4542116760462,813.7550659179688,364520,0.0,0.0
2003-12-15,823.318279903151,833.1430803793223,819.5193250705925,823.9732666015625,442225,0.0,0.0
2003-12-16,824.6281891892072,842.9678153189116,820.9602799541512,840.7408447265625,386600,0.0,0.0
2003-12-17,840.478572213412,840.478572213412,829.8678238117853,837.7276611328125,241395,0.0,0.0
2003-12-18,837.7275970364794,849.5173521159608,833.7976786766523,848.8623657226562,271185,0.0,0.0
2003-12-19,848.8627763915605,848.8627763915605,838.3829890287017,845.849853515625,342705,0.0,0.0
2003-12-22,842.9675262576745,848.8624040636722,841.9195639719321,846.7664794921875,254925,0.0,0.0
2003-12-23,843.6225597222891,851.2203866605847,842.4435521135873,850.1724243164062,189535,0.0,0.0
2003-12-24,849.1243447665494,852.1372660730857,843.7534085680892,849.2553100585938,89435,0.0,0.0
2003-12-26,850.1725135034746,853.9714673483513,846.111629010877,847.6835327148438,48180,0.0,0.0
2003-12-29,846.2427831957044,862.224474039512,845.4568311683155,861.9624633789062,228515,0.0,0.0
2003-12-30,858.0322412059038,865.3680573932324,851.4823767692175,864.8441162109375,176085,0.0,0.0
2003-12-31,864.5822135189927,869.1671191967449,861.3072808920268,868.2501220703125,197195,0.0,0.0
2004-01-02,871.1320156843623,882.2667858096511,869.5600321463818,874.9309692382812,224715,0.0,0.0
2004-01-05,881.6118304525826,889.0786925557667,877.6819114461075,888.4237060546875,263580,0.0,0.0
2004-01-06,888.1620589001006,888.4240695986286,877.9442812930228,886.3280639648438,231440,0.0,0.0
2004-01-07,882.9220036854575,897.33170997706,880.826078388449,897.2007446289062,319915,0.0,0.0
2004-01-08,898.6410399704727,905.1909017778376,895.8901299931265,905.0599365234376,284575,0.0,0.0
2004-01-09,901.2610910628124,915.0158024816492,900.8681152988642,905.583984375,327740,0.0,0.0
2004-01-12,907.8112691676364,923.5309448242188,905.584299125406,923.5309448242188,312950,0.0,0.0
2004-01-13,923.5311743922528,927.5920596312146,905.7155695346828,910.3004760742188,368585,0.0,0.0
2004-01-14,910.300105923646,920.2558669508952,908.7281226155562,911.8720092773438,229860,0.0,0.0
2004-01-15,911.8722556000944,917.2431933573796,907.0254190262704,911.0863037109376,271095,0.0,0.0
2004-01-16,914.3612221719984,917.3741443057512,908.72835384291,914.4921875,271845,0.0,0.0
2004-01-20,911.2173119307578,916.7192152770648,899.0345773489178,905.1914672851562,250445,0.0,0.0
2004-01-21,903.881498712492,918.9461903577002,900.868576374334,917.3742065429688,265135,0.0,0.0
2004-01-22,926.80573077261,926.80573077261,908.4661120718092,911.8720092773438,216855,0.0,0.0
2004-01-23,913.7061221167672,916.4570332983684,899.034409254621,901.785400390625,279655,0.0,0.0
2004-01-26,901.26139570566,913.8371041290936,900.0823880609113,912.1341552734376,202045,0.0,0.0
2004-01-27,905.8465096004868,910.8243919993084,895.3667235168947,896.6766967773438,211550,0.0,0.0
2004-01-28,903.2263842791364,909.645283966436,888.8166812667063,892.0916137695312,248190,0.0,0.0
2004-01-29,897.3314059135638,909.6451827355968,893.9255084714175,907.418212890625,234915,0.0,0.0
2004-01-30,907.4186141016704,911.4794997669932,897.8558240203633,909.7765502929688,253275,0.0,0.0
2004-02-02,911.740852024274,933.486363352298,910.8238552914204,928.5084838867188,353085,0.0,0.0
2004-02-03,928.5088409744344,929.687848649296,921.4350347884822,926.6749267578124,220335,0.0,0.0
2004-02-04,917.6361938389556,927.3300271546382,914.7542369109622,918.9461669921876,275730,0.0,0.0
2004-02-05,919.6008880859254,936.1065130698128,916.3259561482972,934.403564453125,202155,0.0,0.0
2004-02-06,933.224935205359,948.944613530293,932.307937978854,945.5386352539062,264110,0.0,0.0
2004-02-09,949.0754620738682,949.3374726712576,937.9406912972942,940.95361328125,193105,0.0,0.0
2004-02-10,940.9536937259138,975.9299926757812,940.8227283932268,962.8302612304688,431520,0.0,0.0
2004-02-11,956.935076243459,980.383620018176,946.455294436549,973.9647216796876,442055,0.0,0.0
2004-02-12,970.8205741509024,982.4793612191193,970.8205741509024,981.3003540039062,348655,0.0,0.0
2004-02-13,982.2173589011472,987.7192593606094,974.4885691679006,978.8114624023438,267495,0.0,0.0
2004-02-17,982.4798960582356,991.1256871617804,978.9429524415422,984.0518798828124,171045,0.0,0.0
2004-02-18,984.1824476051312,987.0644034601256,970.5587798564818,974.0956420898438,200565,0.0,0.0
2004-02-19,976.7160414684683,980.777006592002,959.6863889002642,962.3063354492188,290005,0.0,0.0
2004-02-20,966.1050618150848,970.5590018784346,958.376189338802,964.6641235351562,257285,0.0,0.0
2004-02-23,969.3801563598214,979.2049552418466,960.7343653254064,969.7731323242188,208795,0.0,0.0
2004-02-24,968.0698604428673,976.060662221194,962.5679589122597,966.7598876953124,233190,0.0,0.0
2004-02-25,949.206484768119,979.0739356787896,949.206484768119,974.6199951171876,213570,0.0,0.0
2004-02-26,973.9648389281268,977.2397711370312,965.712025752568,974.8818359375,198620,0.0,0.0
2004-02-27,973.3099851041228,977.2399042902766,969.2491005935278,969.3800659179688,250680,0.0,0.0
2004-03-01,973.9651025388944,976.192073034575,966.1052631102012,970.5592041015624,184585,0.0,0.0
2004-03-02,970.558695402678,972.6546195033578,965.5807357433998,968.3317260742188,263105,0.0,0.0
2004-03-03,964.989047335174,980.5914837789124,964.8579667027956,979.4114379882812,229180,1.3,0.0
2004-03-04,977.70656930697,985.1800027101028,974.8220764114908,983.0821533203124,158235,0.0,0.0
2004-03-05,976.1332880718912,985.966732881212,970.8887841735868,973.9043579101562,250455,0.0,0.0
2004-03-08,972.8555489093025,973.9044337657032,961.44873603708,965.119873046875,163770,0.0,0.0
2004-03-09,962.3666975465538,964.3333869829568,951.877687219071,957.1221923828124,233235,0.0,0.0
2004-03-10,953.8439938043076,955.8106824513268,938.5038063526048,942.8305053710938,270980,0.0,0.0
2004-03-11,937.4550579665998,947.8129850225754,925.5238437842088,928.9327392578124,371955,0.0,0.0
2004-03-12,930.2437574695834,942.6994526013116,929.8504357335352,938.8971557617188,274875,0.0,0.0
2004-03-15,932.2106332375902,934.1773223372476,915.5593161888676,918.5748901367188,372390,0.0,0.0
2004-03-16,926.3103776647688,935.48825826442,920.9347938948806,924.3436889648438,265150,0.0,0.0
2004-03-17,933.5217629087144,960.5309279717212,933.1284410922212,957.2531127929688,278480,0.0,0.0
2004-03-18,956.466714304742,963.9401508327148,945.9777030443748,962.4978637695312,243900,0.0,0.0
2004-03-19,957.7774734391252,961.0552882010662,945.32177734375,945.32177734375,221590,0.0,0.0
2004-03-22,943.3551158061967,943.4861963905608,915.1659080371444,926.8349609375,374735,0.0,0.0
2004-03-23,928.2771543666296,934.046140443225,915.5592168964818,917.7881469726562,280840,0.0,0.0
2004-03-24,916.477011837844,919.8859071967158,900.7435009050056,908.8724975585938,345875,0.0,0.0
2004-03-25,912.5439103798258,924.868529685105,908.6105314557748,923.1640014648438,242575,0.0,0.0
2004-03-26,918.4435667869282,926.572562255234,914.5101896272412,920.2791748046876,204235,0.0,0.0
2004-03-29,921.4592430950923,943.223980496781,921.4592430950923,938.2416381835938,195655,0.0,0.0
2004-03-30,934.1771700265648,942.6994880689124,932.2104812475612,940.3394775390624,173295,0.0,0.0
2004-03-31,940.3395241856336,942.0439718736998,930.637160384679,935.4883422851562,262620,0.0,0.0
2004-04-01,951.2217592742512,966.8241881626744,949.3861511609892,961.3174438476562,461650,0.0,0.0
2004-04-02,975.4776297526918,977.4443185223544,963.9397383089582,974.16650390625,280425,0.0,0.0
2004-04-05,982.0332207461372,996.3245239257812,981.3776578484428,996.3245239257812,308425,0.0,0.0
2004-04-06,996.3246943986444,1000.520233641938,990.8179491108448,994.0957641601562,312200,0.0,0.0
2004-04-07,995.8003859022798,1006.9449590163936,987.8025477950104,999.7337646484376,626810,0.0,0.0
2004-04-08,1008.2556815230892,1009.17348553463,992.5221728387236,999.99560546875,284440,0.0,0.0
2004-04-12,1005.5025068634184,1012.1892170907656,1003.0113355886474,1006.5513916015624,194765,0.0,0.0
2004-04-13,1014.1558045284116,1014.2868850982754,983.6065894467304,987.9332885742188,352425,0.0,0.0
2004-04-14,991.8668785425602,1002.6181283929224,978.7556177554808,984.0001220703124,357110,0.0,0.0
2004-04-15,986.6224833315912,992.129229476075,967.6111530879924,979.1490478515624,322475,0.0,0.0
2004-04-16,985.311416828886,987.2781062836344,968.3978555081312,985.9669799804688,242210,0.0,0.0
2004-04-19,984.655520356462,990.0311043698046,976.2642828468448,983.0821533203124,185140,0.0,0.0
2004-04-20,988.5892233652612,989.5070277738754,957.1221923828124,957.1221923828124,300160,0.0,0.0
2004-04-21,956.9910517372804,965.2511308471078,946.633122678663,959.744384765625,314820,0.0,0.0
2004-04-22,957.7771232118438,975.0839948312984,938.6347240117584,966.2994384765624,455810,0.0,0.0
2004-04-23,966.4306819776614,975.8708026369484,960.399536013962,969.70849609375,213000,0.0,0.0
2004-04-26,974.166387956442,976.7886393372132,952.663894624215,957.5150756835938,227425,0.0,0.0
2004-04-27,963.677428768375,966.2996802752276,947.1572762851088,952.6639404296876,237065,0.0,0.0
2004-04-28,950.5662993233811,950.6973799064808,933.9149840061403,937.5861206054688,291020,0.0,0.0
2004-04-29,939.552514822256,958.3016737620956,937.3236654599542,941.3881225585938,328570,0.0,0.0
2004-04-30,947.2884471651066,952.270709498183,937.1927618962472,939.4216918945312,246880,0.0,0.0
2004-05-03,944.010595961691,950.1729033569504,937.8482885664316,942.1749877929688,218625,0.0,0.0
2004-05-04,939.421779790917,951.7463962112054,928.932771782086,939.6840209960938,253570,0.0,0.0
2004-05-05,938.7659596263112,942.0437737311516,934.8325827005026,937.454833984375,212765,0.0,0.0
2004-05-06,930.8991112869776,935.8813722156764,926.0479308992644,933.5213623046876,215775,0.0,0.0
2004-05-07,927.6214791362293,932.2104193157018,920.6725285836956,922.508056640625,345495,0.0,0.0
2004-05-10,909.9211313774082,917.1323218998516,901.136574190572,914.5100708007812,333200,0.0,0.0
2004-05-11,914.6413681609414,936.6683466344144,914.3792070086914,925.2615356445312,348245,0.0,0.0
2004-05-12,919.0991174102248,936.1437515419408,906.6434232370476,934.1770629882812,334785,0.0,0.0
2004-05-13,932.2103185088064,944.010449122842,923.0324391423344,931.0302734375,256420,0.0,0.0
2004-05-14,928.408363315482,934.046269589088,918.7060781494362,928.2772827148438,202320,0.0,0.0
2004-05-17,916.4768702362188,919.75468450745,907.5612314234228,909.7901611328124,300280,0.0,0.0
2004-05-18,911.2323181114072,920.6724387068656,905.72557442866,910.3145141601562,218635,0.0,0.0
2004-05-19,916.4768181368228,929.5880744764052,907.954501516094,911.8878784179688,251905,0.0,0.0
2004-05-20,912.0192443246086,921.7216090614849,911.62592251631,917.9193115234376,191485,0.0,0.0
2004-05-21,921.7216329649356,930.8995155122394,916.8704504706895,919.7549438476562,244910,0.0,0.0
2004-05-24,924.9993379696732,926.0482227023168,913.5925264433346,915.1658935546876,214165,0.0,0.0
2004-05-25,914.1173210993616,944.2732276070656,909.0038962468298,944.010986328125,295830,0.0,0.0
2004-05-26,943.3552331702176,950.95974857928,941.6507852375496,945.4530029296876,228160,0.0,0.0
2004-05-27,950.5661346100188,962.1040247906776,949.9105717585636,954.49951171875,250010,0.0,0.0
2004-05-28,958.4333503587834,961.580085570976,952.6643624780304,961.0556030273438,200335,0.0,0.0
2004-06-01,957.3844336459592,961.7111344010862,941.5197575107624,957.1221923828124,266620,0.0,0.0
2004-06-02,967.2935058955204,974.7746250154478,961.1248610034022,969.3934326171876,203775,1.5,0.0
2004-06-03,968.6061115927076,975.0372682247054,962.8311921636858,964.012451171875,204240,0.0,0.0
2004-06-04,971.8872808747284,981.5996233543908,969.7873539041914,972.5435180664062,213225,0.0,0.0
2004-06-07,980.4183605826476,984.093272820444,976.4809374477776,981.7308349609376,173820,0.0,0.0
2004-06-08,979.7624973227124,979.7624973227124,968.2127344071754,972.806396484375,179230,0.0,0.0
2004-06-09,969.9186332649592,973.1998194397391,958.8938156748648,963.09375,170890,0.0,0.0
2004-06-10,963.3562951942188,968.343682335932,956.6627072023254,961.518798828125,163975,0.0,0.0
2004-06-14,959.4187436320348,961.3874551442756,950.4939341312916,954.956298828125,165795,0.0,0.0
2004-06-15,959.4187628414924,961.7812006820668,944.3253076121116,946.9502563476562,303755,0.0,0.0
2004-06-16,945.6378823991306,952.3314703427436,944.9816451455572,949.1815795898438,159250,0.0,0.0
2004-06-17,946.950170232851,951.9375563554212,939.075324742349,948.3938598632812,158535,0.0,0.0
2004-06-18,944.9814852135844,953.6437834518798,941.437788622619,947.2127075195312,236485,0.0,0.0
2004-06-21,943.6689785604316,945.7689053016044,937.2378227416006,939.3378295898438,195115,0.0,0.0
2004-06-22,939.337898677233,949.9689087603102,933.1692532741184,948.9189453125,203055,0.0,0.0
2004-06-23,948.919076170911,949.7065288385912,933.5631082944456,946.0316162109376,244875,0.0,0.0
2004-06-24,946.0314990455488,946.5565208303703,935.7942150981488,937.106689453125,216880,0.0,0.0
2004-06-25,937.8941706296148,947.2127868984168,936.056754540852,941.7003784179688,359590,0.0,0.0
2004-06-28,943.6689145204882,952.5937227254165,937.3690546174251,938.812744140625,234310,0.0,0.0
2004-06-29,938.8130608057184,946.950419307674,934.7444216082864,936.4506225585938,217530,0.0,0.0
2004-06-30,935.7940049740912,940.387664185044,931.331561126342,935.531494140625,293340,0.0,0.0
2004-07-01,930.5442825850906,942.3565513344078,927.9193339741312,938.4191284179688,256960,0.0,0.0
2004-07-02,938.4193978762494,946.2942459703156,933.5632255301556,939.7318725585938,144775,0.0,0.0
2004-07-06,939.7317450801028,939.8629604876984,930.2819126277124,933.1693725585938,157295,0.0,0.0
2004-07-07,929.2319933566706,934.2193806894268,925.0320587212112,928.969482421875,227380,0.0,0.0
2004-07-08,926.606990440234,931.4631620772726,918.8633589022191,920.30712890625,173515,0.0,0.0
2004-07-09,920.0448853944366,924.507332002674,913.3512955891894,918.3386840820312,186965,0.0,0.0
2004-07-12,915.4507690974432,930.2817117725184,915.4507690974432,926.2130737304688,154320,0.0,0.0
2004-07-13,938.2877340096472,938.2877340096472,918.469327713912,922.8004760742188,160180,0.0,0.0
2004-07-14,917.4199821325687,929.2322565806276,914.5325212460652,920.1761474609376,190070,0.0,0.0
2004-07-15,920.5693725550094,923.3255361424604,909.1508317795964,912.563232421875,219050,0.0,0.0
2004-07-16,920.0445279826876,920.0445279826876,905.6073099972244,905.738525390625,230145,0.0,0.0
2004-07-19,906.1321476065056,916.1069186898164,895.7635702088821,902.982177734375,227510,0.0,0.0
2004-07-20,903.1135138575528,904.8197944955584,881.8514947524154,902.7197875976562,295710,0.0,0.0
2004-07-21,902.7197196215956,909.5446013384778,883.9513549804688,883.9513549804688,260505,0.0,0.0
2004-07-22,884.0827265828664,889.3326241994085,866.2331067294552,882.3765258789062,386155,0.0,0.0
2004-07-23,880.0144837501291,902.9827961522576,872.7958712808886,893.7954711914062,352770,0.0,0.0
2004-07-26,897.7326352326767,908.7574540239854,892.4827367810235,905.6074829101562,308940,0.0,0.0
2004-07-27,913.482122403572,938.4191343657384,909.675914850727,929.7568359375,397795,0.0,0.0
2004-07-28,929.8878199912808,936.5814052836116,921.750465248704,932.906494140625,304885,0.0,0.0
2004-07-29,938.1565033488118,940.9127471190908,916.3694645724634,923.3255615234376,266815,0.0,0.0
2004-07-30,925.031961044224,930.281858757423,919.3883370239516,927.26318359375,172885,0.0,0.0
2004-08-02,927.2631606024348,931.7256055908412,920.9632995242164,926.4757080078124,209100,0.0,0.0
2004-08-03,926.3440908628066,938.4188671326368,925.4253430833644,934.4814453125,214070,0.0,0.0
2004-08-04,929.231774896002,934.4816719293128,920.0444550877085,930.28173828125,167210,0.0,0.0
2004-08-05,927.2632672198408,931.7257127213422,908.8886235665104,909.5448608398438,219390,0.0,0.0
2004-08-06,905.6073405018178,910.463511827374,891.6951438354916,895.3700561523438,267975,0.0,0.0
2004-08-09,894.4511624540652,904.4259342771968,892.4824511647312,897.0761108398438,122780,0.0,0.0
2004-08-10,900.3575299331,903.3762053385716,888.5452591322285,899.4387817382812,210895,0.0,0.0
2004-08-11,893.1388779262778,899.5700348799695,889.7264763429422,893.9263305664062,194440,0.0,0.0
2004-08-12,891.8263299368957,893.1388043003054,876.732874757684,878.0453491210938,240260,0.0,0.0
2004-08-13,878.1765828434118,879.3578418379662,869.5142839069442,872.532958984375,239230,0.0,0.0
2004-08-16,871.4830863106172,894.1888796162684,870.8268490468291,893.138916015625,236670,0.0,0.0
2004-08-17,893.1387375442765,901.1447985198462,891.1700261463097,896.6824340820312,205120,0.0,0.0
2004-08-18,894.4516253870307,919.9136699500626,892.4829130787688,918.3386840820312,279695,0.0,0.0
2004-08-19,915.4509405010408,921.2258601972144,912.5634806529542,916.107177734375,192445,0.0,0.0
2004-08-20,914.1382808171264,931.7254671499028,913.6132590940024,925.2943115234376,202000,0.0,0.0
2004-08-23,925.2945543387032,928.8382516320564,922.27587890625,922.27587890625,132625,0.0,0.0
2004-08-24,924.6383031029716,931.0694603199794,919.7821313377912,924.11328125,174900,0.0,0.0
2004-08-25,924.2445619507588,935.0068689074508,916.6322258472254,933.1693725585938,179590,0.0,0.0
2004-08-26,931.988083860626,931.988083860626,927.000696924103,928.3131713867188,115500,0.0,0.0
2004-08-27,926.606707515698,933.1690779655258,924.7692117469217,930.806640625,128385,0.0,0.0
2004-08-30,930.937975410414,935.9253615706448,929.494285769082,930.28173828125,107125,0.0,0.0
2004-08-31,930.4131145991316,935.137990296747,921.8820311788808,935.0067749023438,156100,0.0,0.0
2004-09-01,934.9408735457148,934.9408735457148,917.7293740545028,922.459228515625,193065,1.5,0.0
2004-09-02,923.6418243330392,946.8971181674908,914.9703968924292,944.4007568359376,259445,0.0,0.0
2004-09-03,944.5321755588926,953.9918852728152,942.8240966796876,942.8240966796876,138075,0.0,0.0
2004-09-07,945.320508207994,957.9335086245092,945.0577206594204,954.6488647460938,180615,0.0,0.0
2004-09-08,949.2620955768856,959.116027364881,949.1307418963132,953.3350219726562,204555,0.0,0.0
2004-09-09,957.5395942861318,957.671028187312,940.7222296820746,945.9776611328124,201005,0.0,0.0
2004-09-10,949.9188756086328,949.9188756086328,941.7729439012152,944.7947998046876,189340,0.0,0.0
2004-09-13,945.9776296459028,947.4228411701436,934.2842629806172,935.2039794921876,201655,0.0,0.0
2004-09-14,934.4154994708832,941.7730696260356,933.495783153614,939.4081420898438,200105,0.0,0.0
2004-09-15,939.6709427965426,945.9774430452104,933.3644425478748,935.7293701171876,215515,0.0,0.0
2004-09-16,936.7807076986536,946.5032884947163,936.7807076986536,939.0142822265624,118780,0.0,0.0
2004-09-17,944.0065227918374,952.546595718973,940.5905256975792,941.77294921875,258415,0.0,0.0
2004-09-20,941.3789102037858,942.0358389617788,932.7074826748794,935.9921264648438,161680,0.0,0.0
2004-09-21,929.554054054054,934.0212010193892,922.5906262951974,932.0504150390624,259125,0.0,0.0
2004-09-22,924.2984954293032,925.743706202709,916.8094937137556,918.64892578125,233245,0.0,0.0
2004-09-23,915.1017734558666,916.415630991338,906.2989119299078,910.109130859375,241090,0.0,0.0
2004-09-24,909.8464817465326,914.050842538032,906.69319110503,908.2698364257812,163365,0.0,0.0
2004-09-27,906.5613350835296,912.6050452408324,900.648978550376,901.8314819335938,209420,0.0,0.0
2004-09-28,901.9632342187598,904.4595957127182,895.5252999605534,898.1530151367188,287750,0.0,0.0
2004-09-29,898.1528162425777,900.517823530603,893.4229620494981,899.9922485351562,260720,0.0,0.0
2004-09-30,892.109305172359,899.2041682473856,888.5618736348457,893.2918090820312,356190,0.0,0.0
2004-10-01,893.2917299987654,904.8536597491336,890.0070863088031,902.8828735351562,296725,0.0,0.0
2004-10-04,900.12379134582,905.2478679580324,896.0508649453964,899.861083984375,319640,0.0,0.0
2004-10-05,893.4231966635339,895.656770693494,871.3504043136772,873.71533203125,589545,0.0,0.0
2004-10-06,869.1168761382232,877.6569512627863,857.9490855907177,875.0292358398438,875890,0.0,0.0
2004-10-07,874.6353020429742,886.065882882603,872.4017273653294,877.7885131835938,490595,0.0,0.0
2004-10-08,883.5692045613789,888.8246347743834,876.7371292461729,878.970703125,345895,0.0,0.0
2004-10-11,878.9707671625426,890.0072034905136,878.9707671625426,886.5911254882812,173175,0.0,0.0
2004-10-12,882.912111456828,890.7952553091211,881.9923953024299,885.2770385742188,211315,0.0,0.0
2004-10-13,888.8245026577944,892.1091460526865,879.1019261323182,880.153076171875,260115,0.0,0.0
2004-10-14,875.0290847363442,882.2553009015843,773.4679172159057,790.8108520507812,2420030,0.0,0.0
2004-10-15,768.6066016722261,786.7378182887594,716.0523041219885,760.0665283203125,3022875,0.0,0.0
2004-10-18,751.5262833158331,790.9419974757544,751.5262833158331,784.1099243164062,1095910,0.0,0.0
2004-10-19,762.0375206482886,788.4460302355282,755.4682316771826,758.095947265625,933170,0.0,0.0
2004-10-20,752.3150771763176,760.198225369677,738.6510017560795,756.7822265625,1061755,0.0,0.0
2004-10-21,742.1982436113726,767.2928934967339,740.0960231855169,741.6726684570312,1103680,0.0,0.0
2004-10-22,729.7166747234667,739.43917460205,713.162017862876,718.6802368164062,1624810,0.0,0.0
2004-10-25,725.9061871152935,743.3804738618526,721.7018275498122,737.073974609375,767535,0.0,0.0
2004-10-26,779.1174914135481,794.8837812903822,767.9497027507907,792.6502075195312,1361665,0.0,0.0
2004-10-27,793.5700357048538,797.6429624207753,783.7161031422935,788.577392578125,666745,0.0,0.0
2004-10-28,788.445808079691,809.7303143871645,784.3728821418165,804.2120971679688,522530,0.0,0.0
2004-10-29,804.2121094863647,809.8617606493964,787.6575377666983,797.642822265625,474405,0.0,0.0
2004-11-01,804.0807230852995,808.0222952572863,797.1172949530878,798.43115234375,341370,0.0,0.0
2004-11-02,801.453088471187,816.0368748897188,801.453088471187,807.6282348632812,390690,0.0,0.0
2004-11-03,812.6212465111453,820.5043952242688,787.001013193494,809.9935302734375,743200,0.0,0.0
2004-11-04,790.9421661173636,802.7668828865601,785.6867364421652,802.3727416992188,547620,0.0,0.0
2004-11-05,804.080893926597,808.6793957709485,792.9131037331721,802.110107421875,429260,0.0,0.0
2004-11-08,794.8834827420935,808.0220527047728,788.9711262588879,795.4090576171875,439930,0.0,0.0
2004-11-09,803.423887201003,808.0223885995371,796.8545994888117,798.16845703125,350730,0.0,0.0
2004-11-10,802.7669044255817,806.5771231189296,797.2486870802657,797.511474609375,332265,0.0,0.0
2004-11-11,800.7962646484375,806.0516954254576,798.0371955671059,800.7962646484375,355985,0.0,0.0
2004-11-12,806.0518345300178,813.8036283404937,798.1686870040519,801.8474731445312,427210,0.0,0.0
2004-11-15,813.9349892566862,832.4603540299865,808.4167699013869,825.6283569335938,597915,0.0,0.0
2004-11-16,833.642450111919,834.1680251042651,820.3725235657699,823.131591796875,427735,0.0,0.0
2004-11-17,829.0437933060068,839.1605085653091,826.547432850209,828.781005859375,459975,0.0,0.0
2004-11-18,833.6425519532461,836.2702668530198,823.5258335508179,827.9929809570312,262875,0.0,0.0
2004-11-19,825.7598042904752,829.570024803751,809.8621535796347,811.9642944335938,411985,0.0,0.0
2004-11-22,814.5916714057528,827.8616004278595,809.8618163580613,825.7594604492188,471540,0.0,0.0
2004-11-23,840.8691102024922,846.7814711336034,832.8546085724856,843.496826171875,601995,0.0,0.0
2004-11-24,840.8686472668688,845.8612888217193,835.613218221451,843.8905029296875,340380,0.0,0.0
2004-11-26,841.525849121394,846.1243510291612,837.5842760575936,838.37255859375,89865,0.0,0.0
2004-11-29,838.8981099484531,846.5184682839982,818.5333163631735,837.9783935546875,376605,0.0,0.0
2004-11-30,833.642715128934,847.7010086327674,832.0660698421611,832.328857421875,413270,0.0,0.0
2004-12-01,834.6306637028831,853.8356870493558,833.9729563240787,851.4679565429688,398040,1.5,0.0
2004-12-02,843.1809415546455,860.1498256911933,841.8655266692249,856.9927978515625,314050,0.0,0.0
2004-12-03,857.1242820175847,865.8060681779629,852.3888206839608,861.9913330078125,348830,0.0,0.0
2004-12-06,857.6504739354199,862.1229164969425,854.0988378173344,859.6235961914062,230770,0.0,0.0
2004-12-07,859.62381426837,860.41303125636,845.4173464785557,851.7313232421875,329410,0.0,0.0
2004-12-08,851.7313232421875,855.2829602612837,848.0481768206165,851.7313232421875,258080,0.0,0.0
2004-12-09,843.1809176055148,864.753753228295,842.5232101814855,863.8329467773438,296285,0.0,0.0
2004-12-10,868.1738018329328,868.1738018329328,847.6533622678656,855.0196533203125,275350,0.0,0.0
2004-12-13,855.1513285300542,861.0706965086745,852.65208799991,858.966064453125,218870,0.0,0.0
2004-12-14,857.6505193003652,858.045127715125,849.8895392350192,856.4666137695312,330735,0.0,0.0
2004-12-15,854.3622311027492,854.8884293335329,845.8120317152699,851.3367919921875,302205,0.0,0.0
2004-12-16,851.7312417723958,854.7566803190624,846.3380722016668,848.048095703125,270630,0.0,0.0
2004-12-17,853.1780404139254,861.2021191785542,846.4694567871094,855.0196533203125,555795,0.0,0.0
2004-12-20,860.9391504356624,864.7538861962211,852.3889526085703,855.677490234375,284505,0.0,0.0
2004-12-21,856.9928326824154,867.2530531483932,855.5459083642663,865.5430297851562,308360,0.0,0.0
2004-12-22,864.8850796169058,868.0421066989422,861.5965431925069,867.3843994140625,246430,0.0,0.0
2004-12-23,867.3843306209852,877.9076463444475,865.9373265370928,871.98828125,241955,0.0,0.0
2004-12-27,871.7253796349521,872.777695388209,863.5697920457562,864.3590087890625,212790,0.0,0.0
2004-12-28,862.9122540692726,869.3578197889879,861.7283484353458,866.7269897460938,159750,0.0,0.0
2004-12-29,860.939077499065,870.5415904956012,859.229054135828,865.5430297851562,226345,0.0,0.0
2004-12-30,865.5429691513059,867.9106998181178,861.4652152410491,861.9913330078125,157955,0.0,0.0
2004-12-31,862.9121403263927,868.831507142656,862.2544329023634,863.8329467773438,151590,0.0,0.0
2005-01-03,869.4893490738656,879.4864713510125,867.7793255641647,868.5685424804688,379590,0.0,0.0
2005-01-04,872.7777561633992,880.012537864829,869.6207283972457,871.4623413085938,379110,0.0,0.0
2005-01-05,877.3816279557872,893.9558214967063,876.3293122254429,885.9318237304688,558800,0.0,0.0
2005-01-06,881.3282113622386,893.6931467407566,880.0127961213993,887.3790893554688,408765,0.0,0.0
2005-01-07,888.5628500456138,892.9037035740166,884.7481143556638,888.9574584960938,311070,0.0,0.0
2005-01-10,888.1684013970494,893.0354539261612,885.2744717619092,890.5361328125,253345,0.0,0.0
2005-01-11,888.5630529067096,891.0623741412865,879.0920465001288,883.3013916015625,326070,0.0,0.0
2005-01-12,881.3280109603716,884.4850389351507,869.4892764847845,878.43408203125,308465,0.0,0.0
2005-01-13,876.7242098259203,879.3550401629823,865.806279984427,868.1740112304688,291650,0.0,0.0
2005-01-14,870.8044754437323,876.0661339056279,868.1736462127844,870.0152587890625,235175,0.0,0.0
2005-01-18,870.0156868298262,890.5361328125,864.2278275595459,890.5361328125,303705,0.0,0.0
2005-01-19,890.5359290414592,890.5359290414592,880.4072177793926,881.4595336914062,235685,0.0,0.0
2005-01-20,881.4595683531865,884.090398379952,866.2007863125704,875.40869140625,328665,0.0,0.0
2005-01-21,874.882573290787,880.144233825476,868.700186391782,869.7525024414062,299175,0.0,0.0
2005-01-24,870.8046326033849,880.2756356013965,869.2261187226244,873.17236328125,237115,0.0,0.0
2005-01-25,875.4085751206127,884.090280941073,873.3039434933951,881.3279418945312,272145,0.0,0.0
2005-01-26,885.2743776507737,888.5629154577973,880.9335238028159,881.98583984375,216890,0.0,0.0
2005-01-27,878.69702258742,881.9855593486004,869.2260206579118,873.4353637695312,233975,0.0,0.0
2005-01-28,870.1471335624608,871.0679402373013,862.1231331529302,866.3323974609375,241175,0.0,0.0
2005-01-31,872.7774978146487,880.275376324921,868.699745086418,871.98828125,253450,0.0,0.0
2005-02-01,871.4626360419078,881.1967413742148,868.5687063252831,877.908203125,257565,0.0,0.0
2005-02-02,880.6702732950694,883.6957115000121,874.3562978485469,879.3548583984375,239625,0.0,0.0
2005-02-03,875.408692260976,876.0663997683096,866.3322965451484,871.8570556640625,240895,0.0,0.0
2005-02-04,871.8569151525812,889.8781140064742,871.3307974034419,888.1680908203125,308855,0.0,0.0
2005-02-07,886.5898870245569,892.1146471849926,884.6167641305854,890.5361328125,201280,0.0,0.0
2005-02-08,888.5628111065063,894.6136878461982,888.0366130045512,890.9305419921875,268215,0.0,0.0
2005-02-09,901.0591612178852,912.8978947229376,900.2699444321684,911.7139892578124,494025,0.0,0.0
2005-02-10,914.871328662744,959.4639388387222,912.766696326102,954.8599853515624,849275,0.0,0.0
2005-02-11,952.3604172661042,966.3037835258197,949.7295873841535,961.8314208984376,484570,0.0,0.0
2005-02-14,947.098536129584,953.6756092971508,925.2626853278782,940.3899536132812,720760,0.0,0.0
2005-02-15,933.94464395904,947.756501369702,928.8144933775992,945.1256713867188,391875,0.0,0.0
2005-02-16,935.9175198044386,939.2060564165412,919.4748367439248,928.6827392578124,358535,0.0,0.0
2005-02-17,926.0519960327148,928.4197265561712,915.3971685338886,916.5809936523438,347980,0.0,0.0
2005-02-18,914.2134579998336,915.7919721141244,901.059307525016,906.715576171875,394585,0.0,0.0
2005-02-22,894.4821629924522,902.3746526659148,892.3775311941514,893.166748046875,386040,0.0,0.0
2005-02-23,897.5075292127276,908.030847932001,897.5075292127276,903.0322875976562,262125,0.0,0.0
2005-02-24,901.7167840855692,904.479122863118,894.4820031775157,896.9813232421875,311145,0.0,0.0
2005-02-25,901.0591818663704,901.0591818663704,891.8512778181008,899.0860595703125,365590,0.0,0.0
2005-02-28,896.4551822411087,896.4551822411087,872.1200085485767,878.6970825195312,619230,0.0,0.0
2005-03-01,879.3549364463984,888.0366434201004,875.4086914062499,875.40869140625,412775,0.0,0.0
2005-03-02,874.4203758549942,874.4203758549942,855.3109629689393,857.4195556640625,726195,2.5,0.0
2005-03-03,866.5126198364642,866.5126198364642,851.3568858013017,856.1012573242188,559690,0.0,0.0
2005-03-04,856.1013938162115,860.8458465331745,848.0622962213331,857.9464721679688,532405,0.0,0.0
2005-03-07,863.8772872071261,884.9635367804502,860.5825607112941,867.4356079101562,378925,0.0,0.0
2005-03-08,866.5130321119535,885.7542018666778,865.985843719637,879.5601806640625,458005,0.0,0.0
2005-03-09,879.5600539802392,886.1495057468348,861.2413458940459,864.5360717773438,376060,0.0,0.0
2005-03-10,867.1719554723988,875.6064869104137,864.6679313286484,871.3892211914062,300200,0.0,0.0
2005-03-11,863.2182515780385,864.272547858848,851.4889943052005,852.806884765625,424645,0.0,0.0
2005-03-14,837.5192297544904,848.589539710721,832.2476689063111,841.472900390625,1162815,0.0,0.0
2005-03-15,836.8599329934145,836.9916897841998,809.1842501700103,816.0372924804688,1358920,0.0,0.0
2005-03-16,809.1845887491926,835.6741497888924,804.1766220399005,828.9529418945312,854930,0.0,0.0
2005-03-17,829.0847351866357,829.6119234687404,800.3547434399799,801.2772827148438,741965,0.0,0.0
2005-03-18,801.2771954221997,801.4089522595528,771.492910793729,787.5711059570312,1621390,0.0,0.0
2005-03-21,772.2837036343642,776.2373744720827,761.4769872570722,763.0584716796875,1074115,0.0,0.0
2005-03-22,738.0186989129227,757.6553000412033,736.832565257465,740.6544799804688,1463295,0.0,0.0
2005-03-23,736.7004718545043,753.174096001519,736.4368777806284,747.2435913085938,1133280,0.0,0.0
2005-03-24,749.8795392498547,751.3291863246682,730.1111858425651,732.8787231445312,1055190,0.0,0.0
2005-03-28,718.250383182385,756.0738598154846,714.0331171385529,751.4612426757812,1356845,0.0,0.0
2005-03-29,757.7867933974643,785.9896731876554,752.6469899280656,767.0120239257812,1501380,0.0,0.0
2005-03-30,757.7868892720137,761.0816148775442,745.925877092104,753.3060302734375,1263065,0.0,0.0
2005-03-31,744.6082663040761,747.9029931461295,727.4756867253982,730.2432250976562,1308645,0.0,0.0
2005-04-01,724.839577567238,735.3826986954888,661.0537027850842,671.4650268554688,3518355,0.0,0.0
2005-04-04,688.5977582233709,721.5450193823838,660.9220588498,702.4356079101562,3371440,0.0,0.0
2005-04-05,712.9787907438458,723.5219151910746,694.5283229611955,698.4819946289062,1217260,0.0,0.0
2005-04-06,698.4817324170036,707.1797746456367,684.116698575264,698.3499755859375,660895,0.0,0.0
2005-04-07,705.7300886675664,708.3658686439159,695.1869687621686,695.3187255859375,731760,0.0,0.0
2005-04-08,695.846077112415,699.1408028563185,680.0313935416783,684.1168212890625,1042560,0.0,0.0
2005-04-11,683.9849473949586,695.1870130074002,676.7365519986729,686.6207275390625,776215,0.0,0.0
2005-04-12,690.5744326025024,707.7070044037094,690.5744326025024,701.1175537109375,998795,0.0,0.0
2005-04-13,703.7530995950464,707.0478238440868,680.162841796875,680.162841796875,840620,0.0,0.0
2005-04-14,680.1630879837926,684.1167585136833,675.9459037686823,677.2637939453125,582810,0.0,0.0
2005-04-15,677.3957270017271,693.4740074266529,672.783110183622,673.5738525390625,679410,0.0,0.0
2005-04-18,678.0545608600075,683.3261220717471,672.782999648268,675.550537109375,522140,0.0,0.0
2005-04-19,674.1009098829742,684.6440326181918,663.4259900698021,679.767822265625,646960,0.0,0.0
2005-04-20,679.7676866232863,682.0081158449884,671.9921432013766,672.2557373046875,496825,0.0,0.0
2005-04-21,678.7134247708183,685.1711186572824,673.3100671317924,683.9849853515625,431300,0.0,0.0
2005-04-22,683.9851009971217,685.5665855262624,659.7359262695046,663.5578002929688,961355,0.0,0.0
2005-04-25,662.2397839808178,685.566455145877,657.7589656255066,682.139892578125,828545,0.0,0.0
2005-04-26,676.7365850836869,688.5975963120281,668.9610413222041,673.0465087890625,764995,0.0,0.0
2005-04-27,670.806153167754,687.2797816836616,666.8524823239362,683.3261108398438,630095,0.0,0.0
2005-04-28,683.3262076120293,683.4579644837602,673.4420291026943,673.9691772460938,521410,0.0,0.0
2005-04-29,674.1008262971861,679.5041438539383,658.9450892445612,670.1471557617188,936620,0.0,0.0
2005-05-02,710.3430878031343,718.250432008735,697.5595319165467,704.2808227539062,1354255,0.0,0.0
2005-05-03,704.4124435796971,708.1025207419767,695.0554535855971,702.4356079101562,700795,0.0,0.0
2005-05-04,706.3893962054926,717.4597099628826,703.4900206559226,716.5371704101562,529945,0.0,0.0
2005-05-05,717.8547184375708,718.2500693607032,706.2573022124824,710.6063232421875,316860,0.0,0.0
2005-05-06,712.3199696334892,716.1418850868868,709.025242669412,713.506103515625,345575,0.0,0.0
2005-05-09,713.3743007475564,720.2273492524982,705.7305499079832,719.3048095703125,397325,0.0,0.0
2005-05-10,717.591125417447,717.591125417447,698.745313968756,702.0400390625,413965,0.0,0.0
2005-05-11,702.0399887713937,703.3578787144834,692.2875710174827,701.2492065429688,319265,0.0,0.0
2005-05-12,702.5674431221545,704.4125221278614,690.7064277823027,691.6289672851562,295175,0.0,0.0
2005-05-13,693.2101874887428,696.1095617748905,681.6127707817799,685.9617919921875,374825,0.0,0.0
2005-05-16,685.3029047465499,698.0864557880027,683.5896635722104,695.977783203125,261480,0.0,0.0
2005-05-17,691.2335037279126,704.8077585429527,688.5977229701322,703.4898681640625,263685,0.0,0.0
2005-05-18,705.2029713965078,709.0248849215083,698.3500071191172,701.7764892578125,362430,0.0,0.0
2005-05-19,702.4356662966171,707.0482832422797,695.977970397627,698.4819946289062,336440,0.0,0.0
2005-05-20,698.4816278040581,712.0558773134821,696.2411989481072,708.49755859375,389940,0.0,0.0
2005-05-23,704.4124145507812,710.3429213150067,702.4355789627061,704.4124145507812,327485,0.0,0.0
2005-05-24,701.776506501946,709.156659184003,698.877132077698,709.02490234375,306385,0.0,0.0
2005-05-25,709.6837738349457,714.2963888923688,704.4122137693194,712.7149047851562,427420,0.0,0.0
2005-05-26,713.1105290000039,735.9100993718025,711.2655305325185,734.19677734375,768490,0.0,0.0
2005-05-27,740.654319600856,750.0113081894418,735.6463527444631,743.2901000976562,746220,0.0,0.0
2005-05-31,750.9342022757075,751.329553449508,729.8479483378138,732.08837890625,850150,0.0,0.0
2005-06-01,737.0415006423378,746.2875409729766,735.7206377379609,741.0040893554688,685870,2.5,0.0
2005-06-02,743.645606681127,743.645606681127,735.8524854824965,738.2301025390625,417275,0.0,0.0
2005-06-03,737.0412380043044,737.0412380043044,724.4930448841594,727.6631469726562,403835,0.0,0.0
2005-06-06,729.1160604916819,730.0406803153896,720.9266973116257,724.4930419921875,282615,0.0,0.0
2005-06-07,723.7007036785624,738.2301933404356,723.7007036785624,729.512451171875,333110,0.0,0.0
2005-06-08,728.4557511778286,730.965422459428,724.0969205584183,725.8140258789062,238245,0.0,0.0
2005-06-09,725.9460145640921,734.2675130020435,724.4930980280645,733.7391357421875,262830,0.0,0.0
2005-06-10,736.7770493937555,736.7770493937555,723.17218245046,727.6631469726562,249210,0.0,0.0
2005-06-13,727.7951032208967,738.3620012712909,724.6250015581647,733.0785522460938,280340,0.0,0.0
2005-06-14,733.0787979556244,735.8525773759401,727.7953471595478,734.00341796875,216715,0.0,0.0
2005-06-15,736.380857409047,737.9659085622577,726.2101998465828,731.889892578125,380705,0.0,0.0
2005-06-16,731.7579338797949,733.0787965763288,726.2102944305402,729.512451171875,319870,0.0,0.0
2005-06-17,737.04129206866,737.04129206866,729.5123595204925,733.7391357421875,448355,0.0,0.0
2005-06-20,733.7388890636682,738.2298524054569,729.7763028040985,735.4559936523438,296010,0.0,0.0
2005-06-21,736.3806181021005,744.9662217212282,733.7388939115997,743.5133056640625,408675,0.0,0.0
2005-06-22,746.947573091645,747.475950218544,737.5694837319174,739.0223999023438,323580,0.0,0.0
2005-06-23,738.3621880351633,743.3814497548831,728.7199072490338,729.1161499023438,405980,0.0,0.0
2005-06-24,729.7766526325354,730.4370839923839,720.0022362591534,720.3985595703125,430390,0.0,0.0
2005-06-27,725.153561262251,728.7199063758762,722.1155934317756,726.8706665039062,401195,0.0,0.0
2005-06-28,731.0975686833566,731.0975686833566,726.21036014016,728.7200317382812,326500,0.0,0.0
2005-06-29,760.4206123166491,775.4783975331932,756.1938358874411,772.4404296875,1541600,0.0,0.0
2005-06-30,774.6858866128576,778.5164202606104,766.2323340339115,767.421142578125,766265,0.0,0.0
2005-07-01,772.0441838419389,777.5918228436559,770.8553752633371,774.1575317382812,393300,0.0,0.0
2005-07-05,776.0067735272614,788.158725508861,774.2896682798631,785.7811889648438,442635,0.0,0.0
2005-07-06,786.5737691983629,793.046028933935,781.0261295134533,781.1582641601562,519860,0.0,0.0
2005-07-07,779.0448927338214,787.1022044895152,768.2138012410134,782.8754272460938,505940,0.0,0.0
2005-07-08,785.9132343327175,795.0272183734412,783.1394551650471,793.177978515625,355345,0.0,0.0
2005-07-11,793.4419840254876,804.2730707948646,790.8002594777877,799.3858642578125,452650,0.0,0.0
2005-07-12,794.4989546052142,800.5748910877359,793.9705772506186,799.2540283203125,260425,0.0,0.0
2005-07-13,799.1219822654548,801.763707826663,794.4989625333407,800.310791015625,261000,0.0,0.0
2005-07-14,803.0843820847074,807.0469694963095,800.0464145262885,801.1030883789062,352975,0.0,0.0
2005-07-15,801.2352553874173,809.0283773103569,799.7823387125242,808.5,289755,0.0,0.0
2005-07-18,805.0657103882852,806.9149501741231,792.5175163789518,793.83837890625,322005,0.0,0.0
2005-07-19,798.9899532317354,804.9338359304104,798.3295218207716,801.7637329101562,269650,0.0,0.0
2005-07-20,801.7635196141733,805.594053026341,794.3667220268015,801.1030883789062,308435,0.0,0.0
2005-07-21,795.8198213459144,803.3487552816308,794.4989585718963,799.7824096679688,264870,0.0,0.0
2005-07-22,799.6503886008808,803.3487883967714,796.348231529716,802.2921142578125,209685,0.0,0.0
2005-07-25,802.2919284737308,805.0657075235666,796.215912498349,799.121826171875,227235,0.0,0.0
2005-07-26,800.4429968079523,801.3676170534941,795.2915987392785,796.4804077148438,235055,0.0,0.0
2005-07-27,796.4801942482173,804.2733162903097,796.4801942482173,802.9524536132812,329660,0.0,0.0
2005-07-28,803.7448411824599,806.518620219118,799.12182237533,802.1597900390625,290050,0.0,0.0
2005-07-29,801.1026916503906,803.7444152832031,794.4983825683594,795.1588134765625,280030,0.0,0.0
2005-08-01,796.0837739573641,798.7254987220349,788.6868962448606,793.7062377929688,268245,0.0,0.0
2005-08-02,793.7063505165739,804.2732510759876,792.64959596539,802.4240112304688,275500,0.0,0.0
2005-08-03,798.065206832426,806.6508138162162,796.8763982332019,806.1224365234375,275475,0.0,0.0
2005-08-04,803.0845285510845,808.6321680629143,798.1973203949711,807.443359375,321040,0.0,0.0
2005-08-05,804.4052456313752,805.4619194854066,800.9710354510113,803.3485717773438,343175,0.0,0.0
2005-08-08,803.7449023637615,810.6134040952828,803.7449023637615,805.7261962890625,311845,0.0,0.0
2005-08-09,805.8584007050748,813.6515238466895,804.4054838029772,811.2739868164062,402605,0.0,0.0
2005-08-10,828.1807936962767,841.7856614242557,821.4444271434962,822.1048583984375,871575,0.0,0.0
2005-08-11,818.9346906310404,832.0112606806695,817.2175856293323,827.7844848632812,401580,0.0,0.0
2005-08-12,827.784423453826,827.784423453826,818.4062527079931,822.897216796875,270235,0.0,0.0
2005-08-15,821.1801082342669,823.5576442510398,816.8212787670102,821.0479736328125,266285,0.0,0.0
2005-08-16,821.1803658342519,823.9541452874344,813.1230549033266,814.1798095703125,346595,0.0,0.0
2005-08-17,813.3872404501205,819.1990686200014,810.7455150309132,812.33056640625,234560,0.0,0.0
2005-08-18,812.0661691681415,813.9154087342497,802.5559439778042,810.87744140625,280890,0.0,0.0
2005-08-19,811.6701026240232,812.5947226076182,806.3866519966904,808.5,274555,0.0,0.0
2005-08-22,809.4245954924797,814.5759919458848,802.5560937609584,805.7261962890625,284510,0.0,0.0
2005-08-23,802.5562183556855,804.0092158312472,798.3295218207716,801.7637329101562,286650,0.0,0.0
2005-08-24,800.1785973817945,803.4807540898896,788.0266445721924,790.5363159179688,438995,0.0,0.0
2005-08-25,790.5361030616951,792.1211539786091,786.9697586533986,788.5548095703125,237855,0.0,0.0
2005-08-26,783.9321014021815,788.4230673393924,779.70532415876,782.8754272460938,350230,0.0,0.0
2005-08-29,770.0629150157457,788.2908032267839,766.1003271168654,786.3095092773438,369030,0.0,0.0
2005-08-30,783.4036890025026,787.2342233435796,775.87483558994,783.0074462890625,331380,0.0,0.0
2005-08-31,779.9614431020376,783.93408203125,768.7056328026024,783.93408203125,527430,3.0,0.0
2005-09-01,777.975253046513,789.3634542084935,774.7971090450694,785.9205322265625,422005,0.0,0.0
2005-09-02,796.3818764429784,796.5142654378159,783.404522006422,785.6557006835938,345300,0.0,0.0
2005-09-06,788.4366713579676,796.64672957781,788.4366713579676,795.8522338867188,366900,0.0,0.0
2005-09-07,792.2765977718823,798.3680258817677,790.6875260552363,796.646484375,280880,0.0,0.0
2005-09-08,793.600909923305,796.3818059809036,789.231022773999,791.3497314453125,297080,0.0,0.0
2005-09-09,793.2037152797126,812.9345245000678,791.6146432580127,810.8157348632812,415835,0.0,0.0
2005-09-12,808.6971033540531,821.277130091074,804.5919935036211,807.9025268554688,356345,0.0,0.0
2005-09-13,805.7838215812308,814.7884561753542,799.0303658415304,807.7701416015625,388765,0.0,0.0
2005-09-14,811.4776970246996,814.6558405023794,802.4730649360015,804.7242431640625,347700,0.0,0.0
2005-09-15,809.4917225090816,813.9940808838122,804.327338186564,807.108154296875,327495,0.0,0.0
2005-09-16,809.094431940922,812.6698244824629,804.8569326629319,811.7428588867188,658865,0.0,0.0
2005-09-19,811.7426219772681,811.7426219772681,797.9707735490483,799.16259765625,350840,0.0,0.0
2005-09-20,803.1353640493534,816.5098860099495,799.03033516105,801.2814331054688,434020,0.0,0.0
2005-09-21,795.0576384196228,801.5462346120992,785.9205350008879,786.5826416015625,525980,0.0,0.0
2005-09-22,786.5826726160436,793.6009866952116,777.3131798411071,786.1854248046875,527175,0.0,0.0
2005-09-23,789.8932067136642,804.3271635245293,785.9205669481303,795.3224487304688,473430,0.0,0.0
2005-09-26,806.0486679203918,810.4185557326682,800.2220969549784,803.6651000976562,371530,0.0,0.0
2005-09-27,806.9754449646616,810.4183664797641,797.5734840489536,804.591796875,335570,0.0,0.0
2005-09-28,807.9026500930837,810.8159360518164,801.1491933545683,807.108154296875,391870,0.0,0.0
2005-09-29,804.4593727005205,826.3088865269543,803.1351597413427,824.4549560546875,459505,0.0,0.0
2005-09-30,825.646885404224,825.7792743876173,815.0531803789894,820.482421875,282565,0.0,0.0
2005-10-03,817.4367939937434,818.3637594004947,809.0942669801008,814.9208374023438,287105,0.0,0.0
2005-10-04,817.0395778474708,820.8798286141044,806.8431196253424,809.8887939453125,271455,0.0,0.0
2005-10-05,810.418325449334,820.3499225749385,807.1077930741325,809.2265014648438,375135,0.0,0.0
2005-10-06,813.7288324830984,820.4822859887732,809.7561937565738,816.3772583007812,388820,0.0,0.0
2005-10-07,821.6740331570742,824.3224587272823,812.5369326104425,819.2904663085938,322735,0.0,0.0
2005-10-10,821.144771314007,828.2955566504933,812.537383435145,819.0260620117188,247150,0.0,0.0
2005-10-11,817.3047110749733,823.5285316241343,811.7429973752212,817.1722412109375,293455,0.0,0.0
2005-10-12,810.948224931849,823.9254985899709,810.948224931849,814.656005859375,341890,0.0,0.0
2005-10-13,813.0671550393896,828.8253292987399,812.9347660080678,824.5878295898438,361775,0.0,0.0
2005-10-14,827.633179605031,832.2679254108192,819.555512101507,826.8386840820312,292545,0.0,0.0
2005-10-17,822.998646731611,836.6380288956743,822.3365400166217,835.5786743164062,353855,0.0,0.0
2005-10-18,835.5787158225947,838.2271428141086,830.6791097235788,831.7384643554688,311080,0.0,0.0
2005-10-19,828.295428045578,840.610595703125,825.1172837620196,840.610595703125,317330,0.0,0.0
2005-10-20,840.6105296606388,840.7429994757933,827.6332563655392,831.6058959960938,329715,0.0,0.0
2005-10-21,834.9164684139677,840.0809325067787,830.4141109574882,833.1950073242188,334220,0.0,0.0
2005-10-24,838.2269238597935,844.1858830341522,836.2406041350072,843.7886352539062,331580,0.0,0.0
2005-10-25,839.5512882965686,847.3641796180314,835.7110371405471,844.18603515625,284630,0.0,0.0
2005-10-26,840.2132596233698,848.9530342498399,837.6972222611895,840.8753662109375,341250,0.0,0.0
2005-10-27,840.8754353939522,845.5101818882497,834.5192277950574,835.975830078125,259210,0.0,0.0
2005-10-28,838.2268635941144,852.3959594435909,837.6971460428338,851.468994140625,383910,0.0,0.0
2005-10-31,856.1040118182148,860.6063699638586,852.6610891117174,858.09033203125,391035,0.0,0.0
2005-11-01,858.08994957847,866.6973333319578,854.2496998821133,861.7977294921875,472345,0.0,0.0
2005-11-02,861.7980393558938,880.3370264138049,858.7523647896652,876.8941040039062,554995,0.0,0.0
2005-11-03,879.2777785647905,884.5746326525303,867.6247157364791,872.9215698242188,433960,0.0,0.0
2005-11-04,872.9212402862762,878.3504813471759,862.857172824726,873.8482055664062,312215,0.0,0.0
2005-11-07,873.9809180960491,880.0722679230446,864.7114235101819,878.4832763671875,302975,0.0,0.0
2005-11-08,873.9807045486901,877.0263787180118,869.4783473776522,871.994384765625,254370,0.0,0.0
2005-11-09,864.0492261814607,883.7800377754155,858.0902660008989,878.8804321289062,492170,0.0,0.0
2005-11-10,878.8802667821934,891.8575392359114,877.4235838512981,889.7388305664062,357500,0.0,0.0
2005-11-11,890.5332678806043,893.5789417026979,886.16338102077,890.40087890625,225275,0.0,0.0
2005-11-14,887.8850948079427,897.8166954210069,885.2366679777922,893.8440551757812,291185,0.0,0.0
2005-11-15,891.7250839571259,893.5789336992287,874.907562363738,882.9852294921875,562815,0.0,0.0
2005-11-16,880.3370892266134,889.0769465287951,872.7890563640485,878.3507690429688,486980,0.0,0.0
2005-11-17,878.3506913089033,889.7389745147478,877.1589477983308,888.14990234375,327805,0.0,0.0
2005-11-18,895.8303289928436,895.8303289928436,878.0858378186208,889.47412109375,490050,0.0,0.0
2005-11-21,888.1497465514018,896.4922729562991,883.2501418934291,895.5653076171875,340960,0.0,0.0
2005-11-22,891.1951885795326,906.8208830021048,890.665471145466,905.2318115234376,396720,0.0,0.0
2005-11-23,905.2322526254804,916.3556775728456,902.1865779543314,914.6342163085938,473650,0.0,0.0
2005-11-25,917.9444933339548,919.0038475987536,907.0859302667812,911.9855346679688,109395,0.0,0.0
2005-11-28,913.4424039047686,914.8990871656224,901.5244830862338,903.5108032226562,416460,0.0,0.0
2005-11-29,906.4240469646084,908.1455081717776,898.0815189425041,901.2595825195312,313555,0.0,0.0
2005-11-30,903.7812060633707,903.7812060633707,890.6425041470737,891.0407104492188,325840,3.0,0.0
2005-12-01,893.2965609354374,902.7192893950804,893.2965609354374,899.9322509765625,325795,0.0,0.0
2005-12-02,897.1455296126168,902.4540830422771,886.5284227532959,893.0314331054688,268260,0.0,0.0
2005-12-05,890.5098027020706,893.2967607418803,876.9729757899363,880.423583984375,392410,0.0,0.0
2005-12-06,887.8559119485017,895.6860637521876,878.5659397756474,882.1492309570312,409380,0.0,0.0
2005-12-07,886.1303582028886,890.2444549921145,869.6738090417801,874.7169189453125,429715,0.0,0.0
2005-12-08,876.5745728975353,882.5466933790476,872.7258406308445,874.052978515625,291130,0.0,0.0
2005-12-09,877.3710726118952,881.883375103555,870.4700184511324,876.1766967773438,284010,0.0,0.0
2005-12-12,877.5038798706288,881.8834201585819,871.0008696537228,872.9915771484375,221405,0.0,0.0
2005-12-13,871.2661462894133,879.2289747398878,866.6211630266365,874.9821166992188,385265,0.0,0.0
2005-12-14,874.5842295299157,880.4236710505312,871.5318273268173,875.7786865234375,293560,0.0,0.0
2005-12-15,878.3001391074149,878.3001391074149,866.6213378906251,866.621337890625,372055,0.0,0.0
2005-12-16,869.9394141524367,872.0628036625644,862.374707394166,864.630859375,522570,0.0,0.0
2005-12-19,875.9115385282331,886.7940920255226,871.266553096644,873.522705078125,388355,0.0,0.0
2005-12-20,875.778325213392,877.2381444902337,865.5593472692948,868.213623046875,285455,0.0,0.0
2005-12-21,874.5839109349752,887.1917214871486,873.389454376572,881.75048828125,356515,0.0,0.0
2005-12-22,877.7691718572654,901.9230204788042,877.3709656255476,901.1267700195312,444525,0.0,0.0
2005-12-23,902.4535021452826,905.1077771515922,900.3301145410528,903.7806396484376,182730,0.0,0.0
2005-12-27,907.762465723303,914.2654748522704,899.136068022716,901.7903442382812,280865,0.0,0.0
2005-12-28,902.4537864549236,909.7530450218384,902.321105063626,907.89501953125,223010,0.0,0.0
2005-12-29,909.355044402015,918.3795673022566,908.5587129389432,917.0524291992188,294590,0.0,0.0
2005-12-30,911.7441590123736,917.0527130677586,902.586870865992,905.506591796875,244890,0.0,0.0
2006-01-03,914.9292107731428,924.4845420902362,887.0593054267279,923.9537353515624,438190,0.0,0.0
2006-01-04,926.2097746516156,933.6417161103658,919.1758774471244,925.28076171875,309935,0.0,0.0
2006-01-05,927.6695543760223,929.6602615742544,921.4319889544796,926.47509765625,197095,0.0,0.0
2006-01-06,928.9967843151048,932.5800738264528,921.033954735261,930.4566040039062,287175,0.0,0.0
2006-01-09,927.0061004106184,928.864126427168,923.2901293796132,926.0770874023438,292405,0.0,0.0
2006-01-10,904.8428725623156,937.0923169030152,904.8428725623156,934.3053588867188,321220,0.0,0.0
2006-01-11,942.2679304669704,943.4623870050104,936.9593787460296,940.0117797851562,334650,0.0,0.0
2006-01-12,942.2682440482034,942.2682440482034,929.660429515164,932.4473876953124,264465,0.0,0.0
2006-01-13,928.997197175009,941.6050162795268,921.034364056366,929.6607666015624,319545,0.0,0.0
2006-01-17,919.1756810713032,920.9010251503396,910.4166032946606,916.2560424804688,335450,0.0,0.0
2006-01-18,916.389062928396,919.7069089201716,907.8953447886108,910.5496215820312,349245,0.0,0.0
2006-01-19,911.7434646673664,912.6724771199838,902.4535021452826,903.7806396484376,350660,0.0,0.0
2006-01-20,903.5156718756126,903.5156718756126,885.2011808852998,885.3338623046875,513095,0.0,0.0
2006-01-23,884.2722187584606,890.11165958466,880.290803922986,884.0067749023438,366275,0.0,0.0
2006-01-24,888.7844366425521,890.5097000398279,881.7506206369912,883.0777587890625,311285,0.0,0.0
2006-01-25,884.4048988904822,886.2628437062265,866.7538966273614,873.3895874023438,405795,0.0,0.0
2006-01-26,875.9110488878355,891.9693857166169,875.9110488878355,881.75048828125,364440,0.0,0.0
2006-01-27,882.5470730780839,893.0314992794016,878.0347699276706,884.5377807617188,283780,0.0,0.0
2006-01-30,885.8646717030139,887.1918097879621,874.8494417983587,876.8401489257812,340510,0.0,0.0
2006-01-31,876.8400972785275,880.1579422954721,868.6118254360899,868.7445068359375,341995,0.0,0.0
2006-02-01,870.6026042218791,881.6178343858553,868.8773408712461,879.4944458007812,369640,0.0,0.0
2006-02-02,879.4945475642562,880.1581166991316,866.2231648667484,868.87744140625,385410,0.0,0.0
2006-02-03,867.9485423665241,871.9299576984806,858.2604479258503,867.2849731445312,290275,0.0,0.0
2006-02-06,869.2757541831876,881.4854450988543,867.9486156271828,876.0441284179688,300875,0.0,0.0
2006-02-07,876.0437934385968,881.6177894428689,868.2137275534741,873.2568359375,264230,0.0,0.0
2006-02-08,877.9020047814859,882.5469889337688,871.6644384337153,880.9544067382812,247085,0.0,0.0
2006-02-09,881.8832442130953,905.9044107893244,877.9018300180022,890.7750854492188,527675,0.0,0.0
2006-02-10,893.960191877748,902.4539081197072,890.9077904477595,901.1267700195312,503715,0.0,0.0
2006-02-13,901.1265831723008,905.1079966472888,891.8366183973286,901.657470703125,288630,0.0,0.0
2006-02-14,903.78114948142,911.6112975679248,897.4109020731584,907.6298828125,350010,0.0,0.0
2006-02-15,905.1082166062452,908.6915058049566,894.2256675961931,906.3026733398438,340120,0.0,0.0
2006-02-16,905.6391660167144,907.3644295257052,895.4201853836436,904.8428344726562,254460,0.0,0.0
2006-02-17,900.5960741501375,900.5960741501375,886.1303143791514,894.7567138671875,315215,0.0,0.0
2006-02-21,893.9601336191563,894.4910212254619,886.7936369464887,892.6329956054688,245690,0.0,0.0
2006-02-22,898.2072414740032,905.904627895498,894.4912702017746,901.2596435546876,365865,0.0,0.0
2006-02-23,896.8797777478051,898.0742342601353,883.0775921716843,891.836669921875,314525,0.0,0.0
2006-02-24,894.0930377595803,895.552857405227,887.3245842155457,888.7844848632812,210515,0.0,0.0
2006-02-27,888.7843892717514,894.2256230044006,884.1394059870721,890.642333984375,261885,0.0,0.0
2006-02-28,887.3244720196187,889.8460667273584,879.3616436820138,880.6887817382812,355115,0.0,0.0
2006-03-01,881.753078107282,889.2018570005857,877.3635350314984,880.8219604492188,265980,3.0,0.0
2006-03-02,876.5653742178596,879.6246908497869,871.510840497424,875.2352294921875,328885,0.0,0.0
2006-03-03,872.5752554262614,875.2355458391463,868.0527292501088,870.9790649414062,303625,0.0,0.0
2006-03-06,869.6486078597213,881.6199104245295,866.1902640374577,878.0285034179688,281590,0.0,0.0
2006-03-07,878.0287517282518,885.8766403255013,876.4326425500307,884.4135131835938,315095,0.0,0.0
2006-03-08,883.0832776851793,895.9856189402583,880.1569425152909,890.6650390625,358975,0.0,0.0
2006-03-09,890.6650015043473,893.591336550836,884.6793493942762,885.7435302734375,256085,0.0,0.0
2006-03-10,894.5224380211221,904.4985246905026,891.7291662279359,899.843017578125,286825,0.0,0.0
2006-03-13,903.1683030729456,908.621864181328,899.8429411323236,905.4295654296876,242005,0.0,0.0
2006-03-14,910.4841663981572,916.4698183321112,907.025822199446,912.6123657226562,300330,0.0,0.0
2006-03-15,909.819121516858,916.4698460893496,901.3061615898276,913.2774658203124,310755,0.0,0.0
2006-03-16,917.799990338745,924.4507149064171,914.474628054909,920.9923706054688,356995,0.0,0.0
2006-03-17,913.1444382047434,917.400917955709,891.596075428779,915.4057006835938,977630,0.0,0.0
2006-03-20,916.4697683697448,919.396103170599,903.8333927536164,909.9520263671876,362770,0.0,0.0
2006-03-21,914.0754076104462,914.0754076104462,892.5270483287308,895.5863647460938,433770,0.0,0.0
2006-03-22,895.5865402779801,904.7645725145172,893.5913229383505,903.035400390625,247325,0.0,0.0
2006-03-23,898.379749007911,900.7739931938916,891.3299172580952,893.3251342773438,248195,0.0,0.0
2006-03-24,891.196898259018,900.5079106288883,884.5461751376821,896.91650390625,276260,0.0,0.0
2006-03-27,892.7932335270024,897.448740470558,886.4085545272457,893.1922607421875,280730,0.0,0.0
2006-03-28,888.0045960298195,892.6601026202392,876.8314289241674,878.2945556640625,413420,0.0,0.0
2006-03-29,879.8905236969598,883.215884708664,877.8953070899372,880.28955078125,435550,0.0,0.0
2006-03-30,882.4181285339848,882.4181285339848,872.8410693489751,878.8267211914062,418375,0.0,0.0
2006-03-31,881.3541383351577,887.6058367376963,876.4326662598133,879.0929565429688,368130,0.0,0.0
2006-04-03,883.2159591455747,883.2159591455747,872.5748030112908,873.5059204101562,370160,0.0,0.0
2006-04-04,873.5061417759119,880.2898480564277,869.9147344333334,878.8267211914062,336470,0.0,0.0
2006-04-05,878.8267809906924,884.6793700346132,874.1712736853534,877.2305908203125,335760,0.0,0.0
2006-04-06,873.9051825784927,877.2305447648645,869.2496755175723,870.4468383789062,310030,0.0,0.0
2006-04-07,869.249402328532,869.382384299953,853.2876688504258,856.3469848632812,434910,0.0,0.0
2006-04-10,859.539491024816,860.6035905101223,848.6322886328563,853.8198852539062,323210,0.0,0.0
2006-04-11,843.1788940429688,857.9434701243562,838.6563688579946,843.1788940429688,396695,0.0,0.0
2006-04-12,844.6420209751413,848.8985009400106,838.6563688579946,843.1788940429688,265180,0.0,0.0
2006-04-13,843.1786635269173,845.9719346103608,836.9269678988127,843.3116455078125,269125,0.0,0.0
2006-04-17,840.6515132246554,844.774929628576,834.6658616273279,836.9271240234375,303890,0.0,0.0
2006-04-18,838.2572212365014,845.1739900378799,823.2266020935926,844.3758544921875,442905,0.0,0.0
2006-04-19,844.6420032916417,852.8889178286173,844.2429760626399,846.7702026367188,274980,0.0,0.0
2006-04-20,842.6466178474845,849.2973409559887,838.3901388209248,847.3021240234375,291385,0.0,0.0
2006-04-21,853.2879671016573,854.3520668016861,844.9080703337265,848.7654418945312,288465,0.0,0.0
2006-04-24,849.164380004319,857.012184755416,845.1739460403619,855.0169677734375,235710,0.0,0.0
2006-04-25,855.150276231232,859.8057838578451,840.7846448920527,846.5043334960938,309280,0.0,0.0
2006-04-26,849.5636882736248,852.0909152423402,841.58281770494,851.824951171875,283605,0.0,0.0
2006-04-27,851.8247781219362,870.7127696821988,847.3022532441961,863.7960815429688,386415,0.0,0.0
2006-04-28,864.5940109779094,873.9050234038255,859.6724596013796,867.9193725585938,387510,0.0,0.0
2006-05-01,874.5703295936053,875.2354020875928,859.273662231892,860.4708251953125,303375,0.0,0.0
2006-05-02,863.2640829136233,872.3090524450886,859.2736480157174,868.8507080078125,263000,0.0,0.0
2006-05-03,865.924457983194,869.9148932734391,861.8010406575196,864.727294921875,281285,0.0,0.0
2006-05-04,864.7270300993873,873.2399885857305,863.9289757599878,864.3280029296875,270890,0.0,0.0
2006-05-05,869.5155541813248,869.5155541813248,864.7269848387989,866.4562377929688,313415,0.0,0.0
2006-05-08,868.5845477934026,872.5749821630508,866.5893306085786,869.1166381835938,299205,0.0,0.0
2006-05-09,871.9098591093567,882.5510168101574,869.2495696841565,880.6887817382812,384350,0.0,0.0
2006-05-10,880.6890086152375,887.3397338915514,876.6985734494492,885.0785522460938,465470,0.0,0.0
2006-05-11,863.2639844445888,867.121436880136,835.9960157525794,839.9864501953125,1505385,0.0,0.0
2006-05-12,835.3310245337567,846.63725655372,829.0793270620679,840.3855590820312,653270,0.0,0.0
2006-05-15,841.981648654384,851.6916893448749,841.316576262082,849.6964721679688,401415,0.0,0.0
2006-05-16,851.2929961943794,858.6087953804249,848.632705581272,851.9580688476562,288665,0.0,0.0
2006-05-17,849.96235546875,851.2925,826.1527358851432,831.34033203125,543600,0.0,0.0
2006-05-18,827.4829628337432,832.8035414886731,816.974868701609,818.7040405273438,523155,0.0,0.0
2006-05-19,819.6351939246761,820.8322754631085,809.5260453262305,813.5164794921875,530700,0.0,0.0
2006-05-22,808.062839056521,819.9011583910062,806.5997124806107,814.7135620117188,528495,0.0,0.0
2006-05-23,814.0485268537177,820.6992501123266,807.9298939300323,811.1221923828125,449365,0.0,0.0
2006-05-24,812.0531652589508,816.4426255908036,798.4856759904828,803.4072265625,553860,0.0,0.0
2006-05-25,811.3882637736943,812.7184084684053,804.4714951240794,810.1911010742188,382350,0.0,0.0
2006-05-26,814.0485467288304,818.9700982974787,805.1365611075898,817.6399536132812,270795,0.0,0.0
2006-05-30,819.6352422243175,822.0294866278621,804.0725318228845,806.0677490234375,347350,0.0,0.0
2006-05-31,810.7349243164062,813.2685035097193,803.5342855258772,810.7349243164062,325865,3.0,0.0
2006-06-01,810.7347541077497,816.6019460672942,806.601106172873,815.6685180664062,285340,0.0,0.0
2006-06-02,820.0689389670385,822.0691071108606,809.668080896574,814.8684692382812,267350,0.0,0.0
2006-06-05,810.7347937165425,814.8684418533704,804.4675841324428,805.2677001953125,233100,0.0,0.0
2006-06-06,808.6011398736244,810.6013075203563,795.8000181023224,803.93408203125,386270,0.0,0.0
2006-06-07,807.4013195876038,815.4019932746816,803.13427734375,803.13427734375,351065,0.0,0.0
2006-06-08,804.0676599977492,813.5350907695998,801.2674569207389,806.3345336914062,457295,0.0,0.0
2006-06-09,806.0678556679168,809.4014696284954,798.7339049546438,802.8675537109375,254950,0.0,0.0
2006-06-12,804.867622464219,806.3344612575504,792.5999897173723,793.4000244140625,271965,0.0,0.0
2006-06-13,794.3333466006092,800.0671448613747,787.932825719126,788.5995483398438,451120,0.0,0.0
2006-06-14,788.5994234801896,794.0665155496506,780.8653771947705,790.3328857421875,430685,0.0,0.0
2006-06-15,796.7334111820517,801.1337635354427,785.3991283451521,800.467041015625,420190,0.0,0.0
2006-06-16,796.8671452222183,800.3341529939182,792.7334959646149,798.333984375,465010,0.0,0.0
2006-06-19,798.3339045205759,802.0675359583479,789.3998026389725,793.0001220703125,272925,0.0,0.0
2006-06-20,796.0670312867129,801.5341257474253,793.6668454597431,798.0671997070312,301905,0.0,0.0
2006-06-21,801.8009468067238,804.6012318313453,796.8671810475009,797.6672973632812,273820,0.0,0.0
2006-06-22,796.3336239279719,799.4005321274478,789.1329860795936,791.6665649414062,254500,0.0,0.0
2006-06-23,788.999655010243,797.267032721054,788.7329496543366,790.19970703125,201515,0.0,0.0
2006-06-26,788.4661082417352,792.0664264575855,787.5326803506579,789.3995361328125,227400,0.0,0.0
2006-06-27,790.7331627716094,792.6000189822149,781.6657498637804,783.1325073242188,316670,0.0,0.0
2006-06-28,784.8659560081882,791.3998712404784,780.598995695808,782.3324584960938,291715,0.0,0.0
2006-06-29,786.7325678829451,792.0663480041854,781.1320824782376,790.3328857421875,532110,0.0,0.0
2006-06-30,790.3330098673209,793.9333282920085,784.8658355521914,787.3994140625,529635,0.0,0.0
2006-07-03,787.5326331998967,796.0667142830357,787.5326331998967,794.333251953125,191015,0.0,0.0
2006-07-05,794.4669445319287,796.73381853572,788.0664213466284,791.2667236328125,315890,0.0,0.0
2006-07-06,791.2667514767335,797.2672574341797,787.3997261937732,792.8668212890625,267735,0.0,0.0
2006-07-07,792.0667470187531,793.1334873029812,783.266037940038,786.3329467773438,337860,0.0,0.0
2006-07-10,789.3995465609297,797.6669229543464,788.5995120077428,796.0667724609375,249810,0.0,0.0
2006-07-11,794.7336779195407,797.4005694561835,787.533038215777,792.8668212890625,434695,0.0,0.0
2006-07-12,795.2667107742673,795.4000227329051,782.8656059137346,786.19921875,263765,0.0,0.0
2006-07-13,786.732690477072,788.5995463652227,776.9985565163736,778.1986083984375,338545,0.0,0.0
2006-07-14,776.8652247660725,779.9322141665393,768.4645353772927,770.197998046875,422940,0.0,0.0
2006-07-17,771.9316372144909,775.2652509848299,766.9978725569785,773.6651000976562,256110,0.0,0.0
2006-07-18,783.3991572276321,783.3991572276321,770.7314261745896,778.4653930664062,294365,0.0,0.0
2006-07-19,783.3993613217331,795.4003728143213,780.7324698789357,791.2667236328125,431005,0.0,0.0
2006-07-20,791.2665939851553,794.4668143599208,787.9329802278654,793.5333862304688,243260,0.0,0.0
2006-07-21,795.8003275250946,797.4004785420562,783.6660049716705,788.8663940429688,391020,0.0,0.0
2006-07-24,790.9997233413086,803.1340423277638,790.0662954068803,797.9336547851562,270675,0.0,0.0
2006-07-25,795.4006735861564,802.3346102368334,791.8003524995453,799.2677001953125,276590,0.0,0.0
2006-07-26,799.400645900526,806.2011859797175,795.1336036566721,803.13427734375,307400,0.0,0.0
2006-07-27,806.4678021078338,811.2682546209297,802.0674483444517,805.4010620117188,288760,0.0,0.0
2006-07-28,808.7346846356572,815.4019120440303,808.4679792619116,812.0682983398438,285915,0.0,0.0
2006-07-31,809.4014822478442,813.1351136644912,805.1344400343643,809.00146484375,257060,0.0,0.0
2006-08-01,809.0016010372954,809.0016010372954,795.8004547703791,804.7345581054688,338515,0.0,0.0
2006-08-02,806.7346221120816,808.4680851879676,799.2673589911591,803.801025390625,229450,0.0,0.0
2006-08-03,806.0677580801355,809.4013716371253,795.9336054217064,799.667236328125,305335,0.0,0.0
2006-08-04,806.7347162413968,808.2014740797335,798.0673184635967,801.0009155273438,334585,0.0,0.0
2006-08-07,800.067637691379,800.6010486713421,793.4004073772842,797.5340576171875,251785,0.0,0.0
2006-08-08,799.8006296439149,801.1340752023033,793.4001072410625,795.80029296875,294290,0.0,0.0
2006-08-09,798.6006116635423,800.0673692857415,776.5987590081844,779.932373046875,674480,0.0,0.0
2006-08-10,786.7327341189451,811.5347843685556,784.0658434948131,804.334228515625,712750,0.0,0.0
2006-08-11,810.7348943939156,822.0691815688306,805.4011121939557,821.00244140625,587640,0.0,0.0
2006-08-14,822.7359008789062,829.4031286007774,822.7359008789062,822.7359008789062,330390,0.0,0.0
2006-08-15,830.0697686710134,835.1368449573785,823.4025416134149,834.603515625,379090,0.0,0.0
2006-08-16,838.0703774803221,843.4041587212471,836.0702095149753,840.203857421875,381850,0.0,0.0
2006-08-17,840.2040918685773,849.4048996313411,837.9372993183031,847.8047485351562,354810,0.0,0.0
2006-08-18,848.871292784915,852.7383169254787,848.0712581150968,852.0715942382812,362400,0.0,0.0
2006-08-21,852.0715179802389,852.0715179802389,844.2041584205978,850.0713500976562,267475,0.0,0.0
2006-08-22,847.6713126251079,848.2046419878404,837.8037834634389,841.5374145507812,371515,0.0,0.0
2006-08-23,840.0707795348349,843.2710817259842,837.4038881712322,842.7376708984375,204815,0.0,0.0
2006-08-24,844.4709713004825,847.1378621502469,838.6038602632308,840.0706176757812,255150,0.0,0.0
2006-08-25,837.4038631049584,842.3376282573524,836.470434878225,842.0709228515625,209830,0.0,0.0
2006-08-28,846.7379332816188,850.8715819758868,843.6710247613175,847.004638671875,347190,0.0,0.0
2006-08-29,846.0712427103296,849.1381513473913,843.8043688874365,848.0714111328125,264830,0.0,0.0
2006-08-30,847.3359947489834,852.9510493244738,845.8654221310262,849.6087646484375,280180,3.3,0.0
2006-08-31,851.6140709463385,856.2932691383514,850.0097581036146,853.2183837890625,265925,0.0,0.0
2006-09-01,858.967411575399,861.5075813075038,853.2186965803294,857.3630981445312,270785,0.0,0.0
2006-09-05,858.1650514741142,862.3094518590541,855.6248824647979,858.6997680664062,252495,0.0,0.0
2006-09-06,853.2183275532675,856.9616695404052,849.3412452387856,855.624755859375,342255,0.0,0.0
2006-09-07,855.6248166079812,858.1649854217826,847.0685358024049,854.2879028320312,398990,0.0,0.0
2006-09-08,854.9564132611983,862.5768385810866,853.6194994015249,858.83349609375,280000,0.0,0.0
2006-09-11,858.9669175219085,867.6568552089007,858.9669175219085,865.2504272460938,348585,0.0,0.0
2006-09-12,867.6572265625,875.01025390625,866.3203125,868.994140625,426315,0.0,0.0
2006-09-13,869.6625368081747,875.6786496684925,865.6517949012961,872.3363647460938,285860,0.0,0.0
2006-09-14,870.3308763249081,874.4752764298156,870.0634772474563,873.40576171875,274585,0.0,0.0
2006-09-15,877.6840169527651,879.6893878978209,874.2080732875027,878.619873046875,519760,0.0,0.0
2006-09-18,878.6193874537161,882.3627281625429,874.4749074985766,876.3466186523438,278115,0.0,0.0
2006-09-19,876.3471597483257,877.8177325637777,871.9353597032115,876.8819580078125,331850,0.0,0.0
2006-09-20,877.6840250480543,879.6893960116066,874.3417401088005,876.7481689453125,275810,0.0,0.0
2006-09-21,875.6783358712532,877.8173648155713,870.3306819117341,874.207763671875,259710,0.0,0.0
2006-09-22,874.2080767540796,875.0101924957816,867.9245647815709,869.6625366210938,221755,0.0,0.0
2006-09-25,877.0155036695076,888.2456128803843,870.3309342817826,882.3631591796875,478910,0.0,0.0
2006-09-26,885.0370526923087,893.0585365535684,882.3632247385556,888.7803955078125,441460,0.0,0.0
2006-09-27,889.0477208539876,890.5182934670294,881.0262376583125,886.240234375,362585,0.0,0.0
2006-09-28,886.106493930821,888.3792638224261,881.8283532405197,885.57177734375,227855,0.0,0.0
2006-09-29,886.6414308026416,886.6414308026416,881.8284911736959,885.8392333984375,300965,0.0,0.0
2006-10-02,886.37353515625,887.175650512381,880.2237664960089,886.37353515625,284875,0.0,0.0
2006-10-03,887.7107470010955,894.5289746171798,887.0422901132935,891.5878295898438,319555,0.0,0.0
2006-10-04,891.5878390696118,899.6093218085242,889.4487280466566,897.7376098632812,304205,0.0,0.0
2006-10-05,898.4061807806073,900.4115517198497,894.6628380137719,898.9409790039062,223125,0.0,0.0
2006-10-06,899.0745804151829,899.0745804151829,892.5236697919897,895.9996948242188,212110,0.0,0.0
2006-10-09,896.1333043181013,896.1333043181013,888.1118215136449,893.1920776367188,299325,0.0,0.0
2006-10-10,893.1920695208464,897.7376090415663,889.0476694156986,893.7268676757812,252320,0.0,0.0
2006-10-11,891.72150157596,899.0745274510242,889.9835299616025,896.13330078125,301045,0.0,0.0
2006-10-12,899.742798123434,903.3524809438228,897.7374278452986,900.4112548828125,279430,0.0,0.0
2006-10-13,898.4059410333441,901.0797682388004,895.8657725486682,899.341796875,251825,0.0,0.0
2006-10-16,899.8765830507076,901.74829487898,897.202755638168,900.8124389648438,172150,0.0,0.0
2006-10-17,900.5452269329201,901.080025165992,892.7911421459012,898.5398559570312,271960,0.0,0.0
2006-10-18,901.079951226518,902.4168651007412,892.3900110440663,895.9996948242188,269730,0.0,0.0
2006-10-19,894.3952708702031,894.528929601541,885.4379327046705,890.5181884765625,344540,0.0,0.0
2006-10-20,890.7857664731274,890.7857664731274,883.7001387154321,888.7803955078125,324795,0.0,0.0
2006-10-23,884.3686442032218,895.3313557345629,883.4327880483346,893.5933837890625,284235,0.0,0.0
2006-10-24,891.0528567198334,894.2614817916229,889.0474864496462,891.7213134765625,313700,0.0,0.0
2006-10-25,891.8550988573407,895.3311234452618,888.3791558681564,893.4594116210938,251935,0.0,0.0
2006-10-26,896.8021220899359,908.8343511383664,892.9251194669291,906.1605224609376,462445,0.0,0.0
2006-10-27,906.2938831416802,908.8339703617452,900.1440308009484,900.9462280273438,423110,0.0,0.0
2006-10-30,902.8178583581166,904.8232290259928,897.8712610576071,900.9462280273438,214460,0.0,0.0
2006-10-31,900.9462927619344,903.7537792591876,892.1226122300374,898.0050659179688,278625,0.0,0.0
2006-11-01,897.737604685072,900.4114322492867,888.6466072864905,892.6573486328125,409525,0.0,0.0
2006-11-02,889.0477947937231,892.9248779669114,886.6413659546337,891.4542236328125,394440,0.0,0.0
2006-11-03,893.0583455709641,894.3952592619386,887.0422339615789,893.3257446289062,247435,0.0,0.0
2006-11-06,893.72705078125,905.75927734375,893.72705078125,902.4169921875,416710,0.0,0.0
2006-11-07,902.4169273947844,911.5079260473074,902.4169273947844,907.363525390625,392370,0.0,0.0
2006-11-08,907.3634734606712,919.3956984706437,905.8928192224256,914.1817016601562,346720,0.0,0.0
2006-11-09,915.7861245314492,920.4653237078874,908.4330972541896,909.6363525390624,461435,0.0,0.0
2006-11-10,922.4707072005092,935.4387899838046,922.4707072005092,930.8932495117188,883675,0.0,0.0
2006-11-13,930.3585287332536,949.0753256082536,930.3585287332536,944.52978515625,721185,0.0,0.0
2006-11-14,947.8718798947426,955.759703918413,946.802365179349,952.4174194335938,476355,0.0,0.0
2006-11-15,952.5510197593152,968.4603255709304,950.4119904597014,962.4442138671876,668960,0.0,0.0
2006-11-16,965.9198698878204,969.9306098319914,958.5668466568404,967.3904418945312,395020,0.0,0.0
2006-11-17,967.9254132601058,968.86126906781,953.353022879544,963.2462158203124,470580,0.0,0.0
2006-11-20,960.7061646267716,962.7115352027516,955.091192293017,961.5083618164062,243220,0.0,0.0
2006-11-21,961.5083574226588,965.251699494302,956.9628181650468,960.4388427734376,248280,0.0,0.0
2006-11-22,959.6369548322032,962.84558141259,949.3426996187892,956.8294677734376,269475,0.0,0.0
2006-11-24,948.5404057020552,953.7544025166608,945.5991788219892,951.8826904296876,127625,0.0,0.0
2006-11-27,948.54052734375,949.0753256082536,933.83447265625,939.18212890625,502690,0.0,0.0
2006-11-28,935.8397825837732,943.5938673197168,931.8290406584142,933.8344116210938,501255,0.0,0.0
2006-11-29,938.0553988264156,942.0756362499576,936.0452801146448,939.7974853515624,288680,3.3,0.0
2006-11-30,940.4678499777413,945.4261608722472,935.3755638395868,942.343994140625,322950,0.0,0.0
2006-12-01,938.7255945328876,941.5397284806588,926.9329124874392,934.973388671875,367735,0.0,0.0
2006-12-04,939.7976983930656,943.9519937476208,936.8495072557588,939.3956909179688,268180,0.0,0.0
2006-12-05,939.1277971973492,944.6221728073182,935.1075582694564,942.0759887695312,263230,0.0,0.0
2006-12-06,942.0758594221136,943.1479066306316,937.9216458171212,941.539794921875,275730,0.0,0.0
2006-12-07,944.8900309128204,948.3742867181592,940.3338096485556,941.6738891601562,221055,0.0,0.0
2006-12-08,942.343781142172,948.1061057800424,938.7255506698511,942.7457885742188,187615,0.0,0.0
2006-12-11,944.7556599361797,958.0224742605652,944.7556599361797,951.4560546875,323680,0.0,0.0
2006-12-12,951.5901607105876,959.6306355177476,951.4561855139108,952.7962646484376,423935,0.0,0.0
2006-12-13,958.1567082569286,959.496787569176,952.7963910079388,953.4664306640624,241975,0.0,0.0
2006-12-14,951.8580004269191,965.526821193596,949.3118996613124,965.2587890625,347485,0.0,0.0
2006-12-15,971.6917125341596,971.6917125341596,963.517259461359,966.5994262695312,548875,0.0,0.0
2006-12-18,972.2277398549272,977.8560904757476,968.877540889197,975.7119140625,428790,0.0,0.0
2006-12-19,972.8975798288396,974.6396665748264,967.1352551496758,967.9392700195312,394865,0.0,0.0
2006-12-20,962.1770755855302,967.269361298482,959.4969166006124,964.1871948242188,390620,0.0,0.0
2006-12-21,967.537393555366,968.877473047825,961.5070358393008,964.1871948242188,272210,0.0,0.0
2006-12-22,964.7229004867954,966.8669941603996,957.4864412025024,960.4346313476562,209325,0.0,0.0
2006-12-26,956.8165771862936,967.0011466916662,956.4145697727556,964.9910278320312,191475,0.0,0.0
2006-12-27,970.7534049322647,972.361434538272,964.3209593404628,968.7432861328124,184705,0.0,0.0
2006-12-28,966.1973368190512,970.2175753911137,962.0431230113716,963.2491455078124,204335,0.0,0.0
2006-12-29,963.5169430056314,964.3209578073568,958.022651012641,960.3007202148438,228635,0.0,0.0
2007-01-03,962.980985713383,970.8874865748036,959.3628369112624,966.8672485351562,508395,0.0,0.0
2007-01-04,966.1971497921083,970.8874272182836,955.0745082541392,958.2906494140624,435035,0.0,0.0
2007-01-05,958.2907760727938,961.7750316964974,950.9203391432138,953.8685302734376,384880,0.0,0.0
2007-01-08,954.0024344881884,964.857043510908,948.3740853759856,958.5586547851562,401695,0.0,0.0
2007-01-09,961.5071068412284,963.5172262283528,951.4565099056056,955.3427734375,275275,0.0,0.0
2007-01-10,950.9202952655291,958.29073185502,948.1061612845052,956.5486450195312,264675,0.0,0.0
2007-01-11,959.8989949731352,960.9710422878748,953.1985970160534,955.3427734375,366020,0.0,0.0
2007-01-12,955.4763916242968,957.218478083738,948.642020978822,952.3942260742188,234895,0.0,0.0
2007-01-16,954.4043535163448,956.1464399918596,950.3841162073388,953.7343139648438,270555,0.0,0.0
2007-01-17,957.8886944535934,961.50692502462,953.064441553526,956.9506225585938,329965,0.0,0.0
2007-01-18,946.4979270649314,961.372855330242,946.4979270649314,950.6522216796876,232510,0.0,0.0
2007-01-19,954.6726469344944,958.692885343609,950.65240852538,956.4147338867188,338800,0.0,0.0
2007-01-22,953.4664285839272,954.136468238589,939.3955958360266,944.2198486328124,411340,0.0,0.0
2007-01-23,938.0554636433336,940.735622110886,932.5611715016294,935.3753051757812,438580,0.0,0.0
2007-01-24,933.3654650362791,936.581688874513,928.9432186026852,936.4476318359376,420800,0.0,0.0
2007-01-25,933.3653574601012,936.4475239045208,919.9645626652684,923.1807861328124,510330,0.0,0.0
2007-01-26,923.3147360165073,925.994894901896,914.8722518859234,919.1605224609376,520470,0.0,0.0
2007-01-29,921.17074007451,925.3249540740588,914.6043173867416,915.9443969726562,422840,0.0,0.0
2007-01-30,915.9443844881924,920.6346629749644,911.1201307614418,913.9342651367188,387195,0.0,0.0
2007-01-31,915.2742436634004,919.5625141648708,910.4499904692196,917.2843627929688,400015,0.0,0.0
2007-02-01,919.2944560661118,925.190838063784,916.8823295368657,923.4486694335938,383665,0.0,0.0
2007-02-02,923.5826545210114,929.7469864814638,923.4485975180766,925.5927734375,266105,0.0,0.0
2007-02-05,924.654749750575,931.355146487898,923.9847100768428,928.6749877929688,233430,0.0,0.0
2007-02-06,930.1491203787086,935.2414877597804,927.3349862297662,931.355224609375,377555,0.0,0.0
2007-02-07,934.0350938113124,937.1172592545984,928.0047381123871,933.2310791015624,255155,0.0,0.0
2007-02-08,933.2315022282424,935.1075646655756,925.7270071029964,932.5614624023438,296995,0.0,0.0
2007-02-09,932.561531566295,934.8396017097276,918.2226618702224,923.8510131835938,303070,0.0,0.0
2007-02-12,925.9948604785488,928.6750192643044,916.0782402544712,918.8924560546876,268225,0.0,0.0
2007-02-13,922.2428833823776,927.6032022839992,918.624651765388,926.2631225585938,268915,0.0,0.0
2007-02-14,928.0051238777542,932.0253626815568,926.2630367545,928.1390991210938,364420,0.0,0.0
2007-02-15,926.3970978143442,929.0772572651548,923.582963107783,926.2631225585938,371200,0.0,0.0
2007-02-16,926.7989835607189,936.313597435739,924.9229212669148,932.1593017578124,324385,0.0,0.0
2007-02-20,934.7053320597232,940.6017138246224,932.4271808418324,936.8494262695312,296725,0.0,0.0
2007-02-21,932.6949582282728,936.7151951171876,931.3548792653012,933.9010620117188,290130,0.0,0.0
2007-02-22,930.6851141473572,935.777399349456,924.6547570362512,929.2110595703124,410930,0.0,0.0
2007-02-23,927.0668363269352,929.2110122657884,921.4384869513752,921.840576171875,374180,0.0,0.0
2007-02-26,921.9745054690364,924.6546639151672,917.95426779984,920.3663940429688,491460,0.0,0.0
2007-02-27,916.6142730851968,921.304550798352,876.1438604590096,894.77099609375,827025,0.0,0.0
2007-02-28,890.9423109170647,908.0034961042494,886.6434173431526,901.5551147460938,664330,3.3,0.0
2007-03-01,892.6886680409914,906.9286651622518,884.3595775384592,905.5852661132812,564415,0.0,0.0
2007-03-02,919.5567451393496,940.9168250485264,916.1982471658677,934.1998291015624,1171780,0.0,0.0
2007-03-05,929.2292029213164,940.5137065173828,928.0201108956846,930.7069091796876,546005,0.0,0.0
2007-03-06,933.7967130500024,939.0360025142212,928.9605089250128,936.8865966796876,476150,0.0,0.0
2007-03-07,936.080547541267,939.0360421845407,930.0352511323536,930.9756469726562,416355,0.0,0.0
2007-03-08,938.3641204346168,939.3045160522896,927.0795370116662,931.7814331054688,426475,0.0,0.0
2007-03-09,937.020839347819,938.9016308196072,923.1838455026004,927.8857421875,371855,0.0,0.0
2007-03-12,924.9304472080942,929.9010411737077,917.9447542289556,923.9900512695312,335275,0.0,0.0
2007-03-13,922.2435793024848,923.9899819175424,903.7046861684454,904.9136962890624,615865,0.0,0.0
2007-03-14,909.3467557929569,909.3467557929569,888.2553764881148,900.0772705078125,803510,0.0,0.0
2007-03-15,900.077445921304,906.660134666918,896.4502517552428,900.7491455078124,577860,0.0,0.0
2007-03-16,909.346944443626,909.346944443626,894.3008571177891,898.3310546875,683440,0.0,0.0
2007-03-19,900.6146873879379,915.1233796250232,898.0621965893346,911.6304931640624,546505,0.0,0.0
2007-03-20,911.6308226610377,920.7660044033684,908.138016932213,918.6165161132812,642820,0.0,0.0
2007-03-21,918.3476618611254,926.6767533139993,911.2276624881098,922.7809448242188,669650,0.0,0.0
2007-03-22,922.7809624560878,922.7809624560878,912.5710791271466,916.3325805664062,569705,0.0,0.0
2007-03-23,916.3323618706128,919.9595553192316,912.1678580558116,915.1233520507812,455065,0.0,0.0
2007-03-26,914.586185326272,917.944683423089,906.7944861405732,912.8397827148438,506810,0.0,0.0
2007-03-27,913.1084405324632,914.586146835039,905.7197450304262,908.0035400390624,380340,0.0,0.0
2007-03-28,905.5856406467116,908.1381326932474,899.2717281008889,902.0928344726562,558270,0.0,0.0
2007-03-29,911.4963155928112,911.4963155928112,897.5249317527328,902.7642211914062,427585,0.0,0.0
2007-03-30,902.4955665063376,905.5853682686036,894.838174664492,903.032958984375,555625,0.0,0.0
2007-04-02,906.7947330886716,906.7947330886716,897.7939393390926,902.0928344726562,481415,0.0,0.0
2007-04-03,902.0925431987944,911.2276411613856,901.4208436133894,908.6752319335938,592580,0.0,0.0
2007-04-04,910.824335075386,912.0334267250764,901.420544005286,904.3760375976562,406795,0.0,0.0
2007-04-05,902.7643549960176,905.451153671601,900.0775563204343,903.1673583984376,414820,0.0,0.0
2007-04-09,906.5258567429166,906.9288601453364,901.958348191178,903.1673583984376,356820,0.0,0.0
2007-04-10,901.4208682392388,904.9136733809328,896.4502747725356,898.7340698242188,565940,0.0,0.0
2007-04-11,898.7341618411044,901.4209605312124,891.748468847906,893.2262573242188,566220,0.0,0.0
2007-04-12,900.0775990909939,900.0775990909939,888.6587041771529,895.2413940429688,481265,0.0,0.0
2007-04-13,898.7340400494994,899.2714325125321,893.4947505159538,898.8683471679688,515520,0.0,0.0
2007-04-16,901.0179704581578,910.8247694232364,899.5401819599796,908.2722778320312,609480,0.0,0.0
2007-04-17,896.9876578231496,921.4375395417017,896.9876578231496,915.5265502929688,583700,0.0,0.0
2007-04-18,917.5416638727517,923.9899637060304,915.7952612921148,919.5567626953124,493920,0.0,0.0
2007-04-19,918.0790713807976,927.7514802917126,914.3174879214614,926.4080810546876,517650,0.0,0.0
2007-04-20,930.975384651848,936.6176761092556,927.7511946777418,934.065185546875,616960,0.0,0.0
2007-04-23,932.3188250148836,937.1550281969636,928.8260207161104,934.3339233398438,442165,0.0,0.0
2007-04-24,934.3341100178454,935.005809593703,927.0797218007532,932.5877075195312,440880,0.0,0.0
2007-04-25,938.3644980259512,940.3795971627286,935.0059994646558,940.1109008789062,563720,0.0,0.0
2007-04-26,937.0210791232136,941.1855844548134,933.3938843534957,937.5584716796876,521765,0.0,0.0
2007-04-27,937.0210248006002,946.1561237689144,931.7817346597942,942.2603149414062,498495,0.0,0.0
2007-04-30,952.7386064212764,952.7386064212764,935.5431152732554,939.1702270507812,471225,0.0,0.0
2007-05-01,940.3793453123074,943.6035358654926,935.8117556943904,940.7823486328124,368235,0.0,0.0
2007-05-02,929.6321819773292,949.6488614680236,929.094789536738,946.0216674804688,494085,0.0,0.0
2007-05-03,946.8278380248482,951.529735712821,943.3350325401896,949.1116333007812,526965,0.0,0.0
2007-05-04,951.1262742865648,955.5594735728891,947.4990814179182,951.7979736328124,427930,0.0,0.0
2007-05-07,954.485084064846,967.1130687137804,953.9476916137772,961.873779296875,579600,0.0,0.0
2007-05-08,956.9032238490698,965.5010114378424,955.2911284268524,963.888916015625,341610,0.0,0.0
2007-05-09,967.2472534179688,972.6208492702908,960.5302586025662,967.2472534179688,598125,0.0,0.0
2007-05-10,967.2472840200832,969.93408203125,960.1272856894044,969.93408203125,519440,0.0,0.0
2007-05-11,975.9796415626716,980.27853594232,964.5607469263568,975.0392456054688,1086035,0.0,0.0
2007-05-14,974.6359821063488,977.3227801273172,968.5906865591694,973.561279296875,460460,0.0,0.0
2007-05-15,975.4425419964724,977.9950343620216,966.0387435891454,968.188232421875,567510,0.0,0.0
2007-05-16,968.5908584899096,974.0987626127542,960.1274596204678,973.4270629882812,651185,0.0,0.0
2007-05-17,973.4268866479398,973.4268866479398,969.5310787284886,969.93408203125,442695,0.0,0.0
2007-05-18,971.8147928257982,973.2924988115384,967.2472037878644,970.2026977539062,448125,0.0,0.0
2007-05-21,968.5908655664908,969.9342648252516,964.5606677902086,967.1131591796876,425145,0.0,0.0
2007-05-22,968.3219936039284,970.6057883283206,964.829188962789,966.4412841796876,418750,0.0,0.0
2007-05-23,968.188062674621,972.083872134999,965.5012636007326,966.03857421875,507540,0.0,0.0
2007-05-24,965.9039529860388,969.5311469552764,957.8435583853208,961.0677490234376,618845,0.0,0.0
2007-05-25,966.8443798213224,967.2473831653926,961.6050903646792,966.57568359375,386725,0.0,0.0
2007-05-29,970.8745535412132,971.9492564306804,961.873763102097,965.7696533203124,436370,0.0,0.0
2007-05-30,965.7024199635912,974.0506724597242,961.124322154458,970.6844482421876,497305,3.3,0.0
2007-05-31,969.607177526554,976.6089402402112,968.395386134687,974.0506591796876,493395,0.0,0.0
2007-06-01,978.8982205794584,982.3990616724766,974.3201217502252,978.2249755859376,519030,0.0,0.0
2007-06-04,976.4743654174098,979.1673448685426,976.070434936382,976.8782958984376,414320,0.0,0.0
2007-06-05,971.492079566144,980.648190837129,971.0881491921516,973.7811279296876,448605,0.0,0.0
2007-06-06,972.8385275516176,973.9157025641724,969.4723042728922,971.7613525390624,445345,0.0,0.0
2007-06-07,970.280380493264,975.9356532942392,960.720337131599,961.124267578125,674570,0.0,0.0
2007-06-08,961.1240648383344,965.0289167585372,954.7955485670204,963.143798828125,552205,0.0,0.0
2007-06-11,959.9124968314476,969.8764708533944,958.0273784629464,964.7598266601562,357795,0.0,0.0
2007-06-12,964.7597922006388,975.3970928455668,962.8746738994712,963.2786865234376,676795,0.0,0.0
2007-06-13,967.8564893422166,976.33935546875,960.9894268072096,976.33935546875,534455,0.0,0.0
2007-06-14,972.8387856046132,977.5514994449125,969.607177526554,974.0506591796876,484970,0.0,0.0
2007-06-15,975.262708147732,979.7061087912028,974.8587775770944,976.743896484375,570605,0.0,0.0
2007-06-18,976.7435236969592,981.7254691387764,974.1851607539736,976.2048950195312,329005,0.0,0.0
2007-06-19,973.108141467849,978.8980308533104,972.1655822229574,977.6861572265624,462975,0.0,0.0
2007-06-20,978.898180530328,979.5714254963048,968.2608771946044,969.7420654296876,525255,0.0,0.0
2007-06-21,968.7994452111842,970.4152494647192,959.1047018731916,970.1459350585938,559345,0.0,0.0
2007-06-22,970.8189401726974,973.5119192023028,958.7005345394736,959.373779296875,625580,0.0,0.0
2007-06-25,959.5084428682694,965.433029899932,951.6988197324974,957.4887084960938,703050,0.0,0.0
2007-06-26,959.1042935107856,961.7972720590026,949.1403221922934,955.1995239257812,527635,0.0,0.0
2007-06-27,949.2753972818088,951.9683771322536,941.4657721521634,950.6218872070312,718965,0.0,0.0
2007-06-28,951.968091478747,955.60362962259,943.889154351629,948.6018676757812,448970,0.0,0.0
2007-06-29,954.6610694966712,954.6610694966712,936.75277532075,942.9465942382812,630320,0.0,0.0
2007-07-02,948.33232130201,948.33232130201,940.792014701568,945.2354125976562,453845,0.0,0.0
2007-07-03,946.3129743292344,951.8336315818766,945.3704150731044,948.4674072265624,252130,0.0,0.0
2007-07-05,943.216050899515,947.9287649297054,940.7923858349164,946.1783447265624,427515,0.0,0.0
2007-07-06,944.8316243045646,946.4474280141706,939.849597109609,943.6197509765624,403050,0.0,0.0
2007-07-09,944.9662816407148,950.4869377077088,943.215861788524,945.6395263671876,407605,0.0,0.0
2007-07-10,943.0810895279416,943.0810895279416,927.731079433277,928.135009765625,795055,0.0,0.0
2007-07-11,924.2305908203124,928.5392922436594,917.6327582180936,924.2305908203124,779995,0.0,0.0
2007-07-12,926.6539606675332,934.7328965370268,922.479794491717,933.251708984375,741155,0.0,0.0
2007-07-13,936.887267768324,939.8495607574924,933.3864283522444,936.4833374023438,584845,0.0,0.0
2007-07-16,936.4837234050184,944.2933483713202,933.7907436108987,939.71533203125,467045,0.0,0.0
2007-07-17,938.7726037473216,941.8695135166676,934.8677508751848,937.9646606445312,545180,0.0,0.0
2007-07-18,934.0599435545182,939.4459024826882,927.7314253772764,935.8103637695312,899790,0.0,0.0
2007-07-19,938.5032893797246,941.1962686892792,935.8103100701702,937.9646606445312,657145,0.0,0.0
2007-07-20,933.9250947444738,942.5426605138798,927.4619615090182,929.6163940429688,839400,0.0,0.0
2007-07-23,930.9630808333555,935.0025502343972,923.6920030381943,927.0582275390624,700750,0.0,0.0
2007-07-24,917.6326559190944,926.3848382572808,910.9002079666432,911.7080688476562,1082305,0.0,0.0
2007-07-25,915.6130442592654,931.3669910162514,908.880595404418,917.7673950195312,939790,0.0,0.0
2007-07-26,903.4946900239588,914.9398537574962,890.8376525512299,897.0315551757812,1420940,0.0,0.0
2007-07-27,891.2416663874166,900.8017114684278,874.1412288212526,880.0657348632812,1156195,0.0,0.0
2007-07-30,878.0458984374999,883.4318572248686,867.4086791423722,878.0458984375,965400,0.0,0.0
2007-07-31,884.6437851079352,888.6832544463276,863.099948636509,864.1771240234375,967880,0.0,0.0
2007-08-01,857.8485451645154,869.6977201352739,807.8938107403535,869.4284057617188,1937960,0.0,0.0
2007-08-02,871.4479266544072,880.2001074585103,853.0010060614293,859.19482421875,938875,0.0,0.0
2007-08-03,863.3690573945541,863.3690573945541,829.3028905245254,829.9761352539062,1497585,0.0,0.0
2007-08-06,832.4001087267965,869.2938842773438,824.9944139555317,869.2938842773438,1269015,0.0,0.0
2007-08-07,861.7532537185355,896.761979650851,858.1177157427715,882.6238403320312,1107555,0.0,0.0
2007-08-08,886.6634329264659,901.609435141238,878.3151806748755,895.1463012695312,872375,0.0,0.0
2007-08-09,855.1554852648874,910.7655697472476,843.7103240238633,865.7927856445312,1292260,0.0,0.0
2007-08-10,853.5397908543097,890.7028709645848,851.9239868966448,870.7748413085938,947380,0.0,0.0
2007-08-13,877.5074467745465,888.6832960304064,870.5056831570572,872.256103515625,731880,0.0,0.0
2007-08-14,876.2953857579121,876.9686305352589,849.7695250938094,854.0783081054688,803220,0.0,0.0
2007-08-15,848.5578140928416,865.9274816819408,846.8073939427597,851.2507934570312,709325,0.0,0.0
2007-08-16,847.0766137970132,866.3314817171366,828.7643872604788,861.0801391601562,1112395,0.0,0.0
2007-08-17,882.0855703615352,898.1088343117527,873.0641530648061,888.144775390625,1144665,0.0,0.0
2007-08-20,891.7800280470813,895.4155663319867,878.3151323127656,885.31689453125,537700,0.0,0.0
2007-08-21,886.5286463522059,896.0886881382561,881.9505495575623,886.1246337890625,529355,0.0,0.0
2007-08-22,895.4155140397328,904.5716261677102,891.5106616315439,897.973876953125,869825,0.0,0.0
2007-08-23,902.1483492801482,904.9759455613156,893.3961638020572,903.2255249023438,673445,0.0,0.0
2007-08-24,899.4550123948317,911.1694878252366,897.9739067746469,910.2269287109376,624915,0.0,0.0
2007-08-27,910.9002267722316,911.8427859416744,900.5322402747686,902.8212890625,317135,0.0,0.0
2007-08-28,899.4548395508942,900.801328831659,878.31494140625,878.31494140625,609175,0.0,0.0
2007-08-29,881.9506044400331,892.7225202194534,875.0835410039308,890.4334716796875,366650,0.0,0.0
2007-08-30,882.6238133965469,887.8751549994141,873.198387471641,883.2970581054688,352815,0.0,0.0
2007-08-31,891.7801375014199,895.2810601319553,881.9507788455848,888.6832275390625,437715,0.0,0.0
2007-09-04,889.0870712252892,898.5124984759835,881.546762298015,896.2234497070312,532755,0.0,0.0
2007-09-05,889.8758723781423,891.4964636003584,882.0426301266286,884.6087036132812,536690,4.0,0.0
2007-09-06,886.094179699618,887.7148531819928,872.9939349250423,874.344482421875,474350,0.0,0.0
2007-09-07,867.1866532191576,871.5084223853121,856.7875017776769,858.2730712890625,681445,0.0,0.0
2007-09-10,863.9453125547324,873.669271719811,854.0863316025778,866.3762817382812,496765,0.0,0.0
2007-09-11,870.2931156982738,879.3417208495529,866.3764937440608,876.640625,485645,0.0,0.0
2007-09-12,875.9653601802657,880.827382218749,869.3477247383338,873.6694946289062,493275,0.0,0.0
2007-09-13,875.1548999135945,883.9334598664315,873.1290783860167,879.20654296875,487190,0.0,0.0
2007-09-14,875.5601002886618,879.0715739391071,870.8331831072459,877.3157958984375,463165,0.0,0.0
2007-09-17,872.4538843563713,878.2612234471771,866.376419217666,877.450927734375,360065,0.0,0.0
2007-09-18,881.0972812135183,902.841064453125,879.8817554094405,902.841064453125,866840,0.0,0.0
2007-09-19,905.2721063556608,917.5621398778392,903.651432630321,912.4299926757812,671655,0.0,0.0
2007-09-20,907.5681692853724,916.2117086318788,903.3815038577552,906.7578735351562,478345,0.0,0.0
2007-09-21,916.0766765358468,916.8870547807882,901.3557530415088,907.973388671875,786050,0.0,0.0
2007-09-24,904.8668965450408,905.5421703484324,901.355505739757,901.6255493164062,453665,0.0,0.0
2007-09-25,901.4905360020534,909.1886739192591,895.548093503993,905.9473266601562,560380,0.0,0.0
2007-09-26,907.8382979393284,915.5364373119752,902.030958563788,912.0249633789062,778750,0.0,0.0
2007-09-27,911.2144165039062,913.6453855224468,906.0823524801256,911.2144165039062,539725,0.0,0.0
2007-09-28,908.6484648977838,916.8868552249886,906.3525173498452,913.6455078125,496155,0.0,0.0
2007-10-01,911.349569348612,928.5015415847926,908.7835781831296,926.3406982421876,566565,0.0,0.0
2007-10-02,925.1252327214296,931.8779716464036,923.9097067425764,931.2026977539062,516055,0.0,0.0
2007-10-03,926.7458147854834,934.4439528838816,924.9901193250138,930.662353515625,400020,0.0,0.0
2007-10-04,931.8780292304548,935.2543989015796,927.286133505365,930.797607421875,382945,0.0,0.0
2007-10-05,935.5245896315226,943.0876252452928,932.0131154722748,937.145263671875,548795,0.0,0.0
2007-10-08,933.7689391285912,940.6567010960548,931.8781389178432,936.8751831054688,284055,0.0,0.0
2007-10-09,937.9556779934431,947.1393888079876,933.4988856425086,946.8692626953124,451655,0.0,0.0
2007-10-10,944.0329169470308,944.1679387553514,912.1600216791178,925.5303955078124,720465,0.0,0.0
2007-10-11,928.6365466435864,928.6365466435864,916.3465957961264,920.1281127929688,635560,0.0,0.0
2007-10-12,920.1282434176233,921.8839391549496,916.7518737570338,919.5880737304688,577085,0.0,0.0
2007-10-15,919.3178164626736,921.0735119494202,896.8986756575714,902.0308227539062,657185,0.0,0.0
2007-10-16,896.7636264390576,897.8440480570239,889.3356144730715,894.602783203125,569090,0.0,0.0
2007-10-17,898.1141110684009,900.0049105903706,873.9392772116514,888.6602783203125,891125,0.0,0.0
2007-10-18,885.2837295209314,887.4445721660285,873.8040778032687,876.2350463867188,598955,0.0,0.0
2007-10-19,874.0745819398961,878.6663951552484,853.8163642609626,854.4916381835938,950765,0.0,0.0
2007-10-22,844.227233853476,863.4050253979256,844.227233853476,858.137939453125,684930,0.0,0.0
2007-10-23,866.2413137818371,869.6176829773839,856.9225018297725,867.9970092773438,601360,0.0,0.0
2007-10-24,865.0256307969772,867.7267256628538,841.391050720557,862.1895141601562,852345,0.0,0.0
2007-10-25,862.1896445303719,866.9165612604048,789.5301157068702,834.50341796875,3216220,0.0,0.0
2007-10-26,850.0345303176371,857.0573105537426,817.2161639511273,839.3651733398438,1134690,0.0,0.0
2007-10-29,839.5004135886608,856.9225118130068,839.3653917916214,853.546142578125,674950,0.0,0.0
2007-10-30,852.195613067607,860.0287733734924,846.9284439764491,848.2789916992188,440545,0.0,0.0
2007-10-31,850.1698116081091,859.4886240881644,841.3912512023065,852.4657592773438,549775,0.0,0.0
2007-11-01,837.6097448246701,837.6097448246701,799.389259356674,800.7398071289062,1393645,0.0,0.0
2007-11-02,801.4152529843798,802.2255488492365,761.3039590557356,798.4440307617188,1884985,0.0,0.0
2007-11-05,794.7972499832109,826.4000962938937,786.1537125080669,803.98095703125,1331870,0.0,0.0
2007-11-06,804.6564047270238,840.986175414448,804.6564047270238,838.0149536132812,927005,0.0,0.0
2007-11-07,816.8114067651139,828.6962125749169,773.8639972271698,781.96728515625,1457825,0.0,0.0
2007-11-08,756.9819755009241,792.9065108574262,729.1607262336382,756.3067016601562,2073125,0.0,0.0
2007-11-09,746.4476836616482,795.4725456239416,743.3414406318063,770.6224365234375,1581775,0.0,0.0
2007-11-12,763.4645732437275,788.0445570624438,760.3583301219467,766.8409423828125,802895,0.0,0.0
2007-11-13,774.6742237533936,805.1966550145871,768.5967583502104,799.2542114257812,915445,0.0,0.0
2007-11-14,810.3285084098189,812.8945816588015,787.3692006715407,802.63037109375,1014385,0.0,0.0
2007-11-15,797.7682758578286,797.7682758578286,756.5765847949617,769.1366577148438,1112350,0.0,0.0
2007-11-16,770.7577028602229,772.783524709813,753.3356019813873,762.249267578125,1137305,0.0,0.0
2007-11-19,754.4158973688328,756.3066970838979,736.9938818409688,747.5281372070312,1056965,0.0,0.0
2007-11-20,751.3096888095517,751.3096888095517,716.6005955193103,735.2382202148438,1272155,0.0,0.0
2007-11-21,720.7872886878793,727.5400268572788,686.8885348344052,693.236083984375,1844825,0.0,0.0
2007-11-23,702.284749785203,723.7584895298347,693.7763164182128,716.1953735351562,628885,0.0,0.0
2007-11-26,721.4625370199324,723.8935061888676,704.3105661893553,709.8477783203125,1200870,0.0,0.0
2007-11-27,715.7903184289872,741.7208521110841,715.7903184289872,735.9135131835938,1044130,0.0,0.0
2007-11-28,744.2867891126001,781.8320803412188,741.585693768434,779.5361328125,1214640,0.0,0.0
2007-11-29,780.886821766781,782.2373696832124,752.2551894522561,774.2691040039062,906105,0.0,0.0
2007-11-30,795.2024102204479,808.5728644298862,776.8349958368059,785.0733032226562,982840,0.0,0.0
2007-12-03,779.2661138175871,781.9672095327261,754.8212305679394,768.4617309570312,878240,0.0,0.0
2007-12-04,757.7923207538469,764.4100377990229,743.4765473645974,751.579833984375,630290,0.0,0.0
2007-12-05,779.094763295355,804.9833137933821,776.7905346311866,788.1760864257812,1542280,4.0,0.0
2007-12-06,789.1248463436099,836.0223039960778,783.0254617093075,831.5494384765625,1166210,0.0,0.0
2007-12-07,832.2271367966208,844.4259059027602,829.2451989139249,832.9048461914062,792980,0.0,0.0
2007-12-10,837.2425236290385,841.3087815556213,823.6883305404293,833.7183837890625,666515,0.0,0.0
2007-12-11,833.3113914349789,843.6126230833651,796.9861872033227,803.0855712890625,1088130,0.0,0.0
2007-12-12,824.5011196876472,829.7872853308038,770.1488667967507,788.9891357421875,1215070,0.0,0.0
2007-12-13,775.4350554262803,780.3146126993869,755.2393651245314,773.2664184570312,935765,0.0,0.0
2007-12-14,763.3719729697207,773.1310060037382,748.1912641088275,754.2906494140625,1058405,0.0,0.0
2007-12-17,754.9683910883565,770.1491005966371,743.4473294649255,745.615966796875,891365,0.0,0.0
2007-12-18,757.6793512145889,770.1492247033004,740.6011019708093,768.522705078125,942435,0.0,0.0
2007-12-19,767.9802489385514,793.0554964104043,767.1670307604729,771.0977783203125,1191390,0.0,0.0
2007-12-20,774.6218200459066,782.7543325923202,758.7634040347607,769.0646362304688,778735,0.0,0.0
2007-12-21,778.5528462072464,792.1070386361453,773.6732872959076,790.6160278320312,1127020,0.0,0.0
2007-12-24,794.2754606816258,813.2513249299923,790.7514046982103,812.980224609375,453860,0.0,0.0
2007-12-26,812.9802552966536,813.7935562892046,800.6459761609187,806.745361328125,503135,0.0,0.0
2007-12-27,798.2062564153624,803.627932240284,783.4321567011681,786.2785034179688,469915,0.0,0.0
2007-12-28,789.6670474079117,796.9863428313191,776.3839582396979,785.3297729492188,424535,0.0,0.0
2007-12-31,781.9413270072862,799.561775648139,773.9443210713042,790.2093505859375,578775,0.0,0.0
2008-01-02,794.1400825828844,800.6460777074232,761.7455330504829,763.1009521484375,734185,0.0,0.0
2008-01-03,763.1006003177937,777.4680030406762,761.3385728484859,765.1337280273438,542605,0.0,0.0
2008-01-04,756.3237251709426,768.1158858187106,748.1912119970615,749.546630859375,712825,0.0,0.0
2008-01-07,752.935308913778,769.7425388197016,748.1913420709369,763.1009521484375,839145,0.0,0.0
2008-01-08,771.9110448032108,775.9773014044569,751.0375611588667,752.9351806640625,959955,0.0,0.0
2008-01-09,754.9683975558705,767.1671687910641,735.4503304882759,765.5406494140625,964130,0.0,0.0
2008-01-10,758.2213599012468,798.6128262639669,752.5285840195285,783.567626953125,1135130,0.0,0.0
2008-01-11,775.4352387431996,803.0858216429526,768.6581432019088,781.8057250976562,897175,0.0,0.0
2008-01-14,789.6668754112444,805.3897814481396,779.7723357741354,804.0343627929688,668305,0.0,0.0
2008-01-15,795.6309753747503,798.2063046384578,774.8930806372008,784.2454223632812,742955,0.0,0.0
2008-01-16,779.0948712354575,799.9683581747412,775.5708147160428,784.9231567382812,906750,0.0,0.0
2008-01-17,786.9562047364101,795.0887183894692,731.3840281071724,735.5858764648438,1430505,0.0,0.0
2008-01-18,739.3810812357408,752.2575620271973,685.4354203603339,705.49560546875,1909015,0.0,0.0
2008-01-22,670.1190841910786,729.2153554724466,669.5769249133617,710.375,1451630,0.0,0.0
2008-01-23,684.8932885956299,750.902218579588,676.3541643884736,742.9052124023438,1351615,0.0,0.0
2008-01-24,749.2753547718778,767.1668961029542,739.3808159437483,746.0223999023438,856830,0.0,0.0
2008-01-25,754.6972141533679,758.8990623089085,718.3720047961108,721.3539428710938,893935,0.0,0.0
2008-01-28,719.049736294681,744.2604950885658,713.492551819878,742.0918579101562,727685,0.0,0.0
2008-01-29,746.4290986631551,779.7723657717888,741.2785241210024,768.9290161132812,876600,0.0,0.0
2008-01-30,765.8115638100261,772.5886572950706,731.9260963848037,736.941162109375,1093045,0.0,0.0
2008-01-31,723.6580707061199,755.1037180891491,717.6941953868882,745.0736694335938,1276750,0.0,0.0
2008-02-01,746.2935554572855,767.1670379921678,736.1279144944917,755.3748779296875,818850,0.0,0.0
2008-02-04,752.5286871144635,758.4924814085555,745.7515917383034,751.3087768554688,462405,0.0,0.0
2008-02-05,743.8538867120773,743.8538867120773,713.7635701439847,717.4232177734375,986375,0.0,0.0
2008-02-06,720.9473785774463,726.2334628893766,704.0046415618851,706.1732788085938,839330,0.0,0.0
2008-02-07,701.971410864508,710.3749410175257,690.58586015729,700.0737915039062,933160,0.0,0.0
2008-02-08,697.7696825334473,697.9052740699615,676.2185287717743,686.9263305664062,940385,0.0,0.0
2008-02-11,658.0558988726299,664.155284135095,603.1614315104434,606.4144287109375,5043725,0.0,0.0
2008-02-12,609.5320612796269,635.4205362034996,597.7398971040379,625.3904418945312,3154870,0.0,0.0
2008-02-13,629.1855265693122,633.9294931463971,614.9536268380573,616.9867553710938,1534715,0.0,0.0
2008-02-14,616.0380496517643,627.9657225163182,606.5501148936513,616.7157592773438,1274435,0.0,0.0
2008-02-15,613.7336412583978,626.2035112753216,606.5499378694944,624.983642578125,1121515,0.0,0.0
2008-02-19,651.2789675934848,656.0229350993687,635.2850365478648,637.4536743164062,1370805,0.0,0.0
2008-02-20,633.2517992309246,653.9896942329805,632.8451486958389,649.2457275390625,1026360,0.0,0.0
2008-02-21,657.1071049259275,662.5287808456599,640.8420771667302,645.0438842773438,816390,0.0,0.0
2008-02-22,646.3992707805951,662.9353980506053,635.6914696499306,662.5287475585938,982005,0.0,0.0
2008-02-25,659.2757061432167,685.43531420228,652.0920029388463,682.8599853515625,1245585,0.0,0.0
2008-02-26,679.2003059230606,699.6671361765594,677.7093371086025,696.956298828125,1189645,0.0,0.0
2008-02-27,687.1973673697294,708.2063598632812,685.5708481794268,708.2063598632812,1098940,0.0,0.0
2008-02-28,697.6340364463857,697.6340364463857,673.5075582488071,679.7424926757812,1216475,0.0,0.0
2008-02-29,637.8602523287811,646.5349265080591,626.8813490775206,635.1494140625,2455905,0.0,0.0
2008-03-03,631.7605913788384,634.6069785929196,616.0377280019012,632.8449096679688,1104035,0.0,0.0
2008-03-04,628.2367949710119,628.2367949710119,602.3482801524588,621.1885986328125,1613400,0.0,0.0
2008-03-05,623.7749487368998,634.3935363756734,603.7629471729853,607.302490234375,1115760,4.0,0.0
2008-03-06,599.6789004106352,605.1243387798577,583.0702967663473,583.7509765625,1306350,0.0,0.0
2008-03-07,574.3576036846706,605.8050185760105,573.6769238885179,583.7509765625,1491885,0.0,0.0
2008-03-10,584.7040525306819,600.631979310914,569.320702923939,571.0904541015625,1027360,0.0,0.0
2008-03-11,588.107412997159,609.7530247497796,581.8451498274607,598.998291015625,1575055,0.0,0.0
2008-03-12,600.3597009403189,618.7380591323695,592.191541743852,594.2335815429688,1080995,0.0,0.0
2008-03-13,568.9122891401864,583.4788565664543,546.3137066802129,578.3056640625,1679925,0.0,0.0
2008-03-14,587.018257771062,587.018257771062,555.5708436859344,560.6078491210938,1632025,0.0,0.0
2008-03-17,536.6479562369068,549.716974802568,524.1234316418519,541.8211059570312,1847435,0.0,0.0
2008-03-18,564.1474520652398,594.5057983398438,558.8381575377857,594.5057983398438,1479680,0.0,0.0
2008-03-19,606.2135135074926,620.7800802544318,572.0434151333204,574.2215576171875,1695160,0.0,0.0
2008-03-20,577.2166632076462,613.42884897268,577.2166632076462,612.7481689453125,1323805,0.0,0.0
2008-03-24,616.2875483378102,648.4156037884429,615.8791155035323,627.7229614257812,1365130,0.0,0.0
2008-03-25,629.6287674236149,633.9851344325957,615.4706369625196,623.6387939453125,918625,0.0,0.0
2008-03-26,619.2826156706559,621.8691911944201,598.7260726900113,599.815185546875,730245,0.0,0.0
2008-03-27,602.9461800868955,612.611841901533,591.6469116210938,591.6469116210938,711960,0.0,0.0
2008-03-28,593.8251541469107,603.7630639477311,582.2535959878223,582.6619873046875,631840,0.0,0.0
2008-03-31,583.6149355578285,598.3176040914018,573.5408402730964,588.7880859375,815840,0.0,0.0
2008-04-01,605.9412603349286,642.0172953353442,605.9412603349286,639.839111328125,1123455,0.0,0.0
2008-04-02,640.3835613450278,652.499653737312,630.9901882114773,638.0692749023438,750845,0.0,0.0
2008-04-03,631.6710481700396,646.2376169766079,626.9062881084122,639.7030639648438,694980,0.0,0.0
2008-04-04,641.8812996539707,649.7771717696186,634.2576746363784,643.92333984375,619100,0.0,0.0
2008-04-07,649.9131739317465,661.3485881840877,646.6459186518497,653.9972534179688,548995,0.0,0.0
2008-04-08,650.8661527019412,655.9031592205325,635.7550500553559,636.4357299804688,670680,0.0,0.0
2008-04-09,636.4355827588012,647.1903147786942,617.7849405068554,620.2354125976562,695980,0.0,0.0
2008-04-10,619.1463000421684,632.0792156276414,615.6067984866714,620.2354125976562,513155,0.0,0.0
2008-04-11,609.2084110879194,617.3765685550201,597.3645661424647,599.6788940429688,845205,0.0,0.0
2008-04-14,597.6368826896244,599.6789221521174,586.3376142819893,589.3325805664062,687230,0.0,0.0
2008-04-15,593.552905932732,606.2135361612998,587.4267864907657,600.495849609375,492270,0.0,0.0
2008-04-16,607.0303836810443,619.554911638766,607.0303836810443,619.0103759765625,806660,0.0,0.0
2008-04-17,612.3396405934976,633.3046154062105,610.7060337095937,628.5398559570312,615000,0.0,0.0
2008-04-18,641.4728006705101,669.5167813380009,641.3366563716042,656.5838623046875,978850,0.0,0.0
2008-04-21,654.5416497845778,654.5416497845778,633.3044742108225,633.5767211914062,657370,0.0,0.0
2008-04-22,632.0794006882355,632.2155449907065,612.0674345872571,616.2876586914062,778095,0.0,0.0
2008-04-23,612.6120882588385,613.7011597975767,590.1496450226812,597.0925903320312,977640,0.0,0.0
2008-04-24,602.4015488141547,650.0491289463477,600.3595096656321,639.4305419921875,1296710,0.0,0.0
2008-04-25,641.3366348356824,651.1384008466507,629.3566432061803,647.0543212890625,637755,0.0,0.0
2008-04-28,640.5199333829287,647.1905896298,631.3988040045813,640.3837890625,568465,0.0,0.0
2008-04-29,638.3416072265741,650.0493099131482,633.3046008518719,639.839111328125,633035,0.0,0.0
2008-04-30,639.9753272375898,643.650974212295,626.2255832952854,628.9483032226562,666395,0.0,0.0
2008-05-01,629.220405985695,658.3534922946712,625.9531098015583,655.49462890625,693950,0.0,0.0
2008-05-02,661.7570093023335,673.873103253775,653.588850475015,667.61083984375,1127075,0.0,0.0
2008-05-05,668.9721720621083,668.9721720621083,642.2895126840915,645.1483764648438,762515,0.0,0.0
2008-05-06,643.7870901199442,662.3015931184626,632.2155309390462,658.898193359375,814195,0.0,0.0
2008-05-07,657.9450519428185,659.5787000161254,612.2034044349832,613.7008666992188,1155630,0.0,0.0
2008-05-08,618.6020027682109,619.0104357133349,596.9563861298265,601.0404663085938,1237620,0.0,0.0
2008-05-09,570.2735505876506,573.4047027181906,545.9052210971328,548.3556518554688,4171115,0.0,0.0
2008-05-12,545.0885066628242,560.1996101671809,522.3538208007812,522.3538208007812,4013395,0.0,0.0
2008-05-13,519.9031944234131,533.5167896769478,519.3586589223507,533.1083984375,7756440,0.0,0.0
2008-05-14,533.7892378942028,540.3237489526745,531.3387650882198,536.9203491210938,2559810,0.0,0.0
2008-05-15,537.7370341172168,539.5067849531144,529.1604853811011,538.6900024414062,1465135,0.0,0.0
2008-05-16,540.5960696641541,540.5960696641541,531.4749409556374,535.5590209960938,1446550,0.0,0.0
2008-05-19,534.7419813359503,539.0983482429397,526.4377218341797,530.24951171875,1325200,0.0,0.0
2008-05-20,526.5738982185864,528.2075464236234,514.049414313101,518.9503173828125,2322725,0.0,0.0
2008-05-21,520.0392010504785,524.9401023537484,500.29949315720114,503.1583557128906,2255980,0.0,0.0
2008-05-22,504.3838204859389,515.2746992008849,499.61906104815,514.7301635742188,1520930,0.0,0.0
2008-05-23,511.7350935130878,511.7350935130878,500.29968055239874,503.02239990234375,1762185,0.0,0.0
2008-05-27,502.3418512818966,506.6982199978986,497.3048025506074,498.5300598144531,1560510,0.0,0.0
2008-05-28,500.8442488484103,501.66107301586135,470.0775098740421,475.2507019042969,2788885,0.0,0.0
2008-05-29,474.8421391249468,484.7800876098786,470.2135255030431,481.1044006347656,1543580,0.0,0.0
2008-05-30,498.121615293891,503.43091098057727,488.72823961046,490.089599609375,1412270,0.0,0.0
2008-06-02,490.08966739669495,492.5400991155121,482.19379492902567,488.3199157714844,1221685,0.0,0.0
2008-06-03,491.85928434032405,499.7551961913399,486.6861336636,490.2256774902344,1264670,0.0,0.0
2008-06-04,490.2257720083029,503.3678282025716,488.5829993174775,488.9937133789063,1438440,4.0,0.0
2008-06-05,491.7315726657212,499.67154210323525,485.8450061443428,498.4394836425781,880965,0.0,0.0
2008-06-06,481.8749194787421,484.61284515759866,460.6559954676043,464.4890747070313,2488835,0.0,0.0
2008-06-09,467.09022126076434,467.91156568972224,449.9781827001771,458.4657287597656,1492215,0.0,0.0
2008-06-10,453.40049114003546,473.9349329167141,453.40049114003546,469.2804260253906,1386115,0.0,0.0
2008-06-11,467.5009019935245,470.1019235466391,449.2937093442836,455.317138671875,1603090,0.0,0.0
2008-06-12,458.46581152084224,472.2923495292156,453.8113445476376,461.06683349609375,1218055,0.0,0.0
2008-06-13,466.1319855837027,471.19716630836473,455.4540889685333,467.91162109375,1194320,0.0,0.0
2008-06-16,459.15017732077706,476.2622146521823,453.8112300288656,465.5843200683594,1274900,0.0,0.0
2008-06-17,470.7863406151124,472.2922081851022,439.1632887550581,441.9012145996094,1498810,0.0,0.0
2008-06-18,438.20513431117166,440.66925139188567,425.0630790666656,431.4972229003906,1755240,0.0,0.0
2008-06-19,443.2702464341453,456.0016286570314,437.65753100219,452.7161254882813,2090670,0.0,0.0
2008-06-20,445.5975912218896,452.7162176851079,436.0148473246447,439.437255859375,1543825,0.0,0.0
2008-06-23,438.2050190698755,441.490521572604,412.3316294169207,414.7957458496094,1771245,0.0,0.0
2008-06-24,412.8791435591036,420.27153351296727,405.8974256892338,408.3615417480469,1709780,0.0,0.0
2008-06-25,410.8257635603804,419.4502128866983,404.93919818275526,407.1295471191406,1558555,0.0,0.0
2008-06-26,397.4100250934337,400.8324333073883,383.4466246469652,384.5417785644531,1613535,0.0,0.0
2008-06-27,380.8454365888561,387.1426315329768,375.2326812114466,379.88714599609375,1870080,0.0,0.0
2008-06-30,376.6017108810757,382.6251394253077,360.9955418145641,362.22760009765625,2153300,0.0,0.0
2008-07-01,357.1624426571188,370.0306866570111,351.82349524814,365.9237976074219,2032435,0.0,0.0
2008-07-02,366.4714411688464,374.2745058274854,362.3645518398452,366.1976318359375,1535400,0.0,0.0
2008-07-03,370.16755385402826,370.16755385402826,352.78175036996635,359.2158508300781,865630,0.0,0.0
2008-07-07,361.4062782683192,366.19764938172494,346.4845880134866,355.1090393066406,1459440,0.0,0.0
2008-07-08,354.69834456831404,376.7386586475628,347.71662446182137,375.0958862304688,1641295,0.0,0.0
2008-07-09,375.0958341870433,379.4765321731933,355.9303536081433,357.8468933105469,1482435,0.0,0.0
2008-07-10,351.9604934972193,358.9422150935598,325.265707576318,328.414306640625,2530750,0.0,0.0
2008-07-11,317.1888152951143,327.1822522831822,297.74953921168253,315.9567565917969,3044200,0.0,0.0
2008-07-14,328.5511363636364,335.25904704223984,307.87978567860347,308.701171875,1552695,0.0,0.0
2008-07-15,295.0115586069849,302.267067474367,270.0964334731413,282.5539855957031,3571165,0.0,0.0
2008-07-16,287.4821654712092,318.69451904296875,283.37527739304903,318.69451904296875,2468645,0.0,0.0
2008-07-17,325.4025819788475,341.2825650899801,316.6412249519126,341.1456604003906,2566375,0.0,0.0
2008-07-18,342.78834254797346,344.5679987072447,326.908383553728,343.19903564453125,1937345,0.0,0.0
2008-07-21,360.85873108033024,385.9107425403109,360.85873108033024,363.1859436035156,2471970,0.0,0.0
2008-07-22,358.2575639608913,388.6485115690557,343.6096460058465,385.2261047363281,1822025,0.0,0.0
2008-07-23,386.4582938642869,425.610649660273,386.4582938642869,412.0579223632813,2507910,0.0,0.0
2008-07-24,413.70069877832185,414.1113710303505,371.1259345912834,375.506591796875,2095495,0.0,0.0
2008-07-25,378.92891548857926,389.7437558627523,366.8820586325144,372.9054870605469,1625555,0.0,0.0
2008-07-28,372.6317417705285,379.8872288906185,325.9500955585727,328.0035400390625,2253050,0.0,0.0
2008-07-29,318.1469812536616,353.8769226074219,303.0883888022819,353.8769226074219,3127410,0.0,0.0
2008-07-30,360.3111044105784,377.5600060380768,348.9486856210656,366.3345336914063,1980360,0.0,0.0
2008-07-31,360.1741495638936,373.7268740018819,353.8769118296208,356.6148376464844,1426575,0.0,0.0
2008-08-01,363.0490636204484,370.0307426390614,349.085622028338,366.7452392578125,1174195,0.0,0.0
2008-08-04,366.7451224556176,372.49478287471385,355.10893876060305,365.3761596679688,1090460,0.0,0.0
2008-08-05,383.3096227367703,409.3199185653368,380.9823690306094,409.1830139160156,2082580,0.0,0.0
2008-08-06,399.8740955321136,403.4334076419971,384.4047887638524,398.2313232421875,1793270,0.0,0.0
2008-08-07,349.085573518627,352.0973089030955,322.11700593826487,326.3607788085937,7748975,0.0,0.0
2008-08-08,326.90842350154367,344.43115702327714,319.5160095263155,340.4611511230469,3036270,0.0,0.0
2008-08-11,340.87183645920265,344.4311491311324,327.4559929348714,334.9852905273437,2045395,0.0,0.0
2008-08-12,329.3724407653937,329.5093245049877,309.2486719495782,312.8079833984375,2179980,0.0,0.0
2008-08-13,311.8498512992103,312.12363978794644,292.1367667793695,301.8564147949219,2732655,0.0,0.0
2008-08-14,300.62432884623024,315.40911478233926,295.1484760139763,312.3973999023437,1599825,0.0,0.0
2008-08-15,318.5576175776407,320.20036864745487,310.4807459659719,314.7245178222656,1549045,0.0,0.0
2008-08-18,312.6710830774391,313.3555644509788,295.0114719956009,295.6959533691406,1628220,0.0,0.0
2008-08-19,281.45886431424515,289.26195098749736,270.37025317049785,278.17333984375,2920910,0.0,0.0
2008-08-20,280.2267113062889,290.767721829215,270.7808753196173,284.7442932128906,1913120,0.0,0.0
2008-08-21,278.44703262361907,281.59565132570793,266.6739647614681,270.7808532714844,2365575,0.0,0.0
2008-08-22,279.40532071795434,279.5422044671176,266.8108460269005,272.0129089355469,2385160,0.0,0.0
2008-08-25,262.56713055537165,263.66230522895546,255.17471717522028,257.0912780761719,2428680,0.0,0.0
2008-08-26,258.73397186136253,270.5070604179475,257.5019136841753,268.8642883300781,2204350,0.0,0.0
2008-08-27,269.1381666501658,277.4888294251612,266.9478172302246,273.7926330566406,1885575,0.0,0.0
2008-08-28,279.6791537063528,294.4639587402344,275.982957670062,294.4639587402344,1970830,0.0,0.0
2008-08-29,289.9463820506955,296.6542927300402,287.48224434995217,294.1901550292969,1309890,0.0,0.0
2008-09-02,303.9098011034967,313.21875414387006,292.6843081233635,300.6242980957031,1706240,0.0,0.0
2008-09-03,301.8688068017697,312.5164882431302,294.539876087552,312.23992919921875,1388565,4.4,0.0
2008-09-04,300.76255511806187,308.22975494302085,289.4234653060452,293.4336242675781,2064210,0.0,0.0
2008-09-05,281.1265207722548,310.16565922575666,280.57338166546174,308.9211120605469,2338825,0.0,0.0
2008-09-08,338.37515039589044,341.27907311747384,297.30550977695486,314.72900390625,2774410,0.0,0.0
2008-09-09,306.8469972530556,309.6126304724616,252.778880473732,254.02340698242188,4389115,0.0,0.0
2008-09-10,265.08595434582656,269.09613539316825,233.142901576204,241.992919921875,4126820,0.0,0.0
2008-09-11,217.1021767640725,246.14132142678284,191.10522398886343,242.6842803955078,8484010,0.0,0.0
2008-09-12,209.49666999557127,212.95371075457416,158.88559539378016,167.8739013671875,16033190,0.0,0.0
2008-09-15,98.4565365194241,110.48704712520292,48.398580419671205,65.82206726074219,36971185,0.0,0.0
2008-09-16,25.58210088094076,70.80019376333841,17.28520329793294,51.85560989379883,61554360,0.0,0.0
2008-09-17,31.66649734036072,42.86731152418183,27.51804783802054,28.34773826599121,27304965,0.0,0.0
2008-09-18,33.18759780922925,37.1977653503418,29.0391480830756,37.1977653503418,12277890,0.0,0.0
2008-09-19,57.8017229701762,61.53532820862609,34.57040910596972,53.23843002319336,25082985,0.0,0.0
2008-09-22,63.33299845999471,76.33147645299664,59.737677453433314,65.2689437866211,19929195,0.0,0.0
2008-09-23,74.39553309416456,78.82054733276367,66.37519775390625,69.14083099365234,12298155,0.0,0.0
2008-09-24,73.84240471940193,74.5338129835348,45.77122497558594,45.77122497558594,14057880,0.0,0.0
2008-09-25,53.929847719057406,60.29080200667912,37.336048420885895,41.76106262207031,15548520,0.0,0.0
2008-09-26,38.30401800388687,45.35638002525888,38.0274536496117,43.558719635009766,6752680,0.0,0.0
2008-09-29,46.32435676574707,48.675146074536606,34.57041549682617,34.57041549682617,7705280,0.0,0.0
2008-09-30,43.97356203842794,49.22826349144303,40.51652091473037,46.04778671264648,5477410,0.0,0.0
2008-10-01,51.57905288655245,55.31265838236749,48.39857608457155,54.62125015258789,6169945,0.0,0.0
2008-10-02,60.7056425118506,60.84392204284668,51.85561537742615,55.31265640258789,4906840,0.0,0.0
2008-10-03,63.886120972093856,68.5876937317124,51.30248812643951,53.376712799072266,12031170,0.0,0.0
2008-10-06,47.43061146609248,55.17438810394102,44.94154247625893,53.51500701904297,6544485,0.0,0.0
2008-10-07,58.354848861619296,58.354848861619296,48.53684997558594,48.53684997558594,4507990,0.0,0.0
2008-10-08,48.260290818021865,52.547019223623,44.1118392944336,44.1118392944336,4358750,0.0,0.0
2008-10-09,46.46262519653496,46.6009099904388,33.04930877685547,33.04930877685547,11667595,0.0,0.0
2008-10-10,29.039150091970228,33.18760010510883,26.273516749877825,32.219627380371094,11405465,0.0,0.0
2008-10-13,40.65479835409356,41.48448865468991,31.528210322559225,35.53837966918945,7061250,0.0,0.0
2008-10-14,40.93137150790166,40.93137150790166,34.70869686561127,38.71886444091797,5128935,0.0,0.0
2008-10-15,36.92120158893731,37.33604548375151,33.4641603404418,33.602439880371094,3301435,0.0,0.0
2008-10-16,35.123538557211745,35.123538557211745,30.145398631875583,33.602439880371094,4306000,0.0,0.0
2008-10-17,30.145394605395268,34.70869002640393,29.03914260864257,29.03914260864257,5304725,0.0,0.0
2008-10-20,32.357901861331825,32.357901861331825,29.868833501811245,31.943058013916016,4213550,0.0,0.0
2008-10-21,30.97508941347744,32.496188107724635,30.14539897684141,30.560245513916016,2586370,0.0,0.0
2008-10-22,30.00711571838478,31.38993206231933,29.177425384521484,29.177425384521484,2741625,0.0,0.0
2008-10-23,30.69852324128442,30.69852324128442,28.07117013334937,29.03914260864257,3258275,0.0,0.0
2008-10-24,24.33757161550816,26.688358149455297,23.50788116455078,23.50788116455078,5485155,0.0,0.0
2008-10-27,23.50787734985352,23.646159508825804,18.66802024841309,18.66802024841309,5245140,0.0,0.0
2008-10-28,22.81647323927221,25.3055419921875,19.77427707112057,25.3055419921875,5216630,0.0,0.0
2008-10-29,25.028971368941008,25.16725350330225,20.74224102881647,21.43364906311035,5523995,0.0,0.0
2008-10-30,23.6461602154182,24.061004067218583,21.98677953319089,22.539905548095703,4215640,0.0,0.0
2008-10-31,22.53990540103032,27.10320092862497,21.84849854628873,26.41179275512696,5075055,0.0,0.0
2008-11-03,27.65632928253476,30.42196221078823,26.688356702640803,29.59227180480957,5220295,0.0,0.0
2008-11-04,32.63446615846576,34.43212634584418,31.94305798831823,33.32587432861328,5760150,0.0,0.0
2008-11-05,32.63446189086972,32.91102354025516,28.20944912557764,28.486013412475582,3930790,0.0,0.0
2008-11-06,27.37976328239112,27.65632761353161,25.167259183318937,25.858667373657227,3497945,0.0,0.0
2008-11-07,29.177425384521484,30.83680341473522,28.209452888762154,29.177425384521484,3698535,0.0,0.0
2008-11-10,38.30402305945153,39.27199315214604,31.1133752743696,31.52821922302246,10547080,0.0,0.0
2008-11-11,30.00712666462917,32.49619593668919,28.071180966900453,31.25166130065918,4499980,0.0,0.0
2008-11-12,29.73054743914477,31.528207392088056,28.0711669921875,28.0711669921875,2998120,0.0,0.0
2008-11-13,29.177421492207944,30.836799301058093,27.241479396459848,28.486013412475582,4628945,0.0,0.0
2008-11-14,29.1774215811476,30.421955600956974,28.48601349930767,28.762575149536133,2885215,0.0,0.0
2008-11-17,28.90086112471468,29.039143286916858,26.41179275512696,26.41179275512696,2740475,0.0,0.0
2008-11-18,26.82663597762439,27.241482454541256,24.89069366455078,26.96491813659668,2552420,0.0,0.0
2008-11-19,25.58210481540717,25.72038699056064,21.57193756103516,21.57193756103516,3124090,0.0,0.0
2008-11-20,21.848499451869785,23.507878873292043,19.91255569458008,19.91255569458008,4236795,0.0,0.0
2008-11-21,23.50787937641144,23.50787937641144,20.742246508598328,22.125062942504883,4669515,0.0,0.0
2008-11-24,23.922714938209733,24.47584342956543,22.263337376679,24.47584342956543,2618985,0.0,0.0
2008-11-25,24.47584342956543,24.614122914892235,23.093027476200422,24.47584342956543,2439355,0.0,0.0
2008-11-26,23.92272118925757,27.103200295568968,23.646159508825804,26.96491813659668,2905260,0.0,0.0
2008-11-28,27.65633070350133,28.07117460904856,26.550078530366573,27.794612884521484,1616140,0.0,0.0
2008-12-01,27.103202561267995,27.65632860588305,22.81647109985352,22.81647109985352,2787020,0.0,0.0
2008-12-02,24.752412686608203,25.858667373657227,23.646160637072114,25.858667373657227,2198980,0.0,0.0
2008-12-03,25.167261995191502,29.315711600716703,24.8906976331512,27.794612884521484,4838820,0.0,0.0
2008-12-04,26.550085595125665,27.79462028044101,25.0289864741785,25.443830490112305,2639395,0.0,0.0
2008-12-05,25.028978807028896,26.96492135087085,24.19928839180717,26.82663917541504,2897240,0.0,0.0
2008-12-08,28.20945502030276,28.624301537337143,26.5500768647044,26.688356399536133,2736890,0.0,0.0
2008-12-09,26.5500768647044,27.241485088915315,25.72038646814869,26.688356399536133,1923450,0.0,0.0
2008-12-10,25.858672254259,26.135234000085205,22.816474587576728,24.199291229248047,3954600,0.0,0.0
2008-12-11,24.752412202473515,25.02897652820465,23.92272186279297,23.92272186279297,2047995,0.0,0.0
2008-12-12,23.507882754007976,24.89069938659668,22.954756628475177,24.89069938659668,1937560,0.0,0.0
2008-12-15,25.44382102753248,25.582103193921125,23.369596444241573,24.061004638671875,1349575,0.0,0.0
2008-12-16,24.752417195835125,24.89069938659668,23.78444713553108,24.89069938659668,2053400,0.0,0.0
2008-12-17,24.199291229248047,24.475855612587683,23.646165100082207,24.199291229248047,1370340,0.0,0.0
2008-12-18,24.199288798838687,24.3375709766204,23.093036651611328,23.093036651611328,1697005,0.0,0.0
2008-12-19,23.23131503462492,23.369597205518176,22.125062942504883,22.125062942504883,2331370,0.0,0.0
2008-12-22,23.5078820291867,23.646164215684585,22.263347625732425,22.263347625732425,1404010,0.0,0.0
2008-12-23,22.539900862975628,22.81646513169812,21.01880397878279,21.43364906311035,1609495,0.0,0.0
2008-12-24,21.57193756103516,21.71021841743207,21.018810179177823,21.57193756103516,621455,0.0,0.0
2008-12-26,21.986777597978293,21.986777597978293,21.01880649771468,21.710214614868164,755275,0.0,0.0
2008-12-29,22.12505709740424,22.40162136612672,21.157086113144032,21.43364906311035,1059100,0.0,0.0
2008-12-30,21.71021841743207,21.84850059258554,21.018810179177823,21.57193756103516,1111290,0.0,0.0
2008-12-31,21.295369480824807,21.710214614868164,21.01880649771468,21.710214614868164,1337310,0.0,0.0
2009-01-02,21.7102170758088,23.36959648132324,21.43365406134913,23.36959648132324,1636290,0.0,0.0
2009-01-05,23.50787993493413,24.19928816831456,22.954753875732425,22.954753875732425,1707345,0.0,0.0
2009-01-06,23.507878610630225,24.061004638671875,23.231314277852924,24.061004638671875,1460435,0.0,0.0
2009-01-07,23.78443902040826,23.78443902040826,22.678184509277344,22.678184509277344,1338390,0.0,0.0
2009-01-08,22.81647109985352,22.95475327038553,22.401627225770483,22.81647109985352,994395,0.0,0.0
2009-01-09,23.093036748560763,23.23131628940984,22.40162849426269,22.40162849426269,873470,0.0,0.0
2009-01-12,22.678188407769547,22.81647057512136,21.15709116068201,21.295372009277344,1556630,0.0,0.0
2009-01-13,21.433654115970786,21.986780146299694,21.157091100806326,21.848499298095703,1215040,0.0,0.0
2009-01-14,21.295368109873525,21.43365025190444,20.603960037231445,20.603960037231445,1545920,0.0,0.0
2009-01-15,20.88052754009013,21.01880838468121,19.22114685494557,19.497711181640625,2399165,0.0,0.0
2009-01-16,20.465680405813817,20.74224338722556,19.35942716141052,19.635990142822266,1729395,0.0,0.0
2009-01-20,19.91255307752218,20.7422433385674,18.94458198547364,18.94458198547364,2627250,0.0,0.0
2009-01-21,19.35943024733971,20.18912064258545,18.66802202422044,20.050838470458984,1960050,0.0,0.0
2009-01-22,19.497715334628253,19.77427840147444,18.114898681640625,18.114898681640625,1749520,0.0,0.0
2009-01-23,17.700047912662114,18.94458198547364,17.285202782139503,18.94458198547364,1674210,0.0,0.0
2009-01-26,18.529740773966065,19.08286817123401,17.42348861694336,17.42348861694336,1322885,0.0,0.0
2009-01-27,17.70004909187628,18.66802024841309,17.42348609268811,18.66802024841309,906435,0.0,0.0
2009-01-28,19.35942901829309,19.497711181640625,18.80630300241587,19.497711181640625,1777485,0.0,0.0
2009-01-29,18.806305778699738,18.806305778699738,17.838333129882812,17.838333129882812,1086250,0.0,0.0
2009-01-30,18.2531763918217,18.5297394107306,17.561768185171207,17.700050354003906,1410295,0.0,0.0
2009-02-02,17.56177217482872,17.56177217482872,16.593800729367004,17.00864601135254,1593625,0.0,0.0
2009-02-03,17.008641285821692,17.14692212889361,13.828163432577568,14.93441677093506,3445370,0.0,0.0
2009-02-04,15.21097775411184,15.21097775411184,14.10472456278882,14.243006706237791,1911245,0.0,0.0
2009-02-05,14.104727118908611,14.381290137170254,13.689881932137904,13.828164100646973,2603470,0.0,0.0
2009-02-06,13.966443780669117,14.381287574768066,12.445345473118762,14.381287574768066,3038105,0.0,0.0
2009-02-09,14.519569718638555,14.796132687623276,13.828161636798624,14.381287574768066,1439465,0.0,0.0
2009-02-10,14.657859700694088,14.796140599753034,12.721915245056152,12.721915245056152,2965225,0.0,0.0
2009-02-11,13.689882607661833,13.689882607661833,12.307066129362392,13.275038719177246,1846480,0.0,0.0
2009-02-12,12.583631884059892,12.99847581883114,11.753941377003988,12.44534969329834,1869150,0.0,0.0
2009-02-13,12.445348851821002,12.583631033232772,11.75394058227539,11.75394058227539,866845,0.0,0.0
2009-02-17,10.92425029629277,11.339094843618351,10.371123573813716,10.785968780517578,1695575,0.0,0.0
2009-02-18,10.92424935178967,11.06253085560914,9.817996002477468,10.094559669494627,1318875,0.0,0.0
2009-02-19,9.956279135986666,9.956279135986666,7.605491208133192,8.158617973327637,2701620,0.0,0.0
2009-02-20,7.743771390367794,8.158616557096407,6.775800213838651,7.467208385467529,3683420,0.0,0.0
2009-02-23,8.158617793599479,8.71174454660896,6.2226744877554525,7.328927993774414,3900170,0.0,0.0
2009-02-24,6.360954207708965,6.499235691911266,5.254701345023372,5.669546127319336,5250305,0.0,0.0
2009-02-25,5.946112947215789,6.499239180965505,5.669549170962449,6.360957622528076,2998875,0.0,0.0
2009-02-26,7.882051869223964,8.020334013094454,6.637517849414592,7.190643787384033,3983275,0.0,0.0
2009-02-27,6.360955622402425,6.775800826650133,5.669547388241765,5.807828903198242,3329805,0.0,0.0
2009-03-02,7.190645371519564,7.190645371519564,5.807828903198242,5.807828903198242,3450225,0.0,0.0
2009-03-03,6.914081932152951,6.914081932152951,5.946110725402832,5.946110725402832,2909980,0.0,0.0
2009-03-04,6.914081932152951,6.914081932152951,5.669547052489772,5.946110725402832,2601325,0.0,0.0
2009-03-05,5.807829402386362,6.08439311544849,4.839858055114746,4.839858055114746,3132795,0.0,0.0
2009-03-06,5.116421438487707,5.116421438487707,4.563294671741785,4.839858055114746,2601410,0.0,0.0
2009-03-09,5.254702965329606,5.254702965329606,4.563294671741785,4.839858055114746,1906250,0.0,0.0
2009-03-10,5.39298435832881,5.807828903198242,4.839857639124626,5.807828903198242,3022465,0.0,0.0
2009-03-11,5.946109755102065,6.084391239304365,5.392983158914736,5.669546127319336,2194685,0.0,0.0
2009-03-12,5.669546127319336,5.8078276115216365,5.116419860821071,5.669546127319336,2337610,0.0,0.0
2009-03-13,5.80782865852043,7.052363559454307,5.80782865852043,6.914082050323486,3542705,0.0,0.0
2009-03-16,8.435180315365418,13.828164667608316,7.88205359678543,11.477376937866213,14289240,0.0,0.0
2009-03-17,12.998474368512111,13.8281647829944,11.477377033636662,13.275038719177246,8738965,0.0,0.0
2009-03-18,13.828162679421208,20.05083588516075,13.551599689584055,19.08286476135254,29134785,0.0,0.0
2009-03-19,27.518047993560497,27.656330171922747,19.221148941983675,22.40162849426269,27918425,0.0,0.0
2009-03-20,19.912557289001043,20.05083946800718,14.657855586873405,17.42348861694336,20180600,0.0,0.0
2009-03-23,20.74224599964237,21.29537203213024,19.35942959966621,20.46568298339844,12014635,0.0,0.0
2009-03-24,19.63599077472873,21.29537003535605,18.25317450441324,19.22114562988281,11326370,0.0,0.0
2009-03-25,20.050834258397423,20.18911640147508,15.902385791142782,16.593793869018555,16034480,0.0,0.0
2009-03-26,17.70004909187628,17.70004909187628,15.210979461669922,15.210979461669922,11401995,0.0,0.0
2009-03-27,14.243009919703944,14.9344181554298,12.72191127360444,14.104727745056152,11188380,0.0,0.0
2009-03-30,13.551602115365217,14.519573412443462,12.860193857629817,13.136756896972656,5709850,0.0,0.0
2009-03-31,14.381290137170254,14.519572305679322,13.275038064123692,13.828164100646973,6350635,0.0,0.0
2009-04-01,13.55160161219334,14.796135902404783,13.413319438278046,14.796135902404783,4199575,0.0,0.0
2009-04-02,16.870363218351276,17.008645413740062,15.210983467469582,15.76410961151123,7532335,0.0,0.0
2009-04-03,15.902391806900017,15.902391806900017,14.79613820005997,15.76410961151123,4270870,0.0,0.0
2009-04-06,15.487542460858094,15.487542460858094,14.93441646248175,15.210979461669922,3171130,0.0,0.0
2009-04-07,14.93441646248175,14.93441646248175,14.519571304321287,14.519571304321287,2464100,0.0,0.0
2009-04-08,14.93441677093506,15.487542780735588,14.657853766034792,14.93441677093506,2534740,0.0,0.0
2009-04-09,16.040674209594727,16.040674209594727,15.349265861228693,16.040674209594727,4608515,0.0,0.0
2009-04-13,16.178949578284673,19.774272292906296,16.04066874695696,19.635990142822266,8969320,0.0,0.0
2009-04-14,21.15708860818832,24.614127868588373,20.742243474938284,21.01880645751953,17604795,0.0,0.0
2009-04-15,22.401627284291408,22.67818898856489,21.433654725551605,22.125062942504883,7526310,0.0,0.0
2009-04-16,23.922722510242565,24.06100467685064,22.81647045240392,23.36959648132324,7183860,0.0,0.0
2009-04-17,23.922724543707904,23.922724543707904,21.157092845272217,22.40162849426269,8119455,0.0,0.0
2009-04-20,21.01881148758659,21.157093671348047,17.838333129882812,17.838333129882812,8303290,0.0,0.0
2009-04-21,17.14692229869159,20.603963191069447,16.178951112577078,20.18911933898925,8554355,0.0,0.0
2009-04-22,20.60396387657068,21.71021726268832,18.66802143993216,19.774274826049805,5998260,0.0,0.0
2009-04-23,20.46567983935347,21.295368760624115,20.18911686559659,20.74224281311035,3674520,0.0,0.0
2009-04-24,21.15709052510377,21.15709052510377,19.774274168152623,20.18911933898925,3964375,0.0,0.0
2009-04-27,19.359432220458984,19.912558327826574,18.80630611309139,19.359432220458984,2879705,0.0,0.0
2009-04-28,18.668023470067936,20.465685253159137,18.39146042315159,18.529741287231445,2707090,0.0,0.0
2009-04-29,19.22114685494557,19.63599202623171,18.94458384700696,19.497711181640625,3070880,0.0,0.0
2009-04-30,20.05083588516075,20.189118039457508,18.806301771515383,19.08286476135254,2994470,0.0,0.0
2009-05-01,19.08286476135254,19.49770990548645,18.944582607055786,19.08286476135254,1568665,0.0,0.0
2009-05-04,19.774274168152623,20.88052751746483,19.49771116051369,20.18911933898925,5272295,0.0,0.0
2009-05-05,22.53990550916302,24.19928618852412,21.571935644129784,23.92272186279297,13009740,0.0,0.0
2009-05-06,24.33757802261287,26.82664739324356,24.19929580479696,25.443830490112305,13651615,0.0,0.0
2009-05-07,29.31570692658716,30.28367676436756,25.720383980871706,26.96491813659668,17483630,0.0,0.0
2009-05-08,28.900865057656247,29.315711600716703,27.241486797954103,27.794612884521484,9489810,0.0,0.0
2009-05-11,27.10320423073044,27.5180481303664,24.89069727847451,26.273513793945312,6228925,0.0,0.0
2009-05-12,26.82664277186052,27.37976891032407,24.89069996848133,25.028982162475582,6397790,0.0,0.0
2009-05-13,24.19928759336472,24.47585193515124,22.125062942504883,22.125062942504883,6427435,0.0,0.0
2009-05-14,22.4016348857319,25.443830490112305,22.4016348857319,25.443830490112305,6476380,0.0,0.0
2009-05-15,25.720385315111564,26.68835520310521,22.954752542250382,23.784442901611328,5877070,0.0,0.0
2009-05-18,25.3055419921875,25.58210635918399,24.33757198272634,25.3055419921875,4387395,0.0,0.0
2009-05-19,25.99695224540844,26.1352344394027,24.89069996848133,25.028982162475582,3438165,0.0,0.0
2009-05-20,25.30553819640977,25.996946372677936,24.47585049489827,24.6141300201416,3234415,0.0,0.0
2009-05-21,24.33757326106388,25.305543321367924,23.92272668877922,24.89069938659668,2588620,0.0,0.0
2009-05-22,23.36959898313901,24.890697703642005,22.26334680687133,23.50788116455078,5426855,0.0,0.0
2009-05-26,22.81647289500517,23.64616334596255,22.401628988283097,23.50788116455078,3369625,0.0,0.0
2009-05-27,23.50787993493413,23.784444283291545,22.954753875732425,22.954753875732425,2327995,0.0,0.0
2009-05-28,23.093036651611328,23.369598369661585,22.539907940484483,23.093036651611328,2539335,0.0,0.0
2009-05-29,23.64616081453938,23.64616081453938,22.81647045240392,23.36959648132324,2130395,0.0,0.0
2009-06-01,23.50787993493413,23.64616210911284,22.81647170155372,22.954753875732425,2368195,0.0,0.0
2009-06-02,22.678189687236703,22.816471862390177,21.57193756103516,21.57193756103516,3923795,0.0,0.0
2009-06-03,21.57193774562942,21.57193774562942,20.050839080951185,20.327402114868164,4988225,0.0,0.0
2009-06-04,20.742242411688885,22.678184509277344,20.60396026810845,22.678184509277344,3522615,0.0,0.0
2009-06-05,23.369595800572537,24.061003975959373,22.81646978776564,23.646160125732425,4503300,0.0,0.0
2009-06-08,23.093036049911124,23.36959776075544,22.53990735319632,22.954753875732425,2074465,0.0,0.0
2009-06-09,23.09303544091756,23.231314973936552,22.53990675878948,22.81647109985352,1660025,0.0,0.0
2009-06-10,23.093035501244685,23.093035501244685,22.125062942504883,22.125062942504883,2406095,0.0,0.0
2009-06-11,22.401629812230304,22.67819154771274,22.12506543923454,22.263347625732425,1400090,0.0,0.0
2009-06-12,22.263347625732425,22.401629812230304,21.43365714425846,22.263347625732425,1640385,0.0,0.0
2009-06-15,21.848497369661416,21.848497369661416,20.88052624264452,21.15708923339844,2234675,0.0,0.0
2009-06-16,21.43365419963045,21.848499383374595,20.46568298339844,20.46568298339844,2716040,0.0,0.0
2009-06-17,20.6039666214144,20.88053099385485,19.359432220458984,19.359432220458984,3594495,0.0,0.0
2009-06-18,19.63599387069744,20.603965148785143,19.35943083678045,20.327402114868164,2439655,0.0,0.0
2009-06-19,21.15708923339844,21.29537006939721,20.46568109713546,21.15708923339844,2449955,0.0,0.0
2009-06-22,20.603961900198303,20.603961900198303,19.22114562988281,19.22114562988281,2456545,0.0,0.0
2009-06-23,19.77427418957924,20.050837197517847,19.35942901829309,19.497711181640625,1522065,0.0,0.0
2009-06-24,19.91255312423401,20.05083527431804,19.49770931149456,19.635990142822266,1135715,0.0,0.0
2009-06-25,20.18911933898925,20.327400183430505,19.635992004954936,20.18911933898925,1636500,0.0,0.0
2009-06-26,20.050837175791568,20.327400183430505,19.774274168152623,20.18911933898925,2080310,0.0,0.0
2009-06-29,20.18912010757614,20.18912010757614,17.7000503065555,18.39145851135254,4332755,0.0,0.0
2009-06-30,18.391462330287894,18.391462330287894,14.934420588457716,16.040674209594727,884910,0.0,0.0
2009-07-01,13.586173692457908,15.87473494127485,12.127302983736598,12.500662803649902,40822300,0.0,0.05
2009-07-02,12.348546845718024,13.53776808702361,12.203350485329915,12.61819553375244,13038400,0.0,0.0
2009-07-06,12.652766329588829,12.659680568089344,10.91041844952171,11.193896293640137,17649100,0.0,0.0
2009-07-07,10.910422180042488,11.034875878092995,9.36858207365367,9.506863594055176,27021300,0.0,0.0
2009-07-08,9.188816632727658,9.728114942766892,8.621862016003806,9.057449340820312,21201000,0.0,0.0
2009-07-09,8.538891270239896,8.573461151670472,6.312556750318989,6.554549217224121,60649200,0.0,0.0
2009-07-10,6.091307305676554,8.60111881015085,5.683376310371872,8.117133140563965,90319500,0.0,0.0
2009-07-13,8.642601673335188,10.212098453714384,8.628773194156325,10.073816299438477,70645000,0.0,0.0
2009-07-14,10.820537545973105,11.20081282894251,9.437721212462,9.900964736938477,74606500,0.0,0.0
2009-07-15,10.16369793403669,10.16369793403669,9.54143096926268,9.831822395324709,28910600,0.0,0.0
2009-07-16,9.555258972994874,9.6382278592877,8.670256859826623,8.815452575683594,24630100,0.0,0.0
2009-07-17,8.704828618358325,9.977019705880949,8.601117001370914,9.347838401794434,27472200,0.0,0.0
2009-07-20,9.576004942990483,9.631317552647376,9.085105037751829,9.306355476379396,10872600,0.0,0.0
2009-07-21,9.347837772590962,9.638228566226203,9.022875782908718,9.209555625915527,8209800,0.0,0.0
2009-07-22,9.08510419187544,9.19572940088937,9.002135285114994,9.07127571105957,5189100,0.0,0.0
2009-07-23,9.064363737930082,9.161161149718431,8.67026116739612,8.753230094909668,8982500,0.0,0.0
2009-07-24,8.670259929475716,8.988307769223368,8.303813720433311,8.614947319030762,10869000,0.0,0.0
2009-07-27,8.601117187290583,9.05744712501837,8.518148287534132,8.988306045532227,10262400,0.0,0.0
2009-07-28,8.953736267550287,9.541433515047691,8.891509422594295,9.230299949645996,11023300,0.0,0.0
2009-07-29,9.25104529373758,9.527608414578475,8.988309999249484,9.02288055419922,6998700,0.0,0.0
2009-07-30,9.278699178529449,9.299441242321802,9.02287819382934,9.078190803527832,5406900,0.0,0.0
2009-07-31,9.050533446759363,9.119673871157316,8.898423458078687,9.08510398864746,4983800,0.0,0.0
2009-08-03,9.18881468621058,9.50686247539906,8.967564279602325,9.403151512145996,10051400,0.0,0.0
2009-08-04,9.340924162119636,9.451549359403655,9.071274749206191,9.347838401794434,7873400,0.0,0.0
2009-08-05,9.430807503611504,15.90930185884281,9.334010124206545,15.210979461669922,134873500,0.0,0.0
2009-08-06,18.58505374108529,20.320488659252707,14.726995642307756,15.577428817749023,130982500,0.0,0.0
2009-08-07,18.9238450038513,20.04392566710972,16.593798544624086,18.76482009887696,101076800,0.0,0.0
2009-08-10,19.677473299788943,20.66618706398364,19.290285144713096,19.843412399291992,49035700,0.0,0.0
2009-08-11,19.394002005321607,19.49771430381797,16.815049400346037,17.229894638061523,38862300,0.0,0.0
2009-08-12,17.382002580208336,18.301575478649,17.333604214830913,17.513370513916016,18192800,0.0,0.0
2009-08-13,17.824504528287402,17.97661386314629,17.188408908071967,17.299034118652344,11317700,0.0,0.0
2009-08-14,17.174572524050546,17.174572524050546,16.261914297350767,16.849611282348633,14340500,0.0,0.0
2009-08-17,15.84015934705298,16.593794275918096,15.556682133673217,16.192777633666992,11771600,0.0,0.0
2009-08-18,16.607624118970133,17.070867633321303,16.476256200906143,16.974069595336914,10611700,0.0,0.0
2009-08-19,16.62145125758811,19.013722636276626,16.52465322741279,18.41911125183105,31899800,0.0,0.0
2009-08-20,18.944585151278908,24.199287938907208,18.730248970214703,22.33248519897461,132331700,0.0,0.0
2009-08-21,23.79826771603283,24.1992857167741,22.49150670932908,22.712757110595703,49397400,0.0,0.0
2009-08-24,24.19928768273077,24.510421909011345,23.258972082199715,23.40416717529297,31050600,0.0,0.0
2009-08-25,23.97112435263259,24.026438282310497,23.238233246993666,23.48714065551757,17683500,0.0,0.0
2009-08-26,23.5977621295352,26.30808095297652,23.01006358885644,26.05917358398437,27435500,0.0,0.0
2009-08-27,27.89832366774934,34.5980717389919,27.13777559772295,33.07697296142578,148878600,0.0,0.0
2009-08-28,36.630811617098814,38.64972523560677,31.493647709105463,34.72943878173828,130734900,0.0,0.0
2009-08-31,31.161766059401668,32.95942624919455,29.592269194557232,31.341533660888672,69599400,0.0,0.0
2009-09-01,28.37539793372344,29.834269903106662,24.64870753089902,24.89069938659668,87238000,0.0,0.0
2009-09-02,23.68073209768641,27.601015532231408,22.581392896264088,26.238943099975582,99415600,0.0,0.0
2009-09-03,28.75567344479608,29.046063686423715,27.3106298846399,28.86629867553711,56846700,0.0,0.0
2009-09-04,29.92414714644088,30.23528137532289,27.276055015096368,27.690898895263672,50458300,0.0,0.0
2009-09-08,26.76441140986364,26.96492042551806,24.669445359269872,24.786983489990234,40730600,0.0,0.0
2009-09-09,24.95293093186464,27.559541090854324,24.57956973786832,26.88887405395508,55294200,0.0,0.0
2009-09-10,26.584642439789683,28.17488057023932,25.443817999732,26.169795989990234,46668700,0.0,0.0
2009-09-11,25.768789774364564,26.74367545194925,25.326288848015988,25.962383270263672,38216700,0.0,0.0
2009-09-14,25.25714441281736,28.555162327869173,25.098120819954907,28.42379570007324,55665900,0.0,0.0
2009-09-15,29.191256726921303,29.7651241944202,26.3288270362925,26.82663917541504,52590300,0.0,0.0
2009-09-16,27.98820585804769,28.548247494345546,27.37285293283268,27.877580642700195,35344200,0.0,0.0
2009-09-17,27.808437281550948,28.31316492624804,26.96491847499569,27.26222419738769,24205500,0.0,0.0
2009-09-18,27.82917984390805,28.209453823589303,27.047887845190363,27.59410095214844,21211500,0.0,0.0
2009-09-21,27.19307579762164,34.528911893335675,27.1239334204752,33.46414566040039,114892600,0.0,0.0
2009-09-22,36.27817741285021,37.61259502003706,31.49363283843908,31.666484832763672,123455900,0.0,0.0
2009-09-23,32.613728184159406,34.26619623358828,31.825523145631774,32.29568099975586,66826200,0.0,0.0
2009-09-24,33.153017607597576,33.955050866287074,30.49109494566639,31.11336326599121,51571000,0.0,0.0
2009-09-25,31.05114668106168,31.756383464325545,29.66833007956703,30.836809158325195,33045300,0.0,0.0
2009-09-28,31.355361957593693,32.53767202718729,30.73309613742592,31.901575088500977,32572700,0.0,0.0
2009-09-29,32.288761904107155,32.83497498866308,31.12719597334819,31.26547813415528,29876300,0.0,0.0
2009-09-30,31.652666794252887,31.853175806790617,29.855006515499493,30.498016357421875,28831200,0.0,0.0
2009-10-01,30.12465756683061,30.20071289715408,27.76004259230024,28.27859878540039,26826600,0.0,0.0
2009-10-02,26.99949074217168,29.958719747824127,25.485307674247785,29.78586769104004,47058100,0.0,0.0
2009-10-05,30.401225860191136,30.42196726659585,28.734931849498587,29.557706832885746,30251900,0.0,0.0
2009-10-06,30.4426999985649,32.15047897296066,29.77203588661613,30.99582862854004,45033800,0.0,0.0
2009-10-07,30.73309154584383,32.37864361446329,30.283675211605424,31.735633850097656,29050800,0.0,0.0
2009-10-08,32.19197338254058,32.786582341694405,30.007123125317904,30.24911499023437,37393400,0.0,0.0
2009-10-09,30.332071751439567,30.940511600751137,29.98636771120771,30.57406616210937,18116700,0.0,0.0
2009-10-12,30.97507654398552,31.217070916113773,30.007106968008777,30.69851493835449,17315300,0.0,0.0
2009-10-13,30.8229846206306,31.576617168396503,30.28368432966503,30.78841209411621,21732700,0.0,0.0
2009-10-14,31.21017016995453,31.389937804558564,30.249113057113515,30.705442428588867,18807500,0.0,0.0
2009-10-15,30.88519655567452,32.18504443778129,30.484181255218257,30.843713760375977,32531000,0.0,0.0
2009-10-16,30.48418639261776,30.83680339964283,29.45398705638507,29.86883354187012,23063400,0.0,0.0
2009-10-19,30.13156911406464,30.20762179674767,28.09191449863705,28.465272903442383,26389800,0.0,0.0
2009-10-20,28.23020438094316,29.170517527575136,27.36594393779668,27.95363998413086,21812600,0.0,0.0
2009-10-21,27.518054895564084,28.45145785548797,26.875044846787794,26.98567008972168,17879900,0.0,0.0
2009-10-22,27.075548487755206,29.004578246784536,26.10757582829232,28.68653106689453,29203500,0.0,0.0
2009-10-23,28.244026472790523,28.65887301286705,26.722930405049546,26.895782470703125,18431900,0.0,0.0
2009-10-26,27.165430753010902,27.365939778348046,24.55882133616753,25.063549041748047,24859900,0.0,0.0
2009-10-27,24.66253298467136,25.05663814521468,23.50788238079744,23.514795303344727,23016800,0.0,0.0
2009-10-28,23.072299067640827,25.36086196974814,22.906362517873823,24.427461624145508,34258000,0.0,0.0
2009-10-29,25.52679130285818,25.67198903974796,24.66253099107376,25.063549041748047,16355800,0.0,0.0
2009-10-30,24.959838027624635,24.9805820696788,22.830301881832373,23.24514579772949,15101600,0.0,0.0
2009-11-02,23.798274077296785,25.22257622398948,22.989327575968453,23.72222137451172,22635300,0.0,0.0
2009-11-03,23.67382182577663,27.718559406630902,23.16217851304233,27.11703491210937,38850300,0.0,0.0
2009-11-04,26.605392316475093,27.42125435977639,24.821560190240938,25.028982162475582,31221400,0.0,0.0
2009-11-05,25.699635037851444,27.62175114195232,25.49912871499683,27.158506393432617,31020100,0.0,0.0
2009-11-06,24.50349958576813,25.69963515882708,24.23385087659752,24.531156539916992,40337400,0.0,0.0
2009-11-09,25.04280321358686,25.31936488198573,24.807724344815835,25.015146255493164,16105200,0.0,0.0
2009-11-10,26.93726061327548,27.20690936699337,25.637415203686004,25.99003219604492,30509900,0.0,0.0
2009-11-11,25.36085951334019,26.266605437928643,24.90453008940933,25.409257888793945,28814500,0.0,0.0
2009-11-12,25.64432746840101,25.88631925720869,24.932177943470386,25.070457458496094,12744900,0.0,0.0
2009-11-13,25.07045936854117,25.54753269926984,25.028976565878075,25.160343170166016,10403600,0.0,0.0
2009-11-16,25.59593079532448,25.59593079532448,24.621045380156698,24.71784210205078,11905400,0.0,0.0
2009-11-17,24.7800681867542,25.18799910051196,24.53116083090028,24.9598331451416,9294500,0.0,0.0
2009-11-18,24.925270267476623,25.409256635658537,24.890700377787955,25.001325607299805,7087300,0.0,0.0
2009-11-19,24.890695658080745,25.36776637535594,24.54499155171852,24.655616760253903,7537200,0.0,0.0
2009-11-20,24.627957541965586,24.75241121985276,24.19928522786133,24.26842498779297,5946900,0.0,0.0
2009-11-23,24.63487007646751,24.69709690777257,24.24076769070624,24.39287567138672,5875100,0.0,0.0
2009-11-24,24.365230386754515,24.39288471507773,23.694563471539627,24.199291229248047,6734000,0.0,0.0
2009-11-25,24.365232241180685,24.365232241180685,23.79827494843224,23.978042602539062,4239700,0.0,0.0
2009-11-27,22.899439664869085,23.50096671940187,22.816471416404003,23.02389335632324,4209400,0.0,0.0
2009-11-30,22.45693519073469,23.093032026116177,19.387084118929856,19.635990142822266,40778500,0.0,0.0
2009-12-01,20.4518522623096,22.104317257244453,19.933296169128567,21.32302665710449,42539800,0.0,0.0
2009-12-02,21.599589486002124,21.903809427708165,20.92892408511659,21.565019607543945,14483700,0.0,0.0
2009-12-03,21.63416365598933,21.78627298836568,20.444940683524425,20.66619110107422,11091400,0.0,0.0
2009-12-04,21.288461806079564,21.5719390984667,20.46568557466593,20.8252182006836,8657500,0.0,0.0
2009-12-07,20.77681931668647,21.75170493432426,20.68693681608269,20.85978889465332,8841000,0.0,0.0
2009-12-08,20.53482101190547,20.83903962513284,20.27208519649713,20.735328674316406,6146200,0.0,0.0
2009-12-09,20.811387803941635,20.81830204443169,20.34123000067051,20.50716781616211,5371100,0.0,0.0
2009-12-10,20.597049010695265,20.9427530788002,19.87798391603394,20.00243759155273,6973900,0.0,0.0
2009-12-11,20.07849509560783,20.113064978681336,18.944584731957,19.61525154113769,12263900,0.0,0.0
2009-12-14,19.622163423526445,20.728416767124344,19.02063904986345,20.10614967346192,13345600,0.0,0.0
2009-12-15,19.760444480128005,20.520993693710142,19.56684972723695,20.00243759155273,9423900,0.0,0.0
2009-12-16,20.237518187929524,20.3619718740538,19.746617683634515,20.01626777648925,5580000,0.0,0.0
2009-12-17,19.698218171174112,20.03009376896264,19.359428333587104,19.504623413085938,9373800,0.0,0.0
2009-12-18,19.62908172991739,19.69130858405029,19.255721923876703,19.490800857543945,7192000,0.0,0.0
2009-12-21,19.566854891457734,19.62216750420276,19.3317759576022,19.400917053222656,5533800,0.0,0.0
2009-12-22,19.40782577700253,22.06283307145685,19.366341658926903,21.46822166442871,29156900,0.0,0.0
2009-12-23,21.13634970738051,21.34377297084624,20.168378434143463,20.33431625366211,10240100,0.0,0.0
2009-12-24,20.52791242604424,21.24697635932292,20.057754579522168,20.8252182006836,5327300,0.0,0.0
2009-12-28,21.38525732704632,22.67819001262944,21.26771787210636,21.779359817504883,15612300,0.0,0.0
2009-12-29,22.26334326263088,22.297913143102114,21.523535424236137,21.889982223510746,6462500,0.0,0.0
2009-12-30,21.606504258218106,21.80701325073742,21.06029119756729,21.15708923339844,4967000,0.0,0.0
2009-12-31,21.191658015586125,21.49587794904371,20.721500296267028,20.72841453552246,5231900,0.0,0.0
2010-01-04,21.108693254930312,21.11560749532331,20.33431547474953,20.66619110107422,7750900,0.0,0.0
2010-01-05,20.72841432561505,20.991150139635725,20.15454566078836,20.27899932861328,8920500,0.0,0.0
2010-01-06,20.29282899274229,20.327398871933088,19.884898088260364,20.14763259887696,7163500,0.0,0.0
2010-01-07,20.05084191957222,20.11998301752899,19.546114146374265,19.76045036315918,9235500,0.0,0.0
2010-01-08,19.795016760107444,20.88052877335946,19.781189597961173,20.28591728210449,12702600,0.0,0.0
2010-01-11,20.624705653904407,20.92892561789064,20.07849388547548,20.48642349243164,10730700,0.0,0.0
2010-01-12,20.45876889315323,20.84595711873364,19.54611027347832,19.67747688293457,9036300,0.0,0.0
2010-01-13,20.043921131389983,20.22368739986173,19.601420359001867,20.09231948852539,6138000,0.0,0.0
2010-01-14,19.857243071723648,19.97478251872533,19.6152512562112,19.774274826049805,6143300,0.0,0.0
2010-01-15,19.746621212568247,19.80884806675099,19.387089889103933,19.400917053222656,5545200,0.0,0.0
2010-01-19,19.394001600355736,20.44494249562185,18.86853247147932,19.532283782958984,18187900,0.0,0.0
2010-01-20,19.40090910317672,20.119974092962483,19.2073156972776,19.331768035888672,6911400,0.0,0.0
2010-01-21,19.36634444237332,19.898729089427345,18.958413486189745,19.048295974731445,8018300,0.0,0.0
2010-01-22,19.145091249735724,19.18657536776561,18.21860426161158,18.322315216064453,5902700,0.0,0.0
2010-01-25,18.48825634380489,18.668022646054727,17.630910276829464,18.0388412475586,6672200,0.0,0.0
2010-01-26,17.769188841990236,17.935126629088778,16.649107130629673,16.870357513427734,8585600,0.0,0.0
2010-01-27,16.925676596248994,17.416577225141953,15.930049492062684,17.22298240661621,16431200,0.0,0.0
2010-01-28,17.8729042644309,17.99044372453573,16.62836857177563,16.704423904418945,7113600,0.0,0.0
2010-01-29,16.960242296335615,17.10543737399429,16.649108103129333,16.752819061279297,5708200,0.0,0.0
2010-02-01,16.856528766329053,16.93949831793497,16.206606106900562,16.566137313842773,4632200,0.0,0.0
2010-02-02,16.586887566707105,16.87036490877774,16.36563708692094,16.57305908203125,5869300,0.0,0.0
2010-02-03,16.517742445444313,16.904932009673608,16.393288751138936,16.4486026763916,4817500,0.0,0.0
2010-02-04,16.268832856972427,16.414027923088252,15.59816616465759,15.618908882141112,5951800,0.0,0.0
2010-02-05,15.556686001729126,15.639655573991256,14.892934698658523,15.49445915222168,7498300,0.0,0.0
2010-02-08,15.494456768795745,15.764105529345033,15.07269736895698,15.32160472869873,4293600,0.0,0.0
2010-02-09,15.473712397070727,16.455511932743203,15.314688853662297,15.99918270111084,9705500,0.0,0.0
2010-02-10,16.047585547873407,19.11052443967082,15.867820555555983,18.61271095275879,31633400,0.0,0.0
2010-02-11,18.32231650906745,19.80884381114616,17.990440903895315,18.18403434753418,31152700,0.0,0.0
2010-02-12,17.85215395084517,18.75098512205233,17.54793406837843,18.543561935424805,13396300,0.0,0.0
2010-02-16,18.96532440185547,19.283371494984166,18.70258858524313,18.96532440185547,6887900,0.0,0.0
2010-02-17,19.03447063492076,19.2488068348535,18.432944844375548,18.5988826751709,5361600,0.0,0.0
2010-02-18,18.2600902011406,19.02755371441005,18.14946499618816,18.467512130737305,6481400,0.0,0.0
2010-02-19,18.349977595999587,18.55048532468727,18.21169540336505,18.343063354492188,4671500,0.0,0.0
2010-02-22,18.59196886076233,20.258262766844627,18.370718414623767,19.65673828125,24154700,0.0,0.0
2010-02-23,19.51154214475998,19.89181750868345,18.377632931893224,18.502086639404297,13607000,0.0,0.0
2010-02-24,18.778647396911943,19.67747756724203,18.571225455683933,19.352516174316406,12118400,0.0,0.0
2010-02-25,18.972242959868066,19.739705229133406,18.668022957239,19.020641326904297,12376000,0.0,0.0
2010-02-26,17.74844575999927,17.93512626118941,17.084693306464196,17.126178741455078,27126500,0.0,0.0
2010-03-01,19.331773703540296,19.345602184803347,17.824504852294922,17.824504852294922,29658700,0.0,0.0
2010-03-02,17.9282114411311,17.93512568007222,16.939497691407155,17.305944442749023,18185800,0.0,0.0
2010-03-03,17.361255295688014,17.59633412110301,16.967152946832318,17.20223045349121,10424000,0.0,0.0
2010-03-04,17.347431600904745,18.86853014713548,17.278290518120354,18.467512130737305,25802100,0.0,0.0
2010-03-05,18.62654210775265,19.78810839598764,18.488259904388737,19.41474723815918,19516700,0.0,0.0
2010-03-08,20.348140664744164,20.915095097714257,19.80884187011696,20.11997604370117,27312500,0.0,0.0
2010-03-09,19.629079055590434,24.061005665530843,19.414742875421563,22.657447814941406,57916300,0.0,0.0
2010-03-10,23.43873421978568,25.817176989657177,22.954748051712496,25.056629180908203,70650900,0.0,0.0
2010-03-11,26.003863485237616,26.584646493506494,24.213116096201333,24.27534294128418,46473300,0.0,0.0
2010-03-12,24.95983715858857,25.20183163236402,23.39034272766506,23.66690444946289,21011100,0.0,0.0
2010-03-15,23.8604964029564,25.1465161082978,23.02389309357213,23.72912979125977,43645300,0.0,0.0
2010-03-16,24.05408965471085,24.876864386029272,23.051547331247505,23.23822784423828,35336600,0.0,0.0
2010-03-17,23.83975540540578,23.97803757862712,23.38342608003453,23.79135704040528,18017700,0.0,0.0
2010-03-18,24.088658660135472,24.462019672573145,23.577015498182444,23.95037651062012,14330100,0.0,0.0
2010-03-19,24.061004638671875,24.213115285450684,23.404166326460498,24.061004638671875,11326800,0.0,0.0
2010-03-22,23.38342635830305,23.632333745560903,22.88561158378736,23.08612060546875,14772300,0.0,0.0
2010-03-23,23.26588609460556,23.369595738128744,22.297913596645262,23.01006317138672,13088000,0.0,0.0
2010-03-24,22.823386239676047,23.736047598882607,22.774987870913016,22.934011459350582,13741900,0.0,0.0
2010-03-25,23.30736860914996,24.66252797954705,23.05154832660352,23.86049461364746,29454700,0.0,0.0
2010-03-26,24.08175313817428,24.614135225476243,23.411086221359103,23.65307807922364,13033500,0.0,0.0
2010-03-29,23.957295766439703,24.19928758730757,23.411082642180205,23.81901359558105,10840700,0.0,0.0
2010-03-30,24.102492808506504,24.3030018405942,23.563195199800663,23.63924789428711,8607400,0.0,0.0
2010-03-31,23.47331816943882,24.005703009778223,23.23132362154963,23.60468482971192,8121500,0.0,0.0
2010-04-01,23.68073534299619,23.846674502985888,23.3765166267808,23.58393859863281,6250200,0.0,0.0
2010-04-05,23.80518060015016,24.51041716402117,23.438735158756288,24.240768432617188,16281300,0.0,0.0
2010-04-06,24.53808003019537,25.15343295262899,24.33757100406148,24.82847023010254,19971000,0.0,0.0
2010-04-07,25.250230729414472,27.587191456846053,24.83538417845777,27.441993713378903,34528800,0.0,0.0
2010-04-08,27.601011797429177,28.20945170165978,25.94163383704493,25.99003219604492,33895100,0.0,0.0
2010-04-09,26.38413831100201,27.172343281945743,26.100661038337808,26.37030982971192,22286200,0.0,0.0
2010-04-12,27.05480776128532,29.0391488616618,26.73675793590933,28.49985122680664,45905900,0.0,0.0
2010-04-13,28.562065839830204,28.859371495102305,27.587180651325383,27.7600326538086,22117600,0.0,0.0
2010-04-14,27.92597817739356,28.32699621952388,27.310625270515683,27.47656440734864,15230000,0.0,0.0
2010-04-15,27.64249610900879,28.479099294786835,27.310620530456656,27.64249610900879,16973000,0.0,0.0
2010-04-16,27.69781543498637,29.004576605035204,26.978750222230328,27.068634033203125,30408100,0.0,0.0
2010-04-19,26.785157362550684,27.56644680345626,26.501680079232464,27.027149200439453,14823200,0.0,0.0
2010-04-20,27.39358773786721,29.12210795974826,27.21382279529711,28.7833194732666,27569900,0.0,0.0
2010-04-21,28.88012323089288,29.66141530033413,28.002034427408365,28.27859878540039,24102000,0.0,0.0
2010-04-22,28.16797443169386,30.0762601201934,27.7946133282331,29.90340805053711,29674800,0.0,0.0
2010-04-23,30.23527230154549,31.11336080064288,29.972536516281064,30.684688568115234,19754400,0.0,0.0
2010-04-26,30.988915587888386,31.735637716518465,30.56024323858945,30.774578094482425,17042500,0.0,0.0
2010-04-27,29.16360381688537,29.52313646802568,25.602849832285283,25.837928771972656,33538900,0.0,0.0
2010-04-28,26.66069975457069,27.981289242370902,26.42562087329936,27.317535400390625,24288400,0.0,0.0
2010-04-29,28.00203777659756,28.26477368436324,27.587193827505217,27.81535720825196,10597400,0.0,0.0
2010-04-30,27.96746475025272,28.1610582197805,26.42562464112432,26.895782470703125,11897600,0.0,0.0
2010-05-03,27.331366072267564,27.76695398904724,27.02714740519853,27.338281631469727,7782300,0.0,0.0
2010-05-04,26.75750152381184,27.10320567105097,26.169802890997303,26.446367263793945,7419400,0.0,0.0
2010-05-05,25.582112722986505,26.41180339285642,24.95293113719199,26.06609916687012,9423600,0.0,0.0
2010-05-06,26.12140767405373,26.70219081701243,23.072296832899006,25.409257888793945,13260300,0.0,0.0
2010-05-07,26.32191551317088,27.65633383154396,24.199292102600964,26.757503509521484,26375800,0.0,0.0
2010-05-10,28.53441133207762,28.92851372051637,27.905230094612907,28.33390235900879,10195800,0.0,0.0
2010-05-11,28.078081883622527,30.415041876996177,27.67706394074534,29.654491424560547,18430500,0.0,0.0
2010-05-12,30.297506549950693,30.67086760401527,28.55515760182892,28.62430000305176,16040500,0.0,0.0
2010-05-13,28.72801113364643,29.48164620209888,28.008945948835954,28.10574531555176,9449400,0.0,0.0
2010-05-14,27.63558243165562,27.78077749876286,27.082453845035072,27.462730407714844,7303700,0.0,0.0
2010-05-17,27.39359045564925,27.628669334648293,25.85175058126333,26.96491813659668,7616500,0.0,0.0
2010-05-18,27.27605389338236,27.64249939371069,25.927807382014983,26.121400833129883,8138100,0.0,0.0
2010-05-19,25.74112790442917,26.923435336368065,25.16726044909276,25.81027030944824,9364300,0.0,0.0
2010-05-20,25.09812738331328,25.55445687619119,23.9227324357447,24.067930221557617,10850000,0.0,0.0
2010-05-21,23.68072977409481,25.29171207290801,23.25205744807465,24.863037109375,10097900,0.0,0.0
2010-05-24,25.06354777132408,25.34011211208184,23.85358339615671,23.874324798583984,7661300,0.0,0.0
2010-05-25,22.837212166955386,23.90198143564962,22.201117884366923,23.84667015075684,9238900,0.0,0.0
2010-05-26,24.28225065218056,24.63487024448506,23.43873460125184,23.542444229125977,8827300,0.0,0.0
2010-05-27,24.206196069078366,25.208738327026367,23.915805937300178,25.208738327026367,8021400,0.0,0.0
2010-05-28,25.57519439033492,25.58210731288657,24.19237777882753,24.462026596069336,6277400,0.0,0.0
2010-06-01,24.019520063138053,24.821553404012143,23.632330553314688,23.68072891235352,6572300,0.0,0.0
2010-06-02,23.7222123683749,24.66944070722064,23.542444789097225,24.240768432617188,5437900,0.0,0.0
2010-06-03,24.33064891071179,24.655611545971865,23.888148170152306,24.33756446838379,4324400,0.0,0.0
2010-06-04,23.81901958441297,24.40671566143576,23.71530727081427,24.02644157409668,3907900,0.0,0.0
2010-06-07,24.033345564563543,24.510418864778178,23.3695943892793,23.56319046020508,3743700,0.0,0.0
2010-06-08,23.5562822104499,23.950384757894,23.16909258598135,23.72222137451172,4704900,0.0,0.0
2010-06-09,23.85358376972339,24.710931129488763,23.507879657118703,23.659990310668945,5794200,0.0,0.0
2010-06-10,24.019520878222373,24.46893460419238,23.715299596783083,24.406707763671875,3564100,0.0,0.0
2010-06-11,24.033343698113644,24.31682090538742,23.791351925140606,24.25459671020508,2531800,0.0,0.0
2010-06-14,24.35139653466127,26.653784363889635,24.35139653466127,25.64432907104492,11267500,0.0,0.0
2010-06-15,25.76878469195316,26.432535950563487,25.58901707763388,26.19054412841797,5867800,0.0,0.0
2010-06-16,25.879403764884675,26.61921017431263,25.73420870602777,26.18362236022949,4923500,0.0,0.0
2010-06-17,26.301171057252645,26.60538974462144,25.8033562620008,26.114490509033203,3337800,0.0,0.0
2010-06-18,26.11449931372233,26.411805179179503,25.858678907694333,26.21129608154297,3374700,0.0,0.0
2010-06-21,26.529331936476176,27.455819031407835,26.480933573402453,26.798980712890625,7380100,0.0,0.0
2010-06-22,26.667615578316823,27.06171806370964,26.36339690253505,26.460193634033203,3919300,0.0,0.0
2010-06-23,26.28733449294914,26.764405100039856,25.82408972590824,26.142139434814453,3274400,0.0,0.0
2010-06-24,26.066086385682315,26.066086385682315,25.37467827273325,25.423076629638672,3065400,0.0,0.0
2010-06-25,25.52679280776087,25.789528696536312,24.59339267101144,25.547536849975582,4553200,0.0,0.0
2010-06-28,25.74112880292308,25.81027121035557,25.10503447962317,25.153432846069336,2388700,0.0,0.0
2010-06-29,24.62796056994632,24.897609359350607,23.64616214313961,23.867412567138672,3917700,0.0,0.0
2010-06-30,23.87432630550965,24.89761021088124,23.78444513097624,23.81209945678711,4299400,0.0,0.0
2010-07-01,23.79135314142265,24.095571762643072,22.81646780437269,23.42490768432617,4593700,0.0,0.0
2010-07-02,23.57010782979033,23.73604697368804,22.470768584318527,22.88561248779297,4045100,0.0,0.0
2010-07-06,23.30736351013184,23.83974799721218,22.85103432656472,23.30736351013184,3504700,0.0,0.0
2010-07-07,23.39725573846664,24.489679423108893,23.072293010671213,24.43436813354492,4046900,0.0,0.0
2010-07-08,24.66253371968924,24.75241754056308,24.061009214639448,24.551908493041992,3327300,0.0,0.0
2010-07-09,24.538076941748177,24.98749066658924,24.330652382192323,24.82155418395996,3913500,0.0,0.0
2010-07-12,24.697107542492688,24.99441334924825,24.337574877636804,24.593395233154297,2847700,0.0,0.0
2010-07-13,25.27789302360068,26.52934058761899,24.911444764028065,26.2666072845459,7628900,0.0,0.0
2010-07-14,26.00386892766537,26.197462425101747,25.48531265594914,25.94855499267578,3776600,0.0,0.0
2010-07-15,25.93472217649087,26.03152154655216,25.236401007741343,25.84484100341797,3512200,0.0,0.0
2010-07-16,25.36777247513426,25.582110022121817,24.379058282197107,24.64179420471192,4229700,0.0,0.0
2010-07-19,24.69709905257304,24.86995108370804,23.97111841179589,24.46893310546875,3091900,0.0,0.0
2010-07-20,24.00569650303441,25.16726263302081,23.860498758651147,25.10503578186035,3812400,0.0,0.0
2010-07-21,25.353942662483338,25.42308507926603,24.247690369095405,24.41362953186035,3434900,0.0,0.0
2010-07-22,24.856123524041728,25.48530483514346,24.69709996601742,25.22948455810547,3988500,0.0,0.0
2010-07-23,25.208739165119912,25.75495220735271,24.821552309876523,25.423076629638672,3187000,0.0,0.0
2010-07-26,25.35394277406144,27.296801175232265,25.347029851109497,26.757503509521484,8026100,0.0,0.0
2010-07-27,26.854296526272044,27.73238531997187,26.23202804648062,27.068634033203125,6419500,0.0,0.0
2010-07-28,26.895788893128664,27.6563371086099,26.61922446703703,26.98567008972168,4214600,0.0,0.0
2010-07-29,27.234565869348813,27.7116391679442,26.32882290537244,26.944175720214844,4337800,0.0,0.0
2010-07-30,26.501683477043446,27.17234778697033,26.280430377232463,26.59848022460937,2402700,0.0,0.0
2010-08-02,27.03405750269257,28.126483641362697,27.03405750269257,27.683982849121094,7836600,0.0,0.0
2010-08-03,27.690901412327257,27.7738696683998,27.07554845788872,27.37285423278809,3624900,0.0,0.0
2010-08-04,27.566442293683146,27.953631808475546,27.24839517662837,27.670154571533203,4553300,0.0,0.0
2010-08-05,27.50422354106935,27.93981154359016,27.317542968560435,27.587194442749023,4082400,0.0,0.0
2010-08-06,28.0158639115774,29.1705144768587,27.587191515112043,28.299341201782227,13356800,0.0,0.0
2010-08-09,28.292422671824085,29.101371648591392,28.181797463784704,28.79023742675781,5296600,0.0,0.0
2010-08-10,28.36848961455363,28.36848961455363,27.704738094493017,27.78770637512207,4802900,0.0,0.0
2010-08-11,27.04788729327693,27.144684016582875,25.99694654200272,26.162885665893555,4855800,0.0,0.0
2010-08-12,25.63742117946728,26.03152370176375,25.48531050857624,25.651247024536133,3206200,0.0,0.0
2010-08-13,25.720381414692746,25.92780331369983,25.25713662398145,25.353933334350582,3203900,0.0,0.0
2010-08-16,25.105031550888057,25.236398153414907,24.55190290600841,24.863037109375,3437500,0.0,0.0
2010-08-17,25.298624436776297,25.568273194582872,24.9598332811265,25.18108367919922,2886500,0.0,0.0
2010-08-18,25.14651550052613,25.485306679099605,24.85612532247428,25.46456527709961,2432300,0.0,0.0
2010-08-19,25.471470547390524,25.49912750009148,24.43435855871422,24.579553604125977,3466200,0.0,0.0
2010-08-20,24.35831704127208,24.994414125783777,24.026441333597408,24.31683158874512,3419100,0.0,0.0
2010-08-23,24.38596753928227,24.80081140442645,24.206199930210275,24.22694396972656,2246400,0.0,0.0
2010-08-24,23.95037746232704,24.054089737962887,23.54936211406141,23.694557189941406,2595000,0.0,0.0
2010-08-25,23.86741114629353,23.86741114629353,23.05846218872492,23.784442901611328,3774400,0.0,0.0
2010-08-26,23.38342245889413,24.040260701843163,23.286625743883,23.50096321105957,2868900,0.0,0.0
2010-08-27,23.66689779987256,24.3997912998695,23.59084249055532,24.33756446838379,3103700,0.0,0.0
2010-08-30,24.303001729533527,24.32374313361566,23.50788116455078,23.50788116455078,2673000,0.0,0.0
2010-08-31,23.397251540256143,23.83283940653442,23.196742546848856,23.4594783782959,2763800,0.0,0.0
2010-09-01,23.98494994990701,24.655616760253903,23.77752801359228,24.655616760253903,3553700,0.0,0.0
2010-09-02,24.586479601429787,24.89069829778684,24.344485118804435,24.835384368896484,2305900,0.0,0.0
2010-09-03,25.25022778575141,25.512963640309668,25.015148892202014,25.37468147277832,2352200,0.0,0.0
2010-09-07,25.21566381415748,25.21566381415748,24.558825342546022,24.593395233154297,2844200,0.0,0.0
2010-09-08,24.579563732168467,25.3954257104385,24.54499384580379,25.084291458129883,2432800,0.0,0.0
2010-09-09,25.51296504422192,25.62359025683182,24.89069657484553,25.091205596923828,1742300,0.0,0.0
2010-09-10,25.06355255740044,25.22257616057336,24.89761339375584,25.132692337036133,1270200,0.0,0.0
2010-09-13,25.55444567172056,25.76186759799009,25.3401108241643,25.52678871154785,2852100,0.0,0.0
2010-09-14,25.471478572522287,25.52678985783859,24.897608491976737,24.980579376220703,3090200,0.0,0.0
2010-09-15,24.973668640543465,25.43691360241488,24.66253435831841,25.001325607299805,2899700,0.0,0.0
2010-09-16,24.97365893750681,24.97365893750681,24.455102881111245,24.69018173217773,2174000,0.0,0.0
2010-09-17,24.79390489209106,24.8837887198618,24.47585767076525,24.64179420471192,2139800,0.0,0.0
2010-09-20,24.64870623621908,25.402341366895563,24.614133712209554,25.3055419921875,3114200,0.0,0.0
2010-09-21,25.34702601553697,25.671988732887808,25.16726103334036,25.312456130981445,4318200,0.0,0.0
2010-09-22,25.23640100993768,25.49222132276761,24.551905685052763,24.66253089904785,2931100,0.0,0.0
2010-09-23,24.551905057439967,24.793899520158487,24.19928802106731,24.2476863861084,2438800,0.0,0.0
2010-09-24,24.57265020218401,25.23640149901804,24.4827663898482,25.215660095214844,3322900,0.0,0.0
2010-09-27,25.512971544167225,26.69527929968604,25.118868958994284,25.671995162963867,9960200,0.0,0.0
2010-09-28,25.768784380204963,25.87249402950707,25.153431493468226,25.803354263305664,4126000,0.0,0.0
2010-09-29,25.74803728614621,26.67452419101188,25.616668066884987,25.89323234558105,7155600,0.0,0.0
2010-09-30,27.62175807616437,27.753124684463103,26.19054331530734,27.034059524536133,18751300,0.0,0.0
2010-10-01,26.95800972953693,27.28988538413395,26.48093633307419,26.868125915527344,6588600,0.0,0.0
2010-10-04,26.83354641500628,27.282960049004338,26.556982149844163,27.158506393432617,5732700,0.0,0.0
2010-10-05,27.289883298506936,27.656328811251846,27.213827972273904,27.61484336853028,5312600,0.0,0.0
2010-10-06,27.52496828861884,28.257859476255952,27.414343054399257,28.167978286743164,5560700,0.0,0.0
2010-10-07,28.0780932855116,28.62430651054076,27.794615969834133,27.98129653930664,3968800,0.0,0.0
2010-10-08,28.17488770374153,28.48602196048796,27.87066900687463,28.285512924194336,4456600,0.0,0.0
2010-10-11,28.45835541981509,28.58972200067529,28.27167492858485,28.37538719177246,3477000,0.0,0.0
2010-10-12,28.25094478695091,29.039149861180807,28.2163748979522,28.887039184570312,5206100,0.0,0.0
2010-10-13,29.01840769652617,29.62684511203212,28.8317271357982,29.530048370361328,6217800,0.0,0.0
2010-10-14,29.536963771858204,30.12465977885369,28.62430501598738,28.997663497924805,6276000,0.0,0.0
2010-10-15,29.246570301682056,29.2880557488169,28.22328634330911,28.67270278930664,3699700,0.0,0.0
2010-10-18,28.783324937685737,29.364107947998004,28.76949645678389,29.21891021728516,3395800,0.0,0.0
2010-10-19,28.900861690854192,29.039143855765182,28.209453503812163,28.35464859008789,3573500,0.0,0.0
2010-10-20,28.575907246050846,29.129033376763388,28.472194942630114,28.769500732421875,3271600,0.0,0.0
2010-10-21,28.893953866827896,29.24657094392073,28.38231055764935,28.54133415222168,3489100,0.0,0.0
2010-10-22,28.98383865990238,29.30880144964096,28.555166193395163,28.73493385314941,2799600,0.0,0.0
2010-10-25,29.004572442345143,29.01840092185733,28.41687393188477,28.41687393188477,3576300,0.0,0.0
2010-10-26,28.23711023852753,29.07371350515624,28.23711023852753,29.05988502502441,3244600,0.0,0.0
2010-10-27,28.942348887211267,29.239654636674807,28.527502367313897,28.914691925048828,2388600,0.0,0.0
2010-10-28,29.039142810799465,29.232736252200688,28.69343872971852,29.025314331054688,2576100,0.0,0.0
2010-10-29,29.00457775351389,29.17742982279882,28.693443501298365,29.04606056213379,1763900,0.0,0.0
2010-11-01,28.997661794842443,29.20508638514163,28.57590496710005,28.98383331298828,2741800,0.0,0.0
2010-11-02,29.10827998095881,29.37101579769669,28.990741869860013,29.122108459472656,2341900,0.0,0.0
2010-11-03,29.163599649749376,30.49110219887814,29.10828572477912,30.124656677246094,9544200,0.0,0.0
2010-11-04,30.463451146093032,30.933609008789062,30.00712176612493,30.933609008789062,5411000,0.0,0.0
2010-11-05,29.86191665972656,31.770204605857984,29.75129146266914,31.535125732421875,10686700,0.0,0.0
2010-11-08,31.396851117548817,31.410679600191383,30.73309977578596,30.857553482055664,4039000,0.0,0.0
2010-11-09,30.79532860083946,30.97509361167696,29.460910271788897,29.63376235961914,4163800,0.0,0.0
2010-11-10,29.606109172399552,29.90341501242594,28.99766900705324,29.72364997863769,4410900,0.0,0.0
2010-11-11,29.384848858206592,29.661413196583148,29.087543117581344,29.39176177978516,1793000,0.0,0.0
2010-11-12,29.17051100319783,29.31570872968132,28.5689866078107,28.907777786254883,2651500,0.0,0.0
2010-11-15,29.032235207660623,29.592274233588647,29.01840672538281,29.32953834533692,2424100,0.0,0.0
2010-11-16,29.08063470600037,29.294969595845185,28.568991391908963,28.83864021301269,3530300,0.0,0.0
2010-11-17,28.790242440368534,29.24657183268655,28.714187102063285,28.887039184570312,2562800,0.0,0.0
2010-11-18,29.21891170189827,29.62684267793401,29.10828648657569,29.42633628845215,2278600,0.0,0.0
2010-11-19,29.246570864874336,29.606103501093106,29.07371878808724,29.54387664794922,2160800,0.0,0.0
2010-11-22,29.481650434883512,29.48856599511264,28.86629745016361,29.13594627380371,2337400,0.0,0.0
2010-11-23,28.76948627829925,28.85937005360434,28.22327334473218,28.244014739990234,2727600,0.0,0.0
2010-11-24,28.534416644959425,28.873205184936523,28.451448399711783,28.873205184936523,1735200,0.0,0.0
2010-11-26,28.52058792114257,28.79023669403131,28.409962715918663,28.52058792114257,932500,0.0,0.0
2010-11-29,28.3961347588341,28.797152783605966,28.071172058588832,28.71418190002441,2470400,0.0,0.0
2010-11-30,28.34082254915893,28.748753482161405,28.29933710872188,28.54824447631836,1750500,0.0,0.0
2010-12-01,28.87320779035497,29.45399083452224,28.79715509723113,29.23274040222168,3174200,0.0,0.0
2010-12-02,29.205095354079816,29.792791507041475,29.14286848538272,29.64759635925293,3052100,0.0,0.0
2010-12-03,29.447080745292244,30.401224974824714,29.30188562966067,30.256027221679688,3417800,0.0,0.0
2010-12-06,30.07625932260424,30.318251158700367,29.75821215587412,30.14539909362793,1837800,0.0,0.0
2010-12-07,30.40122434151484,30.76766990309801,30.21454378065736,30.38739585876465,3129600,0.0,0.0
2010-12-08,30.22836788798432,30.70543860500173,29.12902872484591,29.191255569458008,4499900,0.0,0.0
2010-12-09,29.34335071481513,33.602423329677706,29.039132184293475,33.03546905517578,22972500,0.0,0.0
2010-12-10,32.84879590298036,34.473606433060795,32.56531870273408,33.844425201416016,16937800,0.0,0.0
2010-12-13,34.04494539807627,34.321507131876736,32.88337925857971,33.5471305847168,6286100,0.0,0.0
2010-12-14,33.58861696712928,37.02491447445552,33.47107618291769,35.79420852661133,22165900,0.0,0.0
2010-12-15,35.57294843605502,36.11224592769083,34.757086640368065,35.39318084716797,7660700,0.0,0.0
2010-12-16,35.57985344786663,36.62388095794983,35.38626006057156,36.02235412597656,5890700,0.0,0.0
2010-12-17,35.93939793243923,36.457954082625946,35.84951412790323,36.34041595458984,4466000,0.0,0.0
2010-12-20,36.340415433300834,37.57803408948345,36.28510151206815,36.93502426147461,6788700,0.0,0.0
2010-12-21,37.39135334873541,38.241785041511925,37.03873372153981,38.15190124511719,5541900,0.0,0.0
2010-12-22,38.546004559439055,39.244325634001285,38.26944024302093,38.55291748046875,6231800,0.0,0.0
2010-12-23,38.66355334925045,38.89171936888774,37.12862861833421,37.56421661376953,4446400,0.0,0.0
2010-12-27,37.6057028008516,42.14825581974845,37.460507668515696,41.05583190917969,17299700,0.0,0.0
2010-12-28,42.49394407984468,42.64605471618242,39.90807908717967,40.74468231201172,14023600,0.0,0.0
2010-12-29,40.73086355540852,40.89680271079844,39.4794135611533,39.596954345703125,6212100,0.0,0.0
2010-12-30,39.37569137363461,40.675539325320365,39.1336969588857,39.77670669555664,6772300,0.0,0.0
2010-12-31,39.75596761466287,40.350579030553774,39.54163014410533,39.83893585205078,3125600,0.0,0.0
2011-01-03,40.336754739766334,40.42663854481873,39.41026764060938,40.13624572753906,5408500,0.0,0.0
2011-01-04,40.09476562545116,40.09476562545116,38.77417597188899,39.25815963745117,5437200,0.0,0.0
2011-01-05,39.03691024459186,42.15516301557648,38.884802218882456,42.141334533691406,15085700,0.0,0.0
2011-01-06,42.21739088507774,43.1853609027958,41.51906703933579,41.795631408691406,11474200,0.0,0.0
2011-01-07,42.7774169982799,43.46882507548668,41.99612777004524,42.30034637451172,12774600,0.0,0.0
2011-01-10,42.12058649649266,42.16898749725568,39.23741555354256,39.67991638183594,13069400,0.0,0.0
2011-01-11,40.08093320148829,41.92699178358427,39.99796232054182,40.82073974609375,12837700,0.0,0.0
2011-01-12,41.60202883286894,41.92699152075658,40.23995651478083,40.37823867797852,9796100,0.0,0.0
2011-01-13,40.08093378997572,41.3807792937338,39.31347027378651,39.54163360595703,12218900,0.0,0.0
2011-01-14,39.34112520814233,39.34803812921018,36.67920221984241,37.33604049682617,17189300,0.0,0.0
2011-01-18,36.561673913425416,37.21159680628868,35.9532338331302,36.76218032836914,8064900,0.0,0.0
2011-01-19,36.58931227616176,37.64716837276005,35.26181010299607,35.275638580322266,10518700,0.0,0.0
2011-01-20,37.63457423605745,38.34308651941829,35.934140940323594,35.992488861083984,12626200,8.7,0.0
2011-01-21,36.89272668433232,36.926069271310126,34.85887657454762,35.84246063232422,11320000,0.0,0.0
2011-01-24,35.8507800573288,35.917465204068016,34.48376634640281,34.96722412109375,9819800,0.0,0.0
2011-01-25,35.292322964202164,35.384013494499655,34.25872495865449,34.47544860839844,6075600,0.0,0.0
2011-01-26,34.64216505071622,35.258987170225495,34.02533975148203,34.683841705322266,7661900,0.0,0.0
2011-01-27,35.10893188157073,35.23396496532581,34.38374826307213,34.98390197753906,7518400,0.0,0.0
2011-01-28,35.175632640630994,35.21730929379111,33.50854107642787,33.55855178833008,6912900,0.0,0.0
2011-01-31,33.69191193351642,34.15869861848132,33.575216057206234,33.63356399536133,4947700,0.0,0.0
2011-02-01,33.95031218204429,34.65882785563055,33.441848853160685,34.22538375854492,7202600,0.0,0.0
2011-02-02,34.28372297872715,35.117268373533975,34.07533663002545,34.31706237792969,7539500,0.0,0.0
2011-02-03,34.250374470427424,34.28371704358108,33.60854424597206,33.82526779174805,5175300,0.0,0.0
2011-02-04,33.891959662087174,33.92530224498405,32.94171830759224,33.341819763183594,6423900,0.0,0.0
2011-02-07,33.74191544295136,35.58404990640339,33.500186527912895,35.15894317626953,11363300,0.0,0.0
2011-02-08,35.45069275862544,36.009169954757986,35.07559978866705,35.317325592041016,9746600,0.0,0.0
2011-02-09,34.95056644786501,35.13394749310308,33.80860989280073,34.267059326171875,6416100,0.0,0.0
2011-02-10,34.07534752876861,34.62548753811032,33.84195258136121,34.40876388549805,3817100,0.0,0.0
2011-02-11,34.19203721818135,34.81719635098147,34.07534135548113,34.70050048828125,3765100,0.0,0.0
2011-02-14,34.82553563604915,34.88388357616019,34.17537105782665,34.42543411254883,3469000,0.0,0.0
2011-02-15,34.59214482728435,34.842207888886115,34.21704864501953,34.21704864501953,2760600,0.0,0.0
2011-02-16,34.62548753811032,34.8005313638726,34.267062649326014,34.40876388549805,2618600,0.0,0.0
2011-02-17,34.35874726641544,35.342331231945856,34.30039933453853,35.05892562866211,5648300,0.0,0.0
2011-02-18,35.300653719284945,35.58405934109018,34.59214125463386,34.6004753112793,4170500,0.0,0.0
2011-02-22,34.05867110912082,34.26705749311718,33.35015549569887,33.400169372558594,5280800,0.0,0.0
2011-02-23,33.600220011048805,33.97531293960565,32.608298838070915,33.341819763183594,4595700,0.0,0.0
2011-02-24,33.27514245001112,33.75860047693622,32.9500601393595,33.700252532958984,4904300,0.0,0.0
2011-02-25,33.56688885561882,34.08368634756338,31.591386252435363,32.124855041503906,13344800,0.0,0.0
2011-02-28,32.07482236008057,32.258203341291555,30.891189575195312,30.891189575195312,10861200,0.0,0.0
2011-03-01,31.12459612736984,31.16627277583869,30.141011960827623,30.591127395629883,7946600,0.0,0.0
2011-03-02,30.699483322644216,31.38299040122936,30.59112151368106,31.09124755859375,4150600,0.0,0.0
2011-03-03,31.49134257058831,32.041482379030555,31.04956454888076,31.26628494262696,6135400,0.0,0.0
2011-03-04,31.382985255363806,31.382985255363806,30.79950284549,31.16626167297364,3534200,0.0,0.0
2011-03-07,31.24963272091168,31.43301063047269,30.75784058305633,30.92454719543457,3014200,0.0,0.0
2011-03-08,31.174605715607896,31.42466875167153,30.9162054431652,31.099586486816406,2780500,0.0,0.0
2011-03-09,31.466349123020542,31.658064246044205,30.87453245893997,30.932880401611328,2729600,0.0,0.0
2011-03-10,30.77449465605524,31.007889530375746,30.33271661136111,30.40773582458496,2853300,0.0,0.0
2011-03-11,30.090989408605623,31.708069613162216,29.87426899114856,31.13292121887207,7557600,0.0,0.0
2011-03-14,30.44942099074833,31.41633379894348,30.424415639241538,31.25796127319336,4349600,0.0,0.0
2011-03-15,29.9576354148278,30.81618976558596,29.84093950960677,30.657814025878903,5629300,0.0,0.0
2011-03-16,30.84118699358661,31.13292667974441,29.59920265882033,29.6658878326416,5800000,0.0,0.0
2011-03-17,30.007629394368205,30.13266245540053,29.4324843090097,29.757566452026367,2708200,0.0,0.0
2011-03-18,30.207694181813448,30.541110516614,29.13241958618164,29.13241958618164,7159300,0.0,0.0
2011-03-21,29.574189538649065,30.991217312822773,29.574189538649065,30.86618423461914,6652600,0.0,0.0
2011-03-22,30.85786271611413,31.16627373999392,30.441089859083515,30.79951477050781,4457700,0.0,0.0
2011-03-23,30.77449828550261,30.77449828550261,30.124333814033143,30.4660873413086,2719200,0.0,0.0
2011-03-24,30.582779189862844,30.67446969144501,30.11599580686028,30.27436828613281,2794000,0.0,0.0
2011-03-25,30.441086871711143,30.76616915953676,30.09099605270524,30.44942092895508,3076300,0.0,0.0
2011-03-28,30.35772324605741,31.166263336307946,30.25769868408237,30.30771255493164,2736700,0.0,0.0
2011-03-29,30.43274313587756,30.49109424302129,30.0076363532844,30.15767478942871,2518700,0.0,0.0
2011-03-30,30.31605650039664,30.391075741282748,30.01597953685217,30.0493221282959,1882300,0.0,0.0
2011-03-31,29.86593514141494,29.874269196876103,29.17409088836637,29.290786743164062,6693400,0.0,0.0
2011-04-01,29.34080490491802,29.465834833457063,29.09074186811589,29.1740951538086,2791300,0.0,0.0
2011-04-04,29.299127510612536,29.340804152389968,28.257195567556952,28.29053497314453,6212000,0.0,0.0
2011-04-05,28.5072510472678,29.649207264065584,28.36554668708883,29.15741539001465,6973000,0.0,0.0
2011-04-06,29.39914752481165,29.590862591017626,28.69896924053948,29.05739402770996,4248000,0.0,0.0
2011-04-07,29.065740477479903,29.374154705685527,28.5822855782174,28.899030685424805,4039200,0.0,0.0
2011-04-08,28.949036347694825,29.074069451124533,28.61562003808877,28.748987197875977,2138800,0.0,0.0
2011-04-11,28.68230018701635,29.01571965494425,28.52392768859863,28.52392768859864,2292300,0.0,0.0
2011-04-12,28.448903193333887,28.71563744633851,28.21550833716251,28.4072265625,2213600,0.0,0.0
2011-04-13,28.532261185212448,28.63228575174094,28.13215973937484,28.22385025024414,2127100,0.0,0.0
2011-04-14,28.09048231823298,28.18217282654518,27.782071391865763,27.957115173339844,2829300,0.0,0.0
2011-04-15,28.115491952669924,28.115491952669924,27.582023291727825,27.89043426513672,3662800,0.0,0.0
2011-04-18,27.532008611411065,27.815414226757262,27.023545315079,27.181921005249023,5031300,0.0,0.0
2011-04-19,27.27361253476246,27.48199893082948,26.53175588365771,26.773483276367188,6941900,0.0,0.0
2011-04-20,27.06522436244589,27.29028203699496,26.77348151926428,26.96519660949707,3889400,0.0,0.0
2011-04-21,27.056886749912582,27.13190597371812,26.68179063088493,26.80682373046875,3918700,0.0,0.0
2011-04-25,26.8401694232717,26.85684071712887,26.07330739432502,26.23167991638184,5090000,0.0,0.0
2011-04-26,26.315029407077024,26.898511853697,26.298358116633764,26.565093994140625,5600000,0.0,0.0
2011-04-27,26.68179032206597,26.68179032206597,26.073304072425188,26.42339324951172,5428400,0.0,0.0
2011-04-28,26.41505736812327,26.881842403456066,26.30669556268592,26.50674629211425,4114200,0.0,0.0
2011-04-29,26.573434691336395,26.61511292786172,25.93160574746808,25.96494674682617,4486900,0.0,0.0
2011-05-02,26.16499375034126,26.19000068866075,25.631525118421,25.714879989624023,3212700,0.0,0.0
2011-05-03,25.92326545016181,26.25668333324653,25.714879074501123,25.94827079772949,4075200,0.0,0.0
2011-05-04,26.098308805986107,26.50674590466491,25.72321428998893,26.37337875366211,4834400,0.0,0.0
2011-05-05,26.164997331771183,26.46507427323143,25.48149015610032,25.664871215820312,6721900,0.0,0.0
2011-05-06,25.664866787117088,26.156657170957647,25.38146118905596,25.589847564697266,6559600,0.0,0.0
2011-05-09,25.739884230184938,25.739884230184938,24.54791550577559,24.75630187988281,6344500,0.0,0.0
2011-05-10,24.66461403173434,24.98969630171363,24.297853528512817,24.689620971679688,6352100,0.0,0.0
2011-05-11,24.681283568195333,26.49841307179912,24.681283568195333,25.54817008972168,12665300,0.0,0.0
2011-05-12,26.13165352111568,26.17333016300684,25.314779257097847,25.98161506652832,6335200,0.0,0.0
2011-05-13,26.17332711064769,26.25668197457107,25.3397816511375,25.35645294189453,5337700,0.0,0.0
2011-05-16,25.4731500419386,26.05663252804598,25.35645418066188,25.83991050720215,4042900,0.0,0.0
2011-05-17,25.79823370342588,26.1733282222185,25.464814233572174,25.673200607299805,3960800,0.0,0.0
2011-05-18,25.7732270778626,25.848246300500577,25.21475152592531,25.69820785522461,3845600,0.0,0.0
2011-05-19,25.83991011959769,25.8482457652584,25.423137375733205,25.70654296875,2760200,0.0,0.0
2011-05-20,25.806567759296545,26.039961070221764,25.439808886236445,25.673200607299805,4842800,0.0,0.0
2011-05-23,25.38979413008344,25.48982028553813,24.672946110461734,24.98969268798828,6975400,0.0,0.0
2011-05-24,24.9480208958272,24.96469218995104,24.55625343322754,24.55625343322754,8638000,0.0,0.0
2011-05-25,23.56433433618238,23.96443583994324,22.922503846902227,23.57266998291016,225834700,0.0,0.0
2011-05-26,23.747711644331424,24.13114340978032,23.49764862458877,23.964433670043945,56600900,0.0,0.0
2011-05-27,24.03111732044245,24.13114348255833,23.931091158326577,24.07279396057129,23579000,0.0,0.0
2011-05-31,24.122806753305333,24.131142398929164,23.43929971076968,23.756046295166016,25816800,0.0,0.0
2011-06-01,23.64768296829536,23.73937187836193,23.272586913917845,23.38094711303711,23708600,0.0,0.0
2011-06-02,23.42263161195898,23.72270694600705,23.214245212546288,23.347612380981445,12759300,0.0,0.0
2011-06-03,23.17256262611956,23.255917488200048,22.989183201431867,23.047531127929688,13668200,0.0,0.0
2011-06-06,23.0058574684145,23.072541048734347,22.597420340222698,22.697444915771484,17647400,0.0,0.0
2011-06-07,22.830818478364,22.95585161765327,22.73912952337759,22.855825424194336,9722500,0.0,0.0
2011-06-08,22.72245246308357,23.130889602213085,22.589085298872384,22.772464752197266,47106700,0.0,0.0
2011-06-09,23.08087112264943,23.69769448915536,22.94750399420824,23.42262458801269,14816300,0.0,0.0
2011-06-10,23.430964377143468,24.156148067592696,23.097544907197943,24.139476776123047,30886000,0.0,0.0
2011-06-13,24.01444231548965,24.331190454998133,23.71436705526152,24.156145095825195,15553000,0.0,0.0
2011-06-14,24.26451484835801,24.2978558482729,23.58100765655,23.764387130737305,10218200,0.0,0.0
2011-06-15,23.480976700659053,23.84773716429068,23.072539598146,23.247583389282227,9563600,0.0,0.0
2011-06-16,23.30592874822872,23.622676892282225,23.205904190004645,23.37261390686035,8840200,0.0,0.0
2011-06-17,23.589339466408504,23.631017699658504,23.11421873639274,23.32260513305664,10252300,0.0,0.0
2011-06-20,23.255919426353053,23.38928658085199,23.02252770091086,23.355945587158203,8416800,0.0,0.0
2011-06-21,23.46430820951273,24.047790762659663,23.41429591891392,23.989442825317383,9743900,0.0,0.0
2011-06-22,23.922755961388088,24.54791507268016,23.806058512840853,24.0061092376709,12288800,0.0,0.0
2011-06-23,23.6977001143438,24.0727946559238,23.430965794145944,23.897750854492188,8421800,0.0,0.0
2011-06-24,23.872747072129428,24.064463781248826,23.53099348045796,23.714374542236328,21274300,0.0,0.0
2011-06-27,23.672692718655792,24.131143713775256,23.572668145443423,24.01444625854492,7000500,0.0,0.0
2011-06-28,24.07279611302804,24.172822284087708,23.789392073060103,23.989442825317383,5201700,0.0,0.0
2011-06-29,24.214495321968453,24.57292012925177,24.07279252815556,24.289514541625977,11482800,0.0,0.0
2011-06-30,24.37286873481204,24.50623587944577,24.17281801786142,24.439552307128903,6188000,0.0,0.0
2011-07-01,24.381204879402507,25.006363978874365,24.28117872394781,24.98969268798828,8002100,0.0,0.0
2011-07-05,25.173071829659577,25.27309638778888,24.664608624606945,24.73962783813477,6663200,0.0,0.0
2011-07-06,24.6312696056958,24.74796706019715,24.19782714137992,24.48956680297852,5663800,0.0,0.0
2011-07-07,24.747967366141168,25.28977164563045,24.50623839798608,25.18140983581543,8730600,0.0,0.0
2011-07-08,24.856326076276467,25.0147001633836,24.497901263810665,24.95635223388672,5517300,0.0,0.0
2011-07-11,24.531244183233863,24.67294698104191,23.98943992921315,24.114471435546875,8837000,0.0,0.0
2011-07-12,23.98110656211377,24.37287240981409,23.8394037508414,23.939428329467773,4719500,0.0,0.0
2011-07-13,24.10613708609101,24.38120705076153,23.94776298829224,24.039453506469727,4413500,0.0,0.0
2011-07-14,24.114471107681503,24.172819037186475,23.631014790532248,23.756046295166016,5766700,0.0,0.0
2011-07-15,23.856072513952768,23.86440656973613,23.28926132897385,23.530988693237305,5897000,0.0,0.0
2011-07-18,23.43096285755527,23.539323065356683,22.547403545308462,23.047531127929688,7560600,0.0,0.0
2011-07-19,23.08921226314717,23.38928757864006,22.73912307018717,23.23091506958008,5868000,0.0,0.0
2011-07-20,23.322597800570275,23.62267462617977,23.122547113451127,23.5976676940918,6222400,0.0,0.0
2011-07-21,23.67269257755933,24.39787788340536,23.589337707137894,24.13114356994629,9741700,0.0,0.0
2011-07-22,24.15615035942724,24.256176527873333,23.94776396587139,24.247840881347656,4608700,0.0,0.0
2011-07-25,24.139477626112708,24.23116814256248,23.99777641321675,24.13114356994629,3814700,0.0,0.0
2011-07-26,24.08946032174868,24.647935770416257,24.039448045858595,24.5645809173584,6004400,0.0,0.0
2011-07-27,24.39787688448053,24.63126860427048,24.214495859089176,24.25617408752441,8427400,0.0,0.0
2011-07-28,24.2228330312451,24.54791687407864,24.06446052279645,24.1228084564209,7369600,0.0,0.0
2011-07-29,23.881079870683653,24.164485487022453,23.72270576982092,23.922758102416992,6366700,0.0,0.0
2011-08-01,24.23950517857876,24.33119570028642,23.48097883498444,23.83106803894043,7070500,0.0,0.0
2011-08-02,23.547660741720115,23.60600867325089,22.95584419063714,23.13088798522949,10552000,0.0,0.0
2011-08-03,23.08087736001181,23.52265549616104,22.94751019552956,23.49765014648437,10453400,0.0,0.0
2011-08-04,23.23924889747916,23.46430657428257,21.938918303496,22.00560188293457,18301500,0.0,0.0
2011-08-05,21.680521542107257,22.005603821779545,20.005094672501784,20.921995162963867,20255500,0.0,0.0
2011-08-08,19.788371545891287,20.58024046952947,18.42135732641854,18.82145881652832,20249800,0.0,0.0
2011-08-09,19.146541177030425,19.988422393798828,18.87980684891806,19.988422393798828,15049500,0.0,0.0
2011-08-10,19.72168414440373,19.72168414440373,18.35467018970165,18.454694747924805,12214400,0.0,0.0
2011-08-11,18.43802976601734,19.655005604920508,18.104610246994245,19.304916381835938,13866600,0.0,0.0
2011-08-12,19.579986060308247,19.921739630988487,19.17154890485777,19.279909133911133,8917100,0.0,0.0
2011-08-15,19.49662476227527,20.4885441502551,19.42994119946176,20.43853187561035,11981400,0.0,0.0
2011-08-16,20.16346815124354,21.122045256255607,20.063441981479777,20.43020248413086,10133800,0.0,0.0
2011-08-17,20.538558608727485,21.31375610252336,20.52188890864781,20.713603973388672,6107600,0.0,0.0
2011-08-18,20.01342616524107,20.01342616524107,18.646412155125088,18.92148208618164,11142200,0.0,0.0
2011-08-19,18.604734025962085,19.413274122861147,18.43802589134563,18.47136688232422,7039800,0.0,0.0
2011-08-22,19.02151103442947,19.071523327100174,18.11294616995741,18.162960052490234,7090400,0.0,0.0
2011-08-23,18.18796369506869,19.1048641204834,17.88788678751356,19.1048641204834,7217000,0.0,0.0
2011-08-24,19.07985731237001,19.655004192506325,18.9548257966522,19.62999725341797,5451100,0.0,0.0
2011-08-25,20.063438390860583,20.78028797460201,18.91314638867856,19.171545028686523,7107300,0.0,0.0
2011-08-26,18.92148622927171,19.588322090007992,18.54639006394374,19.38827133178711,5248500,0.0,0.0
2011-08-29,19.721688970406248,20.888652504362543,19.721688970406248,20.83864021301269,6430600,0.0,0.0
2011-08-30,20.713610522241822,20.97200923858236,20.330178681671867,20.75528717041016,5415100,0.0,0.0
2011-08-31,20.89698457681649,21.45546010259286,20.780288720340227,21.11370658874512,4971600,0.0,0.0
2011-09-01,21.005346813168885,21.355435979717093,20.61357941854241,20.663593292236328,4051800,0.0,0.0
2011-09-02,20.16346507464633,20.213477356966184,19.57164697272455,19.7216854095459,4078200,0.0,0.0
2011-09-06,18.94649186929753,19.721689562888137,18.771448049383327,19.43828392028809,5673300,0.0,0.0
2011-09-07,19.80504610237144,21.305427732455925,19.79671045455447,21.163724899291992,6959500,0.0,0.0
2011-09-08,20.76362348691941,21.038693507333583,20.355186280235475,20.496889114379883,5804300,0.0,0.0
2011-09-09,20.14679581840482,20.421865783734106,19.438281789568183,19.47162437438965,6936400,0.0,0.0
2011-09-12,19.071514562768748,19.705009141635763,18.954818736877403,19.65499687194824,6065500,0.0,0.0
2011-09-13,19.82171167566144,20.3218376813997,19.46328687231703,20.138458251953125,5552500,0.0,0.0
2011-09-14,20.280166978557915,20.763623424805115,19.805046180160417,20.41353416442871,5931600,0.0,0.0
2011-09-15,20.688599634471814,20.972005239590217,20.405194029353414,20.87198066711425,4437700,0.0,0.0
2011-09-16,21.02201752691836,21.32209442408562,20.571903771029383,21.205398559570312,5928000,0.0,0.0
2011-09-19,20.663592895421058,20.79696004298669,20.005091213186663,20.55523109436035,5363600,0.0,0.0
2011-09-20,20.51356369181069,20.92200096383485,20.31351288040268,20.50522804260254,5061000,0.0,0.0
2011-09-21,20.505215100380813,20.81362597711085,19.129865646362305,19.129865646362305,8095700,0.0,0.0
2011-09-22,18.629743914188563,18.86313565761381,17.671166821169976,18.012920379638672,10719900,0.0,0.0
2011-09-23,17.84620442103378,18.546382587480384,17.662825030721176,18.49637031555176,6539600,0.0,0.0
2011-09-26,18.77144576163658,19.57998435530172,18.58806472709052,19.554977416992188,8197300,0.0,0.0
2011-09-27,19.93840996947278,20.238486881494342,19.321586442432224,19.48829460144043,7775800,0.0,0.0
2011-09-28,19.496632312759605,19.7883736092498,18.929821014404297,18.929821014404297,5803500,0.0,0.0
2011-09-29,19.41327247857749,19.57164495456988,18.60473245016092,19.079853057861328,7851200,0.0,0.0
2011-09-30,18.779780087200724,19.05485002981578,18.23797425762584,18.29632377624512,6004500,0.0,0.0
2011-10-03,18.104611945003107,18.45470120092212,16.904307287448443,17.054344177246094,9692100,0.0,0.0
2011-10-04,16.704257092979187,17.171042253841364,15.987407260686975,17.129364013671875,13000000,0.0,0.0
2011-10-05,17.062676402987762,17.904557577898764,16.5292077732865,17.804533004760742,10643300,0.0,0.0
2011-10-06,17.779524663594913,18.36300712368556,17.212713494332412,18.354671478271484,7490100,0.0,0.0
2011-10-07,18.471373941545963,18.488045238337424,17.354422494316143,17.479454040527344,7431000,0.0,0.0
2011-10-10,18.037919454978063,18.49637031555176,17.921223623857447,18.49637031555176,5400100,0.0,0.0
2011-10-11,18.337999388318348,18.90481053288061,18.04625817098639,18.64641189575196,5369800,0.0,0.0
2011-10-12,18.95482178158365,20.17179886511276,18.80478335855908,19.80503845214844,10541600,0.0,0.0
2011-10-13,19.529972078955176,19.60499130406184,18.713097838751416,19.19655418395996,6038300,0.0,0.0
2011-10-14,19.52996794942669,19.588315869980693,18.963156852853647,19.479955673217773,4970600,0.0,0.0
2011-10-17,19.39660204114881,19.49662659986579,18.50470870825755,18.538049697875977,5732500,0.0,0.0
2011-10-18,18.57973017188576,19.78837020687353,18.27131763379837,19.538307189941406,7937300,0.0,0.0
2011-10-19,19.388271704873222,19.93007605088009,18.696428889848,18.79645347595215,8597000,0.0,0.0
2011-10-20,18.838126560642035,19.21322104076048,18.45469484578882,19.096525192260746,8190500,0.0,0.0
2011-10-21,19.35492233414407,20.01342391967773,19.35492233414407,20.01342391967773,7492300,0.0,0.0
2011-10-24,19.963417509986968,21.038690494010872,19.896733926403023,20.95533561706543,7900800,0.0,0.0
2011-10-25,20.69693072457752,20.75527864398831,20.03009508865192,20.15512657165528,6998600,0.0,0.0
2011-10-26,20.521894297507004,21.322097346479147,20.363520181199632,21.105375289916992,9152400,0.0,0.0
2011-10-27,21.91391197634406,22.63909567162404,21.6305063789196,22.105627059936523,11788300,0.0,0.0
2011-10-28,21.71386221497221,22.314016063680093,21.68052121774513,21.955591201782227,5552900,0.0,0.0
2011-10-31,21.522148024245748,21.522148024245748,20.580242156982425,20.580242156982425,6867000,0.0,0.0
2011-11-01,19.529974517387632,20.171805039053456,19.329923755412988,19.52163887023925,8939000,0.0,0.0
2011-11-02,20.02176081148743,20.421862220360342,19.713348315151016,20.163463592529297,5503800,0.0,0.0
2011-11-03,20.36352138502143,20.65526269340424,19.67167852849991,20.530229568481445,6338400,0.0,0.0
2011-11-04,19.563312319140813,20.05510429149294,19.3049136592164,19.930072784423828,8205000,0.0,0.0
2011-11-07,19.846715303033648,19.996753727704466,19.25489883890062,19.77169609069824,4654200,0.0,0.0
2011-11-08,19.921734261062102,20.11344931686677,19.46328493807501,20.05510139465332,4992800,0.0,0.0
2011-11-09,19.38827061489856,19.41327755494981,18.754775775691748,18.78811836242676,7714500,0.0,0.0
2011-11-10,19.13820336799403,19.504963822636885,18.96315958114788,19.29657745361328,6105000,0.0,0.0
2011-11-11,19.5549782508334,20.005093620426752,19.496630315485067,19.880062103271484,3659000,0.0,0.0
2011-11-14,19.813381078292025,19.863393373635592,19.421613593491163,19.621665954589844,4275100,0.0,0.0
2011-11-15,19.6383387525262,19.813384198588903,19.25490844473758,19.27157974243164,13736000,0.0,0.0
2011-11-16,19.11319417030124,19.35492148293731,18.67975022849548,18.71309280395508,8635900,0.0,0.0
2011-11-17,18.75477698011432,18.93815644934729,18.12128210022478,18.237977981567383,5820000,0.0,0.0
2011-11-18,18.371346747210257,18.42135904066249,17.92123133655368,18.237977981567383,5336800,0.0,0.0
2011-11-21,17.89622278570713,17.96290636760145,17.262727962780062,17.512792587280273,5561800,0.0,0.0
2011-11-22,17.42110206597733,17.86288178969097,17.37942542349163,17.512792587280273,4063400,0.0,0.0
2011-11-23,17.296071056421553,17.36275464027352,16.74593109217735,16.7542667388916,3467300,0.0,0.0
2011-11-25,16.637568968658986,17.129360986717572,16.637568968658986,16.729259490966797,2058900,0.0,0.0
2011-11-28,17.562805347505694,17.604483580971767,17.162703845403666,17.39609718322754,4987700,0.0,0.0
2011-11-29,17.421098885373326,17.837871593587337,17.187707186284975,17.61281394958496,5835700,0.0,0.0
2011-11-30,18.32966699528321,19.438282545943785,18.096273662037085,19.429946899414062,10920800,0.0,0.0
2011-12-01,19.296576526118653,19.4382793138382,19.02984224096698,19.171545028686523,6062500,0.0,0.0
2011-12-02,19.43827480471049,19.75502288724785,19.05484475621528,19.321578979492188,6866700,0.0,0.0
2011-12-05,19.70502115102095,20.046774783582748,19.40494576015105,19.64667320251465,4911600,0.0,0.0
2011-12-06,19.546639794034927,20.36351388474653,19.288239581573013,20.05510139465332,6750300,0.0,0.0
2011-12-07,20.02176608272731,20.488551182638776,19.846720676596707,20.38852500915528,5201900,0.0,0.0
2011-12-08,20.14679677853112,20.14679677853112,19.19655532390146,19.26323890686035,6715400,0.0,0.0
2011-12-09,19.471625402036096,20.16346817497512,19.44661846210021,20.096784591674805,4963200,0.0,0.0
2011-12-12,19.671673415627627,19.688344706599253,19.17154581551149,19.41327476501465,5345200,0.0,0.0
2011-12-13,19.61332482203662,19.705013739547944,18.754772444451497,19.029842376708984,5800800,0.0,0.0
2011-12-14,18.77144479118929,19.33825597800694,18.713096861345445,18.98816680908203,5112900,0.0,0.0
2011-12-15,19.33825736031409,19.60499168144472,19.229895548691044,19.35492706298828,5199400,0.0,0.0
2011-12-16,19.546643600376,19.905066848035045,19.304914630006223,19.47162437438965,7234500,0.0,0.0
2011-12-19,19.48829193345488,19.52163451460905,18.49637399204488,18.63807678222656,5099400,0.0,0.0
2011-12-20,18.979827395887543,20.00508776212993,18.92147947762584,19.79670143127441,6801900,0.0,0.0
2011-12-21,19.84672154332876,20.25515872232103,19.838385896019265,20.07177925109864,4556900,0.0,0.0
2011-12-22,20.13012207509756,20.41352765212682,19.99675493177341,20.14679336547852,3823300,0.0,0.0
2011-12-23,20.31350340411217,20.31350340411217,19.971748305457595,20.17180061340332,3054200,0.0,0.0
2011-12-27,20.130128150722744,20.21348303792374,19.838386840450365,19.863393783569336,3093000,0.0,0.0
2011-12-28,19.888390325323844,19.988414865763744,19.096521695844505,19.146533966064453,3806300,0.0,0.0
2011-12-29,19.15486961054534,19.446610768258232,19.12986427036459,19.371591567993164,3269500,0.0,0.0
2011-12-30,19.363264094016657,19.4966312641197,19.154877691997893,19.338258743286133,2266000,0.0,0.0
2012-01-03,19.81337730393182,20.42186514926132,19.78003472014625,20.063440322875977,4221700,0.0,0.0
2012-01-04,19.971754621956364,20.09678775143232,19.763368192646155,19.93841361999512,3697300,0.0,0.0
2012-01-05,19.830048214713287,20.0884468746377,19.50496438849936,19.930072784423828,4944100,0.0,0.0
2012-01-06,20.04677284980348,20.13012773528423,19.59665901198696,19.621665954589844,5193600,0.0,0.0
2012-01-09,19.73002454203,20.00509452819824,19.588321725527443,20.00509452819824,4125600,0.0,0.0
2012-01-10,20.37185116831044,21.12204175258171,20.30516759614992,20.8969841003418,7599800,0.0,0.0
2012-01-11,20.796961670324634,21.24707543111408,20.64692322010752,21.147050857543945,4432900,0.0,0.0
2012-01-12,21.27209032861727,21.380450588839377,20.90532971195489,21.197071075439453,3444400,0.0,0.0
2012-01-13,20.871980052768286,20.871980052768286,20.338509852438328,20.79696083068848,3256300,0.0,0.0
2012-01-17,20.988675031470105,21.18872575198542,20.31350365099818,20.47187614440918,4504400,0.0,0.0
2012-01-18,20.38851755278117,21.047019111890684,20.13845459531717,21.03034782409668,4917400,0.0,0.0
2012-01-19,21.18039085540394,21.49713903314828,21.063694995109635,21.29708671569824,4005900,0.0,0.0
2012-01-20,21.230403221912766,21.53881575513386,21.10537171541952,21.38044166564941,4950600,0.0,0.0
2012-01-23,21.413784940411595,21.58882873718456,21.080367049037925,21.205398559570312,3529100,0.0,0.0
2012-01-24,20.91366017483352,21.155387583012217,20.630254530857016,21.105375289916992,3695100,0.0,0.0
2012-01-25,20.98867994030069,21.21373764971508,20.7386152887751,21.0970401763916,5308100,0.0,0.0
2012-01-26,21.15538636781727,21.338767415069658,20.788627453036582,20.95533561706543,5449000,0.0,0.0
2012-01-27,20.830303641166832,21.29708871604917,20.70527212341324,21.047025680541992,5056100,0.0,0.0
2012-01-30,20.81363152342161,21.12204407219737,20.555232851655067,21.005348205566406,3602200,0.0,0.0
2012-01-31,21.205396392801344,21.363768881357625,20.76361673820861,20.930326461791992,3666200,0.0,0.0
2012-02-01,21.38877668656513,22.43904417217825,21.13871368088374,22.17230987548828,9969600,0.0,0.0
2012-02-02,22.280677039665743,22.330690928297543,21.747208279825017,21.930587768554688,5008400,0.0,0.0
2012-02-03,22.30568254106941,23.080880276230843,22.27233995080508,22.647436141967773,9311100,0.0,0.0
2012-02-06,22.50572759730005,22.52239888819821,22.105626154914884,22.339017868041992,4808000,0.0,0.0
2012-02-07,22.480722822101527,22.5140654071032,22.1389692751442,22.25566673278809,4244700,0.0,0.0
2012-02-08,22.29734118148957,22.61408775854724,22.12229739703024,22.53907012939453,4609600,0.0,0.0
2012-02-09,22.59741746987591,23.172562680880823,22.589081824661985,22.797468185424805,5493100,0.0,0.0
2012-02-10,22.44738590610812,22.480726907306565,22.088961001516864,22.22232818603516,4104000,0.0,0.0
2012-02-13,22.55574073118209,22.839146327696863,22.3056777177217,22.355690002441406,3529700,0.0,0.0
2012-02-14,22.26399879631182,22.339018015988604,21.87223299678116,22.17230987548828,3779000,0.0,0.0
2012-02-15,22.280672463210152,22.44738221134931,22.013938138077084,22.08062171936035,3474900,0.0,0.0
2012-02-16,22.13896674096188,22.755790184129182,22.072283168453563,22.73912048339844,4927000,0.0,0.0
2012-02-17,22.78913543490951,22.830812076411178,22.539072406175578,22.697444915771484,2970900,0.0,0.0
2012-02-21,22.75579483207476,22.964181237459552,22.58908666168418,22.78080177307129,3839000,0.0,0.0
2012-02-22,22.87248818543157,23.28926092122367,22.689107164171485,23.0642032623291,6631900,0.0,0.0
2012-02-23,23.189231749201607,23.4226250232413,22.905826198532555,23.330934524536133,7850500,0.0,0.0
2012-02-24,24.856329437515107,25.0813871301756,23.339276706002853,23.6810302734375,18341900,0.0,0.0
2012-02-27,23.631009514374234,23.997769890625992,23.364275273413497,23.889408111572266,7524800,0.0,0.0
2012-02-28,23.89774940926059,24.2478385808139,23.80605889603939,24.139476776123047,9739200,0.0,0.0
2012-02-29,24.281183844278274,24.664615666205904,23.947765905555645,24.35620307922364,7310400,0.0,0.0
2012-03-01,24.49790253602018,24.99803017032008,24.3895423170218,24.54791641235352,6683800,0.0,0.0
2012-03-02,24.72295716445786,24.89800253033788,23.697696673849165,24.83965301513672,11832900,0.0,0.0
2012-03-05,24.714622252307706,26.089971925598824,24.58125510761655,25.331445693969727,14491400,0.0,0.0
2012-03-06,24.69795100297798,24.87299637434089,24.047786568988897,24.214494705200195,11485100,0.0,0.0
2012-03-07,24.3895423170218,24.93968223779311,24.27284645196786,24.54791641235352,9158700,0.0,0.0
2012-03-08,23.83106095732824,23.98943501416231,23.5976676940918,23.5976676940918,77999300,0.0,0.0
2012-03-09,23.714374408490063,23.90608952666604,23.530993347745945,23.547664642333984,23337500,0.0,0.0
2012-03-12,23.64768114132844,23.68102212699636,23.23924254040059,23.46430015563965,11441900,0.0,0.0
2012-03-13,23.57266867709518,23.7560481253617,23.28092741723238,23.67269325256348,13495400,0.0,0.0
2012-03-14,23.622683878118004,23.76438670239202,23.480981053843987,23.547664642333984,11863200,0.0,0.0
2012-03-15,23.5893376180039,23.656021196116697,23.38095123766866,23.40595817565918,13303000,0.0,0.0
2012-03-16,23.422632454938423,23.65602421316868,23.247587046403616,23.36428451538086,11431500,0.0,0.0
2012-03-19,23.33093955854155,23.36428214339637,23.089212177791943,23.17256546020508,10576500,0.0,0.0
2012-03-20,23.08087555921836,23.731040037877367,23.00585633631741,23.60600852966309,15772100,0.0,0.0
2012-03-21,23.72270805488912,23.881082171007098,23.464309352700297,23.74771499633789,11103200,0.0,0.0
2012-03-22,23.48097923968257,23.589339466408504,23.09754744309274,23.32260513305664,10417100,0.0,0.0
2012-03-23,23.547659763553543,23.60600769266056,23.32260210283062,23.5643310546875,8350900,0.0,0.0
2012-03-26,23.96442929285869,24.33952534382199,23.789385528983555,24.22282791137696,18982700,0.0,0.0
2012-03-27,24.4812335101785,25.38146264084655,24.30618811789924,24.73129653930664,28527400,0.0,0.0
2012-03-28,24.781307227264087,25.114725107863272,24.406212707788203,24.75630187988281,14985100,0.0,0.0
2012-03-29,24.497901263810665,25.0147001633836,24.256173900200466,24.95635223388672,12476700,0.0,0.0
2012-03-30,25.189744588425352,25.7732270778626,25.089720018149293,25.69820785522461,19838900,0.0,0.0
2012-04-02,25.714880742756133,26.08164123287388,25.381462838040893,25.98161506652832,16755300,0.0,0.0
2012-04-03,26.181662018046232,26.181662018046232,25.314775591318607,25.73154830932617,13932000,0.0,0.0
2012-04-04,25.94827179453489,27.49866858762672,25.773227995389284,27.10690116882324,38383900,0.0,0.0
2012-04-05,27.00688004454303,27.88210233178601,26.79849363426021,27.41531562805176,18230800,0.0,0.0
2012-04-09,27.00687427365256,27.165246766925367,26.61510688852284,26.66511917114257,12633200,0.0,0.0
2012-04-10,27.14857430839267,27.34028937507385,25.856579532231304,26.039958953857425,21009500,0.0,0.0
2012-04-11,26.48173913178609,26.690125492741547,26.34003634274191,26.565093994140625,10170600,0.0,0.0
2012-04-12,26.690124130210048,27.790403805507665,26.598433627314687,27.698713302612305,20275100,0.0,0.0
2012-04-13,27.53200821927054,27.56535080406553,27.03188216624126,27.073558807373047,10230900,0.0,0.0
2012-04-16,27.35696305372371,27.61536330340633,26.76514651189848,27.34862899780273,8213200,0.0,0.0
2012-04-17,27.548683296462244,27.723727121098616,27.07356252689248,27.27361488342285,9401200,0.0,0.0
2012-04-18,27.60702310621836,27.63203163074597,27.02354068290717,27.165245056152344,9083400,0.0,0.0
2012-04-19,27.098566777315217,27.34029577087518,26.681793966235645,26.89851760864257,9499900,0.0,0.0
2012-04-20,27.15691280433721,27.290279951687594,26.631778270516016,26.72346878051757,8496700,0.0,0.0
2012-04-23,26.315031973810648,26.78181861258109,26.089974300460103,26.748476028442383,7954500,0.0,0.0
2012-04-24,26.731808221101915,27.148581037994337,26.53175745977701,27.006879806518555,6672100,0.0,0.0
2012-04-25,27.28194657334509,27.690385308442828,26.84850248824767,27.36530303955078,8892300,0.0,0.0
2012-04-26,27.240259588164864,28.307196512735786,27.056878611858167,28.09881019592285,13586400,0.0,0.0
2012-04-27,28.223857621661,29.09907996175125,27.848761424558177,28.72398376464844,13883700,0.0,0.0
2012-04-30,28.70731029737372,28.7906667680482,28.02380313646417,28.365556716918945,9940700,0.0,0.0
2012-05-01,28.548929838008668,29.207431464559114,28.340543488826125,28.62394905090332,9601400,0.0,0.0
2012-05-02,28.51559533766594,29.065735328177283,28.173841755374408,28.974044799804688,8684800,0.0,0.0
2012-05-03,29.20744497849295,29.21577903723805,28.340556601661124,28.457252502441406,14125900,0.0,0.0
2012-05-04,27.4069796827916,27.67371401520169,26.47340792949424,27.36530303955078,23831200,0.0,0.0
2012-05-07,25.42313939160132,26.648450783370805,25.38979680631465,26.54009056091309,155232800,0.0,0.0
2012-05-08,26.83182876794047,26.88184264313989,25.88158739721784,26.42339324951172,40584000,0.0,0.0
2012-05-09,26.2233466570947,26.798495218499724,26.17333436083166,26.53175926208496,25766700,0.0,0.0
2012-05-10,26.99853989119157,27.13190705217771,26.715134276630515,26.79015350341797,16674400,0.0,0.0
2012-05-11,26.38171395171075,26.8901756100836,26.27335373955773,26.465068817138672,19157700,0.0,0.0
2012-05-14,26.423392920774184,26.5317531359677,25.99828452603925,26.08997344970703,18488100,0.0,0.0
2012-05-15,26.00662046660472,26.24001219116314,25.289770821490983,25.80656814575196,16715600,0.0,0.0
2012-05-16,25.964944967118264,26.1399903688022,25.28977348030778,25.3814640045166,18003200,0.0,0.0
2012-05-17,24.973021611399528,25.13973134196731,23.622678835275423,23.73103904724121,34930300,0.0,0.0
2012-05-18,23.831069510850096,24.13948050132321,23.247586938264373,23.614347457885746,20417400,0.0,0.0
2012-05-21,23.922755926682903,24.72295882484221,23.614343399353693,24.53957939147949,13010000,0.0,0.0
2012-05-22,24.55624571131163,24.98968968305871,24.22282788299141,24.447885513305664,9790300,0.0,0.0
2012-05-23,24.18949467930507,24.531248262042794,23.68103133382899,24.389545440673828,15231200,0.0,0.0
2012-05-24,24.51457023620606,24.74796352197859,23.997772975379167,24.51457023620605,16024300,0.0,0.0
2012-05-25,24.28951361473661,24.47289462906242,24.08112725472037,24.16448211669922,8959200,0.0,0.0
2012-05-29,24.372873123546,24.92301309168732,24.372873123546,24.82298851013184,10231900,0.0,0.0
2012-05-30,24.85632270880615,24.91467063039821,23.897745850129866,24.08112525939941,16519100,0.0,0.0
2012-05-31,24.147815316085847,24.506240176332863,23.672694581288468,24.32286071777344,11606900,0.0,0.0
2012-06-01,23.47264165940726,23.739375970786128,22.68077278137207,22.68077278137207,28423200,0.0,0.0
2012-06-04,22.71411077337408,23.28925750967764,22.655762853288216,22.9475040435791,16051400,0.0,0.0
2012-06-05,22.805811295375143,23.914427033907973,22.77246870360584,23.881084442138672,13226300,0.0,0.0
2012-06-06,24.28117760432521,24.98969153569559,24.04778590212913,24.92300796508789,14949300,0.0,0.0
2012-06-07,25.381461858597643,25.614853587960983,24.98969444454589,25.131397247314453,13581800,0.0,0.0
2012-06-08,24.906343540098728,25.414806899797703,24.57292559515767,25.406471252441406,8175500,0.0,0.0
2012-06-11,25.723216117659742,25.80656940056248,24.56458672494064,24.622936248779297,9575600,0.0,0.0
2012-06-12,24.714622393122458,25.17307334673943,24.54791425623956,25.164737701416016,7446100,0.0,0.0
2012-06-13,25.0563789298905,25.631525807812523,24.756303611295422,25.25642967224121,10896300,0.0,0.0
2012-06-14,25.273095888714955,26.09830563136368,25.03136855312452,25.864913940429688,11245600,0.0,0.0
2012-06-15,26.17332573819168,26.44839566181168,25.79823125499808,26.240009307861328,13805800,0.0,0.0
2012-06-18,25.931596820327258,26.41505306855252,25.789894044647703,26.2650146484375,12447200,0.0,0.0
2012-06-19,26.506744253910696,26.85683499081784,26.273352549121604,26.623441696166992,10929000,0.0,0.0
2012-06-20,26.71513557434082,26.965198615871376,26.215009491279712,26.71513557434082,10146900,0.0,0.0
2012-06-21,26.66512209889513,26.91518671917379,25.67320244383326,25.873254776000977,11830100,0.0,0.0
2012-06-22,26.123325400194943,26.41506674706188,26.006629497393146,26.20668029785156,15385200,0.0,0.0
2012-06-25,25.764895117148747,25.764895117148747,25.256431777624645,25.53150177001953,10742400,0.0,0.0
2012-06-26,25.856581633691714,26.039961070221764,25.31477737997224,25.673200607299805,13756800,0.0,0.0
2012-06-27,25.88158783025234,26.04829757064926,25.52316459116421,25.68987274169922,12542400,0.0,0.0
2012-06-28,25.406466084411782,25.739883961531,25.02303592319015,25.70654296875,9429800,0.0,0.0
2012-06-29,26.22334145729111,26.81515801699597,25.914930503317624,26.748476028442383,15209800,0.0,0.0
2012-07-02,26.990205923111247,27.04855385750094,26.240013652780974,26.54009056091309,8430700,0.0,0.0
2012-07-03,26.431724026533946,27.02354050088579,26.39004739223316,26.99853515625,6127100,0.0,0.0
2012-07-05,26.831826460451754,26.923516967236928,26.50674424892142,26.648447036743164,6010800,0.0,0.0
2012-07-06,26.25668692753863,26.415061039882,26.08164311115551,26.315034866333008,4674500,0.0,0.0
2012-07-09,26.19000270491792,26.290028876034523,25.59818450469061,25.798236846923828,5704200,0.0,0.0
2012-07-10,26.07329965305985,26.25667906145635,25.60651310282249,25.81489944458008,7762500,0.0,0.0
2012-07-11,25.839910654667257,25.964942162443272,25.44814483967258,25.69820785522461,7190200,0.0,0.0
2012-07-12,25.44814620189587,25.53983513124666,24.98135954941453,25.39813232421875,7674000,0.0,0.0
2012-07-13,25.53984270646107,26.565105244871305,25.531507057709163,26.20668029785156,9570000,0.0,0.0
2012-07-16,26.19000291303181,26.2400152040565,25.75655881785233,26.07330703735352,6047300,0.0,0.0
2012-07-17,26.13999018343744,27.19025622664516,25.90659684613459,26.91518783569336,11492100,0.0,0.0
2012-07-18,26.790153591115192,26.990205923111247,26.315032879814,26.54009056091309,8486600,0.0,0.0
2012-07-19,26.673458493277465,26.673458493277465,26.15665953543093,26.473407745361328,6535200,0.0,0.0
2012-07-20,26.14831949930237,26.18999613272297,25.839907006460336,25.864913940429688,5727600,0.0,0.0
2012-07-23,25.148067047215896,25.664865941314105,24.92300938737336,25.57317543029785,9106100,0.0,0.0
2012-07-24,25.648196180400326,25.739885107024858,25.10639190723713,25.439809799194336,6891800,0.0,0.0
2012-07-25,25.66486746413477,25.76489203675852,25.00636573660382,25.131397247314453,8850700,0.0,0.0
2012-07-26,25.6481998538112,25.756560088018745,25.073052914147084,25.58151626586914,8139800,0.0,0.0
2012-07-27,25.748223592566937,26.57343356236327,25.623192068027265,26.315034866333008,8255500,0.0,0.0
2012-07-30,26.24000895554234,26.59843373390233,25.99828161493365,26.440059661865234,6491900,0.0,0.0
2012-07-31,26.1649907639197,26.25668127076384,25.6398578380436,26.064966201782227,10487000,0.0,0.0
2012-08-01,26.1399870039359,26.24001157214074,25.60651681068332,25.70654296875,7144200,0.0,0.0
2012-08-02,25.60651681068332,26.206670579359745,25.23142229512239,25.70654296875,12004200,0.0,0.0
2012-08-03,26.07330733426029,26.19833885817683,25.57317964873205,26.12331962585449,24441800,0.0,0.0
2012-08-06,26.15665787887561,27.03188163417375,26.13165253063349,26.748476028442383,64985800,0.0,0.0
2012-08-07,26.965196609497067,27.15691487945372,26.77348151926428,26.96519660949707,18725600,0.0,0.0
2012-08-08,26.823494123471583,27.21526152129622,26.465069308381747,26.990203857421875,11597300,0.0,0.0
2012-08-09,26.998545274243288,27.24860835348516,26.79849608273962,27.09856986999512,9206400,0.0,0.0
2012-08-10,26.99021180681683,27.22360359525363,26.78182537293408,27.1735897064209,7298800,0.0,0.0
2012-08-13,27.098566479373662,27.69872033824146,26.890180076125027,27.598695755004883,10514800,0.0,0.0
2012-08-14,27.957116171826268,28.84067234590313,27.83208307789435,28.190507888793945,23758800,0.0,0.0
2012-08-15,28.040474430599065,28.68230494603349,27.99879778512394,28.365556716918945,9179800,0.0,0.0
2012-08-16,28.48224652681529,29.174090777228297,28.47391247138588,28.849008560180664,18856700,0.0,0.0
2012-08-17,28.85734489916677,29.09073980606576,28.590610588188333,29.007383346557617,11213100,0.0,0.0
2012-08-20,28.882350072686563,29.049056612895104,28.507253997770487,28.890684127807617,13200500,0.0,0.0
2012-08-21,28.94902804088888,29.007375957820333,28.1738306534018,28.44890213012696,12006200,0.0,0.0
2012-08-22,28.36555367131991,28.67396781011481,27.965452194213864,27.965452194213867,10294900,0.0,0.0
2012-08-23,28.0154596837528,28.173832155334804,27.79040205799533,28.14048957824707,9472400,0.0,0.0
2012-08-24,27.948785806433545,28.807340024377265,27.84042715676229,28.73232078552246,10710600,0.0,0.0
2012-08-27,28.84901811063747,28.949042707521336,28.35722600468194,28.824012756347656,9116800,0.0,0.0
2012-08-28,28.748986194276423,28.982377920825567,28.55726792778387,28.56560516357422,7902200,0.0,0.0
2012-08-29,28.64895981593357,28.807335506301342,28.248858331367096,28.29053497314453,7378500,0.0,0.0
2012-08-30,28.015464107355264,28.33221228025652,27.93210765147405,28.165502548217773,5749700,0.0,0.0
2012-08-31,28.39055819936761,28.72397446011449,28.048804703761085,28.61561584472656,14383100,0.0,0.0
2012-09-04,28.64895541914341,29.47416679047577,28.5405968030968,28.80733108520508,18858400,0.0,0.0
2012-09-05,28.90736806186301,29.207445053049625,28.67397625970668,29.015729904174805,15225900,0.0,0.0
2012-09-06,28.1571656379332,29.424155164446045,28.1321602907419,28.52392768859864,38646900,0.0,0.0
2012-09-07,28.66563645362739,28.790669581997506,27.79874815223009,28.33222007751465,26601500,0.0,0.0
2012-09-10,27.79874336906204,28.19884803911291,27.42365040794084,27.75706672668457,42565800,0.0,0.0
2012-09-11,27.165249473244945,27.923775792969487,27.14024412437483,27.882099151611328,322510400,0.0,0.0
2012-09-12,28.36555658853768,28.70731016744569,27.96545507028373,28.17384147644043,83504800,0.0,0.0
2012-09-13,28.332214858979192,28.790664279019847,28.082148648298872,28.70730781555176,42765800,0.0,0.0
2012-09-14,29.03239287193733,29.524181691178,28.949036409564734,29.19076538085937,43673400,0.0,0.0
2012-09-17,29.09074471412325,29.16576395047558,28.773996473999613,28.96571159362793,23049400,0.0,0.0
2012-09-18,29.05739754021176,29.299126505844683,28.54060020450165,28.673967361450195,25216600,0.0,0.0
2012-09-19,28.824011410186696,28.882359353954325,28.48225462565565,28.557273864746094,19643200,0.0,0.0
2012-09-20,28.332212273898364,28.4489081323822,27.88209695141185,28.190507888793945,30009600,0.0,0.0
2012-09-21,28.41556322889276,28.432234518703453,27.882094673844147,28.032133102416992,28975400,0.0,0.0
2012-09-24,27.798743813734013,28.40723488512971,27.70705647092654,28.2571964263916,17818300,0.0,0.0
2012-09-25,28.45724279257621,28.50725666715607,27.46532479467028,27.573686599731445,23531900,0.0,0.0
2012-09-26,27.373633722429883,27.61536267504651,26.756808667429475,27.298614501953125,30625400,0.0,0.0
2012-09-27,27.52367143241594,27.77373443412279,27.365298939937105,27.67370986938477,14086700,0.0,0.0
2012-09-28,27.43198525864689,27.582023719328387,27.181922217419093,27.331960678100582,21198200,0.0,0.0
2012-10-01,27.52366952755743,27.998790151835365,27.49866418303439,27.72371864318848,17354900,0.0,0.0
2012-10-02,27.907105342644307,28.140497085072266,27.723724299465765,27.898771286010746,17543600,0.0,0.0
2012-10-03,28.007133026198133,28.68230615844209,27.90710843688493,28.515596389770508,22158000,0.0,0.0
2012-10-04,28.76565748425964,29.332468751117144,28.69063825247779,29.13241958618164,25754500,0.0,0.0
2012-10-05,29.34080504440524,29.5075147963072,29.224109171991064,29.36581039428711,21846000,0.0,0.0
2012-10-08,29.1657577222842,29.96596061934708,29.090738501951822,29.92428398132324,16950900,0.0,0.0
2012-10-09,30.00763800299257,30.07432316926662,29.44082680855815,29.5491886138916,25205100,0.0,0.0
2012-10-10,29.6242114341604,29.965965003513944,29.449167621016315,29.582534790039062,17141200,0.0,0.0
2012-10-11,29.95762812895229,30.12433788717677,29.71590231823717,29.740907669067383,17011800,0.0,0.0
2012-10-12,29.432491906484607,29.85759870022721,29.374143977534125,29.55752182006836,12019000,0.0,0.0
2012-10-15,29.765912600878305,30.274375925429386,29.590868788082588,30.24937057495117,17457300,0.0,0.0
2012-10-16,30.582790737371184,30.766171809776893,30.216031772284285,30.29938507080078,21251100,0.0,0.0
2012-10-17,30.54111196706332,30.81618355656844,30.37440220188364,30.7244930267334,16843600,0.0,0.0
2012-10-18,30.72448995441808,31.399659825281503,30.674476075948057,31.0162296295166,25909000,0.0,0.0
2012-10-19,30.84950870885438,30.92452790952921,29.57418547710504,29.757566452026367,30261700,0.0,0.0
2012-10-22,29.84092610909692,29.907611270548653,29.20743297392298,29.632539749145508,17907000,0.0,0.0
2012-10-23,29.199103360179905,29.32413648067523,28.82401035814261,28.96571159362793,23504900,0.0,0.0
2012-10-24,29.174097299351622,29.340807062721343,28.840677772612185,29.11574935913086,12380200,0.0,0.0
2012-10-25,29.35746766917228,29.44082093064948,28.857338561139763,29.15741539001465,14367700,0.0,0.0
2012-10-26,29.13241945277344,29.24078127145636,28.80733717644881,28.940704345703125,13651700,0.0,0.0
2012-10-31,28.49059013128761,29.149091947749657,28.47391883697821,29.11574935913086,14730800,0.0,0.0
2012-11-01,29.299128410653235,29.640881971284845,28.97404296346547,29.340805053710938,18600100,0.0,0.0
2012-11-02,28.29887391410746,28.398898496343744,27.19859397033592,27.240270614624023,56799900,0.0,0.0
2012-11-05,27.42364269592041,27.698711002036752,26.91517953462189,27.34028625488281,24874000,0.0,0.0
2012-11-06,27.41531575177181,27.682050103759604,27.26527728131315,27.60703086853028,15394000,0.0,0.0
2012-11-07,27.265272738143267,27.44031653126968,26.5484246840889,26.6734561920166,25992500,0.0,0.0
2012-11-08,26.69846665769557,26.898519016563547,26.18166923522949,26.18166923522949,19670800,0.0,0.0
2012-11-09,26.13165519528311,26.93185980772808,25.864920854422145,26.815160751342773,21658500,0.0,0.0
2012-11-12,26.79015312406346,26.82349570876884,26.44839958014302,26.65678596496582,14883200,0.0,0.0
2012-11-13,26.390049576429767,26.631778526993934,25.839909690845865,26.131650924682617,26745300,0.0,0.0
2012-11-14,26.265018111032376,26.323366039911143,25.539832848160373,25.57317543029785,20857500,0.0,0.0
2012-11-15,25.814901306956003,26.34003581639265,25.68986981085357,26.039958953857425,18854000,0.0,0.0
2012-11-16,26.14832306221881,26.548424521075496,25.90659410382923,26.50674629211425,28498200,0.0,0.0
2012-11-19,26.773477515357737,27.231926852113062,26.63177632279041,26.99853515625,25683100,0.0,0.0
2012-11-20,26.95686888100472,27.156921254137828,26.74848244969816,27.01521682739257,13072900,0.0,0.0
2012-11-21,27.19025504470203,27.231931686401364,26.840167438758904,27.231931686401367,10157300,0.0,0.0
2012-11-23,27.298617866586227,27.39030838955046,27.15691664362264,27.36530303955078,4353400,0.0,0.0
2012-11-26,27.265274814890624,27.490332500219857,27.115236358004463,27.48199844360352,10656300,0.0,0.0
2012-11-27,27.3903106439798,27.48200117449085,27.048557053717715,27.081899642944336,11445600,0.0,0.0
2012-11-28,26.84850737831975,27.22360359525363,26.7568168386554,27.1735897064209,15335500,0.0,0.0
2012-11-29,27.29861249960252,27.873757694588363,27.27360715451896,27.79873847961425,17907000,0.0,0.0
2012-11-30,27.840417901758148,27.982119094864505,27.44031330772321,27.61536026000977,15665300,0.0,0.0
2012-12-03,27.790411927918484,27.93211316128262,27.598696811160032,27.60703086853028,11749500,0.0,0.0
2012-12-04,27.69038367217918,27.94044669657156,27.573687806111,27.77373695373535,13758700,0.0,0.0
2012-12-05,27.94045077785277,28.59061537218773,27.88210283629576,28.15717124938965,28749400,0.0,0.0
2012-12-06,28.207176502123,28.25719037089244,27.615360030439728,27.72371864318848,20384500,0.0,0.0
2012-12-07,28.19050194105693,28.75731300243937,28.14048807809154,28.44890213012696,28958200,0.0,0.0
2012-12-10,28.132161562260293,28.20718078694861,27.690383450053467,27.807079315185547,24811300,0.0,0.0
2012-12-11,28.573941448498715,29.524182900397825,28.34054970374428,29.39081573486328,253081100,0.0,0.0
2012-12-12,29.65755186440181,29.857601013524626,28.765655210505976,29.049060821533203,62911400,0.0,0.0
2012-12-13,29.04072974148232,29.20743950265273,28.34055128834597,28.540603637695312,42727700,0.0,0.0
2012-12-14,28.390562729079107,28.632288523277804,28.057143235411743,28.29053497314453,29331800,0.0,0.0
2012-12-17,28.857348009740143,29.174096230566192,28.523931674939583,29.13241958618164,33932000,0.0,0.0
2012-12-18,29.340799285262467,29.59086227416992,29.07406500646472,29.59086227416992,32187600,0.0,0.0
2012-12-19,29.632545051861843,29.749240925561487,29.040728446828457,29.08240509033203,22169000,0.0,0.0
2012-12-20,29.12408319479081,29.65755506945907,28.965710669643126,29.615875244140625,26891700,0.0,0.0
2012-12-21,29.1074117676113,29.332469468460776,28.62395695742386,28.95737648010254,31856600,0.0,0.0
2012-12-24,28.86568432746026,29.340805053710938,28.790665098066786,29.340805053710938,6816400,0.0,0.0
2012-12-26,29.43249616401157,29.53252074529226,29.14075329733376,29.465835571289062,11728100,0.0,0.0
2012-12-27,29.59086601479016,29.59086601479016,28.673967212981964,29.14908790588379,16674800,0.0,0.0
2012-12-28,28.840680872724462,29.165766377115084,28.75732757194201,28.824012756347656,11919300,0.0,0.0
2012-12-31,28.974038967335723,29.64087788318397,28.72397596375443,29.42415428161621,19797700,0.0,0.0
2013-01-02,30.249363343211662,30.466083748234244,29.97429183481643,30.40773582458496,22929700,0.0,0.0
2013-01-03,30.44941442652955,30.516099589137493,30.05765022524036,30.15767478942871,17115900,0.0,0.0
2013-01-04,30.30771766040225,30.34939430326884,29.91595022206345,30.25770378112793,13844700,0.0,0.0
2013-01-07,30.09099244346843,30.174348904530884,29.590866395989146,29.949291229248047,18383700,0.0,0.0
2013-01-08,29.88260507095129,29.94095300190111,29.407484387660592,29.715898513793945,16094700,0.0,0.0
2013-01-09,29.840933073126227,30.090996127480857,29.60754131302514,29.80759048461914,14719000,0.0,0.0
2013-01-10,29.83259306842028,29.965960216136214,29.55752153766161,29.84092712402344,18181000,0.0,0.0
2013-01-11,29.940955699638664,30.00764087228907,29.240780465153662,29.36581039428711,17833500,0.0,0.0
2013-01-14,29.34080190958566,29.449163713703,28.807333304275254,29.21576881408692,18060100,0.0,0.0
2013-01-15,29.01571273738344,29.25743845529208,28.840665809605746,29.04071807861328,13935400,0.0,0.0
2013-01-16,28.8490108647892,29.72423302207862,28.807334224865667,29.624208450317383,17042800,0.0,0.0
2013-01-17,29.64922287616571,29.84927526066296,29.29079793957986,29.349145889282227,17730800,0.0,0.0
2013-01-18,29.4158266630257,29.449169252059097,28.92403460381813,29.249116897583008,19192200,0.0,0.0
2013-01-22,29.24078170250429,30.01597619916204,29.24078170250429,29.9326229095459,18891100,0.0,0.0
2013-01-23,29.940954060652924,30.44108328898146,29.71589956458753,30.391069412231445,18740900,0.0,0.0
2013-01-24,30.457752215793377,30.94120693460153,30.41607557826703,30.507762908935547,22227900,0.0,0.0
2013-01-25,30.63280404409873,30.724494578564872,30.282716381291056,30.591127395629883,13145300,0.0,0.0
2013-01-28,30.91620376084669,31.266291356340805,30.682812030517283,31.09124755859375,22224000,0.0,0.0
2013-01-29,31.199606503380583,31.71640379297736,31.182935212784106,31.524688720703125,23853800,0.0,0.0
2013-01-30,31.508012355292625,31.67472205468293,31.27462068398001,31.39965057373047,17981100,0.0,0.0
2013-01-31,31.299640320691985,31.716413169648536,31.16627313621487,31.533035278320312,13588100,0.0,0.0
2013-02-01,31.83309778632052,32.61663249992844,31.79975838680028,32.39157485961914,22196300,0.0,0.0
2013-02-04,32.13317623386384,32.208195451021204,31.79975996406052,31.83309936523437,18772500,0.0,0.0
2013-02-05,32.074834729005175,32.52495012206904,31.81643444490018,32.29989242553711,17610300,0.0,0.0
2013-02-06,32.08317196576053,32.50827882828251,31.94146755843709,32.29989242553711,14232600,0.0,0.0
2013-02-07,32.374908288153385,32.458261568686524,31.733077852931977,32.20819854736328,13559100,0.0,0.0
2013-02-08,32.308224350746954,32.53328203242871,32.09983796175169,32.33323287963867,13107500,0.0,0.0
2013-02-11,32.41658659818651,32.975063781641744,32.216537442713,32.88337326049805,14231600,0.0,0.0
2013-02-12,32.92505882760719,33.258478416738726,32.09151303450321,32.19987487792969,25676800,0.0,0.0
2013-02-13,32.44992002305821,32.65830635601917,32.14150914059846,32.399906158447266,16533800,0.0,0.0
2013-02-14,32.20820215878873,32.724999551433804,32.091506281067986,32.68332290649414,18322000,0.0,0.0
2013-02-15,32.76667295648381,32.76667295648381,31.941461557566583,31.966466903686523,20563400,0.0,0.0
2013-02-19,31.97481651680755,32.44993735535421,31.75809283412586,32.17486572265625,15838200,0.0,0.0
2013-02-20,32.17485995415422,32.241545130631266,31.257961035664422,31.316308975219727,19869300,0.0,0.0
2013-02-21,31.141260590894586,31.349646967247224,30.69114525483917,31.074575424194336,24540400,0.0,0.0
2013-02-22,32.75000207868333,32.95005120961184,31.55803180951196,32.04982376098633,47610600,0.0,0.0
2013-02-25,32.41657580160463,32.449918376319886,30.72447988134196,30.891189575195312,26898300,0.0,0.0
2013-02-26,31.224615244405378,31.49968679957001,30.57445073906917,31.41633033752441,27979500,0.0,0.0
2013-02-27,31.45800780619417,31.591374955770952,31.166264980434946,31.48301315307617,15280700,0.0,0.0
2013-02-28,31.54970774828878,32.058171202944614,31.449683141057697,31.683074951171875,16426800,0.0,0.0
2013-03-01,31.224611844012983,31.683061206304544,30.96621478912107,31.549694061279297,13927900,0.0,0.0
2013-03-04,31.49134525098908,31.80809340393817,31.26628760387183,31.733074188232425,10879100,0.0,0.0
2013-03-05,31.90811729854052,32.424917742485576,31.84976937417953,31.88311195373535,17702300,0.0,0.0
2013-03-06,32.116505744721294,32.27488141807361,31.883114032063496,32.04982376098633,15668300,0.0,0.0
2013-03-07,32.1831966687901,32.808355879357975,32.17485943200366,32.5166130065918,15729000,0.0,0.0
2013-03-08,32.741667348645315,33.16677734891236,32.63330871931939,32.99173355102539,17457300,0.0,0.0
2013-03-11,33.033414476946085,33.09176241714457,32.741671596229416,32.900047302246094,13307300,0.0,0.0
2013-03-12,32.741657684231434,33.008391920295495,32.3832329583223,32.59995651245117,14216200,0.0,0.0
2013-03-13,32.691663250536976,32.86670708375535,32.31656705098011,32.41659164428711,12726900,0.0,0.0
2013-03-14,32.52494430541992,32.699988089288034,32.34990052155182,32.52494430541992,12356300,0.0,0.0
2013-03-15,32.324896855890074,32.57496307584315,32.14985304570218,32.483272552490234,16207000,0.0,0.0
2013-03-18,31.97481651680755,32.39158940533794,31.824778022558625,32.17486572265625,13704500,0.0,0.0
2013-03-19,32.233196063615615,32.34989507962006,31.491341236064205,31.991470336914062,15642300,0.0,0.0
2013-03-20,32.19152178944758,32.274878235551284,31.87477683342337,31.924787521362305,10380000,0.0,0.0
2013-03-21,31.69973549135204,31.7497493678573,31.39965859176817,31.508020401000977,16164900,0.0,0.0
2013-03-22,31.59138154016419,31.76642536426881,31.36632383214782,31.499691009521484,12525900,0.0,0.0
2013-03-25,31.674738073480786,31.966477810162456,31.23295984944149,31.42467498779297,16455100,0.0,0.0
2013-03-26,31.724751193203275,32.11651551871511,31.63306065540543,32.04149627685547,11355200,0.0,0.0
2013-03-27,31.799758684569195,31.999807802457333,31.566363807401835,31.88311195373535,11446800,0.0,0.0
2013-03-28,31.89979256114266,32.44159532842498,31.833107382552903,32.35824203491211,16819200,0.0,0.0
2013-04-01,32.34156430795487,32.566621971347814,31.72474242729896,31.866443634033203,10997100,0.0,0.0
2013-04-02,31.983143282932595,32.65831635310464,31.933132582735897,32.508277893066406,13392000,0.0,0.0
2013-04-03,32.52494870219783,32.66664992361116,31.458011384230083,31.541364669799805,21686500,0.0,0.0
2013-04-04,31.59971137430084,32.17485665365795,31.24962377288101,31.41633033752441,16605200,0.0,0.0
2013-04-05,30.89952602777087,32.25820584552532,30.75782484381504,32.19152069091797,20289000,0.0,0.0
2013-04-08,32.28321719805008,33.43351089136451,32.0164828894154,33.416839599609375,27323000,0.0,0.0
2013-04-09,33.300154961285024,33.35016567368341,32.86671076872488,33.03342056274414,17491100,0.0,0.0
2013-04-10,33.11676753471599,33.67524476088615,32.88337577557134,33.42517852783203,15715400,0.0,0.0
2013-04-11,33.43351164622896,33.908632342944536,33.16677733157193,33.708580017089844,12555600,0.0,0.0
2013-04-12,33.48352327387442,33.6085563784755,33.08342179076446,33.4501838684082,11436000,0.0,0.0
2013-04-15,33.17511124403842,33.39183486108566,32.02481752973643,32.15818786621094,16098800,0.0,0.0
2013-04-16,32.62496121457716,33.03339979414661,32.57495053362125,32.97505187988281,12741800,0.0,0.0
2013-04-17,32.591625952662184,32.72499309800338,32.0081466791217,32.14151382446289,16220400,0.0,0.0
2013-04-18,32.291564723501,32.541627820063184,31.71641610371072,31.95814514160156,12241700,0.0,0.0
2013-04-19,32.27488935078839,32.48327576822948,31.9581411059551,32.40825653076172,10281700,0.0,0.0
2013-04-22,32.40825087994859,32.45826157639081,31.83310243307241,32.18319320678711,9078700,0.0,0.0
2013-04-23,32.75000206099476,33.95864362037798,32.683316897572205,33.85861587524414,26587400,0.0,0.0
2013-04-24,33.89195971211692,34.90888623390676,33.89195971211692,34.67549133300781,23650300,0.0,0.0
2013-04-25,34.792189797490174,35.55905011421608,34.61714282978216,35.24230194091797,27502600,0.0,0.0
2013-04-26,34.66715896075213,34.97556991867226,33.87529006580555,34.0670051574707,25541400,0.0,0.0
2013-04-29,34.4170941199739,34.58380385428067,33.650230614052255,34.43376541137695,14002300,0.0,0.0
2013-04-30,34.458769676362074,35.32565772375167,34.242049254376475,34.52545166015625,17196600,0.0,0.0
2013-05-01,35.00890549858206,35.1839492629414,34.27538468352736,34.33373260498047,17502400,0.0,0.0
2013-05-02,34.70884028599412,35.40068470034158,34.542130520391474,35.117279052734375,22015300,0.0,0.0
2013-05-03,36.36759246426316,37.426195671842045,36.284236003199545,37.10944747924805,40420100,0.0,0.0
2013-05-06,37.21781527503293,38.21806753088998,36.70935190979512,37.9096565246582,21720200,0.0,0.0
2013-05-07,37.15111922758964,37.46786737847195,36.70934117116256,37.17612457275391,21882600,0.0,0.0
2013-05-08,36.87604797227575,37.20946420705664,36.726009553721234,36.967735290527344,14656700,0.0,0.0
2013-05-09,36.984426662715336,37.092788508230896,36.6009963536294,36.7343635559082,12838500,0.0,0.0
2013-05-10,36.76769805058155,36.97608445696234,36.39260188315129,36.82604598999024,12153100,0.0,0.0
2013-05-13,37.35117705249432,37.46787292015204,36.80103711944797,37.20947265625,13206100,0.0,0.0
2013-05-14,37.367850419558366,38.501469753829376,37.367850419558366,38.40978240966797,16798600,0.0,0.0
2013-05-15,38.65150234639516,38.71818750990506,37.66791844268955,37.99300384521485,19061500,0.0,0.0
2013-05-16,37.84297475834215,38.25974759409603,37.24282085734475,37.43453598022461,14297800,0.0,0.0
2013-05-17,37.40119031659332,37.9013195862319,37.384519022966295,37.70126724243164,9880600,0.0,0.0
2013-05-20,37.65124985336301,37.8429681223483,37.30116225898744,37.4178581237793,11032900,0.0,0.0
2013-05-21,37.54287761849244,37.8429544076195,37.10943372083365,37.476192474365234,10859000,0.0,0.0
2013-05-22,37.32617825638015,38.1263846055957,36.65934228180447,36.93441390991211,17679600,0.0,0.0
2013-05-23,36.117530469309344,37.32616898178245,36.05084529855897,37.11778259277344,17464900,0.0,0.0
2013-05-24,36.801039827306695,37.276160569000965,36.60932153950628,37.25115203857422,11933900,0.0,0.0
2013-05-28,38.00966990237533,38.2180562574974,37.4845385768686,37.6512451171875,14721600,0.0,0.0
2013-05-29,37.10110293230432,38.059681377437606,37.059426299847054,37.94298553466797,14798200,0.0,0.0
2013-05-30,37.91798825508934,38.72652527182477,37.7846210950292,38.51813888549805,13256700,0.0,0.0
2013-05-31,37.31784476267909,38.34310568530618,37.05111036881147,37.05944442749024,34718800,0.0,0.0
2013-06-03,37.24281859534009,37.57623811558216,36.03417680911783,37.30116653442383,18624100,0.0,0.0
2013-06-04,37.47619546628464,37.9013053447276,36.41759256667161,36.75934600830078,15159600,0.0,0.0
2013-06-05,37.86797110922284,37.92631903798031,36.10085559601759,36.59264755249024,24360000,0.0,0.0
2013-06-06,36.43427787388152,37.40119065492723,36.10086153749716,37.39285659790039,18795700,0.0,0.0
2013-06-07,37.55956494484017,37.87630997554656,37.02609310316426,37.742942810058594,13346200,0.0,0.0
2013-06-10,37.86797801241024,38.35977005853469,37.42619984850536,38.30142211914063,13077500,0.0,0.0
2013-06-11,37.80128829455634,37.86797346283736,37.267819667203554,37.44286346435547,14954900,0.0,0.0
2013-06-12,37.7346100272502,38.11804024350704,36.93440700730788,37.22614669799805,17980100,0.0,0.0
2013-06-13,37.08442985419618,38.31807645203099,36.86770630689978,38.293067932128906,15254500,0.0,0.0
2013-06-14,38.25974182540734,38.71819123966811,37.72627000510916,37.826297760009766,12433200,0.0,0.0
2013-06-17,37.93465239878002,38.00967161719742,37.167792103600846,37.634578704833984,14222400,0.0,0.0
2013-06-18,37.15111537472608,37.70125516935023,36.99274290557112,37.62623596191406,14905300,0.0,0.0
2013-06-19,37.59289916894176,38.21805826718175,37.32616487473726,37.351173400878906,17730100,0.0,0.0
2013-06-20,37.15112504166611,37.50954988382278,36.69267562347529,36.90106201171875,21068600,0.0,0.0
2013-06-21,37.17612883330235,37.18446606912822,36.1175288235312,36.4176025390625,25687200,0.0,0.0
2013-06-24,35.850783720970306,35.87579224341457,34.61713699773188,35.275638580322266,27345600,0.0,0.0
2013-06-25,35.717435784722994,36.5093049201728,35.65908783387431,36.13420867919922,16197500,0.0,0.0
2013-06-26,36.542633952710354,36.76769161376832,36.01749941024178,36.3592529296875,14282300,0.0,0.0
2013-06-27,36.63432134667219,37.28448574791764,36.534296787955206,37.07609939575195,16681200,0.0,0.0
2013-06-28,36.99274904000247,37.60123685467868,36.734348798267234,37.25948333740234,39987400,0.0,0.0
2013-07-01,37.35950655746668,37.85963255213476,37.28448734029411,37.584564208984375,12675600,0.0,0.0
2013-07-02,37.46787200000031,37.97633527921383,37.40118683170562,37.4178581237793,17234200,0.0,0.0
2013-07-03,37.184461013786446,37.26781428237015,36.81769900068203,36.85937881469727,7433200,0.0,0.0
2013-07-05,37.2594836537038,37.79295225303226,37.15945908626063,37.66791915893555,9687000,0.0,0.0
2013-07-08,37.9013089022107,38.11802929882242,37.76794177051351,37.94298553466797,9459900,0.0,0.0
2013-07-09,38.2180540373895,38.37642969310514,38.01800492873841,38.159706115722656,15044300,0.0,0.0
2013-07-10,38.14303483286871,38.36809246492994,37.92631443517451,38.10969543457031,10186900,0.0,0.0
2013-07-11,38.55981475609862,38.64317121679756,38.14304199177547,38.27640914916992,15967000,0.0,0.0
2013-07-12,38.3347523293085,39.03493055567972,38.17637667661348,38.95991134643555,13022500,0.0,0.0
2013-07-15,39.16829982194196,39.234981800616666,38.926570892333984,38.926570892333984,9822300,0.0,0.0
2013-07-16,39.03495163780082,39.13497624424026,38.35977838995355,38.54315948486328,8378700,0.0,0.0
2013-07-17,38.89325342252391,39.21833583027851,38.67653287726264,39.03495788574219,10266600,0.0,0.0
2013-07-18,39.15163696486644,39.21831895790319,38.9099079831946,39.16830825805664,11468600,0.0,0.0
2013-07-19,39.25165817376292,39.25165817376292,38.82655136295069,39.07661437988281,6758300,0.0,0.0
2013-07-22,39.1266324826952,39.59341920113568,38.9932653031014,39.55174255371094,8982200,0.0,0.0
2013-07-23,39.70177769941843,39.74345434334879,38.57648923495413,38.843223571777344,10050500,0.0,0.0
2013-07-24,38.94324207268532,38.98491870670552,38.04301151517693,38.30974578857422,9158500,0.0,0.0
2013-07-25,38.28475167393754,38.85156296609691,38.10970785187417,38.75987243652344,7622400,0.0,0.0
2013-07-26,38.52646718826198,38.88489194401203,38.34308619330433,38.7932014465332,6535800,0.0,0.0
2013-07-29,38.693183307314165,38.93491228246297,38.46812880462965,38.568153381347656,7147700,0.0,0.0
2013-07-30,38.7348694673964,38.82656000260997,38.01801966088063,38.25141143798828,8862100,0.0,0.0
2013-07-31,38.30142014176421,38.56815447371626,37.92632399379288,37.93465805053711,13392400,0.0,0.0
2013-08-01,38.35976323657803,39.29333328057989,38.35976323657803,39.2349853515625,21009600,0.0,0.0
2013-08-02,41.22715565128787,41.26049823117396,39.82679909330652,40.28525161743164,41724600,0.0,0.0
2013-08-05,40.25191784997742,40.8354004068332,39.89349298703989,40.48530960083008,15501000,0.0,0.0
2013-08-06,40.42696632914614,40.55199945566216,40.04353607142626,40.06020736694336,13936100,0.0,0.0
2013-08-07,39.97683885131554,40.35193493818815,39.63508534543684,39.98517608642578,11551500,0.0,0.0
2013-08-08,40.30192474605776,40.61033887882273,39.84347534456983,40.51031112670898,9708900,0.0,0.0
2013-08-09,40.35194646212371,40.58533823628732,39.94350767761296,40.03519821166992,8255600,0.0,0.0
2013-08-12,39.82681275719621,40.07687901241183,39.51006767877892,39.80180740356445,6731800,0.0,0.0
2013-08-13,39.9851854976171,40.376949787471496,39.67677132041826,40.26025390625,7244100,0.0,0.0
2013-08-14,40.2102458468728,40.41029503362903,39.98518812697865,40.06020736694336,5573700,0.0,0.0
2013-08-15,39.69344631950671,39.80180815349355,39.01827632093191,39.209991455078125,11057600,0.0,0.0
2013-08-16,39.13496458098011,39.9435016099645,39.04327406085145,39.25999450683594,10415600,0.0,0.0
2013-08-19,39.19331533210019,39.2599973280703,38.42645171023676,38.60983276367188,11986300,0.0,0.0
2013-08-20,38.5764862022764,39.268330520082834,38.35142852707637,39.109954833984375,8113200,0.0,0.0
2013-08-21,39.00993073869833,39.42670350979494,38.70985383475294,38.9432487487793,8712300,0.0,0.0
2013-08-22,39.16830672857047,39.73511477628372,39.00993103931001,39.30167388916016,8184800,0.0,0.0
2013-08-23,39.46005903242641,39.710122141128046,39.2766779355069,39.50173568725586,6171700,0.0,0.0
2013-08-26,39.476707458496094,39.95182804367382,39.36001162069429,39.476707458496094,6147200,0.0,0.0
2013-08-27,38.91823759320325,38.99325681412557,38.434782864822246,38.47645950317383,10262900,0.0,0.0
2013-08-28,38.44312739488069,39.07662391743352,38.29308891215632,38.68485641479492,7172300,0.0,0.0
2013-08-29,38.60149187149776,39.301670193688,38.48479283469637,38.8265495300293,7150000,0.0,0.0
2013-08-30,38.87655897252422,38.934906899186,38.50146288703887,38.72652053833008,6442200,0.0,0.0
2013-09-03,39.25999057056378,40.13521586242286,39.20997987712519,39.735111236572266,12953200,0.0,0.0
2013-09-04,39.68509623324564,40.47696498383566,39.6267483107549,40.25190734863281,9894600,0.0,0.0
2013-09-05,40.37694184285575,40.79371458219881,40.26024598459547,40.56865692138672,9852100,0.0,0.0
2013-09-06,40.76038260068065,40.76871665790644,40.09354355254476,40.16022872924805,9875400,0.0,0.0
2013-09-09,40.31027203936468,41.00211334228516,40.30193480141314,41.00211334228516,10510000,0.0,0.0
2013-09-10,41.38630774839415,41.56170808887218,41.07726859809469,41.27772521972656,9210400,0.1,0.0
2013-09-11,41.26938088482156,41.55336380004883,40.87681542330711,41.55336380004883,7975100,0.0,0.0
2013-09-12,41.67865808919594,41.70371437831768,41.05222537153991,41.16080474853516,7342400,0.0,0.0
2013-09-13,41.24433042302768,41.57007492168112,41.04387055436321,41.5116081237793,8199000,0.0,0.0
2013-09-16,41.89581945402536,41.96264047236776,41.4531413592123,41.50325393676758,8848900,0.0,0.0
2013-09-17,41.48654207965982,42.17979569672506,41.20256235550416,42.14638519287109,8993800,0.0,0.0
2013-09-18,42.004398817223866,42.58906993839283,41.90416729734259,42.23826599121094,9975500,0.0,0.0
2013-09-19,42.42201748172279,42.44707376675573,41.6034792465695,41.645240783691406,11023500,0.0,0.0
2013-09-20,41.73711846025015,42.05450869425128,41.50324811505854,41.72041320800781,10201800,0.0,0.0
2013-09-23,41.42808729757545,41.494908324649245,40.86012131225594,41.06058120727539,10175300,0.0,0.0
2013-09-24,41.04386555250375,41.70370868978489,41.00210401426341,41.12739181518555,6304300,0.0,0.0
2013-09-25,41.219273314723246,41.47819999615613,40.94364456396075,41.37797164916992,9457000,0.0,0.0
2013-09-26,41.503252083830894,41.59512938684902,41.09398451646102,41.30279541015625,5690700,0.0,0.0
2013-09-27,41.077287127417286,41.24433651159758,40.88518145078064,41.05223083496094,6019700,0.0,0.0
2013-09-30,40.60119177939923,41.02716461214451,40.35897037146492,40.617897033691406,7642600,0.0,0.0
2013-10-01,40.526027803103815,41.19422217692291,40.5176735811924,41.01046752929688,6652100,0.0,0.0
2013-10-02,40.81835768598745,41.11069488525391,40.5844904755357,41.11069488525391,6839200,0.0,0.0
2013-10-03,40.97704692668079,41.32784766447615,40.37567059194465,40.80164337158203,7884300,0.0,0.0
2013-10-04,40.81835301011493,41.386318901465536,40.684714164279576,41.36961364746094,5700000,0.0,0.0
2013-10-07,40.96034649071261,41.027164321206,40.693068796336135,40.701419830322266,5298400,0.0,0.0
2013-10-08,40.759880584125085,40.97704566998687,39.81605457354326,39.84111404418945,8813500,0.0,0.0
2013-10-09,39.82442268390967,40.150167240126464,39.40680080441079,39.86618423461914,10523200,0.0,0.0
2013-10-10,40.33390457246068,41.44477663823596,40.29214303967827,41.41136932373047,11424100,0.0,0.0
2013-10-11,41.48654840882519,41.76218032836914,41.28609172752185,41.76218032836914,6766100,0.0,0.0
2013-10-14,41.453136024997214,42.03780711545127,41.40302026768934,41.95428085327149,6925700,0.0,0.0
2013-10-15,41.91252373507445,42.22991719242544,41.67865654871133,41.77888488769531,7396400,0.0,0.0
2013-10-16,42.04616029071055,42.99833742466326,41.98769349730652,42.81458282470703,9334500,0.0,0.0
2013-10-17,42.71436599220594,43.349153043227645,42.57237608033659,43.30738830566406,6922200,0.0,0.0
2013-10-18,43.583003032914746,43.76675760963134,43.190437595820526,43.683231353759766,8125500,0.0,0.0
2013-10-21,43.8335833203301,44.06745050647637,43.3574947278458,43.43266677856445,7282100,0.0,0.0
2013-10-22,43.66654201850177,44.54355050070729,43.55796262559418,43.674896240234375,10496900,0.0,0.0
2013-10-23,43.54959822319282,43.61641923662465,42.98163235382741,43.315731048583984,6277100,0.0,0.0
2013-10-24,43.4243080346634,43.55794685819127,42.8813985218434,43.26560974121094,7613100,0.0,0.0
2013-10-25,43.34079882123408,43.658192346744926,43.14034210021827,43.30738830566406,5735200,0.0,0.0
2013-10-28,43.290668316647725,43.365837166265656,42.78116931678738,42.95656967163086,6891300,0.0,0.0
2013-10-29,43.090203760003526,43.6665205138526,42.95656495391387,43.64146423339844,8085500,0.0,0.0
2013-10-30,43.78346507833365,43.85028609127792,43.01504254668215,43.40760803222656,7883000,0.0,0.0
2013-10-31,43.36584422627978,43.516188322393496,42.95657666501571,43.14033126831055,12978600,0.0,0.0
2013-11-01,40.65130218453309,41.01045716712554,40.10839578694544,40.32555770874024,51746100,0.0,0.0
2013-11-04,40.48426379516695,41.06893184539889,40.39238647692995,40.9937629699707,18396900,0.0,0.0
2013-11-05,40.9352773435016,41.010449376419714,40.3171990161311,40.33390426635742,13164900,0.0,0.0
2013-11-06,40.50931626982406,40.57613728995518,39.65736738036192,39.749244689941406,19388800,0.0,0.0
2013-11-07,39.84112927633467,40.20863539557445,39.34833531456655,39.50703048706055,17749200,0.0,0.0
2013-11-08,39.74923882186911,40.8768162874069,39.67406677841985,40.54272079467773,15671400,0.0,0.0
2013-11-11,40.47591849963404,40.97706674975003,40.417451681717566,40.79331207275391,7471400,0.0,0.0
2013-11-12,40.684708454285136,40.8935193207344,40.10003739098703,40.25038146972656,10822200,0.0,0.0
2013-11-13,40.20026970892686,40.6429477351123,40.00816409027656,40.57612991333008,12084300,0.0,0.0
2013-11-14,40.70977112217608,41.20256493314785,40.42578819405335,41.18585968017578,10289700,0.0,0.0
2013-11-15,41.09397480051954,41.41971920787538,40.93527651966368,41.17749786376953,10091900,0.0,0.0
2013-11-18,41.31949246339576,41.3612539966062,40.759877722533496,40.893516540527344,7130900,0.0,0.0
2013-11-19,40.7682464284757,41.03552415944437,40.51767076776593,40.7431869506836,7254200,0.0,0.0
2013-11-20,40.81835223517642,40.84341170880826,40.116747511310464,40.30885314941406,10474100,0.0,0.0
2013-11-21,40.48424664445688,41.01880188461153,40.467541394926975,40.86010360717773,9811700,0.0,0.0
2013-11-22,40.901884756166325,41.486552793596665,40.86012002246258,41.419734954833984,9173300,0.0,0.0
2013-11-25,41.41971913209391,42.09626741350329,41.394662850404885,41.59511947631836,8023700,0.0,0.0
2013-11-26,41.77888610300299,41.80394239192749,41.21927122281071,41.25268173217773,6384300,0.0,0.0
2013-11-27,41.25268349882826,41.51996121280758,41.01881629564677,41.4698486328125,6177500,0.0,0.0
2013-11-29,41.54501276704261,41.887462471916585,41.37796343110874,41.55336380004883,4413400,0.0,0.0
2013-12-02,41.57007425901135,41.97099080374775,41.43643541076588,41.51995849609375,8425600,0.0,0.0
2013-12-03,41.36931298655587,41.46974335961968,40.56586361679736,40.71651077270508,12229800,0.1,0.0
2013-12-04,40.54911696785357,41.19355119149641,40.42357663096109,40.95920944213867,8267000,0.0,0.0
2013-12-05,40.75835087967233,40.87552016420698,40.19760805602617,40.33151626586914,9131500,0.0,0.0
2013-12-06,40.79182533279928,41.60364239058449,40.683023923668905,41.46973419189453,9826800,0.0,0.0
2013-12-09,41.586917148786135,42.022119735866205,41.38605638097955,41.478118896484375,6949400,0.0,0.0
2013-12-10,41.39441005841126,41.61201287366416,41.16007151209883,41.260501861572266,9262500,0.0,0.0
2013-12-11,41.12660099580543,41.22703136318119,40.66629168665733,40.75835418701172,8684900,0.0,0.0
2013-12-12,40.64117309972446,41.82123994998569,40.52400064705935,41.36092758178711,14566800,0.0,0.0
2013-12-13,41.37767838401816,41.81288089814734,41.16844659026126,41.62038803100586,8262500,0.0,0.0
2013-12-16,42.56611924441315,42.72513426808036,41.98863741493286,42.0806999206543,15584100,0.0,0.0
2013-12-17,41.87145811163909,41.93004274808072,41.21028818713749,41.31071853637695,14939500,0.0,0.0
2013-12-18,41.28561260596738,42.07232287784938,41.0094251490351,42.05558395385742,15302100,0.0,0.0
2013-12-19,41.84636496320287,42.36525899481178,41.72919565212578,42.14765930175781,9069900,0.0,0.0
2013-12-20,42.12253157385467,42.77533352126546,42.06394375480397,42.708377838134766,10954900,0.0,0.0
2013-12-23,43.03478776247621,43.07663666944823,42.75023562785597,42.8841438293457,5408800,0.0,0.0
2013-12-24,42.87577589515097,42.942731597086414,42.66654411553812,42.91762161254883,2338000,0.0,0.0
2013-12-26,42.93436226664098,43.001317971272165,42.624700114281055,42.68328475952149,4185100,0.0,0.0
2013-12-27,42.67491596313873,42.959471316375165,42.59959239338133,42.83393096923828,4297500,0.0,0.0
2013-12-30,42.76697378971338,42.94273090816246,42.70002128147565,42.77534484863281,4159600,0.0,0.0
2013-12-31,42.85904403654961,42.9678454738228,42.60796649813958,42.725135803222656,4956300,0.0,0.0
2014-01-02,42.524276920291975,42.93436950612372,42.23972151287588,42.44058227539063,9196100,0.0,0.0
2014-01-03,42.40710120036812,42.87578159838818,42.356887609860834,42.6163330078125,7277400,0.0,0.0
2014-01-06,43.143592912734135,43.16870289761806,42.24808113904903,42.28155899047852,9264200,0.0,0.0
2014-01-07,42.407101646276125,42.992951351805374,42.35688805524085,42.85904312133789,9061100,0.0,0.0
2014-01-08,42.87577535554374,43.461624969611314,42.70002142911053,43.3611946105957,9960600,0.0,0.0
2014-01-09,43.4197775112388,43.76291748401757,43.27749824843504,43.61227035522461,8165200,0.0,0.0
2014-01-10,43.69596701411619,43.80476844073512,43.25239663327385,43.70433807373047,8603600,0.0,0.0
2014-01-13,43.5788015841845,43.91357376071249,43.01806186001782,43.06827545166016,9258500,0.0,0.0
2014-01-14,43.23565213727532,43.48672961875634,42.959467865433226,43.31934356689453,5626300,0.0,0.0
2014-01-15,43.536946790828125,43.80476319921041,42.6832807918758,43.61227035522461,5928600,0.0,0.0
2014-01-16,43.57880151040233,43.60390830618099,42.95110607494316,43.10175323486328,6213600,0.0,0.0
2014-01-17,43.01805162415755,43.14358876601675,42.51589347885077,42.591217041015625,7156400,0.0,0.0
2014-01-21,42.82555960586801,43.034791387861006,41.99700353704496,42.3317756652832,8217200,0.0,0.0
2014-01-22,42.51589697739952,42.74186768248875,41.938418415031656,42.08906555175781,9958500,0.0,0.0
2014-01-23,41.86310050027671,41.86310050027671,40.7667246777317,41.18518829345703,10797000,0.0,0.0
2014-01-24,40.82529970817446,41.13496500952888,40.04695731092928,40.05532836914063,11843000,0.0,0.0
2014-01-27,40.18924164637734,40.66628986077294,39.176560573195374,39.57828521728516,17878200,0.0,0.0
2014-01-28,40.64117447026739,41.11822258373988,40.25618564091623,40.55747985839844,13377900,0.0,0.0
2014-01-29,40.272925621632005,40.616065557754645,40.005109241859365,40.13064956665039,9845100,0.0,0.0
2014-01-30,40.54912146320484,41.08475433376368,40.5407504037515,40.90900039672852,7203300,0.0,0.0
2014-01-31,40.18087618084422,40.66629552208629,39.98001542714856,40.13903045654297,12707000,0.0,0.0
2014-02-03,40.17249526844914,40.37335914954554,39.1681822482133,39.235137939453125,12990400,0.0,0.0
2014-02-04,39.22677770229672,40.24782992699596,39.21003877486939,39.85447311401367,9050700,0.0,0.0
2014-02-05,39.56990633982962,40.08043230518603,39.35230673117467,39.87120056152344,8655000,0.0,0.0
2014-02-06,40.02185901615879,40.40684476738871,39.80425934582743,39.93816757202149,9026300,0.0,0.0
2014-02-07,40.29803719435947,41.05126959499695,39.871202627304015,41.01779174804688,9367800,0.0,0.0
2014-02-10,41.0261696880853,41.22703041823299,40.69139754767415,40.90900039672852,5927900,0.0,0.0
2014-02-11,40.9257346876316,41.26887465600721,40.39009868511686,41.00942611694336,10560200,0.0,0.0
2014-02-12,41.21866547905954,41.6120222930882,40.8671575800225,41.042911529541016,10448900,0.0,0.0
2014-02-13,40.80020063507517,41.62875996041889,40.42358275991893,41.50321960449219,11815500,0.0,0.0
2014-02-14,40.92574614576392,41.201930493915775,40.17251030057837,40.9926986694336,26846200,0.0,0.0
2014-02-18,41.13496934673196,42.20623504186135,41.00942900131116,41.98863220214844,14941000,0.0,0.0
2014-02-19,41.81286816495509,42.03883881651298,41.160066188869735,41.21865081787109,10267300,0.0,0.0
2014-02-20,41.17682643846425,41.40279720706667,40.93411673967376,41.19356536865234,9824800,0.0,0.0
2014-02-21,41.201930493915775,41.26051514936084,40.9926986694336,40.9926986694336,10718800,0.0,0.0
2014-02-24,41.093124738869086,41.678974424464,41.009433294908646,41.38605117797852,10042200,0.0,0.0
2014-02-25,41.386041679251306,41.39440954467722,40.85040889854291,41.01779174804688,9343400,0.0,0.0
2014-02-26,41.00107147115804,41.01780720831784,40.406850638004016,40.77510070800781,13389700,0.0,0.0
2014-02-27,40.75836039920232,41.31073229289462,40.55749644121226,41.26888656616211,9634600,0.0,0.0
2014-02-28,41.26888386001319,42.01374860193101,41.17682135166396,41.65386962890625,11428800,0.0,0.0
2014-03-03,41.11823472615637,41.46974262193896,41.009433294908646,41.38605117797852,6970800,0.0,0.0
2014-03-04,41.88819790656119,42.2062310771617,41.796135420917096,42.05558395385742,10146000,0.0,0.0
2014-03-05,42.038845316014495,42.95109592773398,42.02210639190861,42.591217041015625,11290400,0.0,0.0
2014-03-06,42.90925759544921,43.068272612875504,42.57448544098726,42.90088653564453,11056800,0.0,0.0
2014-03-07,43.32456298533532,43.50913806000338,42.695333267615474,42.99736404418945,8327900,0.125,0.0
2014-03-10,43.005756951303376,43.04770816396693,42.46881471366305,42.80440521240234,6972500,0.0,0.0
2014-03-11,42.94703267567298,43.114827939035976,42.29263466902858,42.393310546875,8507700,0.0,0.0
2014-03-12,41.44526841975951,42.22551358348236,41.41170873089597,41.889923095703125,13730900,0.0,0.0
2014-03-13,42.15000380861424,42.15000380861424,40.81603664602951,40.891544342041016,12580600,0.0,0.0
2014-03-14,40.87476868834822,41.19357614825171,40.497230169590665,40.76570129394531,9028400,0.0,0.0
2014-03-17,41.0341608132244,41.31941170223153,40.89153696893452,41.04254913330078,8936600,0.0,0.0
2014-03-18,41.26069270027323,41.780855067988846,41.17679667982582,41.74729537963867,8960800,0.0,0.0
2014-03-19,41.67178647601052,41.99898862732075,41.49560291790897,41.72212600708008,8075400,0.0,0.0
2014-03-20,41.78085023122598,42.36813190765525,41.730513904955934,42.2674560546875,8102300,0.0,0.0
2014-03-21,42.670176441908666,42.71212446081805,41.8060350907463,41.96543884277344,9942300,0.0,0.0
2014-03-24,42.049327786214135,42.18356334433375,41.46204601928026,41.70534896850586,6328900,0.0,0.0
2014-03-25,42.21712733841196,42.37653107979794,41.84798031605197,42.12483978271485,6949800,0.0,0.0
2014-03-26,42.334578547166,42.50237379412943,41.69696044921875,41.69696044921875,6910100,0.0,0.0
2014-03-27,41.571118600279206,41.67179448133063,40.98383676002689,41.45366287231445,8736800,0.0,0.0
2014-03-28,41.545949661274136,41.965436225058696,41.34459470246901,41.84798049926758,7136500,0.0,0.0
2014-03-31,42.08288993737735,42.26746504074861,41.71374293106318,41.9570426940918,6061000,0.0,0.0
2014-04-01,42.21711641003191,42.41007979452581,41.88991748848019,41.92347717285156,7454700,0.0,0.0
2014-04-02,42.04933349882987,42.43526358122896,41.95704594000462,42.41848373413086,7252300,0.0,0.0
2014-04-03,42.63660893526197,42.71211663563676,42.3345781337628,42.64500045776367,10948700,0.0,0.0
2014-04-04,42.99736936812388,43.47558375676924,42.22551568835531,42.41008758544922,13127500,0.0,0.0
2014-04-07,42.13324285034354,42.24230708202419,41.27748964544912,41.63824844360352,9613000,0.0,0.0
2014-04-08,41.579501609780486,42.04932442543461,41.26907930609141,41.982208251953125,8870700,0.0,0.0
2014-04-09,42.22551081547542,42.95541639805549,41.52916171913107,42.87151718139648,11036800,0.0,0.0
2014-04-10,42.82956668440429,42.98058206518695,41.8899179154226,41.998985290527344,10503500,0.0,0.0
2014-04-11,41.52915891951097,41.92347721015632,41.21873983986872,41.44526290893555,10396900,0.0,0.0
2014-04-14,41.89831357660984,41.90670509947216,41.067732037222186,41.58789443969727,7639200,0.0,0.0
2014-04-15,41.66340338099919,42.02416206451788,41.12646111727693,41.81441879272461,8434500,0.0,0.0
2014-04-16,42.23390037932232,42.33457624184684,41.83119372879627,42.27584838867188,5829400,0.0,0.0
2014-04-17,42.16677454057336,42.97219091859684,42.14160637890708,42.636600494384766,7141000,0.0,0.0
2014-04-21,42.51914841261053,42.67016379627268,42.208729324161766,42.62821578979492,4144300,0.0,0.0
2014-04-22,42.5359330912216,42.94702808204017,42.34296967914355,42.78762435913086,5891900,0.0,0.0
2014-04-23,42.72050805534994,43.37490923952443,42.55271599828666,43.32456970214844,5886300,0.0,0.0
2014-04-24,43.47557946419563,44.23904474616325,43.22388821087966,44.03769302368164,8804300,0.0,0.0
2014-04-25,43.92023473509411,44.03769364202356,43.198720652238165,43.29939651489258,7314000,0.0,0.0
2014-04-28,44.2726055660368,44.3313334199654,43.232277638506766,43.7188835144043,9883100,0.0,0.0
2014-04-29,44.03769648451304,44.31455592479005,43.78600201098899,44.30616760253906,7941500,0.0,0.0
2014-04-30,44.26421982672942,44.63337004299762,43.94541234958852,44.57464218139648,7644000,0.0,0.0
2014-05-01,44.48235299452864,44.65014825027057,44.079646301004985,44.41523361206055,7400600,0.0,0.0
2014-05-02,44.44041181712936,44.71727131132978,43.78601053910975,43.92024612426758,8452800,0.0,0.0
2014-05-05,43.626597874767945,44.247439329635725,43.38329492620976,44.23065948486328,9258300,0.0,0.0
2014-05-06,43.33295577296212,43.7104910542801,42.10805278769449,42.40169525146485,21777600,0.0,0.0
2014-05-07,42.58626598289184,43.65176202467903,42.58626598289184,43.34134292602539,15405400,0.0,0.0
2014-05-08,43.21550198654254,44.26421833760862,43.20711366392247,43.93701934814453,9090200,0.0,0.0
2014-05-09,43.86990275343824,43.92863061251152,43.3916883578825,43.86151123046875,6764500,0.0,0.0
2014-05-12,44.41522789654352,44.83471438170311,44.146756802075615,44.78437805175781,7251400,0.0,0.0
2014-05-13,44.84310980575138,45.321324184411786,44.59980685508467,45.2709846496582,8377700,0.0,0.0
2014-05-14,45.2542087746613,45.30454831383091,44.59142244461792,44.79277420043945,5728800,0.0,0.0
2014-05-15,44.70047729819304,44.94378021932641,43.82794787137358,44.34811019897461,8794100,0.0,0.0
2014-05-16,44.39006033747767,44.39006033747767,43.65176321739952,44.04608154296875,7414000,0.0,0.0
2014-05-19,43.9789642067848,44.34811438414912,43.878288340425485,44.222267150878906,6778400,0.0,0.0
2014-05-20,44.21387658096003,44.38167181664666,43.869897787995015,44.03769302368164,5062000,0.0,0.0
2014-05-21,44.89344024658203,45.32970655588996,44.67530869214195,44.89344024658203,9914900,0.0,0.0
2014-05-22,44.89345350620869,45.08642015421202,44.59981417303614,44.91862487792969,4699500,0.0,0.0
2014-05-23,44.97734751672687,45.245818647402,44.82633210566857,44.96895599365234,4604600,0.0,0.0
2014-05-27,45.01929515155227,45.480729703486055,44.96895561481415,45.09480285644531,6184400,0.0,0.0
2014-05-28,45.13674962442168,45.19547748211447,44.75082278803237,44.86827850341797,4842800,0.0,0.0
2014-05-29,45.010900320103794,45.564622342438135,44.809545402696834,45.4555549621582,7178200,0.0,0.0
2014-05-30,45.27098987781069,45.40522545222769,45.119974456538,45.363277435302734,8212300,0.0,0.0
2014-06-02,45.43878234656285,45.58979775853184,45.15353136844681,45.52267837524414,6661800,0.0,0.0
2014-06-03,45.40521553012451,45.81631368718304,45.02767705944378,45.79953384399414,9754100,0.0,0.0
2014-06-04,45.60657568208048,46.49588507016059,45.53106797927855,46.03445053100586,10717100,0.0,0.0
2014-06-05,46.10995082099469,46.20223835407478,45.58140018678132,46.1015625,6818200,0.0,0.0
2014-06-06,46.273948291801794,46.61871136938944,46.231904639944766,46.49258041381836,7690000,0.125,0.0
2014-06-09,46.27395046376746,46.60189545446008,46.09736519304454,46.30758666992188,6521300,0.0,0.0
2014-06-10,46.29076587338672,46.35803828178126,46.08054440874125,46.25712966918945,5083700,0.0,0.0
2014-06-11,46.122590088591,46.181451844662455,45.70214714080903,46.06372833251953,5334200,0.0,0.0
2014-06-12,46.021681164106525,46.06372481412836,45.66010000001395,45.76100540161133,7891400,0.0,0.0
2014-06-13,45.79464593095242,46.12259092291864,45.74419482925004,45.9964599609375,5625600,0.0,0.0
2014-06-16,45.90395811196464,46.29917548304768,45.752598404219,46.23190307617188,6035000,0.0,0.0
2014-06-17,46.04690968971517,46.543032490589134,45.99645858951703,46.433719635009766,7681700,0.0,0.0
2014-06-18,46.40009462010952,46.82053766436008,46.1141932217101,46.74485778808594,7471000,0.0,0.0
2014-06-19,46.91301734063836,46.94665354090688,46.559843653268096,46.83733749389648,6149600,0.0,0.0
2014-06-20,47.089616968168215,47.089616968168215,46.635537748978166,46.736446380615234,9187900,0.0,0.0
2014-06-23,46.72803375785645,46.90461904420244,46.475768604829966,46.85416793823242,5317000,0.0,0.0
2014-06-24,46.59348798997174,46.94666173901532,46.46735382080078,46.46735382080078,8767100,0.0,0.0
2014-06-25,46.27395062604453,46.38326669256715,46.03850359758828,46.156227111816406,7644900,0.0,0.0
2014-06-26,46.24872507520284,46.24872507520284,45.517155231267225,46.156227111816406,5940700,0.0,0.0
2014-06-27,45.92078781127929,46.14782743023809,45.592842764247386,45.9207878112793,6555000,0.0,0.0
2014-06-30,46.03008755170531,46.19826213620268,45.786229913369695,45.895545959472656,5421000,0.0,0.0
2014-07-01,46.24032279378268,46.845758535702906,46.19827592738186,46.568267822265625,6850700,0.0,0.0
2014-07-02,46.31600096691673,46.77848761086484,46.28236475811767,46.45895004272461,4718400,0.0,0.0
2014-07-03,46.67757586981595,47.081203933020966,46.551444906823946,46.78689193725586,3690000,0.0,0.0
2014-07-07,46.593486719400026,46.66075912985011,46.25713108259977,46.5093994140625,4264400,0.0,0.0
2014-07-08,46.33281035642421,46.37485721628802,46.0132760339896,46.18986129760742,7342700,0.0,0.0
2014-07-09,46.37485908223071,46.51780814679921,46.021685333059686,46.30758666992188,4087100,0.0,0.0
2014-07-10,45.46670310550409,45.887146080925966,44.67627146649208,45.811466217041016,8825100,0.0,0.0
2014-07-11,45.6685151307976,45.97123136526012,45.44147554915681,45.84510040283203,4044100,0.0,0.0
2014-07-14,46.1898679980832,46.45895126007554,46.139413683562566,46.33281707763672,5501100,0.0,0.0
2014-07-15,46.34962560589666,46.685981217753366,46.15622225178276,46.29076385498047,6686000,0.0,0.0
2014-07-16,46.534629037420665,46.63553445420324,46.13941161074467,46.28236389160156,5175900,0.0,0.0
2014-07-17,46.18145268005488,46.5262189828888,45.962823754652455,45.9964599609375,7546700,0.0,0.0
2014-07-18,46.17304296277332,46.46735173398815,45.94600339309687,46.416900634765625,4928400,0.0,0.0
2014-07-21,46.03010155983396,46.40849769783319,45.954421690689,46.34122848510742,6565000,0.0,0.0
2014-07-22,46.08054726892493,46.290768746618674,45.86191834352251,45.9964599609375,8308600,0.0,0.0
2014-07-23,46.12258881035897,46.35803903584474,45.99645785415503,46.26554107666016,3877500,0.0,0.0
2014-07-24,46.41690661703312,46.57667379803716,46.16464146523316,46.39167785644531,4241400,0.0,0.0
2014-07-25,46.11419169386967,46.23191522912331,45.53398146680855,45.542388916015625,7389100,0.0,0.0
2014-07-28,45.52555847425075,45.55078402276261,44.9537558513326,45.36579132080078,7135500,0.0,0.0
2014-07-29,45.407840415084834,45.52556393255457,44.82763027567319,44.86126327514648,6326600,0.0,0.0
2014-07-30,45.121930551485896,45.18920295318374,44.52490242117853,44.60898971557617,6834900,0.0,0.0
2014-07-31,44.230595935732914,44.53331536529547,43.64197838683357,43.70924758911133,8272100,0.0,0.0
2014-08-01,43.57470880290335,44.07083163181286,43.39812352678097,43.76811218261719,9385500,0.0,0.0
2014-08-04,44.1465176254444,44.36514658704728,43.751300155468186,44.28105926513672,8888200,0.0,0.0
2014-08-05,45.01262565198549,45.15557793713962,43.51584962843607,43.89424896240234,22628800,0.0,0.0
2014-08-06,43.64198080579518,44.2726452497649,43.64198080579518,44.14651107788086,9990400,0.0,0.0
2014-08-07,44.42401389695313,44.56696299326082,43.709258792237,43.77653121948242,13327800,0.0,0.0
2014-08-08,43.86061160075396,44.12969485167618,43.70925187114453,44.104469299316406,8128800,0.0,0.0
2014-08-11,44.19696684226527,44.600591714758174,44.06242521810096,44.48286819458008,6152200,0.0,0.0
2014-08-12,44.53331827427358,44.98739744827849,44.50809272273729,44.86126327514648,8064200,0.0,0.0
2014-08-13,45.07989524740017,45.22284431587723,44.861263109143735,45.01262283325195,8864600,0.0,0.0
2014-08-14,45.105120160961945,45.6348791878488,45.05466905878953,45.45829391479492,6442800,0.0,0.0
2014-08-15,45.67691615106638,45.71895979929286,44.920117652090696,45.3994255065918,5886300,0.0,0.0
2014-08-18,45.71056080110286,45.87032797698205,45.483521209448,45.811466217041016,5614300,0.0,0.0
2014-08-19,45.97122761066981,46.164634177835545,45.82827855671464,45.92918395996094,5825400,0.0,0.0
2014-08-20,45.819873781373104,46.25713162351144,45.819873781373104,46.139408111572266,6276000,0.0,0.0
2014-08-21,46.088963762375855,46.87939546384604,46.02169134128447,46.736446380615234,8043700,0.0,0.0
2014-08-22,46.58508399024691,46.71121496102815,46.282364528011264,46.52622222900391,7236200,0.0,0.0
2014-08-25,46.83733370331963,47.16527861008539,46.75324320945382,46.997100830078125,8407700,0.0,0.0
2014-08-26,47.09802208504011,47.274610577799,46.99711666612462,47.15688705444336,4749200,0.0,0.0
2014-08-27,47.31664957277213,47.35028577833815,47.08960999678917,47.224151611328125,6376900,0.0,0.0
2014-08-28,46.94666605409069,46.98029905559915,46.64394658643624,46.86257553100586,5346900,0.0,0.0
2014-08-29,47.04757008539883,47.165293606517366,46.87098480372103,47.14006805419922,4420100,0.0,0.0
2014-09-02,47.333475693175664,47.40074490797704,46.63553874422313,46.92144012451172,6048600,0.0,0.0
2014-09-03,47.03075520357605,47.14007128398675,46.7196282753424,46.736446380615234,5529300,0.0,0.0
2014-09-04,46.93825388565768,47.04756995828326,46.22350210495466,46.44213104248047,6436800,0.0,0.0
2014-09-05,46.29918199568622,46.54303648560031,45.94600822535919,46.28236389160156,5861100,0.0,0.0
2014-09-08,46.51780700683594,46.76166468389172,46.19826947164991,46.51780700683594,7415400,0.0,0.0
2014-09-09,46.37874491029617,46.56415978802252,45.94049360884545,46.4208869934082,6367700,0.125,0.0
2014-09-10,46.44616584896482,46.80856587197532,46.37031460659078,46.648433685302734,6888200,0.0,0.0
2014-09-11,46.42087940117238,46.884413304686696,46.37873732495278,46.71585464477539,4337300,0.0,0.0
2014-09-12,46.59787654019619,46.77486173190855,46.361893069589854,46.51359558105469,5654300,0.0,0.0
2014-09-15,46.446164735871605,46.73271350964085,46.13433328691335,46.690574645996094,5698300,0.0,0.0
2014-09-16,46.53886629556564,46.96868779451733,46.46301506457549,46.87598037719727,6949600,0.0,0.0
2014-09-17,47.061397732628095,47.40694153342774,46.77484897964871,47.06982421875,9117000,0.0,0.0
2014-09-18,46.99398705070294,47.600797112767566,46.99398705070294,47.47438049316406,7820600,0.0,0.0
2014-09-19,47.63450707274052,47.66821945558148,46.44617290500982,46.55573654174805,14719000,0.0,0.0
2014-09-22,46.42088392232149,46.67372032931886,46.2691814351252,46.294464111328125,8138200,0.0,0.0
2014-09-23,46.22705102434521,46.45460481258326,45.82251202802983,45.94050216674805,7676300,0.0,0.0
2014-09-24,45.93205936970159,46.479874207812905,45.889920508690494,46.345027923583984,6614000,0.0,0.0
2014-09-25,46.2439072846316,46.26919318224362,45.611814499163735,45.64552688598633,7623600,0.0,0.0
2014-09-26,45.74665014491898,46.1174798833603,45.64551622306653,45.94892120361328,6891200,0.0,0.0
2014-09-29,45.51067692745385,45.940498572728686,45.09770825925732,45.65394973754883,7013600,0.0,0.0
2014-09-30,45.74664705916945,46.033195830913975,45.48538417742448,45.52752304077149,8250900,0.0,0.0
2014-10-01,45.54438164607648,45.59494699878064,44.5583154734837,44.6341667175293,14633100,0.0,0.0
2014-10-02,44.642600253704735,44.76901686131159,43.57225625802051,44.33919525146485,12801900,0.0,0.0
2014-10-03,44.9881498188324,45.14827882806283,44.69317126710472,44.96286392211914,7632900,0.0,0.0
2014-10-06,45.11455240837439,45.19883334621738,44.22962345845179,44.47403335571289,6800600,0.0,0.0
2014-10-07,44.06950401812862,44.10321640054775,42.98230379753462,42.99073028564453,17072000,0.0,0.0
2014-10-08,43.09186588528706,43.867231363141975,42.501912074098975,43.8335189819336,16323200,0.0,0.0
2014-10-09,43.69024444778731,43.82509075227164,42.31649551054789,42.49348068237305,18871700,0.0,0.0
2014-10-10,42.15637684022855,42.65362331245298,41.81925938906306,42.10580825805664,14919500,0.0,0.0
2014-10-13,42.13950671470178,42.51876291813194,41.895096804159095,41.97937774658203,10229900,0.0,0.0
2014-10-14,42.16479302173839,42.64518318246457,42.05523260963557,42.19850540161133,11581300,0.0,0.0
2014-10-15,41.40628959732334,41.97095757228559,40.92589936892592,41.87825012207031,15426500,0.0,0.0
2014-10-16,41.254574847119926,42.13950378357725,41.02702114088993,41.63383102416992,12584700,0.0,0.0
2014-10-17,42.22378789140109,42.9654441703628,42.12265396722115,42.780029296875,10847400,0.0,0.0
2014-10-20,43.26885261811777,43.336274167966295,42.63675991521285,42.99073028564453,8868200,0.0,0.0
2014-10-21,43.25199395528715,43.99365025117768,43.20985508716611,43.95151138305664,9073000,0.0,0.0
2014-10-22,44.07792139896903,44.22119738715215,43.538536251668255,43.54696273803711,7556300,0.0,0.0
2014-10-23,43.92622836015729,44.02736550824314,43.42055547968711,43.50483322143555,6829100,0.0,0.0
2014-10-24,43.44584303734818,44.00208455431655,43.31099670641616,43.95994567871094,5757500,0.0,0.0
2014-10-27,43.83351901117608,44.035790083571655,43.412123890759126,43.6059684753418,7190000,0.0,0.0
2014-10-28,43.87566745339832,44.55832558980699,43.867237749374205,44.53304290771485,11132100,0.0,0.0
2014-10-29,44.5583196910081,44.75216106302998,43.82509307249236,44.12849807739258,8334100,0.0,0.0
2014-10-30,43.95992658424131,44.75214803248322,43.94307039832271,44.6088752746582,5578800,0.0,0.0
2014-10-31,45.232547385264674,45.3252548193971,44.76901342959192,45.14826965332031,9531100,0.0,0.0
2014-11-03,45.33368700721235,45.43482093408858,44.81115475254104,45.34211349487305,9718200,0.0,0.0
2014-11-04,45.342122928901496,45.38426180595168,44.58361349702743,45.005008697509766,15411900,0.0,0.0
2014-11-05,45.10612471570857,45.35053460643286,44.77743710438436,45.32524871826172,9067100,0.0,0.0
2014-11-06,45.19883804729595,45.552808378085416,45.00499669257943,45.434818267822266,7559600,0.0,0.0
2014-11-07,45.30839598607294,45.679225700963165,45.207262070643424,45.53594970703125,7421200,0.0,0.0
2014-11-10,45.594948219090064,45.8140754699707,45.51067048566794,45.8140754699707,6004800,0.0,0.0
2014-11-11,45.755080413577325,46.05005569554421,45.755080413577325,45.8140754699707,4608800,0.0,0.0
2014-11-12,45.51908861759716,45.91520096494813,45.36738936828092,45.80563735961914,6013400,0.0,0.0
2014-11-13,45.67078656849019,46.02476002188365,45.65393038356779,45.93205261230469,5844200,0.0,0.0
2014-11-14,45.847786687977774,45.97420328490874,45.18198167984419,45.4263916015625,9083800,0.0,0.0
2014-11-17,45.35053788572053,45.57809160578142,45.2578304573636,45.52752304077149,7493000,0.0,0.0
2014-11-18,45.61180630221193,45.679231063740126,45.3421136860783,45.417964935302734,7063400,0.0,0.0
2014-11-19,45.34210818405762,45.6118007674655,45.22411808069032,45.52752304077149,6351100,0.0,0.0
2014-11-20,45.29998066029081,45.90679073235104,45.249412082622456,45.88993453979492,7717900,0.0,0.0
2014-11-21,46.34503669338244,46.34503669338244,45.93206806135464,46.00791931152344,8386200,0.0,0.0
2014-11-24,46.27761514137782,46.51359539605573,46.15119531066331,46.437744140625,8237700,0.0,0.0
2014-11-25,46.47988319502439,46.496736170696266,45.75508307152788,46.083770751953125,8199900,0.0,0.0
2014-11-26,46.10906184182689,46.1849131061459,45.83094268265069,46.024784088134766,3566900,0.0,0.0
2014-11-28,46.09219475501639,46.37031706345354,46.09219475501639,46.18490219116211,2894100,0.0,0.0
2014-12-01,45.98264485822609,46.11749119209225,45.443256307771215,45.87308120727539,7151100,0.0,0.0
2014-12-02,45.97865550899812,46.5023872221204,45.97865550899812,46.44325637817383,6009500,0.125,0.0
2014-12-03,46.46860807778426,46.78960646429892,46.29121550460119,46.37569046020508,7323300,0.0,0.0
2014-12-04,46.198289689561385,46.73047057419039,46.16450293334837,46.603759765625,5441700,0.0,0.0
2014-12-05,46.78116180154772,47.19507781645031,46.6291100998802,46.73892593383789,6500700,0.0,0.0
2014-12-08,46.74737546572983,47.271107355452514,46.58687786695412,47.04302978515625,7526100,0.0,0.0
2014-12-09,46.477061119563,46.975452121457465,46.27432443133883,46.95855712890625,5272700,0.0,0.0
2014-12-10,46.70513766041793,47.05147694414102,46.24053665382211,46.325008392333984,7678600,0.0,0.0
2014-12-11,46.350341816961546,47.21196694528519,46.27431597556859,46.61220932006836,7441200,0.0,0.0
2014-12-12,46.358785097184025,46.69667517683289,45.64921174081526,45.657657623291016,7115500,0.0,0.0
2014-12-15,46.00400943643398,46.11382527310051,44.83828399141476,45.17617416381836,8611100,0.0,0.0
2014-12-16,44.81292551970635,45.70834047305648,44.64397887649454,44.6693229675293,7867400,0.0,0.0
2014-12-17,44.92274323553872,45.77591914765216,44.75379658512724,45.63231658935547,8726900,0.0,0.0
2014-12-18,46.18984197038711,46.46860122680664,45.92797448020789,46.46860122680664,8562200,0.0,0.0
2014-12-19,46.47705554428344,47.1697340438392,46.33344973601996,47.119049072265625,14856900,0.0,0.0
2014-12-22,47.0768062387484,47.49917127217236,46.95009866215489,47.41469955444336,10211600,0.0,0.0
2014-12-23,47.414702801311165,47.81172376869208,47.39780781213053,47.67656707763672,7167400,0.0,0.0
2014-12-24,47.86241071644893,47.92154156983271,47.524517363636,47.541412353515625,3630600,0.0,0.0
2014-12-26,47.76948377773677,47.96377130293527,47.63432709836437,47.65966796875,3297000,0.0,0.0
2014-12-29,47.59208880085221,47.97221794909968,47.49916798434847,47.71879959106445,5126500,0.0,0.0
2014-12-30,47.685013143332846,47.97222149631365,47.50762060183016,47.73569488525391,4434300,0.0,0.0
2014-12-31,47.92154217245686,47.938437162548944,47.27954866090686,47.31333541870117,5054100,0.0,0.0
2015-01-02,47.75258933929136,47.8117201857976,47.09370092257068,47.39780426025391,6608300,0.0,0.0
2015-01-05,47.03457607455256,47.195073646625545,46.232081769407856,46.46015930175781,10103500,0.0,0.0
2015-01-06,46.240529593703,46.35034219252391,45.395799447998726,45.80126953125,15406400,0.0,0.0
2015-01-07,46.23208327547863,46.23208327547863,45.75903320529925,46.02090072631836,8762000,0.0,0.0
2015-01-08,45.970209460722,46.18139198096947,45.49716267769697,45.81816101074219,13066300,0.0,0.0
2015-01-09,45.78437912998596,45.86040497961395,44.73691222648801,45.041015625,6877800,0.0,0.0
2015-01-12,44.88896052001029,44.95654048005903,44.0442303537402,44.230072021484375,8114800,0.0,0.0
2015-01-13,44.43280713800241,44.796041381033,42.979873388270015,43.81615447998047,14042200,0.0,0.0
2015-01-14,43.10658323492432,43.45292250538392,42.633536361549325,43.40224075317383,12242700,0.0,0.0
2015-01-15,43.40222925760925,43.537385931688654,42.54905013429169,42.57439422607422,8056100,0.0,0.0
2015-01-16,42.413897805388686,43.19949706095418,42.27874111746288,43.17415618896485,8084100,0.0,0.0
2015-01-20,43.35154728613886,43.50359895776298,42.48147633814825,42.78557968139648,8285000,0.0,0.0
2015-01-21,42.61663895295288,43.1572657617991,42.278745586229,42.93763732910156,7228400,0.0,0.0
2015-01-22,43.3177719269212,44.2047413848257,42.96298672167189,44.16250228881836,11850100,0.0,0.0
2015-01-23,44.12869489621463,44.230061589990925,43.49514742093184,43.51203918457031,5237700,0.0,0.0
2015-01-26,43.35154967436964,43.56273220521609,43.08123629267734,43.25862884521485,12159100,0.0,0.0
2015-01-27,42.86160334426204,43.022100890666565,42.43923832724972,42.63352584838867,8236400,0.0,0.0
2015-01-28,42.94607907739415,42.94607907739415,41.543827218592895,41.56916809082031,11498800,0.0,0.0
2015-01-29,41.704325248008125,41.98308773519657,41.12146262350914,41.61140441894531,12400200,0.0,0.0
2015-01-30,41.30731126227038,41.91551486206315,41.18060043351885,41.28196716308594,11238500,0.0,0.0
2015-02-02,41.417115806830736,42.74334180716016,41.40022081812971,42.62508010864258,12005700,0.0,0.0
2015-02-03,42.91228388421643,43.41067471925234,42.7433372376571,43.35999298095703,9470100,0.0,0.0
2015-02-04,43.14035915913116,43.84993246034344,43.12346417310359,43.51203918457031,10292000,0.0,0.0
2015-02-05,43.300877022257644,43.81616305965963,43.20795938906552,43.60498046875,6365300,0.0,0.0
2015-02-06,43.88372182246222,44.39055850668832,43.88372182246222,44.01042938232422,10011700,0.0,0.0
2015-02-09,43.64720719591865,44.32299392312676,43.52049960135958,44.04423141479492,7093800,0.0,0.0
2015-02-10,44.3736712449242,44.576407887338,43.89217534437974,44.27230453491211,5580800,0.0,0.0
2015-02-11,44.196273023178506,44.23006299630801,43.664092224751066,44.13714218139648,7480200,0.0,0.0
2015-02-12,44.18783722742975,44.50883237826293,43.99354967117073,44.30609893798828,9322400,0.0,0.0
2015-02-13,43.21638731597124,45.733682366847134,43.20794143369647,45.58163070678711,19888600,0.0,0.0
2015-02-17,45.6914401094329,46.67977253897077,45.623860171145445,46.451698303222656,15678000,0.0,0.0
2015-02-18,46.451706044393774,46.5446236414405,46.11381274142427,46.215179443359375,9024100,0.0,0.0
2015-02-19,46.17294302802107,46.671333871563206,46.07157632731112,46.44325637817383,8073700,0.0,0.0
2015-02-20,46.341896538902176,46.77270749749786,45.94487233728611,46.64599990844727,12442500,0.0,0.0
2015-02-23,46.62909700511543,46.62909700511543,45.94486453976334,46.09691619873047,11606500,0.0,0.0
2015-02-24,46.05468603110237,46.75581034747855,46.05468603110237,46.49394607543945,7844600,0.0,0.0
2015-02-25,46.257420196209615,46.55307767319569,46.21518433446581,46.29121017456055,5825600,0.0,0.0
2015-02-26,46.27432447577731,46.55308701955445,46.18985273533048,46.40103530883789,6594200,0.0,0.0
2015-02-27,46.41792753894087,46.97544937092508,46.32500669654515,46.73892593383789,15031200,0.0,0.0
2015-03-02,46.73891819194672,47.009231567382805,46.49394568846102,47.00923156738281,7283900,0.0,0.0
2015-03-03,46.69668592839115,47.07681517510868,46.67134505274001,46.95010757446289,5951000,0.0,0.0
2015-03-04,46.705136410380895,46.8909748746112,46.43482298750938,46.78116226196289,6057600,0.0,0.0
2015-03-05,46.93320893010674,47.02612654105855,46.62910555640312,46.97544479370117,5614900,0.0,0.0
2015-03-06,47.09370713574546,47.67656979494366,46.9585504369869,47.30488967895508,11480000,0.0,0.0
2015-03-09,47.186621744906056,47.49072508258927,46.98388511232076,47.39780426025391,12140600,0.0,0.0
2015-03-10,46.927941163643126,46.927941163643126,46.07285690307617,46.07285690307617,14513400,0.125,0.0
2015-03-11,46.05591493690502,46.597748698348894,45.99665207109609,46.32683181762695,6646900,0.0,0.0
2015-03-12,46.54696765118625,47.12266704135264,46.479240020947046,47.071868896484375,5887200,0.0,0.0
2015-03-13,47.00413533457176,47.07186295626408,46.403038562619045,46.81787872314453,6507300,0.0,0.0
2015-03-16,47.097261657699015,47.495169088655096,46.98720064379922,47.35124588012695,5922900,0.0,0.0
2015-03-17,46.96181014683381,47.48671138154921,46.69935791468357,47.24119186401367,5676800,0.0,0.0
2015-03-18,47.15652508337415,47.99467335008651,46.81787729647776,47.76608657836914,8487200,0.0,0.0
2015-03-19,47.53750106391165,47.75761985555234,46.868673488812405,47.11419296264648,6170900,0.0,0.0
2015-03-20,47.24966052054175,47.57984038634849,47.1311315165219,47.35971832275391,11660400,0.0,0.0
2015-03-23,47.40203712188136,47.8338099142496,47.266578674316406,47.266578674316406,5788500,0.0,0.0
2015-03-24,47.03801068017249,47.34278988644074,46.87715148925781,46.87715148925781,5343800,0.0,0.0
2015-03-25,46.85173377403631,46.87713122284888,46.157508850097656,46.157508850097656,6962600,0.0,0.0
2015-03-26,46.03898645392536,46.18290964707613,45.82733241958534,45.8611946105957,8884400,0.0,0.0
2015-03-27,46.14058645941298,46.14058645941298,45.64954747533231,45.74267578125,6454400,0.0,0.0
2015-03-30,45.92893113690117,46.39456942416941,45.92893113690117,46.29297637939453,5770500,0.0,0.0
2015-03-31,46.06438571988439,46.65701768530775,45.89506183982281,46.38610076904297,7424200,0.0,0.0
2015-04-01,46.23372172981151,46.580834321693146,45.91200659624785,46.40304565429688,7181200,0.0,0.0
2015-04-02,46.26757489459882,46.75861059288381,46.06438559316699,46.68241500854492,5354700,0.0,0.0
2015-04-06,46.14057882629567,47.03799308171431,46.0220530854937,46.919464111328125,4639500,0.0,0.0
2015-04-07,46.79248223460746,47.0803318993074,46.52156528307632,46.54696273803711,4857300,0.0,0.0
2015-04-08,46.513093914807854,47.181921502998655,46.48769646170186,46.94486999511719,5837700,0.0,0.0
2015-04-09,46.90254456787613,47.80842375545456,46.86021116897712,47.65603256225586,6645400,0.0,0.0
2015-04-10,47.56290256281738,48.003143413135696,47.52057239500663,47.91001510620117,4993200,0.0,0.0
2015-04-13,47.98621242856576,48.92595704390416,47.72376021134989,48.64657211303711,8804000,0.0,0.0
2015-04-14,48.52804399477521,48.90055398828978,48.17246671409104,48.68043518066406,6505600,0.0,0.0
2015-04-15,48.89209174376311,49.60324957103761,48.73123580803593,49.332332611083984,7289900,0.0,0.0
2015-04-16,49.408516831024905,49.72176388829528,49.21379551274418,49.23919296264648,7321500,0.0,0.0
2015-04-17,48.89209081344118,49.19687319498581,48.30792673520386,48.62117385864258,7583800,0.0,0.0
2015-04-20,48.94288362254453,49.027543950603295,48.5873031396118,48.68889617919922,4719700,0.0,0.0
2015-04-21,48.75662905544577,48.832824645705095,47.82535248968475,47.95234298706055,8168100,0.0,0.0
2015-04-22,48.13013001182175,48.17246340578282,47.57983141575758,47.90154647827149,10324900,0.0,0.0
2015-04-23,47.85074984549343,48.07933661580447,47.61369833387516,48.04547119140625,9688400,0.0,0.0
2015-04-24,48.341782292946725,48.40104516682051,48.13012824923052,48.2486572265625,5894200,0.0,0.0
2015-04-27,48.180926454759245,48.55343640960903,48.08779815865069,48.25712203979492,7775100,0.0,0.0
2015-04-28,47.935404096690576,48.409510289375255,47.91847138663925,48.08779525756836,8814600,0.0,0.0
2015-04-29,47.9354109314994,48.172465676434,47.71529212861515,47.96081161499024,10205000,0.0,0.0
2015-04-30,47.64756459064209,48.02007783160998,47.35125017585846,47.65603256225586,7291400,0.0,0.0
2015-05-01,48.17247099112105,49.12914512909214,48.087807419452126,48.88362884521485,13401900,0.0,0.0
2015-05-04,49.10373977315399,49.493182451427,49.086807061544135,49.27306365966797,5298100,0.0,0.0
2015-05-05,49.12067722007813,49.56938281744931,49.01061619879629,49.10374450683594,7487700,0.0,0.0
2015-05-06,49.42545712697648,49.67097338274532,48.86669053627331,49.230735778808594,6771700,0.0,0.0
2015-05-07,49.23920453006458,50.37367051625266,48.95135485507403,49.92496490478516,8479400,0.0,0.0
2015-05-08,50.32285682115916,50.61917437624352,50.02654249565872,50.517578125,6824200,0.0,0.0
2015-05-11,50.517585905760505,50.69537775802834,50.077348334235225,50.11967849731445,8455200,0.0,0.0
2015-05-12,49.7048431394413,49.93342993232153,49.4339261766762,49.74717330932617,7271700,0.0,0.0
2015-05-13,49.57784488202819,49.88262399532098,49.47624861467949,49.7302360534668,5188200,0.0,0.0
2015-05-14,49.9503623606539,50.128151010905,49.71331082698577,49.92496490478516,3956000,0.0,0.0
2015-05-15,49.975754881862855,50.00115556480844,49.23073492687425,49.40852355957031,7437300,0.0,0.0
2015-05-18,49.493182102356535,49.97575307628794,49.41698651544187,49.85722732543945,4894200,0.0,0.0
2015-05-19,49.96729027982236,50.42446381910137,49.75563622233221,50.29747009277344,5446100,0.0,0.0
2015-05-20,50.31440174088182,50.8731683116557,49.89109363485359,50.76310729980469,6557200,0.0,0.0
2015-05-21,50.73771490444752,51.38960984026205,50.669984050531006,50.98323440551758,6743100,0.0,0.0
2015-05-22,50.90703139312995,51.19488102116926,50.64457921681679,50.69537734985352,4576200,0.0,0.0
2015-05-26,50.593789998444805,50.627655426436405,50.009625898722085,50.14508438110352,5054100,0.0,0.0
2015-05-27,50.1874045433006,50.441391973004336,50.10274421978891,50.28053283691406,6447000,0.0,0.0
2015-05-28,50.2043432450909,50.38213188343259,49.73024020951307,50.331336975097656,4119600,0.0,0.0
2015-05-29,50.25513653760271,50.2890019596173,49.5693762749371,49.62017440795898,6817700,0.0,0.0
2015-06-01,49.87416854505329,49.9503641449663,49.38313274640225,49.679447174072266,6587900,0.0,0.0
2015-06-02,49.86569102399567,50.8392976294028,49.64556902306243,50.52605056762695,9026700,0.0,0.0
2015-06-03,50.661521718334704,51.880648080556725,50.49219780507429,51.736724853515625,12437800,0.0,0.0
2015-06-04,51.36420662099283,51.66898898940975,51.19488595372541,51.31341171264648,8335700,0.0,0.0
2015-06-05,51.770581511071065,51.914504713728576,51.15254884794035,51.22027969360352,6376600,0.0,0.0
2015-06-08,51.220290263551085,51.28802112319136,50.483734927681375,50.50913238525391,8482100,0.0,0.0
2015-06-09,50.48790976064176,51.19207811435339,50.32671611603602,50.8951416015625,7227400,0.125,0.0
2015-06-10,51.12421274774777,52.41377180755305,51.00543812477564,52.32893371582031,10914300,0.0,0.0
2015-06-11,52.337409673362174,52.78706056503534,52.235603328764526,52.5919303894043,8332400,0.0,0.0
2015-06-12,52.44770802578242,52.60041917908256,52.15925398470056,52.50709533691406,7039300,0.0,0.0
2015-06-15,52.006535385673445,54.04268164725171,51.879278267053095,53.0839958190918,19861100,0.0,0.0
2015-06-16,52.77858817179002,53.06704225145357,52.43074677305157,52.583457946777344,10864100,0.0,0.0
2015-06-17,52.80402272907843,52.90582906191632,52.235597294973246,52.481632232666016,7206900,0.0,0.0
2015-06-18,52.846439361572266,52.9227949168197,52.40527429084986,52.846439361572266,8908800,0.0,0.0
2015-06-19,52.66829047391657,52.7955476064862,52.16773798519854,52.45619201660156,16095700,0.0,0.0
2015-06-22,52.905832054745154,53.236705082459146,52.72767015310919,53.09247970581055,7189600,0.0,0.0
2015-06-23,53.559097492847535,53.81361496653123,53.253675229881,53.72029113769531,9146500,0.0,0.0
2015-06-24,53.57606908848462,53.74574525725112,53.28761507066992,53.38093566894531,6063600,0.0,0.0
2015-06-25,53.33850964365846,53.63544937285532,52.96521759033203,52.96521759033203,6887200,0.0,0.0
2015-06-26,53.25368216659539,53.42336158327503,53.02461543953273,53.21974563598633,6816300,0.0,0.0
2015-06-29,52.37134953631151,53.07551795251572,52.193187612825696,52.2525749206543,8763600,0.0,0.0
2015-06-30,52.80403907435977,52.98220102106664,52.193194415518,52.44771194458008,7569200,0.0,0.0
2015-07-01,53.24518778804743,53.397898914677626,52.63434651789183,52.89734649658203,5953700,0.0,0.0
2015-07-02,52.99916609072525,53.10097244893552,52.52406435846775,52.66829299926758,6474000,0.0,0.0
2015-07-06,52.15924737922099,52.69373634808348,51.93866642814737,52.47315216064453,7065700,0.0,0.0
2015-07-07,52.47316499866293,52.83797465944901,51.624771040809904,52.778587341308594,7555200,0.0,0.0
2015-07-08,52.49860854042945,52.6173831530052,51.692633794052696,51.88776397705078,6048700,0.0,0.0
2015-07-09,52.4816346770992,52.73615213923103,52.286504514919294,52.39679336547852,6035500,0.0,0.0
2015-07-10,53.17733531574019,53.53365923650056,52.82949391084097,53.12643051147461,4203100,0.0,0.0
2015-07-13,53.51668458455925,53.83058939685354,53.347005170541976,53.77120208740234,4538000,0.0,0.0
2015-07-14,53.80513175932325,54.18690960607206,53.58455080140472,53.93239212036133,6658200,0.0,0.0
2015-07-15,54.1869080385472,54.6195874281023,53.771196912397336,54.32265090942383,5538700,0.0,0.0
2015-07-16,54.72140368484514,54.72140368484514,54.11904482411183,54.432952880859375,5180400,0.0,0.0
2015-07-17,54.33962631225585,54.46688020602216,53.9832992278824,54.33962631225586,5324000,0.0,0.0
2015-07-20,54.47537165006413,54.50082243147741,54.2123716118179,54.331146240234375,4926000,0.0,0.0
2015-07-21,54.34810843883679,54.53475612311922,54.03420361775193,54.29720687866211,5539300,0.0,0.0
2015-07-22,54.21236524597673,54.88259712632934,54.07662236710226,54.75533676147461,5161100,0.0,0.0
2015-07-23,54.80623784688879,55.08620935261472,54.33113939309764,54.415977478027344,4911200,0.0,0.0
2015-07-24,54.458394645105855,54.59413427370596,53.93238821154583,53.99177551269531,4468500,0.0,0.0
2015-07-27,53.618491143133696,53.78817055779879,53.151875180078925,53.65242767333984,7066900,0.0,0.0
2015-07-28,54.02571918043693,54.28872243198699,53.65242706152302,54.008750915527344,6750200,0.0,0.0
2015-07-29,54.085104881122,54.92501293279356,54.01723182350201,54.75533676147461,6189200,0.0,0.0
2015-07-30,54.65352903553425,54.80624018401223,54.42446554918289,54.74685287475586,5295900,0.0,0.0
2015-07-31,54.80623892404567,54.90804851160087,54.36507699010204,54.39901351928711,7267000,0.0,0.0
2015-08-03,54.49233441945815,54.78927094290998,54.13600735495059,54.424461364746094,7659900,0.0,0.0
2015-08-04,54.04269413439052,54.04269413439052,51.17512173705488,52.88887786865234,26677500,0.0,0.0
2015-08-05,53.25367756390766,53.62696965924688,53.109448939467576,53.41487121582031,12882800,0.0,0.0
2015-08-06,53.43183419711474,53.97480564078737,53.33851037341505,53.46577072143555,10480500,0.0,0.0
2015-08-07,53.50819260843127,53.847551396983015,53.42335452947596,53.77967834472656,5793700,0.0,0.0
2015-08-10,54.24630833448182,54.89957206839895,54.24630833448182,54.28873062133789,8456300,0.0,0.0
2015-08-11,53.45729034405623,53.89845549546388,53.44032531655611,53.71181106567383,7045300,0.0,0.0
2015-08-12,53.1094593901007,53.89846601381385,52.19319561710979,53.66939926147461,9679200,0.0,0.0
2015-08-13,53.60152287803062,54.1444944158664,53.57607209855883,53.65242767333984,4305800,0.0,0.0
2015-08-14,53.46578375678256,54.52627289125964,53.38942817662723,54.509307861328125,5744400,0.0,0.0
2015-08-17,54.14449161157378,54.72139964973606,53.92391064938962,54.55172348022461,4965800,0.0,0.0
2015-08-18,54.44144226247733,54.59415344373146,53.90695636445416,54.05118179321289,6745700,0.0,0.0
2015-08-19,53.70332621505949,53.79665004970035,53.28761507066992,53.38093566894531,8928000,0.0,0.0
2015-08-20,52.8803957629541,53.18581486239828,52.33742092353259,52.35438919067383,8398700,0.0,0.0
2015-08-21,51.75202494133777,52.07441551108916,50.64911358166437,50.674564361572266,13055000,0.0,0.0
2015-08-24,45.99990110450089,49.96189758353562,45.81325348060986,48.30752944946289,20043200,0.0,0.0
2015-08-25,49.86010003318749,50.13158576860095,47.98515066162419,48.05302047729492,12353400,0.0,0.0
2015-08-26,50.18249648958167,50.572756875824616,48.62145170824429,50.19097900390625,13602500,0.0,0.0
2015-08-27,50.75940153797439,51.88776358529017,50.3776236887452,51.84534454345703,9805200,0.0,0.0
2015-08-28,51.30238167438503,51.80293421953111,51.15815302424159,51.75202941894531,6323800,0.0,0.0
2015-08-31,51.53144410216874,51.63325045843909,51.09876142437975,51.19208526611328,9390900,0.0,0.0
2015-09-01,50.02978782893808,50.40307996873112,49.469848001065614,49.826171875,9687500,0.0,0.0
2015-09-02,50.44549031424352,50.487909353390734,49.495290244612,50.14006805419922,9612900,0.0,0.0
2015-09-03,50.37762441205784,50.97998322928721,50.28430057686573,50.43701171875,8618000,0.0,0.0
2015-09-04,49.67345832476583,49.91101079897304,49.12200427458136,49.274715423583984,7993400,0.0,0.0
2015-09-08,50.021305226442536,50.31824504311135,49.546206697958034,50.25885772705078,7092400,0.0,0.0
2015-09-09,50.733943094120605,50.801816144219885,49.55467635774944,49.6564826965332,6253400,0.0,0.0
2015-09-10,49.46042536138788,49.90371118741662,49.34107980282679,49.63092041015625,6943000,0.28,0.0
2015-09-11,49.17910848697264,49.73321658749003,49.145012078449305,49.72469329833984,7287300,0.0,0.0
2015-09-14,49.665012085021246,49.67353862520445,49.10238075405329,49.4433708190918,7156100,0.0,0.0
2015-09-15,49.63944616908154,50.1765044612508,49.42632816049785,49.99748611450195,5617500,0.0,0.0
2015-09-16,50.00600709699317,50.38962014513053,49.88666153799991,50.21060180664063,6100700,0.0,0.0
2015-09-17,50.3299449355918,50.70503142459243,49.72469062882177,49.8099365234375,6416200,0.0,0.0
2015-09-18,49.01713774899846,49.50304650653039,48.68467420457372,49.25582885742188,18147200,0.0,0.0
2015-09-21,49.56272080313402,49.903710898697966,49.30697985742234,49.46894836425781,5228000,0.0,0.0
2015-09-22,48.804020539827626,49.03418836317193,48.50565664952345,48.82959365844727,7859200,0.0,0.0
2015-09-23,48.73582023779456,49.05123720337892,48.45450618288594,48.6761474609375,5068200,0.0,0.0
2015-09-24,48.12203658375901,48.65909475980695,47.99416450548787,48.50564956665039,5835900,0.0,0.0
2015-09-25,49.33255307896272,49.43485205899808,48.75287186645259,49.05123901367188,5296100,0.0,0.0
2015-09-28,48.77845067938071,48.82959692003632,47.26957479350834,47.44859313964844,9804500,0.0,0.0
2015-09-29,47.57645174763399,47.82366609515413,47.141689313867566,47.49972915649414,5711000,0.0,0.0
2015-09-30,48.198755534902006,48.44597313316988,47.78104292914174,48.43744659423828,7412400,0.0,0.0
2015-10-01,48.75287674304091,48.77845311656935,47.78958564077233,48.522708892822266,6889700,0.0,0.0
2015-10-02,47.17580795177401,48.76140663883915,47.090562039276726,48.75288009643555,7886800,0.0,0.0
2015-10-05,49.0427100958138,49.733213543935165,49.0427100958138,49.68206405639648,6616300,0.0,0.0
2015-10-06,49.44337257859646,49.758786286232,49.09385921285914,49.17058181762695,6542500,0.0,0.0
2015-10-07,49.51156913496651,49.9292785417014,48.82958901863476,49.28992462158203,7826400,0.0,0.0
2015-10-08,49.136479390602496,49.65648776562301,48.85516535692126,49.64796447753906,5913400,0.0,0.0
2015-10-09,49.66500800428608,49.81845319575333,49.27287173805734,49.6053352355957,7764500,0.0,0.0
2015-10-12,49.571243141392834,50.02305221557617,49.477470710466726,50.02305221557617,4963300,0.0,0.0
2015-10-13,49.58829225540016,50.40666780686243,49.571245677925226,50.03157806396485,6678400,0.0,0.0
2015-10-14,49.87813452778101,50.18502496340405,49.41780212626901,49.46894836425781,7002800,0.0,0.0
2015-10-15,49.784359133946,50.4919091039317,49.41779596508904,50.45780944824219,4713600,0.0,0.0
2015-10-16,50.74765258487314,51.165365258394736,50.636833576159546,51.1483154296875,5468300,0.0,0.0
2015-10-19,51.06306953807361,51.20798820420168,50.815851899702096,51.1483154296875,7767900,0.0,0.0
2015-10-20,51.31028350433305,51.566027680925,51.071592408231005,51.37848281860352,5194100,0.0,0.0
2015-10-21,51.55750121928277,51.96668734976252,51.28471046562961,51.344383239746094,5210100,0.0,0.0
2015-10-22,51.60011766711251,52.14569910571704,51.58306784066588,51.78766250610352,7528900,0.0,0.0
2015-10-23,52.17128300123404,52.341778038386,51.87291587323753,52.239479064941406,6666500,0.0,0.0
2015-10-26,52.23947986615758,52.31620247145656,51.949639274130575,52.137184143066406,3203700,0.0,0.0
2015-10-27,51.727999034341,51.99226651386628,51.49783121383624,51.93259048461914,5744700,0.0,0.0
2015-10-28,53.671625079472655,54.49852378660825,53.09194398093334,54.46442413330078,21707700,0.0,0.0
2015-10-29,54.43885346628537,54.558199006304136,53.73130026199978,54.12343978881836,6965700,0.0,0.0
2015-10-30,54.12344106755785,54.30245938181553,53.75687789916992,53.75687789916992,9077500,0.0,0.0
2015-11-02,54.08081512901706,54.728692329756726,53.85917387010991,54.3365592956543,10960400,0.0,0.0
2015-11-03,52.137181279180936,52.41849856713197,51.574549955201086,51.9666862487793,31974000,0.0,0.0
2015-11-04,51.71094239441828,52.00078295407525,50.84994725504076,51.83028793334961,22499400,0.0,0.0
2015-11-05,51.72800107822179,52.955559584161456,51.67685158767,52.85326385498047,10943700,0.0,0.0
2015-11-06,53.9785221898908,54.03819496466284,52.69129101019387,52.79358673095703,10570300,0.0,0.0
2015-11-09,52.7253795582131,52.768005749774005,51.96668017610355,52.1797981262207,8069700,0.0,0.0
2015-11-10,52.0348919487313,52.36735551026551,51.91554638837776,52.29915618896485,4889400,0.0,0.0
2015-11-11,52.46963945457858,52.51226239485624,51.70241677381512,51.71946334838867,7060300,0.0,0.0
2015-11-12,51.56602969378193,51.62570247013674,50.61125876826011,50.61978530883789,8065000,0.0,0.0
2015-11-13,50.53453944273795,51.16537015762037,50.3299479825055,50.56011581420898,7948600,0.0,0.0
2015-11-16,50.423717715821375,51.71947223284271,50.33846856869994,51.7109489440918,8283500,0.0,0.0
2015-11-17,51.95816288308048,52.35029917607345,51.87291374204577,52.00078582763672,9765700,0.0,0.0
2015-11-18,52.171286987746846,52.93850983567214,52.00931522671085,52.81916427612305,7439800,0.0,0.0
2015-11-19,52.81063903979197,53.03228032050776,52.68276694389124,52.836212158203125,5991300,0.0,0.0
2015-11-20,53.05785252188846,53.32211672983277,52.904407319633336,53.03227615356445,7346000,0.0,0.0
2015-11-23,53.19425341008211,54.06377197710018,53.117530801001394,53.50114059448242,9325700,0.0,0.0
2015-11-24,52.887353650661424,54.02966604453695,52.8617772841948,53.80802154541016,10487100,0.0,0.0
2015-11-25,53.969994457670616,54.04671705490637,53.59490475921936,53.83359909057617,6068700,0.0,0.0
2015-11-27,53.7057268981084,54.40475355948557,53.62900430103422,54.28540802001953,3941200,0.0,0.0
2015-11-30,54.234261199355295,54.51557848640599,54.08081599767714,54.20016479492188,9431400,0.0,0.0
2015-12-01,54.4644395806783,54.75428346407633,54.23427173345482,54.6605110168457,8033400,0.0,0.0
2015-12-02,54.49852881427418,54.82246579481362,54.04671974799607,54.13196563720703,7469200,0.0,0.0
2015-12-03,54.3289093537844,54.371721079321965,53.215788158181454,53.395599365234375,8101800,0.28,0.0
2015-12-04,53.6439107958501,54.97965489539939,53.60109580490539,54.791282653808594,7589600,0.0,0.0
2015-12-07,54.62858631178069,54.78271111311344,53.68671542925809,53.7723388671875,9302000,0.0,0.0
2015-12-08,53.44697088780034,53.89222000896364,53.1215991682129,53.72953414916992,5507900,0.0,0.0
2015-12-09,53.35277960491122,54.17477637021287,52.898966236845375,53.2414665222168,7548400,0.0,0.0
2015-12-10,53.14728393758348,53.30140875432368,52.145475895097306,52.21397399902344,14235400,0.0,0.0
2015-12-11,51.349163640249806,51.73447240234008,50.672727331068,50.9124755859375,15175800,0.0,0.0
2015-12-14,51.13509301456102,51.15221835359609,49.61097050368445,50.021968841552734,14957100,0.0,0.0
2015-12-15,51.0922876629755,51.77728828817983,50.67272820967917,51.3234748840332,11887600,0.0,0.0
2015-12-16,51.77728479045651,52.30815729943516,50.921037333118456,52.17115783691406,11524700,0.0,0.0
2015-12-17,52.36810575006464,52.61641835061796,51.469046377581655,51.48617172241211,8258600,0.0,0.0
2015-12-18,51.297782693633735,51.34915871460255,50.35591184014499,51.032344818115234,27107600,0.0,0.0
2015-12-21,51.33204534049936,51.717357421775375,51.03235671447336,51.34917068481445,7421900,0.0,0.0
2015-12-22,51.640286077797526,52.20540927719373,51.30634682087373,51.999908447265625,7288200,0.0,0.0
2015-12-23,52.179727348871154,52.66778821751437,52.01704148143188,52.5821647644043,6075700,0.0,0.0
2015-12-24,52.616401566813785,53.16439936128358,52.582150888078296,52.83046340942383,2560500,0.0,0.0
2015-12-28,52.46228256437959,52.830469235578526,52.23965639437216,52.74484252929688,3574500,0.0,0.0
2015-12-29,53.14728338393911,53.72097092167923,53.070220976371786,53.54972076416016,4246300,0.0,0.0
2015-12-30,53.51546774042068,53.96927786163547,53.301405869459,53.52402877807617,4753700,0.0,0.0
2015-12-31,53.34422075454229,53.7209717602301,53.05309646211313,53.06166076660156,4909600,0.0,0.0
2016-01-04,51.939959399342,52.29102065027983,51.220711560063975,51.74302291870117,10538700,0.0,0.0
2016-01-05,51.76015429359582,52.18827797962006,51.61459054185883,51.9228401184082,7863000,0.0,0.0
2016-01-06,51.26353445555747,51.33203582011312,50.91247312802184,51.16078567504883,9598800,0.0,0.0
2016-01-07,50.11617061628456,50.94673182743492,49.8592969914281,49.93635940551758,8951400,0.0,0.0
2016-01-08,50.35592258328726,50.52716949040179,49.06298687682505,49.19142532348633,8282700,0.0,0.0
2016-01-11,49.56816558328955,49.66235332772998,48.66910639182838,49.396915435791016,9637600,0.0,0.0
2016-01-12,49.8336021737733,49.99628801316951,49.06297816331799,49.62810134887695,8550000,0.0,0.0
2016-01-13,50.65559406147529,50.81827988520133,48.377976197688426,48.523536682128906,12610000,0.0,0.0
2016-01-14,48.61773156393377,49.50822973977717,48.27523452683437,49.06298065185547,9118500,0.0,0.0
2016-01-15,47.47036193174986,48.22386067342608,47.35905210449977,48.02692413330078,11694000,0.0,0.0
2016-01-19,48.40367516481981,48.883174990575306,47.812865504239646,48.08686447143555,10187800,0.0,0.0
2016-01-20,46.674058131134366,47.71012027374479,45.80068839937936,47.13643264770508,16217200,0.0,0.0
2016-01-21,47.18780439710568,48.052613010970255,47.136428366710895,47.35905456542969,8286400,0.0,0.0
2016-01-22,48.24954986572266,48.74617503036283,47.65874021091912,48.249549865722656,9544500,0.0,0.0
2016-01-25,48.10398193008718,48.352294474132336,47.36760860158073,47.40185928344727,10235200,0.0,0.0
2016-01-26,48.14679019289603,48.497851491014,47.59879238767038,47.8727912902832,11816800,0.0,0.0
2016-01-27,47.538855789755495,47.96697948750222,46.63979667775229,46.69973373413086,15174500,0.0,0.0
2016-01-28,47.102191535462055,47.35050418925978,46.39150753740024,46.84531784057617,12172600,0.0,0.0
2016-01-29,47.1535537796424,48.3608627319336,46.999428954556265,48.3608627319336,10818700,0.0,0.0
2016-02-01,47.79573992752182,48.65198751241663,47.41899216604523,48.19817733764648,12280800,0.0,0.0
2016-02-02,47.50461008975046,47.7101109233936,47.230611155776224,47.37617492675781,12799600,0.0,0.0
2016-02-03,47.418976714387625,47.418976714387625,44.92729718492021,46.50279235839844,17506100,0.0,0.0
2016-02-04,46.38292888794536,46.90524042362785,45.9719304499473,46.254493713378906,12286900,0.0,0.0
2016-02-05,46.16030382860543,46.24592727436488,44.95299495197677,45.69792938232422,13321500,0.0,0.0
2016-02-08,44.96154562097451,45.081422990246686,44.396422516845846,44.781734466552734,15839600,0.0,0.0
2016-02-09,44.01968175206839,45.2698022587315,43.92549400893318,44.73892974853516,11267500,0.0,0.0
2016-02-10,45.14991970740795,45.7749798440388,44.88448186870544,44.91017150878906,10241200,0.0,0.0
2016-02-11,43.71143572521909,44.07106138607765,43.13775144832283,43.257625579833984,18848100,0.0,0.0
2016-02-12,44.31081309408512,46.45143208413754,43.951190671592485,45.38112258911133,17512800,0.0,0.0
2016-02-16,45.38111191461233,45.80067457515667,44.353614387809024,44.57624053955078,13233000,0.0,0.0
2016-02-17,45.124246165943845,45.79211820420916,44.73893411835803,45.09855651855469,9892300,0.0,0.0
2016-02-18,44.49061435807964,44.773177569427,44.139553052854666,44.45636367797852,8637600,0.0,0.0
2016-02-19,44.439238951885066,44.46492532726551,43.92548858000537,44.1224250793457,9108000,0.0,0.0
2016-02-22,44.56767336319851,44.74748452055746,44.370736867092376,44.6104850769043,7219900,0.0,0.0
2016-02-23,44.5334298971101,44.55055523863045,43.49737123256635,43.71999740600586,6899700,0.0,0.0
2016-02-24,43.17200057744422,43.77993882984643,43.00931471628039,43.60012435913086,7576700,0.0,0.0
2016-02-25,43.49736710160413,44.05392921602107,43.14630579958986,43.98542785644531,8151200,0.0,0.0
2016-02-26,44.42212189669763,44.44780827686807,43.64293679038581,43.74568557739258,8815800,0.0,0.0
2016-02-29,43.7542442652867,43.779933910402384,42.98362350463867,42.98362350463867,11746500,0.0,0.0
2016-03-01,43.35180981559479,44.49918154268017,43.146308988006055,44.422119140625,11592200,0.0,0.0
2016-03-02,44.396432683974375,44.62761990674218,43.89124651562807,44.37931060791016,7627200,0.0,0.0
2016-03-03,44.43067898392517,44.84167736173181,44.122429383988994,44.75605392456055,9462300,0.0,0.0
2016-03-04,44.90160856950059,45.38110824761631,44.51629988611803,44.781734466552734,21713700,0.0,0.0
2016-03-07,44.4306815664136,45.14136854827715,44.0796202274867,45.08999252319336,7662100,0.0,0.0
2016-03-08,44.6276249891698,45.09856052637013,44.15668945196948,44.46493911743164,8138700,0.0,0.0
2016-03-09,44.7132343120753,44.75604602310274,44.00254749698794,44.17379760742188,5944300,0.0,0.0
2016-03-10,44.24273619462444,44.828618862747945,43.794711365317546,44.40644073486328,5359700,0.32,0.0
2016-03-11,44.80277156620263,45.621284396389065,44.7252281762542,45.56958770751953,7275300,0.0,0.0
2016-03-14,45.311108277596986,45.83667974793059,45.285261577977806,45.55235290527344,6447500,0.0,0.0
2016-03-15,45.26802742405999,45.69882326185262,44.83723158626736,45.68159103393555,6866000,0.0,0.0
2016-03-16,45.45757481588923,45.914220633470144,45.32833803811874,45.58681488037109,6485900,0.0,0.0
2016-03-17,45.57819814646293,46.07791957843986,45.121552351559,45.81944274902344,5787900,0.0,0.0
2016-03-18,45.98314740958508,46.4570221800379,45.94006848258236,46.27608871459961,9907100,0.0,0.0
2016-03-21,46.07792840940036,46.54318876354506,45.81083377201095,46.15547180175781,4562100,0.0,0.0
2016-03-22,46.13823382098722,46.53456520509957,45.84529251822779,46.284706115722656,6102800,0.0,0.0
2016-03-23,46.28469726114179,46.56902075214711,45.95729156499587,46.04344940185547,6417400,0.0,0.0
2016-03-24,45.638506959812176,45.71605033333699,45.268022318161535,45.64712142944336,5609900,0.0,0.0
2016-03-28,45.7763678335906,46.18131369667415,45.69020669176639,46.01761245727539,5145900,0.0,0.0
2016-03-29,45.87114468357146,46.27609055757803,45.655746753268026,46.00038146972656,7289500,0.0,0.0
2016-03-30,46.637955924903736,47.30138187544359,46.32778241174627,46.97397613525391,8375500,0.0,0.0
2016-03-31,46.96536215519787,47.24107452317411,46.48287290634033,46.56903076171875,8315000,0.0,0.0
2016-04-01,46.405328196488576,47.3789277106741,46.27608813040052,47.29276657104492,6461700,0.0,0.0
2016-04-04,47.28415383521976,47.30138606377782,46.8016612957287,46.87059020996094,5308800,0.0,0.0
2016-04-05,46.47425654335787,46.7327366906725,46.1640862826612,46.250244140625,6605600,0.0,0.0
2016-04-06,46.14685276012216,46.69827092374084,46.06930937544381,46.6207275390625,5577200,0.0,0.0
2016-04-07,46.241633163431295,46.39671995987655,45.500666930840985,45.7591438293457,5624800,0.0,0.0
2016-04-08,46.043460205352304,46.233011434972106,45.70743996136198,45.80221557617188,5001900,0.0,0.0
2016-04-11,46.0434591564669,46.31916823688138,45.922836844624506,46.01761245727539,5187100,0.0,0.0
2016-04-12,46.06069344352873,46.41394592401797,45.79360210871469,46.34502029418945,11796200,0.0,0.0
2016-04-13,46.5948821403759,47.516785024668025,46.5948821403759,47.5081672668457,6487500,0.0,0.0
2016-04-14,47.3875446057618,47.88726938104411,47.23245783320601,47.61155700683594,5946400,0.0,0.0
2016-04-15,47.89588921451315,47.89588921451315,47.26692758282356,47.3444709777832,6928800,0.0,0.0
2016-04-18,47.3186106675019,47.65463416351046,47.06013383625098,47.6287841796875,8691300,0.0,0.0
2016-04-19,47.723558173771806,48.29220849801316,47.62878257194639,48.00788497924805,3956200,0.0,0.0
2016-04-20,48.07681852403259,48.576543311783176,48.03373959429484,48.3525276184082,3668500,0.0,0.0
2016-04-21,48.16296937174818,48.45591063272291,47.81833143411522,47.83556365966797,5283500,0.0,0.0
2016-04-22,47.9734314274054,48.4300740271872,47.852809101931854,48.412841796875,6006800,0.0,0.0
2016-04-25,48.08542857418743,48.318058701536,47.74079061810558,48.206050872802734,4265100,0.0,0.0
2016-04-26,48.20605352628133,48.82639727997959,48.05958123653516,48.72300720214844,4994100,0.0,0.0
2016-04-27,48.67993094071052,49.03318340544899,48.54207640048848,48.79193878173828,6291100,0.0,0.0
2016-04-28,48.42144910802721,48.82639492950174,48.02511775649421,48.1026611328125,6811400,0.0,0.0
2016-04-29,47.92172855221418,48.27498101124775,47.62878724813429,48.09404754638672,7791000,0.0,0.0
2016-05-02,48.57655093073124,48.93841794133908,48.154369464976575,48.75748443603516,9166300,0.0,0.0
2016-05-03,47.43924273082133,48.30083447705462,47.353081584170994,48.19744110107422,11985000,0.0,0.0
2016-05-04,47.671867666373615,47.77525774429886,46.913666092595406,47.25830078125,9138800,0.0,0.0
2016-05-05,47.2324532763692,47.413386731324536,46.999823139978936,47.22383880615234,7768300,0.0,0.0
2016-05-06,46.90505151629896,47.465087442568525,46.8533581171865,47.4220085144043,6887700,0.0,0.0
2016-05-09,47.37031325725344,47.75803019584797,47.17214755235215,47.60294342041016,5878800,0.0,0.0
2016-05-10,47.72356997535229,49.06765438626153,47.6718765700905,48.55069732666016,6104600,0.0,0.0
2016-05-11,48.48177054212201,48.766094124461496,48.154364740802485,48.21467590332031,6958300,0.0,0.0
2016-05-12,48.42146477729946,48.63686274936333,48.16298786816527,48.49900817871094,7792400,0.0,0.0
2016-05-13,48.447318272287184,48.85226756827045,47.91313214697987,47.95621109008789,5939700,0.0,0.0
2016-05-16,47.775256465646805,48.16297335587881,47.59432301244228,47.6287841796875,6419500,0.0,0.0
2016-05-17,47.74941812293413,48.10267393204322,47.49094122866761,47.7321891784668,8361200,0.0,0.0
2016-05-18,47.65463636805773,48.91255941525981,47.56847522918071,48.8608627319336,8409200,0.0,0.0
2016-05-19,48.55069696916174,48.826406084234215,48.10267212220291,48.5593147277832,7840000,0.0,0.0
2016-05-20,48.80916415772593,49.541515683581416,48.71438855837053,49.08487319946289,6300200,0.0,0.0
2016-05-23,49.00733442282685,49.18826788217953,48.85224766146415,49.02456665039063,5511100,0.0,0.0
2016-05-24,49.300273090565724,49.88615564966473,49.22272971401699,49.71383666992188,6558600,0.0,0.0
2016-05-25,49.81723042715399,50.282490720853154,49.81723042715399,50.01539611816406,5139800,0.0,0.0
2016-05-26,49.79999878779265,49.96370331160936,49.66214424951679,49.75691986083984,4548800,0.0,0.0
2016-05-27,49.84308243374988,50.25664937444427,49.782771272963565,50.24803161621094,5595300,0.0,0.0
2016-05-31,50.325569537338986,50.48065630156652,49.71384023772559,49.868927001953125,10544900,0.0,0.0
2016-06-01,49.86892858671058,49.8861608151403,49.12795919779025,49.74830627441406,5964700,0.0,0.0
2016-06-02,49.7310787479107,49.87754777334426,49.45536964039075,49.834468841552734,6295700,0.0,0.0
2016-06-03,49.17964859619812,49.56736217492951,48.84362512167402,49.33473205566406,6363500,0.0,0.0
2016-06-06,49.08487899941525,49.62767939069816,49.08487899941525,49.36058807373047,5741800,0.0,0.0
2016-06-07,49.3778200990198,49.61045024577671,49.15380442286363,49.16242218017578,5175800,0.0,0.0
2016-06-08,49.16242323592007,49.40366785845836,48.97287201151914,49.04179763793945,5734300,0.0,0.0
2016-06-09,48.79052983012325,48.87717480287379,48.51326195096889,48.60857009887695,7286700,0.32,0.0
2016-06-10,48.08869181277475,48.19266643715796,47.48216711083416,47.64679718017578,8105300,0.0,0.0
2016-06-13,47.31753455222906,47.77675878353708,47.10958202363501,47.13557815551758,5453000,0.0,0.0
2016-06-14,47.04026501562927,47.15290279696952,46.3904179320638,46.78032684326172,8392600,0.0,0.0
2016-06-15,47.01427822870832,47.14424899337018,46.37309749645414,46.41641998291016,6812000,0.0,0.0
2016-06-16,46.05250109752467,46.52038851736846,45.70591464069116,46.46840286254883,6381900,0.0,0.0
2016-06-17,46.46842065388062,46.53773598860999,46.05251872962038,46.28646087646485,9559800,0.0,0.0
2016-06-20,46.91897371167513,47.20490478864803,46.52906469280836,46.555057525634766,5208800,0.0,0.0
2016-06-21,46.8236561313006,46.84098578601801,46.4077543339637,46.60704040527344,5382200,0.0,0.0
2016-06-22,46.73700910082278,47.0489362834455,46.485737363971154,46.5117301940918,4783000,0.0,0.0
2016-06-23,46.962302944898894,47.40419769287109,46.962302944898894,47.40419769287109,4283900,0.0,0.0
2016-06-24,45.11673783405217,45.68860340464418,43.87769521355368,43.94701385498047,14909000,0.0,0.0
2016-06-27,43.26249016865026,43.32314230345161,41.94546624599011,42.27472305297852,11881500,0.0,0.0
2016-06-28,43.193175752577815,43.21917188808612,42.28339033683758,43.16718292236328,9843400,0.0,0.0
2016-06-29,43.687062060193895,44.60551401300213,43.45311996320765,44.58818435668945,8569500,0.0,0.0
2016-06-30,44.96942452170868,45.85321374529664,44.62283804969074,45.82722091674805,10472500,0.0,0.0
2016-07-01,45.6192711643699,46.18247004344381,45.54128937430815,45.80989074707031,6172900,0.0,0.0
2016-07-05,45.3766519565773,45.43730408286885,44.21559177353572,44.37155532836914,9376900,0.0,0.0
2016-07-06,44.1376261948288,44.44089024287884,43.49644539434668,44.41489410400391,8320200,0.0,0.0
2016-07-07,44.666174336375626,45.186054205070526,44.466888210229015,44.90011978149414,7622900,0.0,0.0
2016-07-08,45.55862210388477,45.98318708543261,45.39399203303281,45.93119812011719,6558700,0.0,0.0
2016-07-11,46.156475583493815,46.33843198544097,45.89653739424167,46.173805236816406,5272000,0.0,0.0
2016-07-12,46.50307162164884,47.03161462593837,46.47707878710814,46.667701721191406,7960400,0.0,0.0
2016-07-13,46.806330823137706,46.91897193661419,46.32977684268268,46.62437438964844,4396100,0.0,0.0
2016-07-14,47.161570982106845,47.38684985823154,46.86697349468636,47.13557815551758,5614800,0.0,0.0
2016-07-15,47.32619442472138,47.430172334412006,46.93628552661422,47.17023086547852,4694100,0.0,0.0
2016-07-18,47.07493343203993,47.4648391134164,47.01427798496336,47.27421951293945,3919000,0.0,0.0
2016-07-19,47.03160507837907,47.239557628372566,46.88430797215782,47.18756866455078,3503800,0.0,0.0
2016-07-20,47.29154535545624,47.55148355718013,47.06626315674692,47.28287887573242,3680600,0.0,0.0
2016-07-21,47.22222817524532,47.34353245272007,46.9536234856272,47.0402717590332,4112800,0.0,0.0
2016-07-22,47.14424217789411,47.36952105807389,47.08359004456519,47.32619857788086,2905100,0.0,0.0
2016-07-25,47.32619198639729,47.43016989073081,47.12690596103075,47.3608512878418,3396500,0.0,0.0
2016-07-26,47.36085943649519,47.58613832405892,47.12691406943277,47.3868522644043,2959200,0.0,0.0
2016-07-27,47.3175354039596,47.49949180394636,47.14424217789411,47.32619857788086,4784000,0.0,0.0
2016-07-28,47.14425007335301,47.56881838305316,47.0835979298664,47.47350692749024,3305400,0.0,0.0
2016-07-29,47.161567692317504,47.352190554790575,46.93628552661422,47.17023086547852,5937400,0.0,0.0
2016-08-01,47.18757446097573,47.45617918244267,46.91897304480285,46.9709587097168,6143900,0.0,0.0
2016-08-02,46.95361987452316,47.12691310271389,46.7283409915806,46.91029739379883,6059000,0.0,0.0
2016-08-03,49.3104058047705,50.45413662164759,49.21509435248178,50.341495513916016,15480200,0.0,0.0
2016-08-04,50.332817586401575,50.4714514840172,49.89092307065577,49.91691589355469,8257400,0.0,0.0
2016-08-05,50.47146228774695,51.25994336895752,50.35882118891871,51.20795440673828,5961900,0.0,0.0
2016-08-08,51.49388782315337,51.82314463408595,51.36391707256871,51.459228515625,5383300,0.0,0.0
2016-08-09,51.37258478113191,51.59786367486892,51.20795471908027,51.355255126953125,3648000,0.0,0.0
2016-08-10,51.35525656778092,51.47656084514214,51.04332939439855,51.12131118774414,3563300,0.0,0.0
2016-08-11,51.29460474021931,51.59786543546174,51.24261577590904,51.27727508544922,3444400,0.0,0.0
2016-08-12,50.98267364843707,51.09531474314271,50.87869903309756,50.991336822509766,2637100,0.0,0.0
2016-08-15,51.13864217891949,51.41591005021831,51.07799003865374,51.31193542480469,3456000,0.0,0.0
2016-08-16,51.10398871150702,51.615202027404855,50.90470261280708,51.389923095703125,3836800,0.0,0.0
2016-08-17,51.34659826675757,51.46790586873543,51.06933035853939,51.14731216430664,4146100,0.0,0.0
2016-08-18,51.21661829650135,51.42456752427562,50.94801362989174,51.10397720336914,3756500,0.0,0.0
2016-08-19,50.94801485385803,51.10397843108227,50.64475417886281,51.00000381469727,3882800,0.0,0.0
2016-08-22,51.04332177255017,51.20794850934477,50.85269890499305,51.112640380859375,3593900,0.0,0.0
2016-08-23,51.33792743013568,51.424572399039526,51.112648527809455,51.13864135742188,4052500,0.0,0.0
2016-08-24,51.1299761172452,51.42457364607338,50.9480196949585,51.04333114624024,3870600,0.0,0.0
2016-08-25,50.91335709673823,51.337925359951385,50.896030747891096,51.06932067871094,4078400,0.0,0.0
2016-08-26,51.26860881077764,51.554543157689,50.86137349057712,51.13864135742188,3951200,0.0,0.0
2016-08-29,51.25128410473216,51.76249737036306,51.25128410473216,51.49389266967773,3675900,0.0,0.0
2016-08-30,51.49388968668489,51.76249437181019,51.311933273516274,51.67584609985352,4218500,0.0,0.0
2016-08-31,51.72783208064629,51.89245882993198,51.42456810422309,51.84047317504883,6090000,0.0,0.0
2016-09-01,51.90979396467103,51.979112585559406,51.11264965621735,51.4765625,4677300,0.0,0.0
2016-09-02,51.7451698641004,51.961785607596745,51.59786943977005,51.86647415161133,4399200,0.0,0.0
2016-09-06,51.66717878168133,51.84913518025734,51.11264310680585,51.51121520996094,7066200,0.0,0.0
2016-09-07,51.3985796761027,51.56320643947916,51.06932284405606,51.44190216064453,4488200,0.0,0.0
2016-09-08,51.450576725079486,51.62386999576984,51.09532700754665,51.15597915649414,5279600,0.0,0.0
2016-09-09,51.00001063288613,51.37258997214376,50.826717378881234,50.83538055419922,6937300,0.0,0.0
2016-09-12,50.497449300641335,51.311926421808565,49.8562687002471,51.112640380859375,9222400,0.0,0.0
2016-09-13,50.55508211141612,50.8512864194215,50.27630197721356,50.72932052612305,7098500,0.32,0.0
2016-09-14,50.68576180236897,51.077797405008944,50.433116266965285,50.5986442565918,5978800,0.0,0.0
2016-09-15,50.52895572678902,51.31302705877485,50.424413990298206,51.0429573059082,6494500,0.0,0.0
2016-09-16,50.71189223038832,50.755450999694204,50.28501163854119,50.44182586669922,22310200,0.0,0.0
2016-09-19,50.65962659072333,50.999389667795775,50.23274264560583,50.389556884765625,6684700,0.0,0.0
2016-09-20,50.607354069896296,50.63348866864917,50.33728436393859,50.389556884765625,5092400,0.0,0.0
2016-09-21,50.63348780875825,50.84257456519422,50.128200075963285,50.60735321044922,8334300,0.0,0.0
2016-09-22,50.73802322200758,51.43497340569162,50.67703696532215,51.391414642333984,6619100,0.0,0.0
2016-09-23,51.33043783805858,51.50467624689544,51.08650605967971,51.16491317749024,6306900,0.0,0.0
2016-09-26,50.91226690668411,50.91226690668411,50.5812175903862,50.74674224853516,4895500,0.0,0.0
2016-09-27,50.65090107013519,51.33914081278672,50.441817682064176,50.97323989868164,5388300,0.0,0.0
2016-09-28,51.20847453221976,51.86186610582919,51.08650863687743,51.835731506347656,6052700,0.0,0.0
2016-09-29,51.705060584381975,52.14936879044636,50.72932993372668,50.87743377685547,7291900,0.0,0.0
2016-09-30,51.2258959482973,51.922846257959065,51.2258959482973,51.69633865356445,6408500,0.0,0.0
2016-10-03,51.56566571914557,51.6614970223031,50.95583619600057,51.3304443359375,4412200,0.0,0.0
2016-10-04,51.24332243607627,51.626644292874296,51.06908401996031,51.46983337402344,5990100,0.0,0.0
2016-10-05,51.73989978876682,52.51525725139882,51.69634101554552,52.184207916259766,5219900,0.0,0.0
2016-10-06,52.23647836986093,52.38458219035746,51.84444275480711,52.22776794433594,4921300,0.0,0.0
2016-10-07,52.27132824440281,52.65465012179934,51.93156514254564,52.32360076904297,4733000,0.0,0.0
2016-10-10,52.55881604671181,52.90728953391599,52.55881604671181,52.65464401245117,3435900,0.0,0.0
2016-10-11,52.36715402008274,52.60237537116634,51.84443879878989,52.149356842041016,5170900,0.0,0.0
2016-10-12,52.34972929573238,53.02925542060351,52.184204638559486,52.65464401245117,5565500,0.0,0.0
2016-10-13,52.09707998126219,52.21033543493537,51.33914679537138,51.91413116455078,6131100,0.0,0.0
2016-10-14,52.39328861798496,52.8724417450125,52.07094972501315,52.149356842041016,5207800,0.0,0.0
2016-10-17,52.29746061714759,52.68949622694389,52.1842084702342,52.52397155761719,5158600,0.0,0.0
2016-10-18,52.88987094495638,53.151226918782704,52.60238037074387,52.69821166992188,4105600,0.0,0.0
2016-10-19,52.67207629535587,53.14251906500392,52.67207629535587,52.88987350463867,4546800,0.0,0.0
2016-10-20,52.69819921433945,52.872434273494335,52.10579070791481,52.332298278808594,4380800,0.0,0.0
2016-10-21,51.86186817316533,52.34973509730359,51.748616022016606,52.27132797241211,4218300,0.0,0.0
2016-10-24,52.51525388821289,52.70691646609783,52.43684677210733,52.55010223388672,3458600,0.0,0.0
2016-10-25,52.532687252963896,52.79404324460616,52.410721345085626,52.750484466552734,3493800,0.0,0.0
2016-10-26,52.53267823783158,53.46484988615611,52.41071235088387,53.23834228515625,6584600,0.0,0.0
2016-10-27,53.525835581262,54.039837076480296,53.24705544724407,53.5084114074707,9922400,0.0,0.0
2016-10-28,53.7000725650409,53.93529391997392,53.10766396520691,53.38644409179688,7016900,0.0,0.0
2016-10-31,53.62165878736106,53.978845987902325,53.52582750762448,53.75233840942383,5901500,0.0,0.0
2016-11-01,53.81333109784499,53.84817944648571,52.19291944258715,52.86373519897461,8322800,0.0,0.0
2016-11-02,52.8201811700956,53.24706184766956,52.48041804862849,52.750484466552734,7359300,0.0,0.0
2016-11-03,50.650908444674194,50.84257101441159,49.96266860181812,50.65962219238281,13088100,0.0,0.0
2016-11-04,50.72932060238594,50.82515189678489,49.98009774434474,49.98881149291992,8737100,0.0,0.0
2016-11-07,50.70319126516772,51.67021141144487,50.63349456261866,51.644073486328125,9849100,0.0,0.0
2016-11-08,51.49596841980218,52.15807041879832,51.1474915845486,51.835731506347656,9238500,0.0,0.0
2016-11-09,52.34973659388804,53.28190837017944,52.00997348408559,53.08153533935547,13021000,0.0,0.0
2016-11-10,53.59553277206655,55.294351514232005,53.57810859811413,55.06784057617188,12562000,0.0,0.0
2016-11-11,54.82391409889068,55.30306729737847,54.640965239647976,55.16367721557617,9673700,0.0,0.0
2016-11-14,55.459872884105145,56.38333410874552,55.36404159472572,56.14810943603516,9557500,0.0,0.0
2016-11-15,55.69510222812007,56.2787971496582,55.52086379726693,56.2787971496582,8588100,0.0,0.0
2016-11-16,55.70381060869405,56.20909838395991,55.27692995826686,55.84320068359375,6185300,0.0,0.0
2016-11-17,55.7125201256772,56.1568249171315,55.7125201256772,55.95645523071289,6260700,0.0,0.0
2016-11-18,55.8780348699248,55.95644529821057,55.276915947406266,55.67766189575195,4462000,0.0,0.0
2016-11-21,55.77350747912103,55.9738838399584,55.45988228343681,55.6863899230957,4177700,0.0,0.0
2016-11-22,55.78221141028735,55.86062184955927,54.96329522849578,55.75607681274414,6626700,0.0,0.0
2016-11-23,55.87804729329228,56.182962034103376,55.59926715217316,56.043575286865234,4498200,0.0,0.0
2016-11-25,55.77349618632864,56.26136636524673,55.77349618632864,56.13940048217773,2074000,0.0,0.0
2016-11-28,55.73865935124144,56.19167792868993,55.13754027212098,55.15496444702149,6385300,0.0,0.0
2016-11-29,55.30305691232693,55.39017777416949,55.102683915070656,55.12881851196289,4841400,0.0,0.0
2016-11-30,55.48599982459171,55.80833867075786,55.17237472534181,55.1723747253418,7627200,0.0,0.0
2016-12-01,55.45987783483732,55.88676180109197,55.40760531142201,55.85191345214844,5942700,0.0,0.0
2016-12-02,55.83448145926985,55.93031274948872,55.48600796785357,55.53828048706055,5651000,0.0,0.0
2016-12-05,55.87804195717619,55.94773864746095,55.60797559062553,55.94773864746094,4706000,0.0,0.0
2016-12-06,56.21916464302527,56.35049871249001,55.82516577459516,56.21040725708008,4942600,0.32,0.0
2016-12-07,56.289221314721225,56.902104851478455,56.21917557339766,56.840816497802734,5113100,0.0,0.0
2016-12-08,56.89333561913836,57.87394895865961,56.73573609243997,57.6287956237793,5196500,0.0,0.0
2016-12-09,57.61129250666957,57.77764275259504,57.322358902796125,57.63755798339844,6553000,0.0,0.0
2016-12-12,57.85644244776422,57.97901911854922,56.893337171627465,57.45368957519531,6568400,0.0,0.0
2016-12-13,57.72511219240949,58.07533413767895,57.27857904519273,58.05781936645508,5225900,0.0,0.0
2016-12-14,57.5587557322867,58.66195253085883,57.2785795097842,57.79515838623047,6613400,0.0,0.0
2016-12-15,58.01404712989686,58.6882188790748,57.90022115411293,57.9527587890625,6148700,0.0,0.0
2016-12-16,58.075333927740594,58.3817756237706,57.77764293736288,58.04906845092773,14776700,0.0,0.0
2016-12-19,58.07533982820323,58.38178155536776,57.43618421446406,58.25920486450195,7628700,0.0,0.0
2016-12-20,58.43430993129704,58.644447117716936,58.06657987495476,58.31173324584961,4075700,0.0,0.0
2016-12-21,58.294208289260126,58.54811897278225,57.97900928074483,58.364253997802734,3091500,0.0,0.0
2016-12-22,57.98778533935546,58.46933471083517,57.74262528050215,57.98778533935547,3047500,0.0,0.0
2016-12-23,57.987774771803416,58.22417072127816,57.830175245511136,58.1453742980957,2061000,0.0,0.0
2016-12-27,58.259211008234885,58.59191824996655,58.15414239930045,58.399295806884766,3263700,0.0,0.0
2016-12-28,58.38177938231936,58.46057581783076,57.67258474300309,57.68133544921875,2449800,0.0,0.0
2016-12-29,57.78640863549619,57.952765585812,57.29610185131772,57.3486328125,3336800,0.0,0.0
2016-12-30,57.26106934378715,57.54124555613891,57.01591599297033,57.18226623535156,4497200,0.0,0.0
2017-01-03,57.74262916031668,57.79516680213676,56.63943888103035,57.015926361083984,7321900,0.0,0.0
2017-01-04,57.33987176293262,57.97026997656749,57.15600673061053,57.76013946533203,4927500,0.0,0.0
2017-01-05,57.620045137920776,57.847690410391984,56.84956218177047,57.436180114746094,4107900,0.0,0.0
2017-01-06,58.28545593144353,58.73198901199745,57.952748807067735,58.49558639526367,5603700,0.0,0.0
2017-01-09,58.39053946569599,58.5481390239272,57.84769505847101,58.11911392211914,4345000,0.0,0.0
2017-01-10,58.14537543398274,59.07345784031913,58.01404137951896,58.83705520629883,4952500,0.0,0.0
2017-01-11,58.52186429856582,58.89835174450504,58.06658041692996,58.6181755065918,4762000,0.0,0.0
2017-01-12,58.27671749685663,58.3204977526883,57.567522775901935,58.00529861450195,5558700,0.0,0.0
2017-01-13,57.90898468941717,58.58316319011588,57.891476595860205,58.09284973144531,5391500,0.0,0.0
2017-01-17,57.52372536377988,58.14537274752498,57.31359489430287,57.83892440795898,5155000,0.0,0.0
2017-01-18,58.084093899566426,58.197919890484826,57.66383284366032,57.99654006958008,4953900,0.0,0.0
2017-01-19,58.18039849675662,58.35551281673384,57.75138010268692,58.040313720703125,4406400,0.0,0.0
2017-01-20,58.04031696225176,59.05595335512974,58.01405148277032,58.25920486450195,9070900,0.0,0.0
2017-01-23,58.24168362656141,58.25044101205935,57.29609307054975,57.3398666381836,5707100,0.0,0.0
2017-01-24,57.64631716577152,57.72512028747388,57.20854134277533,57.3486328125,6524900,0.0,0.0
2017-01-25,57.5412483215332,57.847690024781606,57.28733757314791,57.5412483215332,6799000,0.0,0.0
2017-01-26,57.79515859597115,58.13662315963751,57.3924056921577,57.80390930175781,4866900,0.0,0.0
2017-01-27,57.78640163655839,57.83018188552703,56.90209271083118,57.0947151184082,5612800,0.0,0.0
2017-01-30,56.86705654678125,56.86705654678125,56.052793537883815,56.81452560424805,5149900,0.0,0.0
2017-01-31,56.691965491534944,57.03343007747578,56.07908205008435,56.26294708251953,6201100,0.0,0.0
2017-02-01,56.69196570226698,56.910853600731336,56.08783296492824,56.27169799804688,4690400,0.0,0.0
2017-02-02,55.921474381661376,56.56938397296887,55.816409134950206,56.14036560058594,4532800,0.0,0.0
2017-02-03,56.88457998943238,57.0684449962655,56.47306973036072,56.85831451416016,4380500,0.0,0.0
2017-02-06,56.50810030182495,56.95463348216959,56.47307743670689,56.82329940795898,2871500,0.0,0.0
2017-02-07,57.07720400880122,57.1297349608435,56.70071659933342,56.80577850341797,3645700,0.0,0.0
2017-02-08,56.64818623728025,56.94587725688866,56.47307858804845,56.83205795288086,3181900,0.0,0.0
2017-02-09,56.83204834138225,57.41866621502081,56.83204834138225,57.19102096557617,5373100,0.0,0.0
2017-02-10,57.26982721573601,57.681330812430325,57.2172895830233,57.4449348449707,5076200,0.0,0.0
2017-02-13,57.55875176984737,58.049065135418815,57.479955343909296,57.908973693847656,4568700,0.0,0.0
2017-02-14,58.16288281763448,58.60065854057921,58.01404067501585,58.56563568115234,7933700,0.0,0.0
2017-02-15,54.75699364525673,55.150992502882566,52.89206794580381,53.27730941772461,38234900,0.0,0.0
2017-02-16,53.23352997550628,54.888321758812936,53.14597616240713,54.52059173583984,14253600,0.0,0.0
2017-02-17,54.363001196831,54.739488667397296,54.1178478076118,54.72197723388672,7797900,0.0,0.0
2017-02-21,54.94961270215156,55.66756803146441,54.73072481905828,55.51872253417969,9402400,0.0,0.0
2017-02-22,55.247299982418674,56.4205425014117,55.18601164276495,55.88645553588867,10006600,0.0,0.0
2017-02-23,56.24543309033909,56.271698569633045,55.93023731891878,56.05281066894531,6081400,0.0,0.0
2017-02-24,55.76387280936933,55.78138423984367,55.35236588309577,55.71134185791016,6466500,0.0,0.0
2017-02-27,55.64130232888101,56.48183438538126,55.62379089645765,56.035301208496094,8548800,0.0,0.0
2017-02-28,55.82516761723495,56.28921222868689,55.77263665968645,55.96525573730469,8014700,0.0,0.0
2017-03-01,56.67445166846616,56.82329382063618,56.359252593325024,56.586891174316406,10137000,0.0,0.0
2017-03-02,56.551872313677926,56.67445567817475,55.90396602668315,55.94774627685547,6833700,0.0,0.0
2017-03-03,55.91272144587283,56.35925459819529,55.8339216742844,56.22792053222656,4639900,0.0,0.0
2017-03-06,55.8601856863719,56.04405404189837,55.48369826976449,55.84267425537109,5305700,0.0,0.0
2017-03-07,55.7638757666836,55.82516410661216,54.86205875919413,55.55374526977539,8144800,0.0,0.0
2017-03-08,55.90397038991525,56.07908472434365,55.413663613373366,55.54499435424805,5863800,0.0,0.0
2017-03-09,56.508097835517866,56.69196285941648,55.11597073749502,55.34361267089844,8564500,0.0,0.0
2017-03-10,55.41366240045995,55.50997361230528,55.0459289861382,55.22979736328125,5005600,0.0,0.0
2017-03-13,54.53458123414138,55.73140328195056,54.3937788377517,55.59939956665039,8328100,0.32,0.0
2017-03-14,55.22098900938902,55.45859366772683,54.9217835163333,55.335391998291016,5131200,0.0,0.0
2017-03-15,55.5202004170488,55.78420450210633,55.33539789320793,55.643402099609375,5862600,0.0,0.0
2017-03-16,55.57300261515167,55.854607420339626,55.24739433159541,55.36179733276367,5185800,0.0,0.0
2017-03-17,55.12418467358897,55.48499098784674,54.58737454230442,54.93058013916016,16458400,0.0,0.0
2017-03-20,54.745786644915206,55.30019758477509,54.4553831525085,54.88658905029297,4596600,0.0,0.0
2017-03-21,55.15939741790093,55.15939741790093,54.173780540257816,54.34978103637695,7307300,0.0,0.0
2017-03-22,54.19138313532882,54.41138712008025,53.768972530451016,53.89217758178711,7417700,0.0,0.0
2017-03-23,53.95376799009175,54.4729774279293,53.856965718411125,53.980167388916016,6894600,0.0,0.0
2017-03-24,54.12097201843161,54.35857668866887,53.1881540564254,53.57536315917969,8466700,0.0,0.0
2017-03-27,52.924148603832215,53.78656366753989,52.70414465828453,53.619361877441406,6639300,0.0,0.0
2017-03-28,53.4081619734502,54.78098793998209,53.3465611310732,54.437782287597656,6491000,0.0,0.0
2017-03-29,54.20896948869473,54.46417486484616,54.12976793599235,54.35857391357422,5369800,0.0,0.0
2017-03-30,54.32337433980432,55.34419252241209,54.27937422168207,55.06258773803711,4706600,0.0,0.0
2017-03-31,54.9217875557906,55.30019462945716,54.78098515793751,54.93938827514648,5296000,0.0,0.0
2017-04-03,54.93939218767388,55.05379519313738,53.98017473492808,54.37618255615234,5158800,0.0,0.0
2017-04-04,54.30577852138623,54.78978657839262,54.12097599440101,54.71938705444336,4553200,0.0,0.0
2017-04-05,55.02738820683388,55.23859348092796,54.164973105188096,54.2265739440918,4605300,0.0,0.0
2017-04-06,54.12097195204363,54.62258069182013,54.0241696764738,54.4201774597168,3862600,0.0,0.0
2017-04-07,54.13857049584908,54.40257455507294,53.93616727187766,53.980167388916016,4847200,0.0,0.0
2017-04-10,54.04177363977562,54.4641808482626,53.91857195692451,54.10337448120117,4760900,0.0,0.0
2017-04-11,53.92736444027174,54.04176742848203,53.293755378862194,53.49615859985352,6147800,0.0,0.0
2017-04-12,52.96815461448419,53.20575930494952,52.57215015403615,52.95055389404297,7518300,0.0,0.0
2017-04-13,52.792150669216696,53.06495342571745,52.36094143911138,52.40494155883789,5956100,0.0,0.0
2017-04-17,52.45775215468952,52.85376000991506,52.24654684623773,52.739356994628906,5939400,0.0,0.0
2017-04-18,52.44014058053394,52.730544042939854,52.18493519809064,52.360939025878906,4841300,0.0,0.0
2017-04-19,52.64254903582091,52.78335144063679,51.665730883725885,51.90333557128906,6125700,0.0,0.0
2017-04-20,52.052930975407605,53.23215216983439,51.85932644353359,52.510536193847656,9397700,0.0,0.0
2017-04-21,52.413746448291256,52.536948133025255,51.99133923334863,52.03533935546875,6473200,0.0,0.0
2017-04-24,52.71293923174037,52.76573802271933,52.28173008244991,52.528133392333984,7930500,0.0,0.0
2017-04-25,52.80974286072959,53.064948229946864,52.712943949606746,52.86254501342773,8367500,0.0,0.0
2017-04-26,52.80974586200334,53.52255985746754,52.73054430695176,52.94174957275391,12413500,0.0,0.0
2017-04-27,52.985752181232456,54.04177184589305,52.90655062245806,53.81296920776367,6860400,0.0,0.0
2017-04-28,53.72496253596815,53.96256719869257,53.56655942748521,53.60176086425781,4822600,0.0,0.0
2017-05-01,53.84817263691233,54.45538576681289,53.74257166705783,54.21778106689453,5778700,0.0,0.0
2017-05-02,54.12096236016496,54.613772331636895,54.02416010175144,54.14736175537109,5205000,0.0,0.0
2017-05-03,54.03297202988068,54.48177861551367,53.90976699671278,54.15617370605469,7526900,0.0,0.0
2017-05-04,55.37060060074111,55.86341072913789,55.08899577222704,55.15059661865234,8490500,0.0,0.0
2017-05-05,55.22979113502616,55.396996288542105,55.097790776822656,55.185791015625,6056900,0.0,0.0
2017-05-08,55.22979111723478,55.26499255554195,54.340976620439335,54.49057769775391,6488100,0.0,0.0
2017-05-09,54.47297932183732,54.94818530216466,54.26177405291883,54.4025764465332,6299900,0.0,0.0
2017-05-10,54.25297561637183,54.384975972670816,53.87456855239242,54.006568908691406,3964100,0.0,0.0
2017-05-11,55.33540000889815,55.35300072950747,54.31458171251681,54.37618255615234,9098400,0.0,0.0
2017-05-12,54.191378222916605,54.39378146770087,53.61056453310859,53.67216873168945,14479100,0.0,0.0
2017-05-15,53.90096770946989,54.43777788418527,53.90096770946989,54.4025764465332,9583200,0.0,0.0
2017-05-16,54.8513821065056,54.88658018441885,54.41137424115064,54.631378173828125,7962500,0.0,0.0
2017-05-17,54.6313871922852,54.6313871922852,53.83937156110423,54.17377853393555,13252200,0.0,0.0
2017-05-18,54.103371478883375,54.455379144919206,53.82176668885226,54.024169921875,9934800,0.0,0.0
2017-05-19,54.12977067704169,54.3761773851455,53.7865650502832,53.85696792602539,9709600,0.0,0.0
2017-05-22,54.21777647045668,54.48178055120852,53.83056735215956,54.01537322998047,9260300,0.0,0.0
2017-05-23,53.99777205681053,54.80738501191554,53.86576833904629,54.7105827331543,7968900,0.0,0.0
2017-05-24,54.763384342783176,55.30019453271966,54.7105821848079,55.0889892578125,11406200,0.0,0.0
2017-05-25,55.30899565590825,55.652204662410114,55.044991568363365,55.54660034179688,9920700,0.0,0.0
2017-05-26,55.44099881801409,56.23301442964049,55.361797256851446,55.92500686645508,8817100,0.0,0.0
2017-05-30,55.70500363426972,56.60262022023353,55.6698021939588,56.40901565551758,6358300,0.0,0.0
2017-05-31,56.48822101641345,56.48822101641345,55.89860863607455,55.99541091918945,7493000,0.0,0.0
2017-06-01,56.15381159371151,56.35621483275586,55.99540847498219,56.23301315307617,5146700,0.0,0.0
2017-06-02,55.93381121592285,56.62902121819205,55.83700893083627,56.53221893310547,5736900,0.0,0.0
2017-06-05,56.32101450505275,56.453018225596594,56.127409943453536,56.17141342163086,3251100,0.0,0.0
2017-06-06,55.942608802345696,56.01301168357346,55.48500014534766,55.71380615234375,4157900,0.0,0.0
2017-06-07,55.793007654623786,55.81060501791747,55.51140284400691,55.58180236816406,4203700,0.0,0.0
2017-06-08,55.58179691651462,56.5058128205328,55.49379668070101,56.02180480957031,4868400,0.0,0.0
2017-06-09,56.17141169773045,56.50581529405563,55.72260174725061,56.47941589355469,7128900,0.0,0.0
2017-06-12,56.603235260187816,56.957006830090286,56.44403839111328,56.44403839111328,5646900,0.32,0.0
2017-06-13,56.4971087117908,56.89510090964737,56.28484508166198,56.80665969848633,4715000,0.0,0.0
2017-06-14,56.63860846480676,56.91277820395772,56.27599415349786,56.824337005615234,3026200,0.0,0.0
2017-06-15,56.43519592285156,56.71820845694984,56.03720374803003,56.43519592285156,4895700,0.0,0.0
2017-06-16,56.576707867485794,56.60323955640675,56.22293627073186,56.417510986328125,7611900,0.0,0.0
2017-06-19,56.71820303289088,56.76242700549852,56.35559209850539,56.55900955200195,3090800,0.0,0.0
2017-06-20,56.42635414757024,56.532484277802695,56.01067639840311,56.06373977661133,3907500,0.0,0.0
2017-06-21,56.505943118644645,56.55016371767906,55.86031292605888,55.91337966918945,4468200,0.0,0.0
2017-06-22,55.71881421419746,55.966452308861655,55.56846347781305,55.76303482055664,2749400,0.0,0.0
2017-06-23,55.87800391814077,56.03720077963643,55.55076742453994,55.73649597167969,8461800,0.0,0.0
2017-06-26,55.913379995708354,56.29368322249302,55.79840373849508,55.87800216674805,3839800,0.0,0.0
2017-06-27,55.94876333507242,56.60323977950196,55.90454272875789,56.08142852783203,4986700,0.0,0.0
2017-06-28,56.31137684926736,56.73590411012073,56.31137684926736,56.46173095703125,3792400,0.0,0.0
2017-06-29,56.87740858284918,57.07198329585949,55.93991959939791,56.16102600097656,4376300,0.0,0.0
2017-06-30,56.31136827605431,56.32905719038145,55.0820174077491,55.294281005859375,7731600,0.0,0.0
2017-07-03,55.559618702779694,56.52364278998046,55.559618702779694,55.97529983520508,3229100,0.0,0.0
2017-07-05,56.07257333538049,56.205235124938,55.241211276033,55.524227142333984,7149000,0.0,0.0
2017-07-06,55.5242356725308,56.41750737900164,55.51539290139455,55.78956604003906,6088000,0.0,0.0
2017-07-07,55.92222452836536,56.107953075536805,55.70111815111871,56.02835464477539,3360700,0.0,0.0
2017-07-10,55.78956590201021,55.98413723086824,55.70112132178768,55.78071975708008,3140600,0.0,0.0
2017-07-11,55.84262338494486,55.957599640196285,55.48000907882764,55.63920593261719,2883400,0.0,0.0
2017-07-12,55.63921797463934,56.240627691604274,55.53308784041498,55.88685607910156,2686600,0.0,0.0
2017-07-13,56.037203605797,56.85971964040186,55.87800673627245,56.71820831298828,5507900,0.0,0.0
2017-07-14,56.42635023739635,56.81549627049273,56.15218047214363,56.70052337646485,2767900,0.0,0.0
2017-07-17,56.60323695957267,56.79781166624227,56.18755585852974,56.6474609375,3466300,0.0,0.0
2017-07-18,56.45288390427457,56.67399028953559,56.17871077197726,56.488258361816406,3980900,0.0,0.0
2017-07-19,56.53247970346904,56.771278381347656,56.364440063046594,56.771278381347656,2871700,0.0,0.0
2017-07-20,56.79781355308066,56.91278645282682,56.435199189214885,56.80665969848633,3488500,0.0,0.0
2017-07-21,56.74474595118663,56.85087269762584,56.47941558982583,56.78011703491211,3542700,0.0,0.0
2017-07-24,56.780113677296086,57.15157751076146,56.647455252091646,57.07197570800781,2928000,0.0,0.0
2017-07-25,57.43459684956213,57.85911733099563,57.40806516292646,57.74414443969727,4960000,0.0,0.0
2017-07-26,57.76183124715897,57.903342575824965,57.49650762735755,57.655704498291016,4458900,0.0,0.0
2017-07-27,57.63801574707032,58.3986223162685,57.56726007839329,57.63801574707031,4289300,0.0,0.0
2017-07-28,57.708766331984,57.94755825819303,57.54072332058752,57.7264518737793,2838500,0.0,0.0
2017-07-31,57.85028717475009,58.06254744937284,57.6114884616211,57.88565826416016,3144500,0.0,0.0
2017-08-01,58.13329587687213,58.14213527430654,57.73530032047996,57.91218948364258,3261700,0.0,0.0
2017-08-02,57.744149279003466,58.319027278936304,57.57610625271936,58.28364944458008,3848500,0.0,0.0
2017-08-03,58.44284411527621,59.52184440562564,57.5761040754053,58.42515182495117,8492600,0.0,0.0
2017-08-04,58.52242727995942,58.57549739251253,57.30192265332337,57.558406829833984,5074100,0.0,0.0
2017-08-07,57.275396017755874,57.55841190166617,57.04544350344409,57.469970703125,5301200,0.0,0.0
2017-08-08,57.43459690510948,57.55841594128328,56.94816015754711,57.10735702514648,3143600,0.0,0.0
2017-08-09,56.61207962036133,56.99238286518207,56.28483974768215,56.61207962036133,5601400,0.0,0.0
2017-08-10,56.36443743894929,56.47056755565323,55.64805156011264,55.71880722045898,4375100,0.0,0.0
2017-08-11,55.84262640862296,55.90453592469158,55.285437390189735,55.40925979614258,3676300,0.0,0.0
2017-08-14,55.86915170403567,56.08141528757454,55.577293072211816,55.6126708984375,3256300,0.0,0.0
2017-08-15,55.8603147001348,56.10795276164468,55.718806754441225,55.745338439941406,3065400,0.0,0.0
2017-08-16,55.89568963682135,55.98413083312124,55.55076424791024,55.6922721862793,2656900,0.0,0.0
2017-08-17,55.50654642161284,55.50654642161284,54.51599074335545,54.54252243041992,5174900,0.0,0.0
2017-08-18,54.35679005724979,54.68402991921143,54.091463083784944,54.25065994262695,4494700,0.0,0.0
2017-08-21,54.21529037312771,54.2595109798065,53.87920768950002,54.20644760131836,3000300,0.0,0.0
2017-08-22,54.2595003153069,54.40100825315581,53.89688601370562,54.144527435302734,4843600,0.0,0.0
2017-08-23,53.84383123966689,53.994181971584624,53.64925652888779,53.746543884277344,5306000,0.0,0.0
2017-08-24,53.7642309473698,53.89689275793224,53.21588466750117,53.268951416015625,5389700,0.0,0.0
2017-08-25,53.33970104847919,53.870354978348544,53.18050419475531,53.75537872314453,5877600,0.0,0.0
2017-08-28,53.64925384521484,53.69347444804827,53.304328419772055,53.64925384521485,6586400,0.0,0.0
2017-08-29,53.24241226546207,53.43698356844297,53.08321541604977,53.25125503540039,4870000,0.0,0.0
2017-08-30,53.215877509542736,53.36623158986863,53.15396799817776,53.24241256713867,4420100,0.0,0.0
2017-08-31,53.428145567688055,53.54312183004131,53.1185979849858,53.49005508422852,7299900,0.0,0.0
2017-09-01,53.57850503389989,53.97649385905497,53.45468261458539,53.68463516235352,3747100,0.0,0.0
2017-09-05,53.44583997204553,53.6669463749172,52.58794604928234,52.75598907470703,8071600,0.0,0.0
2017-09-06,52.81789670868497,53.03015695851379,52.55256633567518,52.5967903137207,5938100,0.0,0.0
2017-09-07,52.52602845791138,52.59678411539327,51.349744329706255,51.53547286987305,6648600,0.0,0.0
2017-09-08,51.32321916944068,53.268956265846775,51.208246264582094,52.87096405029297,10069200,0.0,0.0
2017-09-11,53.383929524799136,54.00302811688326,53.04784685358504,53.746543884277344,8147100,0.0,0.0
2017-09-12,53.8084487717687,54.15337418475831,53.693472509500296,54.1268424987793,4310400,0.0,0.0
2017-09-13,53.86152062646478,53.93227292039175,53.51659180694206,53.72001266479492,5493200,0.0,0.0
2017-09-14,53.79113490143048,53.84448270250433,52.99093484374377,53.17765045166016,5383300,0.32,0.0
2017-09-15,53.05317902337556,53.38215208447704,52.81312236710157,53.00872421264648,9334400,0.0,0.0
2017-09-18,53.04428978595244,53.16876461353141,52.6619723059972,52.804229736328125,7293400,0.0,0.0
2017-09-19,52.759771070445154,53.14208852246671,52.64418585684495,52.89313888549805,4093000,0.0,0.0
2017-09-20,52.84868268239846,53.63999321435478,52.84868268239846,53.45327758789063,6049700,0.0,0.0
2017-09-21,53.54218806073932,53.9778499212424,53.471057655613045,53.7911376953125,4354800,0.0,0.0
2017-09-22,53.67554303835676,54.24457261250594,53.533285644819465,53.977840423583984,4407200,0.0,0.0
2017-09-25,53.622209032288616,54.4046231526026,53.622209032288616,54.24458312988281,4405300,0.0,0.0
2017-09-26,54.05786977310829,54.10232458034003,53.3554722871198,53.76446533203125,7686500,0.0,0.0
2017-09-27,54.14677883121328,54.69802586239911,53.80002322004638,54.45796585083008,5967300,0.0,0.0
2017-09-28,54.44018956454248,54.52020957767906,53.977852087718304,54.209022521972656,4896300,0.0,0.0
2017-09-29,54.44907881903303,55.0181084770344,54.35127621062324,54.58244323730469,4337000,0.0,0.0
2017-10-02,54.87584943922247,55.07145125857155,54.57355201839113,55.00032424926758,3864100,0.0,0.0
2017-10-03,54.929186540137536,55.05366133362169,54.48463176816055,54.79582214355469,4423300,0.0,0.0
2017-10-04,54.76916013101593,54.85807314246774,54.60912010208726,54.75138092041016,2404300,0.0,0.0
2017-10-05,54.80472388422576,55.27595096154497,54.61801165264847,55.10702133178711,3652000,0.0,0.0
2017-10-06,55.35596466064453,55.50711506302903,55.124797646725085,55.35596466064453,3647100,0.0,0.0
2017-10-09,55.33818843795035,55.40042584473567,54.77804838519819,54.929195404052734,2594900,0.0,0.0
2017-10-10,54.235690933196736,55.06256321384088,54.235690933196736,54.929195404052734,4099700,0.0,0.0
2017-10-11,54.8758479237636,55.01810533012714,54.635787914584334,54.982540130615234,5740900,0.0,0.0
2017-10-12,54.90251310795252,55.79162263196794,54.82249311512378,55.613800048828125,6179700,0.0,0.0
2017-10-13,55.507116430859874,56.34287829154431,55.33818681620529,56.15616607666016,7080400,0.0,0.0
2017-10-16,56.34287740518866,56.94747562843011,56.13838259329194,56.88523483276367,6550000,0.0,0.0
2017-10-17,56.76964507431242,56.98302947322218,56.43178587742465,56.57404327392578,5381800,0.0,0.0
2017-10-18,56.79632362472204,56.87634362639996,56.23618361297659,56.40511322021485,4442700,0.0,0.0
2017-10-19,56.22728994548025,57.92548906575053,56.07613955693064,57.8543586730957,7182000,0.0,0.0
2017-10-20,58.09442001788136,58.281139009705065,57.63208599456783,57.676544189453125,6871200,0.0,0.0
2017-10-23,57.934391103387256,58.10331733309989,57.61431106984831,57.75656509399414,4108700,0.0,0.0
2017-10-24,57.80990842156186,57.961062222555,57.61430998994864,57.907711029052734,3823000,0.0,0.0
2017-10-25,57.95216524861589,58.12998445910198,57.66765044181728,57.88103485107422,4016400,0.0,0.0
2017-10-26,58.17444145258384,58.19222065991823,57.29422484712117,57.65875625610352,4041400,0.0,0.0
2017-10-27,57.578741015193785,57.694322824031495,56.87634359986901,57.39202880859375,4020200,0.0,0.0
2017-10-30,56.911915593670976,57.78323932850167,56.911915593670976,57.596527099609375,4030100,0.0,0.0
2017-10-31,57.50761093770287,57.747667552277534,57.2942265265956,57.44537353515625,3191500,0.0,0.0
2017-11-01,57.72100511927365,57.87215215341903,57.3564736379013,57.48984146118164,3027400,0.0,0.0
2017-11-02,57.41870398876464,58.058864035078265,57.25866397718624,57.77434921264648,4032100,0.0,0.0
2017-11-03,55.20481782451702,56.4406796846097,54.875848206546856,55.12479782104492,14417400,0.0,0.0
2017-11-06,54.94697512876708,55.77384736613104,54.76915252225193,55.56046295166016,7610700,0.0,0.0
2017-11-07,55.67604881932522,56.08504186161311,55.062564343419936,55.24038696289063,5968800,0.0,0.0
2017-11-08,55.23149040091812,55.35596520900658,54.72469817273842,54.831390380859375,4741300,0.0,0.0
2017-11-09,54.68025682154455,55.47156406052007,54.51132716781792,55.33819961547852,4575000,0.0,0.0
2017-11-10,55.19592896239132,55.41820637594795,55.04477855749705,55.17814636230469,4422300,0.0,0.0
2017-11-13,54.84028300685167,55.21370742859876,54.7691526074613,55.12479782104492,3605000,0.0,0.0
2017-11-14,54.77804783163373,55.0536696612736,54.46685740916761,54.64468002319336,6800100,0.0,0.0
2017-11-15,54.28013701825992,54.822494383123,54.1645518277931,54.36015701293945,4100300,0.0,0.0
2017-11-16,54.546877965704965,54.60022576795569,53.30212643834667,53.39992904663086,5642200,0.0,0.0
2017-11-17,53.150976027811765,53.4799490541648,52.82200639314302,53.39992904663086,5569700,0.0,0.0
2017-11-20,53.34659008300114,53.364372686697656,52.724212520362485,53.07096481323242,6349100,0.0,0.0
2017-11-21,53.20432085247986,53.31990605504556,52.919806039767465,53.017608642578125,4372500,0.0,0.0
2017-11-22,52.95537606637847,53.05317528641983,52.66196823120117,52.66196823120117,3042100,0.0,0.0
2017-11-24,52.86645588727461,52.8842384862381,52.43968368720279,52.48413848876953,1744100,0.0,0.0
2017-11-27,52.54637699521743,52.62639699639528,52.18184218800365,52.24407958984375,4204700,0.0,0.0
2017-11-28,52.2440849986182,53.37325473583677,52.030700567841805,53.18654251098633,6705500,0.0,0.0
2017-11-29,53.471061966934414,54.32460654716388,53.37325934784224,53.613319396972656,7727400,0.0,0.0
2017-11-30,53.90672905209394,53.90672905209394,53.07096365502154,53.3110237121582,6667200,0.0,0.0
2017-12-01,53.40882450505982,53.52440972676301,52.43969470389767,53.23989486694336,4537800,0.0,0.0
2017-12-04,53.72000773557366,53.773355539860674,52.49303876213224,52.68864059448242,5815800,0.0,0.0
2017-12-05,52.679746065344425,53.293230494719374,52.38633825671894,52.92869567871094,4877100,0.0,0.0
2017-12-06,53.12430324422756,53.8533729086295,53.0976310392347,53.37325286865234,4234400,0.0,0.0
2017-12-07,53.47157496018473,53.65928779609639,53.11402377856758,53.230228424072266,3591600,0.32,0.0
2017-12-08,53.30174831307843,53.33750070891123,52.90844127016582,53.194480895996094,3401100,0.0,0.0
2017-12-11,53.06039304531773,53.47157451384267,52.93525115575456,53.44475936889648,4163500,0.0,0.0
2017-12-12,53.40900282553663,53.76655399919162,53.3285539819573,53.56990051269531,3681200,0.0,0.0
2017-12-13,53.56097022675356,53.569910883249136,52.667095529432345,52.7117919921875,5373100,0.0,0.0
2017-12-14,52.73860205756012,52.87268461317629,51.71064489079885,51.94305419921875,6959100,0.0,0.0
2017-12-15,52.17545911353479,53.20341626090457,52.17545911353479,53.08721160888672,8447100,0.0,0.0
2017-12-18,53.3285615742392,53.66823489658398,53.024644056322536,53.25705337524414,5630800,0.0,0.0
2017-12-19,53.632475032812266,53.70398663625593,53.409006386842215,53.435821533203125,3995300,0.0,0.0
2017-12-20,53.48946080940878,53.75762253054321,53.2659921401532,53.63248062133789,4377300,0.0,0.0
2017-12-21,53.855951816463794,54.23137756168739,53.65036104028971,53.70399475097656,4941500,0.0,0.0
2017-12-22,53.87382392820964,53.95427278066037,52.83692950210084,53.01570510864258,4266300,0.0,0.0
2017-12-26,52.93525772342043,53.44476599977694,52.90843916528612,53.12297058105469,2358300,0.0,0.0
2017-12-27,52.997829552172966,53.23917612020482,52.908440040016046,53.22129821777344,2841400,0.0,0.0
2017-12-28,53.364318900203465,53.650358524061694,53.13190957465535,53.63248062133789,2373000,0.0,0.0
2017-12-29,53.60566394376536,53.82019195061172,53.25705337524414,53.25705337524414,2837600,0.0,0.0
2018-01-02,53.63248039694393,53.63248039694393,52.845869729694265,53.185543060302734,3769600,0.0,0.0
2018-01-03,53.07827631845565,53.882761437027455,52.97994956388484,53.77549743652344,4959200,0.0,0.0
2018-01-04,54.00791050498019,54.5710525496004,53.88276858614493,53.99003601074219,4170600,0.0,0.0
2018-01-05,54.20455650612738,54.338639063306566,53.963209949121484,54.213497161865234,3726100,0.0,0.0
2018-01-08,54.04365461006475,54.10622555593268,53.7576150261368,53.85594177246094,3229200,0.0,0.0
2018-01-09,53.95427112583139,54.77663411689522,53.85594437475615,54.19561767578125,6669100,0.0,0.0
2018-01-10,54.20456031147585,54.83921051897504,54.124111453492766,54.5263557434082,12261300,0.0,0.0
2018-01-11,54.740883575604016,54.93753367454312,54.57104521441799,54.66043472290039,6536500,0.0,0.0
2018-01-12,54.48166051947376,54.72300708380272,54.33864071207822,54.49953842163086,6240100,0.0,0.0
2018-01-16,54.65148713072006,54.79450691627865,54.42801850266847,54.57997894287109,6078900,0.0,0.0
2018-01-17,54.88390468254486,55.05373963790256,54.69618841520499,54.90177917480469,4935700,0.0,0.0
2018-01-18,55.0269253700646,55.22357547681955,54.55316948093122,55.00010681152344,5402100,0.0,0.0
2018-01-19,55.12525030527597,55.286148021709465,54.82133618519195,55.01798629760742,6498700,0.0,0.0
2018-01-22,54.84815117534056,54.84815117534056,54.02578469263996,54.5263557434082,7217600,0.0,0.0
2018-01-23,54.392269296964415,55.86716378482831,54.26712739566417,55.7241439819336,10001200,0.0,0.0
2018-01-24,55.840351777605406,57.69067207342465,55.78671806980584,57.4940185546875,10387500,0.0,0.0
2018-01-25,57.52083654545543,58.00352970991504,57.05602469434036,57.9230842590332,6113400,0.0,0.0
2018-01-26,57.76218467306705,58.021409150412566,57.4225079277137,57.81581497192383,5014100,0.0,0.0
2018-01-29,57.78005380524876,58.1465456660272,57.404628108638185,57.44038391113281,4270500,0.0,0.0
2018-01-30,56.82361045116539,57.494016429503695,56.41242893615125,56.62695693969727,4555700,0.0,0.0
2018-01-31,56.91299451383601,57.29736086711406,56.61801766705346,57.1364631652832,4909500,0.0,0.0
2018-02-01,56.97556900151886,57.45825869823656,56.58226199177575,57.35993194580078,4120500,0.0,0.0
2018-02-02,57.100716019269136,57.18116487757664,56.19790067494477,56.34986114501953,4294400,0.0,0.0
2018-02-05,55.67944936780332,55.95654831007611,54.034719975814674,54.19561767578125,8578200,0.0,0.0
2018-02-06,53.34643791328018,54.24031253862354,52.77435869863822,53.86488342285156,12035700,0.0,0.0
2018-02-07,53.63247490134905,54.79451117557276,53.34643530799739,54.05259704589844,7719800,0.0,0.0
2018-02-08,54.03472635365486,54.1866834160808,52.08607923282182,52.09501647949219,7377600,0.0,0.0
2018-02-09,54.839204085054746,55.15206223377732,52.15758034671738,53.82912826538086,15132000,0.0,0.0
2018-02-12,53.945336056616206,54.00790701198702,52.863748502507725,53.28387069702149,6074100,0.0,0.0
2018-02-13,52.85480886873986,53.40901019550532,52.45256459533704,53.12297058105469,4948300,0.0,0.0
2018-02-14,52.845866636525,53.292803947006114,52.452563030851614,53.1050910949707,6742100,0.0,0.0
2018-02-15,53.32855732130013,53.45369921695734,52.71178508847781,52.94419097900391,7869700,0.0,0.0
2018-02-16,52.82799345879231,53.55203319406519,52.658158493172856,53.158729553222656,6828600,0.0,0.0
2018-02-20,52.97995187662824,53.77549978399503,52.94419607161234,53.668235778808594,5349100,0.0,0.0
2018-02-21,53.46265183804756,54.84815706555977,53.4000808762146,53.79338455200195,7203200,0.0,0.0
2018-02-22,53.91852089706348,54.4906001516963,53.51627660556811,53.59672546386719,23186900,0.0,0.0
2018-02-23,53.847013573122446,54.07941949540833,53.26599365261565,53.69505310058594,5612000,0.0,0.0
2018-02-26,53.60565786522989,53.81124860258716,52.264846039965406,52.747535705566406,11793300,0.0,0.0
2018-02-27,52.72072564897262,53.30174552661326,51.98774871986785,52.05031967163086,8559300,0.0,0.0
2018-02-28,52.36317824437644,52.60452139740405,51.2547721862793,51.2547721862793,9170500,0.0,0.0
2018-03-01,51.25477032909238,51.49611688323609,50.12848981961611,50.47710037231445,9758600,0.0,0.0
2018-03-02,50.15530392405224,50.602241220242526,49.2256735296098,50.51285171508789,8435000,0.0,0.0
2018-03-05,50.34301815381464,51.755341685328375,50.34301815381464,51.50505447387695,9483100,0.0,0.0
2018-03-06,51.755342637037074,52.06819739477799,51.02236571044883,51.871543884277344,5520400,0.0,0.0
2018-03-07,51.45143117853418,52.032447712675285,51.102817166215694,51.22796249389648,5873100,0.0,0.0
2018-03-08,51.34415623924702,51.37097479618378,49.636855874917536,50.29832458496094,12077600,0.0,0.0
2018-03-09,50.66481693332589,50.90616350514765,50.03910397784665,50.56649017333984,9719800,0.0,0.0
2018-03-12,50.6648124651569,51.379911461270346,50.43240316025691,50.60224151611328,7615600,0.0,0.0
2018-03-13,50.74526306787192,50.92403867553971,49.72624653698493,50.00334548950195,7670200,0.0,0.0
2018-03-14,50.12922039973856,50.22811288550627,49.09535220643992,49.38303756713867,8079300,0.32,0.0
2018-03-15,49.38302440807624,49.6077787505745,49.04139684722473,49.14028930664063,8167800,0.0,0.0
2018-03-16,49.14029340483332,49.356059100596845,48.57391145424854,48.81664657592773,11138300,0.0,0.0
2018-03-19,48.87958070722868,49.23918908043662,48.52896442956472,48.95150375366211,7014300,0.0,0.0
2018-03-20,49.1223080349829,50.18314879486036,49.08634651748355,50.01233673095703,9030100,0.0,0.0
2018-03-21,50.01233708932426,50.70458087349135,49.679698194290296,50.20112991333008,10173500,0.0,0.0
2018-03-22,49.71565925497464,50.28204115126401,49.2032196348249,49.27514266967773,9088200,0.0,0.0
2018-03-23,49.44596325248761,49.60778667930867,47.95359431695535,48.01652526855469,8215100,0.0,0.0
2018-03-26,48.60986353369902,49.32008800035381,48.37612055237754,48.73572540283203,6978100,0.0,0.0
2018-03-27,48.87957969399541,49.42798090850379,48.052485254033584,48.349159240722656,6637700,0.0,0.0
2018-03-28,48.4390566197794,49.44595510901799,48.08844039590484,49.014427185058594,6870600,0.0,0.0
2018-03-29,49.05937637380545,49.248169193686586,48.66380997555749,48.92452239990234,4538000,0.0,0.0
2018-04-02,48.75371199274229,48.897554636029376,47.12648930410535,47.755802154541016,7341400,0.0,0.0
2018-04-03,47.83670981023228,48.40309167067398,47.65690566395949,48.30419921875,5608900,0.0,0.0
2018-04-04,47.6748913783403,48.816643881981,47.42316760507373,48.74472427368164,4606400,0.0,0.0
2018-04-05,48.93351597003709,49.23018992030292,48.68179220260196,49.04139709472656,4993800,0.0,0.0
2018-04-06,48.67280238131252,48.9784684401062,47.72883477986942,48.18733215332031,5138200,0.0,0.0
2018-04-09,48.241272231135945,48.62784997695114,47.71984393668605,47.917625427246094,4697200,0.0,0.0
2018-04-10,48.38511437504128,48.672799657870016,48.05247890979788,48.11540985107422,3824500,0.0,0.0
2018-04-11,47.59398375423925,48.10642343914885,47.59398375423925,47.97157287597656,4242800,0.0,0.0
2018-04-12,48.2592520046469,48.51996786128714,47.97156672472631,48.08843994140625,4950100,0.0,0.0
2018-04-13,48.4929917794163,48.62784574579634,47.86368241491964,48.17833709716797,4468700,0.0,0.0
2018-04-16,48.46602861037445,49.08634939089476,48.22329349726321,48.79866409301758,6509800,0.0,0.0
2018-04-17,48.90654692427704,48.98745862578936,48.609869542238805,48.78068161010742,5014400,0.0,0.0
2018-04-18,48.96049499511719,49.122318428624936,48.60089003247313,48.96049499511719,3985600,0.0,0.0
2018-04-19,48.960486830454805,49.68869215980399,48.960486830454805,49.60778045654297,5692600,0.0,0.0
2018-04-20,49.778596321958055,50.03931221116717,49.39201853574578,49.83253860473633,5001500,0.0,0.0
2018-04-23,49.769603863065015,49.77859252810325,49.29312573801634,49.60778045654297,4393000,0.0,0.0
2018-04-24,49.42797826078026,49.859506218881016,49.27514694268346,49.52687072753906,4935000,0.0,0.0
2018-04-25,49.55384147402382,49.94941135160261,49.32009844321045,49.80556869506836,3158200,0.0,0.0
2018-04-26,49.72466101018982,50.057296537315054,49.39202205358485,49.931434631347656,3551200,0.0,0.0
2018-04-27,49.958400512316985,50.61468285360063,49.958400512316985,50.569732666015625,4837100,0.0,0.0
2018-04-30,50.82144494190288,51.0551913515358,50.34496688842773,50.34496688842773,5628400,0.0,0.0
2018-05-01,50.25507926484604,50.641657061458666,49.78758975662892,50.62367630004883,4196900,0.0,0.0
2018-05-02,50.27304955308331,50.300022406158725,49.07735823743211,49.3021125793457,7199700,0.0,0.0
2018-05-03,45.66109734733052,46.75789631001953,44.56429495516208,46.69496536254883,23105800,0.0,0.0
2018-05-04,46.36232916431155,47.98955196735523,46.29939821779134,47.50408172607422,12504000,0.0,0.0
2018-05-07,47.33326448739125,48.25925125337805,46.76688260096756,47.89964294433594,10194600,0.0,0.0
2018-05-08,47.97156475564627,48.07045720958708,47.27033234330806,47.71984100341797,9111900,0.0,0.0
2018-05-09,47.72883435499939,47.998538891656686,47.25235622592221,47.48609924316406,4536400,0.0,0.0
2018-05-10,47.540045229544845,47.827730548344064,47.21639838852584,47.42317199707031,5415600,0.0,0.0
2018-05-11,47.477111062528905,47.80075445213272,47.36023783797573,47.51306915283203,3766500,0.0,0.0
2018-05-14,47.58498849291193,47.64791943289895,47.342253397471005,47.57599639892578,6183900,0.0,0.0
2018-05-15,47.49508568881168,47.998533182832034,47.47710493124254,47.85469055175781,4852700,0.0,0.0
2018-05-16,47.69286924279756,48.3131934028064,47.567007363804166,48.28622055053711,5461100,0.0,0.0
2018-05-17,48.9874556744683,49.52686469906686,48.9425020645193,49.25716018676758,8540800,0.0,0.0
2018-05-18,49.03241316147267,49.8505189140614,48.75371651386221,49.580814361572266,9821600,0.0,0.0
2018-05-21,49.769607431371554,50.030323319402726,49.64374553493705,49.7066764831543,5076700,0.0,0.0
2018-05-22,49.65272928262164,49.859502867637765,49.26615153644566,49.553836822509766,5617100,0.0,0.0
2018-05-23,49.38302654757522,49.48191901127559,48.331174395783165,48.67280197143555,4298100,0.0,0.0
2018-05-24,48.51996697964968,48.51996697964968,47.82772321570704,48.28622055053711,4167500,0.0,0.0
2018-05-25,48.16036053016348,48.19632204825771,47.66590165954471,47.917625427246094,2884500,0.0,0.0
2018-05-29,47.2973023668607,47.405183486404674,46.32636200252803,46.91072463989258,6583900,0.0,0.0
2018-05-30,47.50408378248579,47.81873852870794,47.00063275905084,47.71085739135742,4317300,0.0,0.0
2018-05-31,47.396198389901606,47.55802179613863,47.13548252102204,47.459129333496094,5996300,0.0,0.0
2018-06-01,48.01651912807965,48.21430405322985,47.764795353873374,47.90863800048828,4449000,0.0,0.0
2018-06-04,48.1963279144391,48.69977551111863,48.07945468114726,48.349159240722656,3634900,0.0,0.0
2018-06-05,48.21430242109756,48.492995610397664,47.95358656122144,48.40309524536133,3947300,0.0,0.0
2018-06-06,48.48401136498627,48.66381554092713,47.872679224475,48.49300003051758,5892500,0.0,0.0
2018-06-07,48.546938374332775,48.546938374332775,48.02550664934737,48.4300651550293,5306500,0.0,0.0
2018-06-08,48.52895756222152,49.62575985876536,48.394107013460975,49.553836822509766,6956200,0.0,0.0
2018-06-11,49.62577046348868,49.72466294473327,49.284142827229154,49.56283950805664,3707000,0.0,0.0
2018-06-12,49.553839716149774,49.74263598260567,48.79866493876416,49.050392150878906,4599800,0.0,0.0
2018-06-13,49.14985893385354,50.23504513210292,49.02325450983829,49.46637344360352,6017400,0.32,0.0
2018-06-14,49.49351387385103,49.87333068690283,49.23125981837629,49.55681610107422,6715200,0.0,0.0
2018-06-15,49.70150144561761,50.11748844603152,49.43924742155623,49.927581787109375,12584800,0.0,0.0
2018-06-18,49.30360031669926,50.3073975651322,48.95091554286329,50.235050201416016,6504200,0.0,0.0
2018-06-19,49.89141447935882,50.47018312528753,49.81002885774659,50.18984222412109,5325000,0.0,0.0
2018-06-20,50.28026656788256,50.307398554665895,49.927581787109375,49.927581787109375,4537500,0.0,0.0
2018-06-21,49.91853118839423,49.97278825285971,48.932820937302274,49.05942535400391,5004700,0.0,0.0
2018-06-22,49.29455925328096,49.42116715026823,48.97804813509396,49.24934387207031,4778100,0.0,0.0
2018-06-25,49.24934570360728,49.36690845889699,48.67058052327734,49.03231048583984,3477300,0.0,0.0
2018-06-26,48.987082606136575,49.1046453397144,48.01945910215528,48.50779342651367,3586800,0.0,0.0
2018-06-27,48.39928366064216,48.69770794062205,47.82051849365234,47.82051849365234,4409100,0.0,0.0
2018-06-28,47.66677264333263,48.29979821337145,47.25078569291436,48.137020111083984,6015600,0.0,0.0
2018-06-29,48.47162142411909,48.72483373979496,47.91094317103693,47.94711685180664,4348000,0.0,0.0
2018-07-02,47.784341552246026,48.26363077667944,47.64869196622678,48.25458908081055,5198800,0.0,0.0
2018-07-03,48.32693766068176,48.914747990542025,48.2093783544798,48.53493118286133,1970500,0.0,0.0
2018-07-05,48.82431106967188,48.94187036105477,48.3992789324366,48.76100540161133,2743800,0.0,0.0
2018-07-06,48.67057741176916,49.421165828701874,48.45354220787677,49.16795349121094,2212400,0.0,0.0
2018-07-09,49.439242205383565,50.37069545985936,49.31263777945976,50.24409103393555,4706400,0.0,0.0
2018-07-10,50.43400450902175,50.4611330469078,49.936628432740775,50.15366363525391,3427500,0.0,0.0
2018-07-11,49.93662705040693,50.05418634446715,49.17699696321418,49.33977508544922,2753300,0.0,0.0
2018-07-12,49.52967688056375,49.59297909413695,48.842390776466274,49.10464477539063,2611800,0.0,0.0
2018-07-13,48.93283321355414,49.15891357144363,48.69770770951008,49.05039596557617,2727400,0.0,0.0
2018-07-16,49.16795222927082,49.62915806270152,49.03230609274765,49.52968215942383,1975700,0.0,0.0
2018-07-17,49.70150225067134,49.78289131291518,49.37594600169596,49.47542190551758,2248400,0.0,0.0
2018-07-18,49.43020392305525,50.04514270546306,49.24933896651552,49.8552360534668,2759100,0.0,0.0
2018-07-19,49.64723673374905,49.78288284794897,48.54396373308876,48.697696685791016,4888700,0.0,0.0
2018-07-20,48.46257765210793,48.75196018644108,48.16414997311392,48.21841049194336,4888500,0.0,0.0
2018-07-23,48.155110461914106,48.50779522601926,47.503998005281765,48.2907600402832,4533700,0.0,0.0
2018-07-24,48.28171284025458,48.95995380380873,48.12797987771069,48.56205368041992,3642100,0.0,0.0
2018-07-25,48.471624692335546,48.58918743790777,47.91094640144946,48.44449615478516,3412800,0.0,0.0
2018-07-26,48.6343932838956,49.51158595634495,48.6343932838956,49.05942535400391,3820400,0.0,0.0
2018-07-27,49.06847844738724,49.592986523814105,49.023263066591376,49.158912658691406,3313500,0.0,0.0
2018-07-30,49.14081924808082,49.96375148753408,49.077517033485336,49.68341064453125,4214000,0.0,0.0
2018-07-31,49.95471377389271,50.10844675024523,49.53872332376657,49.927581787109375,5124000,0.0,0.0
2018-08-01,50.21696865301482,50.96755710697239,49.611074941739474,49.7286376953125,5529200,0.0,0.0
2018-08-02,49.35786535899667,50.23505480124715,49.15891354027208,49.88236999511719,4729100,0.0,0.0
2018-08-03,48.02850375437973,48.90569650028252,47.35026279407433,48.51683807373047,12219100,0.0,0.0
2018-08-06,48.39927972608027,48.40832142183023,47.67582332615553,48.30884552001953,6658300,0.0,0.0
2018-08-07,48.44449127974927,48.580140853275246,47.87476790053689,47.91998672485352,5182800,0.0,0.0
2018-08-08,47.883817065512936,48.01946320071553,47.29600679716494,47.422611236572266,5512200,0.0,0.0
2018-08-09,47.35026785659451,47.72103948321456,47.01566991298918,47.02471160888672,3460800,0.0,0.0
2018-08-10,46.6901135805722,47.26887870890833,46.33742879609938,47.223663330078125,5747000,0.0,0.0
2018-08-13,47.22366387235904,47.53113328153239,46.97045153852008,47.115142822265625,5257900,0.0,0.0
2018-08-14,47.07897200555607,47.47687216850042,46.83480482043831,47.32313919067383,3185000,0.0,0.0
2018-08-15,47.08801428459844,47.19653188497953,46.78959002112236,47.115142822265625,3595000,0.0,0.0
2018-08-16,47.30505438878908,47.73912825336514,47.27792240057578,47.44070053100586,5029300,0.0,0.0
2018-08-17,47.30505005086637,47.72103703505793,47.09705655877059,47.54921722412109,4425500,0.0,0.0
2018-08-20,47.55826371950559,48.12798718126755,47.54922202315935,48.073726654052734,3209100,0.0,0.0
2018-08-21,48.05563297815777,48.91473889680935,47.93807024409927,48.65248489379883,5866400,0.0,0.0
2018-08-22,48.39024001427771,48.45354569048483,47.64869668987416,48.04660034179688,4702600,0.0,0.0
2018-08-23,48.04659872513111,48.04659872513111,47.44974671704245,47.57635116577149,4366600,0.0,0.0
2018-08-24,47.721039106415226,48.308845927057696,47.58538952103729,48.20937347412109,3017000,0.0,0.0
2018-08-27,48.4625870022033,49.430210684888536,48.30885056071482,49.03231048583984,4617400,0.0,0.0
2018-08-28,49.03230402616077,49.38498879585343,48.70674779268689,48.86952590942383,3607400,0.0,0.0
2018-08-29,48.83335449464038,48.85144133619647,48.51684339168967,48.742923736572266,4297700,0.0,0.0
2018-08-30,48.69770006941574,48.78813426821097,48.1731955152512,48.50779342651367,2948000,0.0,0.0
2018-08-31,48.29075678323823,48.29075678323823,47.53112678497229,48.08275985717773,4304400,0.0,0.0
2018-09-04,47.72103470657209,48.36310199211007,47.69390617188264,48.26362609863281,3047000,0.0,0.0
2018-09-05,48.20033423367492,48.73388404530197,48.12799030906606,48.67058181762695,5203500,0.0,0.0
2018-09-06,48.742923736572266,49.032306302045,48.46258286702143,48.742923736572266,4692100,0.0,0.0
2018-09-07,48.75196985149496,48.833358921018494,48.25459373761229,48.53493118286133,2796900,0.0,0.0
2018-09-10,48.14606688059655,48.14606688059655,47.314089501966,47.675819396972656,4536600,0.0,0.0
2018-09-11,47.25079254944521,47.522088276054575,46.80767355120378,47.35931015014648,5437200,0.0,0.0
2018-09-12,47.178433544666014,47.4768611851197,46.85288082286855,47.314083099365234,4775500,0.0,0.0
2018-09-13,47.36835322088576,47.874770968449525,47.36835322088576,47.6306037902832,3555400,0.0,0.0
2018-09-14,47.776180576251605,48.66783585796568,47.69429400837171,48.44947052001953,3669500,0.32,0.0
2018-09-17,48.53135940280296,48.59504857299198,48.23110748265516,48.494964599609375,3765100,0.0,0.0
2018-09-18,48.49496138124473,49.2046461132234,48.34938564893102,49.08636474609375,3885800,0.0,0.0
2018-09-19,49.2319405472865,49.75965127611229,49.03177261352538,49.03177261352539,5049200,0.0,0.0
2018-09-20,49.359318799140034,49.78694903118927,49.33202443396217,49.42300796508789,5064400,0.0,0.0
2018-09-21,49.53219017449754,49.82334164657047,49.33202570669698,49.741455078125,6440400,0.0,0.0
2018-09-24,49.66866677199352,49.987112596013226,49.523091042327486,49.72325897216797,6603500,0.0,0.0
2018-09-25,49.74145351868496,50.01441105214526,49.3411211248353,49.5048942565918,5749600,0.0,0.0
2018-09-26,49.55038328409072,49.850635165987526,49.11365611380364,49.177345275878906,4904700,0.0,0.0
2018-09-27,49.17735125714459,49.21374606012817,48.57685089111328,48.57685089111328,4089700,0.0,0.0
2018-09-28,48.19471276891908,48.60414212832309,47.794376903476255,48.440372467041016,4463100,0.0,0.0
2018-10-01,48.62233109716067,48.88618814984785,48.17650701442583,48.2947883605957,3595000,0.0,0.0
2018-10-02,48.26749522633307,48.45856270895496,47.93085202302799,48.33118438720703,2519400,0.0,0.0
2018-10-03,48.67692769140066,49.004473928390254,48.44036844846315,48.4676628112793,3591900,0.0,0.0
2018-10-04,48.522260702038736,49.32292551886536,48.50406330109276,49.04087448120117,4804500,0.0,0.0
2018-10-05,49.13185102923524,49.532183380726615,48.72241824316518,48.76791000366211,2887100,0.0,0.0
2018-10-08,48.45856362297353,49.53218588481221,48.35848313314028,49.177345275878906,3977300,0.0,0.0
2018-10-09,49.02267080913557,49.25923004957316,48.640532379753125,48.96807861328125,3625000,0.0,0.0
2018-10-10,48.72242086826565,49.01357231609148,47.65789903792729,47.66699600219727,4572400,0.0,0.0
2018-10-11,47.60331424542279,47.63060861327787,45.46516981705199,45.61984252929688,9419600,0.0,0.0
2018-10-12,45.99287676714189,45.99287676714189,44.44613241948623,45.28319549560547,5886600,0.0,0.0
2018-10-15,45.26500033480677,45.53795441653516,44.61900819819637,44.62810516357422,5061900,0.0,0.0
2018-10-16,44.70089522353925,44.88286577013846,43.96391607167224,44.855567932128906,6663200,0.0,0.0
2018-10-17,44.76458206725871,45.710826083746944,44.30965745980852,45.1467170715332,4906800,0.0,0.0
2018-10-18,45.04663010069845,45.064827500279705,43.554478043025405,44.22776794433594,7381700,0.0,0.0
2018-10-19,42.99037702220372,43.70915876202185,42.580944165927605,42.94488525390625,9494800,0.0,0.0
2018-10-22,43.02677266233441,43.11775620069962,40.86133043540724,40.90682220458984,11050200,0.0,0.0
2018-10-23,40.28812327575904,40.47009381809604,39.314584865675386,40.19713973999024,13635900,0.0,0.0
2018-10-24,40.05156656427767,40.07886093259575,38.36834327840407,38.42293548583984,9763600,0.0,0.0
2018-10-25,38.59580524373073,39.14171690060533,38.19547280532905,38.55941390991211,9842700,0.0,0.0
2018-10-26,38.2500670849268,38.28646189151716,36.83070086510067,37.23103332519531,11628800,0.0,0.0
2018-10-29,37.75873674163297,37.87701809361114,36.03002210490134,36.31207656860352,12913600,0.0,0.0
2018-10-30,36.39396733926164,37.34021132307424,35.74797525198154,37.26742172241211,22028500,0.0,0.0
2018-10-31,38.33193837974744,38.77776243491075,37.48577855332096,37.567665100097656,11324700,0.0,0.0
2018-11-01,39.45106570429001,40.60657471716931,38.77777570365498,39.23270034790039,12040500,0.0,0.0
2018-11-02,39.505643691262,40.03335780098562,38.55030289244367,39.378265380859375,9269700,0.0,0.0
2018-11-05,39.223599071632826,40.24262919093087,39.20540167136689,40.15164566040039,7193400,0.0,0.0
2018-11-06,39.94238088084772,40.94321360281917,39.65122941733605,40.85223007202149,7541900,0.0,0.0
2018-11-07,40.31541396143594,40.65205714902146,39.915078145151625,40.42459487915039,7472300,0.0,0.0
2018-11-08,40.14254474592208,40.81583466453183,40.106153416623606,40.26082611083984,6962000,0.0,0.0
2018-11-09,40.12434741882571,40.39730494925515,39.6512288998928,39.869590759277344,5400000,0.0,0.0
2018-11-12,39.77861180639483,39.8786957829609,38.56851059271358,38.641300201416016,5148400,0.0,0.0
2018-11-13,38.72318254777143,39.27818763493058,38.30464928502958,38.3592414855957,6009900,0.0,0.0
2018-11-14,38.668593525438006,39.19630776188656,37.89522304324903,38.15907669067383,9771500,0.0,0.0
2018-11-15,37.84062844781835,39.05982651725965,37.4948847792546,38.84146118164063,7205700,0.0,0.0
2018-11-16,38.57760424633991,39.45105857239767,38.50481465043561,39.06892013549805,9154700,0.0,0.0
2018-11-19,38.99613294735008,39.43286009847369,38.75047327406826,39.39646530151367,8538400,0.0,0.0
2018-11-20,39.00523084632952,39.378268847116,38.6685876433756,39.178104400634766,9681100,0.0,0.0
2018-11-21,39.2235923815084,40.34270627598919,39.04162188068581,39.90597915649414,8342000,0.0,0.0
2018-11-23,39.532952726341655,40.05156654898479,39.39647394320414,39.46016311645508,2962600,0.0,0.0
2018-11-26,39.94238397262983,40.470094739543015,39.833199562262,39.89688873291016,7361300,0.0,0.0
2018-11-27,39.68762153459127,39.81499986855494,39.17810819873655,39.51475143432617,5013400,0.0,0.0
2018-11-28,39.59663763000414,40.45189462915376,39.00523426124371,40.32451629638672,6101400,0.0,0.0
2018-11-29,39.95147588209794,40.31541692900039,39.341878619955246,39.52384567260742,6477100,0.0,0.0
2018-11-30,39.46016361141534,39.63303720166454,38.57761214066814,39.350982666015625,10036800,0.0,0.0
2018-12-03,39.88778899790179,40.09705389704424,39.03253200086749,39.28728866577149,18618900,0.0,0.0
2018-12-04,39.17810651922478,39.54204410483389,37.03086192217421,37.09455108642578,9380100,0.0,0.0
2018-12-06,36.35757892017071,36.53045251668531,35.029199712131195,35.85716247558594,14400100,0.0,0.0
2018-12-07,35.720679870351965,36.412167240950815,34.419598641724065,34.4832878112793,9247900,0.0,0.0
2018-12-10,34.21032359725716,34.30131058661294,32.90014218772262,34.12843704223633,12287500,0.0,0.0
2018-12-11,34.5138591352358,35.14705549309987,33.330054052537086,33.57782745361328,11912500,0.32,0.0
2018-12-12,33.95408837746389,35.09201071743322,33.642077695590366,34.57810974121094,8573000,0.0,0.0
2018-12-13,34.48633847030554,34.88093676166144,33.963258826856034,34.220211029052734,9853600,0.0,0.0
2018-12-14,33.95408382707833,34.62398830412754,33.84396345431143,34.40374755859375,8176100,0.0,0.0
2018-12-17,34.33033368876258,35.17459926538909,34.082560209774265,34.376216888427734,10291900,0.0,0.0
2018-12-18,34.642348454910554,35.50496461315135,34.27527581273856,34.46799087524414,7215100,0.0,0.0
2018-12-19,34.51386574149091,36.67040736638523,34.51386574149091,36.10144805908203,16477400,0.0,0.0
2018-12-20,35.84450145492341,36.31251566218111,34.83505362451626,35.00941467285156,9617400,0.0,0.0
2018-12-21,34.83505294197016,35.91791316572483,34.17432722117965,34.3211555480957,14026400,0.0,0.0
2018-12-24,34.027500371283715,35.18377305835463,33.55030741292733,34.256919860839844,5266300,0.0,0.0
2018-12-26,34.25692005538601,35.44072196771416,33.53195362411227,35.41319274902344,6190300,0.0,0.0
2018-12-27,35.09200465490041,36.0922737121582,34.6423409408073,36.0922737121582,6799200,0.0,0.0
2018-12-28,36.24828104027252,36.45934656042736,35.20212867921643,35.44072341918945,6410300,0.0,0.0
2018-12-31,35.495786827364896,36.16569137573242,35.248013336763655,36.16569137573242,6028200,0.0,0.0
2019-01-02,35.69767645679517,36.45017215479744,35.48660743114667,36.35840225219727,4516200,0.0,0.0
2019-01-03,36.1932130873545,36.34922014195622,35.495779462733246,35.56001663208008,5058200,0.0,0.0
2019-01-04,36.14732905593865,36.909003332888496,36.10144586470792,36.87229537963867,4823100,0.0,0.0
2019-01-07,36.7346440086289,37.97351123328205,36.551111235195776,37.0833625793457,5014300,0.0,0.0
2019-01-08,37.413726548132686,37.66149998892785,36.78970532701816,37.23019027709961,3909400,0.0,0.0
2019-01-09,37.23019161052704,38.13869425931469,37.2210163719452,37.77162170410156,4272800,0.0,0.0
2019-01-10,37.753270864365575,38.16622664813983,37.45043895670688,38.01021957397461,3250200,0.0,0.0
2019-01-11,37.75326065902764,38.48740213136246,37.55137044138706,38.23045349121094,4806800,0.0,0.0
2019-01-14,37.88174361332563,38.8086002776912,37.76244800358628,38.54247283935547,4711900,0.0,0.0
2019-01-15,38.57918126347471,38.97378305594515,38.340583039781016,38.95542907714844,5341400,0.0,0.0
2019-01-16,39.07473032250308,39.82722599093733,38.6801285084871,39.57945251464844,5299000,0.0,0.0
2019-01-17,39.322503440584256,39.9373495606581,38.9462555762993,39.72628402709961,4980800,0.0,0.0
2019-01-18,39.946527633975215,40.53384107347105,39.75381606801518,40.52466583251953,5152800,0.0,0.0
2019-01-22,40.17594280444237,40.3503038695745,39.55192146754218,39.79051971435547,5775500,0.0,0.0
2019-01-23,39.92816414621197,40.00158005900386,38.83612869840805,39.29496765136719,4165000,0.0,0.0
2019-01-24,39.17566704960242,39.99240329528392,39.09307590119253,39.405086517333984,3709000,0.0,0.0
2019-01-25,39.77216020217836,40.0749920878904,39.51521151119076,39.62533187866211,4762700,0.0,0.0
2019-01-28,39.46014995448554,39.52438712784675,38.79024550324482,39.29496765136719,4146700,0.0,0.0
2019-01-29,39.13896806950479,39.2399097088679,38.73518750939733,38.78107070922852,3545500,0.0,0.0
2019-01-30,38.86365879763372,39.56109598233592,38.634239315946,39.28579330444336,4519900,0.0,0.0
2019-01-31,38.99213912353172,39.75381003074811,38.87284000529408,39.67121887207031,6456600,0.0,0.0
2019-02-01,39.87310663154301,40.2218252240173,39.5060340604476,40.212646484375,3383400,0.0,0.0
2019-02-04,40.08417004934017,40.6072461605072,40.029108116341376,40.37782669067383,8672900,0.0,0.0
2019-02-05,40.21265094591424,40.2401801665685,39.72628271081488,40.06582260131836,10111900,0.0,0.0
2019-02-06,40.056636810302734,40.23099432962666,39.87310055273584,40.056636810302734,4817400,0.0,0.0
2019-02-07,39.671218719884735,39.91899219496763,38.86366111598462,39.30414962768555,6976900,0.0,0.0
2019-02-08,39.09307866712848,39.19402380017861,38.38646973710455,38.95542907714844,4922200,0.0,0.0
2019-02-11,39.157323813671184,39.606987634067856,39.02884943660477,39.50604248046875,5160300,0.0,0.0
2019-02-12,39.84557711967847,40.607251540761645,39.79969391976516,40.22182846069336,3964400,0.0,0.0
2019-02-13,40.39618618564656,40.91008712850064,40.33194900537278,40.54301452636719,5290400,0.0,0.0
2019-02-14,38.62507094162652,38.8177825003347,36.70712359382272,36.8814811706543,22229200,0.0,0.0
2019-02-15,37.33113338035813,38.86365363409863,37.20265904778863,38.836124420166016,16385400,0.0,0.0
2019-02-19,38.69847817219758,39.5519189612106,38.386471024182654,39.45097732543945,8824000,0.0,0.0
2019-02-20,39.40509460594749,39.72628402709961,38.91872635473288,39.72628402709961,5647400,0.0,0.0
2019-02-21,39.65286230444459,39.96487293901325,39.23073129904682,39.46932601928711,5419200,0.0,0.0
2019-02-22,39.5794490458886,39.76298532712817,39.22155522283629,39.340850830078125,4929500,0.0,0.0
2019-02-25,39.63451159954625,40.72655066106725,39.5152159799044,40.22182846069336,11727000,0.0,0.0
2019-02-26,40.03828221904202,41.056905107251005,40.01992824350116,40.24934768676758,7704100,0.0,0.0
2019-02-27,40.24017550883829,40.27688346590434,39.61615424136924,39.89146041870117,4748300,0.0,0.0
2019-02-28,40.09334457976772,40.15758175013353,39.55191450049642,39.64368438720703,4908300,0.0,0.0
2019-03-01,39.90063836832378,40.06582068567938,39.50603655471472,39.67121887207031,5349000,0.0,0.0
2019-03-04,39.845578088370935,40.33194982113478,39.13896909106726,39.92816925048828,9514400,0.0,0.0
2019-03-05,39.90063512954256,39.90981386901933,39.12061030586177,39.616153717041016,4588800,0.0,0.0
2019-03-06,39.53356713872841,39.7629866225864,38.872837905005056,39.001312255859375,5266500,0.0,0.0
2019-03-07,38.68012509918767,38.93707379239646,38.14787023392559,38.36811447143555,5967000,0.0,0.0
2019-03-08,37.900094097804576,38.75353476919132,37.725736568416,38.72600555419922,4195800,0.0,0.0
2019-03-11,38.96460304513047,39.53356586727744,38.845307437838734,39.29496765136719,3056900,0.0,0.0
2019-03-12,39.313330914869134,39.85476114726632,39.29497693233618,39.50604248046875,3611600,0.0,0.0
2019-03-13,39.74463461809759,40.51548426217866,39.62533550037952,40.18511962890625,5940300,0.0,0.0
2019-03-14,40.1943608596126,40.65657752569798,40.09267262884449,40.4439582824707,4759300,0.32,0.0
2019-03-15,40.296048067998086,40.79524290104882,40.296048067998086,40.71204376220703,7435900,0.0,0.0
2019-03-18,40.92466377354454,41.30368129622456,40.850707414761466,40.93390655517578,4745200,0.0,0.0
2019-03-19,41.18349665016984,41.59949227823876,40.46243991247215,40.54563903808594,5090400,0.0,0.0
2019-03-20,40.37000035851107,40.68430782032424,39.59347977496071,39.713653564453125,4823800,0.0,0.0
2019-03-21,39.34388394091781,40.554889350812914,39.29765945309894,40.14813995361328,4711100,0.0,0.0
2019-03-22,39.75063872909536,39.87081606614292,39.00184635793809,39.39935302734375,5410600,0.0,0.0
2019-03-25,39.445568061768654,39.66743361014336,38.983351401885166,39.24219512939453,3914800,0.0,0.0
2019-03-26,39.54726228387966,40.00947901380415,39.427088473131626,39.79685974121094,2958400,0.0,0.0
2019-03-27,39.82459072935051,40.175872866129325,39.73214527775077,39.88005447387695,3075200,0.0,0.0
2019-03-28,39.99098398916158,40.2128495382446,39.20521707542436,39.843074798583984,2978300,0.0,0.0
2019-03-29,40.166623509432696,40.27755450676102,39.61196146992541,39.806095123291016,4308800,0.0,0.0
2019-04-01,40.23134008427186,40.93390788334052,40.17587281338483,40.66582489013672,3715100,0.0,0.0
2019-04-02,40.63808887936656,40.98013175503444,40.06494119456725,40.259071350097656,3424000,0.0,0.0
2019-04-03,40.61959973070512,40.83221897594575,40.388491395474006,40.55488967895508,3490300,0.0,0.0
2019-04-04,40.57337806963345,41.33141311401155,40.50866801899873,41.2297248840332,3753400,0.0,0.0
2019-04-05,41.32216739070922,41.87682593564503,41.28518921399802,41.64571762084961,4063900,0.0,0.0
2019-04-08,41.57176597051764,41.73816424399476,41.24821220478628,41.47932052612305,2147000,0.0,0.0
2019-04-09,41.22048336737316,41.349903472614194,40.76750947259614,41.25746154785156,3397000,0.0,0.0
2019-04-10,41.20199176073983,41.6087411418601,40.88768429873634,41.48856735229492,1904100,0.0,0.0
2019-04-11,41.96002953858138,42.35753616447681,41.67345745463357,42.2558479309082,4330300,0.0,0.0
2019-04-12,42.52394005466108,43.40215256542455,42.496208178736445,42.69958114624024,4937300,0.0,0.0
2019-04-15,42.68108198286464,42.80125929423864,42.26508983641309,42.33904266357422,3766200,0.0,0.0
2019-04-16,42.57015794497973,43.34668215262175,42.56091516248452,43.2080192565918,4709600,0.0,0.0
2019-04-17,43.217253538366045,43.26347449461782,42.1726430001979,42.49619674682617,3650600,0.0,0.0
2019-04-18,42.43149297871717,42.93068431707651,42.34829383458504,42.5609130859375,3729300,0.0,0.0
2019-04-22,42.51469062892505,42.80126270586207,42.26509320529927,42.52393341064453,2631000,0.0,0.0
2019-04-23,42.33904149374454,42.57939610985152,42.117179491958176,42.50543975830078,5036400,0.0,0.0
2019-04-24,42.28358840942383,42.70882695867623,42.18190016363873,42.28358840942383,4050600,0.0,0.0
2019-04-25,42.04322151463862,42.22810885993314,41.525537653100514,41.7751350402832,6002300,0.0,0.0
2019-04-26,41.78438914137759,42.60713427865533,41.54403448973008,42.57015609741211,3070600,0.0,0.0
2019-04-29,42.6626008989542,43.5592988585901,42.59789084598358,43.43912506103516,4449400,0.0,0.0
2019-04-30,43.448365502049285,44.00302407660854,43.30969909519286,43.97529220581055,5439800,0.0,0.0
2019-05-01,43.91058384402829,44.18791314196706,43.309700759799824,43.32818984985352,4274000,0.0,0.0
2019-05-02,43.46685377797412,43.86436037532835,42.97690526206768,43.26347732543945,4753400,0.0,0.0
2019-05-03,43.35592629690981,43.790407581164885,43.20801709933573,43.55005645751953,6361000,0.0,0.0
2019-05-06,42.79202137914815,43.55005645751953,42.66260127207501,43.55005645751953,6001600,0.0,0.0
2019-05-07,46.90574966496708,47.43267639161476,46.22166743529405,46.49899673461914,29260800,0.0,0.0
2019-05-08,46.25864110679399,48.05204035896622,46.06451096883147,46.18468475341797,11033100,0.0,0.0
2019-05-09,45.93509184196501,47.072144438054856,45.64851976069441,46.98894882202149,6068200,0.0,0.0
2019-05-10,46.66539324561241,47.76546761923934,46.31410759905623,47.737735748291016,5779500,0.0,0.0
2019-05-13,47.12760388683419,47.40493314021773,46.28636981992552,46.88725280761719,5894900,0.0,0.0
2019-05-14,46.896499718767664,47.95035309031229,46.896499718767664,47.58982467651367,6844000,0.0,0.0
2019-05-15,47.22005138896139,48.23692653801822,46.97045399206207,47.931861877441406,6163800,0.0,0.0
2019-05-16,48.03355610581583,48.967235765793305,48.03355610581583,48.28315353393555,5450300,0.0,0.0
2019-05-17,47.765463174109925,48.70838548936885,47.66377848128458,48.41256713867188,4924400,0.0,0.0
2019-05-20,48.468032836914055,49.013448564607486,48.21843545036627,48.46803283691406,5713500,0.0,0.0
2019-05-21,48.79159321154778,48.82857139350381,48.15373544175721,48.532752990722656,4628600,0.0,0.0
2019-05-22,48.35710655232717,48.87478693655648,48.153730100561006,48.58821487426758,4408600,0.0,0.0
2019-05-23,48.27390977464528,48.28315255634404,47.63604851799857,48.25542068481445,5085900,0.0,0.0
2019-05-24,48.49577250799474,48.84705816704398,48.24617508128345,48.77310180664063,3341000,0.0,0.0
2019-05-28,48.61595206224498,49.03194779252758,48.07977900400662,48.13524627685547,5962400,0.0,0.0
2019-05-29,47.99656752134503,48.02430291385736,47.31248896420615,47.71923828125,3947700,0.0,0.0
2019-05-30,47.87640896799196,48.301647506393145,47.69152157368553,48.01507186889648,3288200,0.0,0.0
2019-05-31,47.51586863908912,47.599067769457065,46.83178650868236,47.2108039855957,5120800,0.0,0.0
2019-06-03,47.20156626809386,48.76385729876585,47.07214264196905,48.72687911987305,7097600,0.0,0.0
2019-06-04,49.16136590400456,49.8362018272782,48.87479029558696,49.76224899291992,6775100,0.0,0.0
2019-06-05,49.30927346255145,49.66055911178569,48.70839039357974,49.62358093261719,5480300,0.0,0.0
2019-06-06,49.54038470600126,50.07655422974173,49.346254543600416,49.5034065246582,4764200,0.0,0.0
2019-06-07,49.46642076700899,49.697529075356215,48.91176223754883,48.91176223754883,5206000,0.0,0.0
2019-06-10,49.08740699163156,49.503402683377566,48.96723320124187,49.30002975463867,4645800,0.0,0.0
2019-06-11,49.54961463311747,49.69752379368313,48.77309065853965,49.06891250610352,3587300,0.0,0.0
2019-06-12,49.1336333301685,49.21683247165412,48.64368126300502,48.95798873901367,2842400,0.0,0.0
2019-06-13,49.0137905173198,49.71133022046608,48.957986063834745,49.478816986083984,3860400,0.32,0.0
2019-06-14,49.5439241949143,49.69273253437861,49.15330008640129,49.58112716674805,3206900,0.0,0.0
2019-06-17,49.68342012139503,49.85082991343105,49.236995191922304,49.28350067138672,2711100,0.0,0.0
2019-06-18,49.19050076723453,49.80433558241992,49.162600313594,49.61832427978516,3313800,0.0,0.0
2019-06-19,49.75783002220922,50.16705201992495,49.66482615159618,49.850833892822266,4029000,0.0,0.0
2019-06-20,50.20425713783337,50.557678247468274,49.59042234103086,50.45537185668945,5000700,0.0,0.0
2019-06-21,50.818093124715865,50.901798032961466,49.878741196955694,49.897342681884766,5462500,0.0,0.0
2019-06-24,49.87873744217804,50.28795943620079,49.48811338381387,49.59041976928711,2745200,0.0,0.0
2019-06-25,49.506717293817495,49.78573246468431,48.83707804544083,49.041690826416016,5504100,0.0,0.0
2019-06-26,49.23700094435708,49.255602428742094,48.4557563395383,48.60456466674805,3883400,0.0,0.0
2019-06-27,48.70687715035079,49.37651648050434,48.57667029123667,49.33931350708008,3878300,0.0,0.0
2019-06-28,49.49742555734336,49.68343333318427,49.2091078281965,49.55322647094727,5214800,0.0,0.0
2019-07-01,49.78572941923749,50.19495495615507,49.45090981553043,50.07404708862305,3200800,0.0,0.0
2019-07-02,50.1112546522579,50.12055362082718,49.42301389840438,50.02754974365234,3374800,0.0,0.0
2019-07-03,50.2228549825107,51.20871230199323,50.07404666521806,50.99480056762695,2948700,0.0,0.0
2019-07-05,51.01340620077405,51.14361660244009,50.43677432773568,50.79019546508789,2514000,0.0,0.0
2019-07-08,50.78088778013608,51.30171869018257,50.58557751932002,51.11570739746094,4378600,0.0,0.0
2019-07-09,50.85529485066876,51.64583842753037,50.74368949169463,51.63653945922852,3617100,0.0,0.0
2019-07-10,51.65514317091114,52.0829666886504,51.61794020035888,51.83185195922852,3898300,0.0,0.0
2019-07-11,51.92485920086234,52.222475868480366,51.404028258595545,51.59933853149414,3389300,0.0,0.0
2019-07-12,51.94345944610532,52.408485953403925,51.62724127922745,52.334083557128906,2957700,0.0,0.0
2019-07-15,52.40848189009347,52.538692282253045,52.1852711707036,52.30617904663086,2900700,0.0,0.0
2019-07-16,52.46429150766298,52.52939493621535,52.10157139205098,52.110870361328125,2250600,0.0,0.0
2019-07-17,52.08297424862278,52.17597814063261,51.04131575705422,51.49703979492188,3679400,0.0,0.0
2019-07-18,51.57144311320126,51.87835877945714,51.46913670849235,51.7109489440918,4175600,0.0,0.0
2019-07-19,52.1480685211997,52.71540138725505,51.90625631573322,52.02716064453125,4852800,0.0,0.0
2019-07-22,51.8690528619249,52.203872487805874,51.74814498638556,51.97135925292969,2069600,0.0,0.0
2019-07-23,51.962059917599326,52.352684020996094,51.62724027122226,52.352684020996094,2160300,0.0,0.0
2019-07-24,52.09226222017085,53.46874365681602,52.08296325208163,53.375736236572266,3909800,0.0,0.0
2019-07-25,53.55245171694546,53.56175068558267,52.95721483591903,53.0874252319336,2459300,0.0,0.0
2019-07-26,53.00371975984651,53.319937908211344,52.82700742678145,53.26413345336914,2899300,0.0,0.0
2019-07-29,53.08742616295473,53.21763301338228,52.40848436080439,52.52939224243164,2565100,0.0,0.0
2019-07-30,52.17596812152355,52.51078774505878,51.803949077050255,52.38058090209961,1828900,0.0,0.0
2019-07-31,52.47358896264416,52.95721695212709,51.64584235390495,52.07366943359375,3179200,0.0,0.0
2019-08-01,51.831860023269954,52.45499745942149,50.4367803413478,50.88320541381836,4706600,0.0,0.0
2019-08-02,50.73439441974637,51.02271214959382,50.22286593919908,50.52978515625,2683600,0.0,0.0
2019-08-05,49.72063649548698,49.98105376881649,48.63247610164568,49.11610412597656,4323200,0.0,0.0
2019-08-06,49.14400004763471,50.60418295555336,49.01379319692154,50.5762825012207,4247700,0.0,0.0
2019-08-07,49.58112258649969,50.80879216063726,49.19049851407209,50.60417938232422,4302000,0.0,0.0
2019-08-08,52.938615453814464,53.45944641495169,51.78535171197793,52.845611572265625,8893700,0.0,0.0
2019-08-09,52.547993788538975,52.78050703539092,51.94345792757569,52.32477951049805,3987100,0.0,0.0
2019-08-12,51.93416035310001,51.989964811076135,50.78089305668824,51.22732162475586,3576200,0.0,0.0
2019-08-13,50.99480679621059,52.54799357591917,50.83669594409831,52.19457244873047,4522200,0.0,0.0
2019-08-14,51.236619829239686,51.52493753600789,49.237004463318,49.6555290222168,8548900,0.0,0.0
2019-08-15,49.77643579356638,50.21356182841553,49.543922549135225,49.981048583984375,4125000,0.0,0.0
2019-08-16,50.47397028155927,50.90179375536386,50.10194770998212,50.511173248291016,4042200,0.0,0.0
2019-08-19,51.180813156718266,51.338924004512,50.71578667759746,50.97620391845703,3319400,0.0,0.0
2019-08-20,50.8459897306245,50.8459897306245,49.63692168468944,49.69272613525391,3551200,0.0,0.0
2019-08-21,50.17635553994791,50.17635553994791,49.58112224122275,49.93453979492188,2464800,0.0,0.0
2019-08-22,50.20425674943497,50.520474887636574,49.84153667429467,49.9903450012207,2326600,0.0,0.0
2019-08-23,49.76713234265561,50.529779034112806,48.50226329690798,48.8184814453125,3712200,0.0,0.0
2019-08-26,49.02308446736037,49.39510702343761,48.753368291597866,49.36720657348633,2212600,0.0,0.0
2019-08-27,49.54392566158629,49.72993697839095,48.54876919673282,49.05099868774414,2747800,0.0,0.0
2019-08-28,48.85567909210581,49.255602134317165,48.64176734476234,48.78127670288086,2481500,0.0,0.0
2019-08-29,49.274212599868925,49.46022392864137,48.73478364908696,48.79058456420898,2921100,0.0,0.0
2019-08-30,49.18119648314728,49.18119648314728,48.1767376862036,48.39995193481445,4565000,0.0,0.0
2019-09-03,48.13024347959785,48.81848427109385,48.037239597336274,48.73477935791016,2897700,0.0,0.0
2019-09-04,49.25560070451489,50.61347708625423,49.023087479647046,50.59487915039063,3846900,0.0,0.0
2019-09-05,51.292426970810894,51.95276378281565,50.799496443256366,50.85530090332031,3124000,0.0,0.0
2019-09-06,50.79019411643227,51.50633534116145,50.71578817459884,51.013404846191406,1901200,0.0,0.0
2019-09-09,51.22732126094669,51.5900413655388,50.87390012534922,51.53423690795898,2898500,0.0,0.0
2019-09-10,51.56214216198202,52.06437168333356,51.37613438181123,51.61794662475586,3170500,0.0,0.0
2019-09-11,51.59934046464363,52.66890284312763,50.93900368036879,52.64099884033203,3093900,0.0,0.0
2019-09-12,52.21317073019743,53.115323204292594,52.110864340615045,52.78980255126953,3263600,0.0,0.0
2019-09-13,53.08742745155149,53.44084504047034,52.81771122747867,53.2827377319336,3324700,0.0,0.0
2019-09-16,52.58127459900205,53.01150116696305,52.31004341006195,52.674800872802734,2793600,0.32,0.0
2019-09-17,52.54386552128954,53.45108541127264,52.46904164393889,53.38561630249024,4317400,0.0,0.0
2019-09-18,53.00215314933924,53.93743027765904,52.78703983796159,53.91872787475586,4292100,0.0,0.0
2019-09-19,54.05901339838213,54.86335224148375,53.84390010254313,54.1431884765625,4671800,0.0,0.0
2019-09-20,54.451834178407815,54.573417633205935,53.58202618559567,53.73167037963867,6534700,0.0,0.0
2019-09-23,53.40431732286344,53.99354285446511,53.273379108685006,53.59137344360352,2752500,0.0,0.0
2019-09-24,53.80649055283836,53.96548951548252,53.1424446664868,53.310794830322266,3592400,0.0,0.0
2019-09-25,53.19856496146436,53.525910534817065,52.77768953301148,52.8712158203125,3355300,0.0,0.0
2019-09-26,52.93667982864766,52.93667982864766,51.94528843481076,52.263282775878906,3206200,0.0,0.0
2019-09-27,52.58128347229104,52.87121711067975,52.23522835167337,52.52516555786133,3496300,0.0,0.0
2019-09-30,52.65610121651945,52.71221912820607,51.954643375532605,52.09493637084961,3424500,0.0,0.0
2019-10-01,52.31005061809964,52.36616853079197,50.72943353915632,50.851016998291016,3643000,0.0,0.0
2019-10-02,50.589132823116366,50.73877699966612,49.85026314049012,50.00926208496094,3492000,0.0,0.0
2019-10-03,49.747384424149,50.26178964988089,49.29845187352743,49.766090393066406,3702700,0.0,0.0
2019-10-04,49.74738605867505,51.0006574749296,49.74738605867505,50.90713119506836,3298100,0.0,0.0
2019-10-07,50.71072629905819,50.7761954116611,50.14020668826214,50.158912658691406,2592200,0.0,0.0
2019-10-08,49.49486020880073,49.64450796320384,48.99916450963634,49.0272216796875,3763600,0.0,0.0
2019-10-09,49.35456479316781,49.90637833317686,49.23297779138998,49.60708999633789,2943600,0.0,0.0
2019-10-10,49.70062790156913,50.92584227026113,49.56033846771231,50.56108474731445,3962000,0.0,0.0
2019-10-11,51.33735508400299,52.03881284937261,50.813602235918175,50.89777374267578,4531400,0.0,0.0
2019-10-14,50.42078782555956,50.83230846113041,50.15891138181438,50.70137023925781,1980600,0.0,0.0
2019-10-15,50.83230990268467,51.42153548562014,50.77619555903305,51.14095306396485,2215500,0.0,0.0
2019-10-16,50.85101707238982,51.02872201227495,50.22438310150836,50.82295989990234,3429200,0.0,0.0
2019-10-17,51.16901276295916,51.271893821800376,50.43014294746248,50.56108474731445,2494600,0.0,0.0
2019-10-18,50.411432901954775,50.766835601422414,50.37402096481123,50.47690200805664,2344000,0.0,0.0
2019-10-21,50.981947652386445,51.32800271087712,50.9164785478717,51.01935958862305,2069600,0.0,0.0
2019-10-22,50.7761953770225,50.7761953770225,49.719331239183575,49.79415512084961,3381800,0.0,0.0
2019-10-23,49.6258049280571,49.85026943733569,49.27039862593377,49.70998001098633,2669900,0.0,0.0
2019-10-24,49.915735936327565,50.112146831411295,49.307807985046,49.47615814208984,1665700,0.0,0.0
2019-10-25,49.30780527403869,49.48550662212634,48.95239901006473,49.382625579833984,2084400,0.0,0.0
2019-10-28,49.5977439242964,49.85962394079155,49.130105370025305,49.14881134033203,3817200,0.0,0.0
2019-10-29,48.9617550674942,49.27039822498946,47.89553973759974,48.727935791015625,7845800,0.0,0.0
2019-10-30,48.81211111016067,49.476160570109926,48.35382732400591,49.20492935180664,3961400,0.0,0.0
2019-10-31,48.97111130036119,49.58839406600443,48.54088467505208,49.53227615356445,5172400,0.0,0.0
2019-11-01,48.62505738355169,50.40208171038662,48.26029632221606,50.280494689941406,5378700,0.0,0.0
2019-11-04,50.57978701446572,51.80499772562908,50.439494023084144,51.37477111816406,4657800,0.0,0.0
2019-11-05,51.64599853328069,51.64599853328069,50.74812987651785,51.26253509521485,4342400,0.0,0.0
2019-11-06,51.34671156337883,51.973345475449136,51.075480362125056,51.92658233642578,3733100,0.0,0.0
2019-11-07,52.10428241536474,52.68415674200453,51.95463823347677,51.99205017089844,3280800,0.0,0.0
2019-11-08,52.03882223445087,52.31940467764136,51.4776573480699,52.29134750366211,2750600,0.0,0.0
2019-11-11,51.84240729804917,52.41292687084,51.7114690815658,51.81435012817383,2568800,0.0,0.0
2019-11-12,51.74888345341685,52.16040409140185,51.487003440336416,51.82370376586914,3162700,0.0,0.0
2019-11-13,51.552472497515296,51.64600234773115,51.140951859962485,51.17836380004883,2673600,0.0,0.0
2019-11-14,51.17836608736532,51.41218537165658,50.39273314943475,50.68266677856445,3468900,0.0,0.0
2019-11-15,50.94454943782833,51.36542131707996,50.19632483516027,50.43949890136719,3404100,0.0,0.0
2019-11-18,50.177613716235065,50.65460342818274,50.03732073565114,50.6452522277832,2398600,0.0,0.0
2019-11-19,50.72943343848833,50.80425375413051,49.95315170288086,49.95315170288086,3394500,0.0,0.0
2019-11-20,49.90638466307744,49.96249900347804,49.232984035879454,49.50421524047852,5093400,0.0,0.0
2019-11-21,49.53227215535474,49.56968409396153,48.82146316081999,48.830814361572266,4337600,0.0,0.0
2019-11-22,48.95240040108076,49.87832624022412,48.84951935586497,49.85026550292969,4522500,0.0,0.0
2019-11-25,49.89703132739732,50.25243762060252,49.756741904568216,49.859622955322266,3072800,0.0,0.0
2019-11-26,49.85962144256865,50.25243609593081,49.50421516014658,49.72867965698242,7197500,0.0,0.0
2019-11-27,49.74739075295078,49.93444689812318,49.34522128955985,49.4668083190918,3770800,0.0,0.0
2019-11-29,49.42004006736553,49.728679642373855,49.18622080201421,49.25168991088867,2865500,0.0,0.0
2019-12-02,49.3265187342341,49.35457590719387,48.31641769409179,48.3164176940918,4180800,0.0,0.0
2019-12-03,47.886180699287934,48.05453083622413,47.081841948992405,47.85811996459961,5785600,0.0,0.0
2019-12-04,48.13870988422629,48.47541018593306,47.79265481425061,47.80200958251953,4212900,0.0,0.0
2019-12-05,47.87683363721428,48.18547679387062,47.6523691303724,47.83007049560547,3131300,0.0,0.0
2019-12-06,48.381880546396445,48.74663801885171,47.839421721867744,48.50346755981445,6731900,0.0,0.0
2019-12-09,48.37253062461558,49.130102758880255,48.16676852997636,48.24159240722656,3701100,0.0,0.0
2019-12-10,48.213530262856345,48.49411265876167,47.73654054659715,47.77395248413086,4634300,0.0,0.0
2019-12-11,47.83041896246113,47.90571453743336,47.31277445054432,47.44453811645508,4413100,0.32,0.0
2019-12-12,47.46336981321108,48.39512936978518,47.31278222880056,48.02807235717773,6080200,0.0,0.0
2019-12-13,48.14101575010304,48.96924566942002,48.11277810969388,48.56454086303711,5316800,0.0,0.0
2019-12-16,48.94100537776748,49.23277035617807,48.705712082682055,48.84688949584961,5857000,0.0,0.0
2019-12-17,48.78101021761481,49.29865477588021,48.677480587903545,48.74336242675781,3258500,0.0,0.0
2019-12-18,48.705710077582886,49.27041252642413,48.53629862487239,48.91276931762695,5090000,0.0,0.0
2019-12-19,48.70571821867963,49.016307130660266,48.423366947064366,48.87512969970703,4493900,0.0,0.0
2019-12-20,49.035126640454585,49.11983237959198,48.47983425950749,48.50807189941406,7345400,0.0,0.0
2019-12-23,48.50806802039773,48.56453611511301,47.72689253412168,47.97159957885742,4175000,0.0,0.0
2019-12-24,47.802185555477394,48.42335969613261,47.802185555477394,47.943359375,1138600,0.0,0.0
2019-12-26,48.046889964487065,48.17865363481148,47.59512727039303,47.64218521118164,2811100,0.0,0.0
2019-12-27,47.77394700917773,48.075125717060885,47.604539147036206,48.065711975097656,2374800,0.0,0.0
2019-12-30,48.20689906400409,48.21630921756664,47.7927805014256,47.99983978271485,2706300,0.0,0.0
2019-12-31,47.99983590782657,48.3480690061901,47.88689612273671,48.3104248046875,2912500,0.0,0.0
2020-01-02,48.60218244656829,48.8186518471593,48.22571532869771,48.71512222290039,3104600,0.0,0.0
2020-01-03,48.21630385469815,48.44218700827992,47.94336275795504,48.33865737915039,2358800,0.0,0.0
2020-01-06,48.12218742789854,48.602184187218754,48.0374816950431,48.37630462646485,2699700,0.0,0.0
2020-01-07,48.32924259553572,48.40453817520507,47.736306061948426,48.103363037109375,4580100,0.0,0.0
2020-01-08,48.10336541782413,49.17630234917781,48.10336541782413,48.668067932128906,4832100,0.0,0.0
2020-01-09,49.006887117474975,49.21394636563888,48.62100625790001,49.204532623291016,3219800,0.0,0.0
2020-01-10,49.22335929933853,49.54335834172483,48.82806826536831,48.96924209594727,5483000,0.0,0.0
2020-01-13,49.02571545192249,49.5245361328125,48.77159823987727,49.5245361328125,6039500,0.0,0.0
2020-01-14,49.477474806644594,49.97629545344775,49.11041783331467,49.26100540161133,5277000,0.0,0.0
2020-01-15,48.95041716176667,49.25159589258429,48.37630451846254,48.73394775390625,4095000,0.0,0.0
2020-01-16,49.05394777752704,49.48689019225891,49.05394777752704,49.27983093261719,3822200,0.0,0.0
2020-01-17,49.43983017298668,49.95747833794814,49.43983017298668,49.78806686401367,5818600,0.0,0.0
2020-01-21,49.458654159985166,49.599831585287255,48.54571853798248,48.63042068481445,4215100,0.0,0.0
2020-01-22,48.80924377308418,49.355122373838455,48.60218451575105,49.18571090698242,4341500,0.0,0.0
2020-01-23,48.67747752970107,48.89394692809252,48.23512499064989,48.57394790649414,3307100,0.0,0.0
2020-01-24,48.63041756835944,48.63041756835944,47.52924664661896,48.05630493164063,3227100,0.0,0.0
2020-01-27,47.152777376356894,47.37866053123449,46.95513185977085,47.18101501464844,3634700,0.0,0.0
2020-01-28,47.43512796472886,47.93394858290262,47.33159834428737,47.44453811645508,4131900,0.0,0.0
2020-01-29,47.61394846753133,47.85865189994461,47.36924503511805,47.388065338134766,2964400,0.0,0.0
2020-01-30,47.05866015486184,48.32924254292677,46.97395442297145,48.28218460083008,2979300,0.0,0.0
2020-01-31,47.76454025116739,48.14101097005155,47.00218866105784,47.30336380004883,5736100,0.0,0.0
2020-02-03,47.54807086434363,48.3574803970803,47.463365132073726,48.150421142578125,2916600,0.0,0.0
2020-02-04,48.743366220634776,49.016307340155606,47.60454738575423,47.67042922973633,3441100,0.0,0.0
2020-02-05,48.35748725060107,49.552777824128825,48.25395760867712,49.39277648925781,4408400,0.0,0.0
2020-02-06,49.75982440428788,50.446880386333376,49.54335500640703,50.26805877685547,5286400,0.0,0.0
2020-02-07,49.863354190878574,50.597468115691406,49.81629625036583,50.31511688232422,3766300,0.0,0.0
2020-02-10,50.315118211281245,50.96453001449828,50.22100232776991,50.955116271972656,2756800,0.0,0.0
2020-02-11,51.14335919912989,51.613945866920815,50.99277160904845,51.26571273803711,4656800,0.0,0.0
2020-02-12,51.670409694472255,51.858641460703566,51.08687973022462,51.08687973022461,3984100,0.0,0.0
2020-02-13,52.489230855176345,53.100991293360096,47.90571828386568,47.93395233154297,13179800,0.0,0.0
2020-02-14,46.92689854333271,47.67983642084428,45.4492568367503,45.62807846069336,11891200,0.0,0.0
2020-02-18,45.27983845330971,46.12689208984374,45.02572128526236,46.12689208984375,9403400,0.0,0.0
2020-02-19,46.49396203919533,46.85160530497859,46.21160717949429,46.50337219238281,5755700,0.0,0.0
2020-02-20,46.50336540757269,47.00218603042888,46.30571990685126,46.87042236328125,5507100,0.0,0.0
2020-02-21,46.63513165194111,46.85160105854515,45.73160623560487,45.74101638793945,4913600,0.0,0.0
2020-02-24,44.70572282209796,44.884544420881774,42.90808232170522,43.01161193847656,9774200,0.0,0.0
2020-02-25,43.15279078051863,43.61396723889769,42.53161659778394,42.57867813110352,8706000,0.0,0.0
2020-02-26,42.81397110199226,43.416321384750574,42.09867744849858,42.3527946472168,7269800,0.0,0.0
2020-02-27,41.73162228629046,42.53161811723036,40.8375069756399,40.85633087158203,7159300,0.0,0.0
2020-02-28,39.79280275766094,40.4233906846262,38.879867171874345,39.67986297607422,10908300,0.0,0.0
2020-03-02,39.6328032651213,40.366917198126295,38.99280521419206,40.32926940917969,10262100,0.0,0.0
2020-03-03,40.16927309231284,41.29868166805864,38.74809952749303,39.049278259277344,11832200,0.0,0.0
2020-03-04,39.44456602201511,40.14103572301626,38.93633166644323,40.037506103515625,8324100,0.0,0.0
2020-03-05,38.588102893407886,39.25633503306292,37.816341122763006,38.25869369506836,9251400,0.0,0.0
2020-03-06,36.85633900716862,37.22339594724728,35.2186962087902,35.613990783691406,14681300,0.0,0.0
2020-03-09,32.57400531346068,32.94106229024834,28.62107712057271,30.8798942565918,19741400,0.0,0.0
2020-03-10,32.54577742958106,34.99282679844497,31.2187195078925,33.00695037841797,10322100,0.0,0.0
2020-03-11,31.69871580114875,32.28224221922336,30.023426745906235,30.52224922180176,10814400,0.0,0.0
2020-03-12,27.91519895066896,28.028140532553017,23.999918304253388,24.1599178314209,13594500,0.0,0.0
2020-03-13,26.25663309500082,27.238279224430457,23.912121473811823,27.16203498840332,11920600,0.32,0.0
2020-03-16,22.75892767877542,24.13132588496377,21.34840825959065,22.158504486083984,15835900,0.0,0.0
2020-03-17,22.854232929589088,22.90188671703228,19.55666718637771,21.2054500579834,15057900,0.0,0.0
2020-03-18,19.6519729647332,20.290519174714216,15.315576464239236,17.898353576660156,13531000,0.0,0.0
2020-03-19,17.62196555921478,20.376290618217023,16.697503974358785,19.63290977478028,11718600,0.0,0.0
2020-03-20,19.83305177557762,20.252396013790044,18.241451639664,18.327226638793945,12948400,0.0,0.0
2020-03-23,18.06990149294101,19.13732268567372,17.231214841212964,18.393939971923828,9604500,0.0,0.0
2020-03-24,20.04272495211829,22.20615600785608,19.766338437805526,21.8535270690918,11436800,0.0,0.0
2020-03-25,22.110850285588228,26.447244622733923,20.99577719634991,24.512544631958008,14365100,0.0,0.0
2020-03-26,24.59832289136688,26.3995961626036,24.30287666443207,26.218515396118164,11282600,0.0,0.0
2020-03-27,24.77940081439524,25.503721979414287,23.83587769382999,24.31240463256836,9473500,0.0,0.0
2020-03-30,23.82634810456573,24.76987127136981,22.940007664226915,24.50301551818848,8377600,0.0,0.0
2020-03-31,24.28381486819756,24.579262909529245,22.758928143288056,23.11155891418457,9554500,0.0,0.0
2020-04-01,21.634326117083035,21.796345366724506,20.023664378624463,20.595497131347656,10498700,0.0,0.0
2020-04-02,20.11896866390153,21.758220738121857,20.09037639213151,20.25239562988281,9317500,0.0,0.0
2020-04-03,20.252396607902423,20.671740858416484,18.96577340101563,19.499483108520508,9573000,0.0,0.0
2020-04-06,20.919533306178543,21.148266018291185,19.842581408283102,20.50971984863281,15414300,0.0,0.0
2020-04-07,22.35864328631278,23.78822411488437,21.82493361929841,22.16803359985352,12731300,0.0,0.0
2020-04-08,22.64456341829004,23.42606741296821,22.15850565671565,22.9971923828125,8539500,0.0,0.0
2020-04-09,23.77869443985758,26.351938760973,23.72150989966397,25.294050216674805,11974600,0.0,0.0
2020-04-13,25.38935584104762,25.73245583386376,23.28310755089681,24.42677116394043,7367800,0.0,0.0
2020-04-14,25.065315470654426,25.827759639597367,24.04554814433147,24.56972885131836,8139700,0.0,0.0
2020-04-15,23.06390454225533,23.302168011419926,22.17756414611407,22.94953727722168,9225200,0.0,0.0
2020-04-16,22.73033541839048,22.987660402454445,21.86305653237284,22.09178924560547,8829400,0.0,0.0
2020-04-17,23.092497981794903,23.64526922903641,22.71127674538804,23.349822998046875,11039800,0.0,0.0
2020-04-20,22.882826913629145,23.140151931651207,21.95836518175753,22.6350326538086,6502900,0.0,0.0
2020-04-21,21.44371354178097,22.215686720299367,21.10061354341451,21.2054500579834,7213100,0.0,0.0
2020-04-22,21.996483047209693,22.43488876868908,21.100611908556488,21.21497917175293,8232200,0.0,0.0
2020-04-23,21.56760867196108,22.32052211555166,21.338875957122507,21.596200942993164,7604000,0.0,0.0
2020-04-24,22.05366671054095,22.58737820448032,21.415120523489897,22.253808975219727,9295600,0.0,0.0
2020-04-27,22.36817260572982,23.387941724861893,22.36817260572982,23.044841766357425,7602700,0.0,0.0
2020-04-28,23.91212373889638,24.483956472169968,23.264046762373383,24.093204498291016,9513900,0.0,0.0
2020-04-29,25.055790699114866,26.12321016823944,24.77940416473048,25.95166015625,9621700,0.0,0.0
2020-04-30,25.45606807221756,25.551373823067287,24.19803725085802,24.236160278320312,6637600,0.0,0.0
2020-05-01,23.368880710082507,23.51183842323712,22.44441731725788,22.77798652648925,6410000,0.0,0.0
2020-05-04,22.72080430327022,23.283106229446755,22.034606174389733,22.94000625610352,9321900,0.0,0.0
2020-05-05,23.54995856166324,25.074845007569053,23.4546546357614,23.883527755737305,8944300,0.0,0.0
2020-05-06,24.02648891773717,24.169448462761228,22.13944255572573,22.215686798095703,7824700,0.0,0.0
2020-05-07,22.68268180322364,24.35052610692556,22.65409134998461,24.321935653686523,8239200,0.0,0.0
2020-05-08,25.046257320904164,26.399593941044927,24.59832082138757,26.351940155029297,9829300,0.0,0.0
2020-05-11,26.027899153950184,26.628324074801363,25.45606650193197,26.25663185119629,8112100,0.0,0.0
2020-05-12,26.447244692936977,27.00001586065369,25.303579330444336,25.303579330444336,5604500,0.0,0.0
2020-05-13,24.86517513702633,24.9604808857604,23.5976135869394,23.78822326660156,6238300,0.0,0.0
2020-05-14,23.30216861467237,24.665034166619023,22.37770516698515,24.550668716430664,6954500,0.0,0.0
2020-05-15,24.4648926166362,25.284519516517776,23.921652208223893,25.22733497619629,8185500,0.0,0.0
2020-05-18,26.68550684587296,27.60996839290915,26.561610649637423,27.114381790161133,8773500,0.0,0.0
2020-05-19,26.857060786937748,27.26687427911101,26.14227031951168,26.3328800201416,5550300,0.0,0.0
2020-05-20,26.876121294407625,27.29546371075056,26.580673270131268,26.7236328125,5175400,0.0,0.0
2020-05-21,26.675977504613435,27.85776408091081,26.628325538411875,27.457481384277344,5473900,0.0,0.0
2020-05-22,27.50513719117277,27.60997188808756,26.885650678155923,27.533727645874023,3727900,0.0,0.0
2020-05-26,28.858472227873136,30.24993002432413,28.858472227873136,29.55420112609864,8361400,0.0,0.0
2020-05-27,31.06955639619563,31.41265638973893,29.744812026601792,30.03072929382324,8387500,0.0,0.0
2020-05-28,30.46913291472259,30.67880412096956,29.373121279394137,29.65903854370117,5810300,0.0,0.0
2020-05-29,29.03002109495748,29.582794105355056,28.56302489930309,28.648799896240234,8763200,0.0,0.0
2020-06-01,28.696454619464586,29.516079769024948,28.362885378015008,29.11579704284668,4297800,0.0,0.0
2020-06-02,29.36359030531044,30.26899224222129,29.0681441037336,30.01166725158692,6668700,0.0,0.0
2020-06-03,31.00284118876141,31.89871415222778,30.7455162079112,31.689041137695312,6238100,0.0,0.0
2020-06-04,31.345941220603034,33.56655848407202,31.050496847525043,33.55702590942383,8438700,0.0,0.0
2020-06-05,36.8736556292493,37.1405132046618,34.4814918395531,34.65304183959961,10453100,0.0,0.0
2020-06-08,35.558445215987526,37.65516105838925,35.558445215987526,37.58844757080078,10596700,0.0,0.0
2020-06-09,36.216046491999904,36.54961388702355,35.10097522668206,35.96825408935547,7047600,0.0,0.0
2020-06-10,35.50126345573167,35.54891543123427,33.499851399720725,33.50938034057617,8569300,0.0,0.0
2020-06-11,30.974251155994445,32.27993395598346,29.83058577080455,30.126033782958984,9228600,0.0,0.0
2020-06-12,32.25382534806225,32.33085117153578,30.077895417646268,31.810937881469727,7489700,0.32,0.0
2020-06-15,30.13566011206056,32.32121806467513,29.96235753474893,31.955352783203125,6942400,0.0,0.0
2020-06-16,34.169802054312555,34.17942844629642,31.52209985072621,32.051639556884766,7393200,0.0,0.0
2020-06-17,31.8301935354486,32.09015017393261,30.94441495178532,31.079206466674805,5963800,0.0,0.0
2020-06-18,30.684459479935995,31.772423475789424,30.366735318633967,31.26214027404785,4065200,0.0,0.0
2020-06-19,32.11903410571709,32.11903410571709,30.49190029879404,30.626691818237305,7776400,0.0,0.0
2020-06-22,30.366735050717168,30.85776179316361,29.914217545063607,30.60743522644043,3955700,0.0,0.0
2020-06-23,31.271767906560555,31.51246809396277,30.732600000970667,30.85776329040528,3322900,0.0,0.0
2020-06-24,30.231938305984084,30.463010228342096,28.98992649376022,29.1728572845459,5960500,0.0,0.0
2020-06-25,28.88401984155095,30.17417287471861,28.701087201696765,30.097148895263672,5781000,0.0,0.0
2020-06-26,29.577235792869608,29.73128375248899,28.392991414646897,28.60480690002441,8006500,0.0,0.0
2020-06-29,29.124722197285497,29.740914079267085,28.76848511776698,29.538726806640625,5484900,0.0,0.0
2020-06-30,29.317280404595856,30.23193991643728,29.163232448151057,30.020124435424805,4660800,0.0,0.0
2020-07-01,29.856448077563265,30.39561592196721,28.40261889027,28.479642868041992,6984500,0.0,0.0
2020-07-02,29.413558990602155,30.04900726983139,28.72997141364812,28.806995391845703,7866800,0.0,0.0
2020-07-06,29.79868186563747,30.37636080616956,29.3365361422566,29.596492767333984,6132400,0.0,0.0
2020-07-07,29.19211650940793,29.307653399757115,28.02712856067017,28.084896087646484,7413100,0.0,0.0
2020-07-08,27.77680228296022,28.82625525788208,27.74791759906813,28.73960304260254,7727600,0.0,0.0
2020-07-09,28.6048061037036,28.672203691007784,26.939161438940573,26.95841789245605,7357000,0.0,0.0
2020-07-10,27.17023280407001,29.00918183924476,27.01618485195878,28.98029899597168,7443500,0.0,0.0
2020-07-13,29.172861454557783,29.52909853352852,28.498902043775928,28.614437103271484,6132200,0.0,0.0
2020-07-14,28.75885753497709,29.673517092349528,28.287083578934308,29.64463424682617,5494600,0.0,0.0
2020-07-15,30.540035593529808,30.82887688693106,29.933471999261208,30.58817672729492,6813400,0.0,0.0
2020-07-16,30.183803193833977,31.81093693854745,30.02012699659776,31.34879302978516,6855100,0.0,0.0
2020-07-17,31.493208166203303,31.637629731839944,30.58817688355359,30.92515563964844,4333400,0.0,0.0
2020-07-20,30.799993845658857,30.828878527455,30.23194129177759,30.24156951904297,4364400,0.0,0.0
2020-07-21,30.54003857919473,31.12734945016712,30.289710168332885,30.77111053466797,4618400,0.0,0.0
2020-07-22,30.405244652005024,31.098460463427035,30.251196693911243,30.992551803588867,5729500,0.0,0.0
2020-07-23,30.7614836702524,31.17548827275656,30.48227058060201,30.684459686279297,4965000,0.0,0.0
2020-07-24,30.70371278262358,30.857760742931777,30.039381642443185,30.145288467407227,3960900,0.0,0.0
2020-07-27,29.943102291104704,29.99124159179337,29.269141063083755,29.702402114868164,5143600,0.0,0.0
2020-07-28,29.46170065977229,30.116405404540025,29.25951156558389,29.79868125915528,5220700,0.0,0.0
2020-07-29,29.731287987587216,31.705030735506373,29.731287987587216,31.454700469970703,10100400,0.0,0.0
2020-07-30,30.55929211609423,30.761481205571663,29.914215613355783,30.59780502319336,7075800,0.0,0.0
2020-07-31,30.530409540914185,30.95404420262923,30.231941835901857,30.944414138793945,6244600,0.0,0.0
2020-08-03,31.011809894468023,31.473953793144528,30.838505473365185,30.944414138793945,5834900,0.0,0.0
2020-08-04,29.90459023148408,30.1452904145626,28.364108692502228,28.614437103271484,17448400,0.0,0.0
2020-08-05,28.884020943673683,29.42318882043121,28.70108829683937,29.05732536315918,7344800,0.0,0.0
2020-08-06,29.269139434091024,29.750539759771456,28.190803732948897,28.22931480407715,9162800,0.0,0.0
2020-08-07,28.08489553382924,29.52909653453407,27.892334665843308,29.51946830749512,6015200,0.0,0.0
2020-08-10,29.846821651378374,30.49189819278338,29.82756519667456,30.289709091186523,4596400,0.0,0.0
2020-08-11,31.4258154659306,31.67614571429812,30.56892339770486,30.790367126464844,6370800,0.0,0.0
2020-08-12,31.31027993881524,31.43544506113188,29.45207425042552,29.78905487060547,6704000,0.0,0.0
2020-08-13,29.375050741196144,29.779427124673248,28.99955904096621,29.567609786987305,6252100,0.0,0.0
2020-08-14,29.24988353920176,30.251197117219327,29.10546380601752,29.83719253540039,4862800,0.0,0.0
2020-08-17,29.74091353531519,29.75054176284464,28.739601745408784,28.845508575439453,5643400,0.0,0.0
2020-08-18,28.94178673467394,29.07658007307229,28.392990663498946,28.479642868041992,7880800,0.0,0.0
2020-08-19,28.40262059221066,28.9321602415746,28.21968794539182,28.749229431152344,4870100,0.0,0.0
2020-08-20,28.27745860555128,28.52778518248644,28.007873736640835,28.046384811401367,4702200,0.0,0.0
2020-08-21,28.02712889249776,28.181176857189467,27.17986325029674,27.21837615966797,7366500,0.0,0.0
2020-08-24,27.45907634417621,28.470016342388025,27.22800439705342,28.450759887695312,5511100,0.0,0.0
2020-08-25,28.874394509819457,29.076583623910107,28.17155039726902,28.421878814697266,4134200,0.0,0.0
2020-08-26,28.36410470425872,28.41224583594335,27.67088893556764,27.978984832763672,3738700,0.0,0.0
2020-08-27,28.01750147968514,28.93216106708377,28.00787325206242,28.575925827026367,4973400,0.0,0.0
2020-08-28,28.9995567809022,28.9995567809022,28.14266294198423,28.277456283569336,6036400,0.0,0.0
2020-08-31,28.16191794774519,28.238941923377183,27.64200473493192,28.05600929260254,7539800,0.0,0.0
2020-09-01,27.796056480348348,28.26782859387212,27.603495609507533,28.06563949584961,4930500,0.0,0.0
2020-09-02,28.18117854214772,28.749231134561104,27.66126525293002,28.720346450805664,6534000,0.0,0.0
2020-09-03,28.88402003183196,29.808307791380248,28.14266307694644,28.306339263916016,7003900,0.0,0.0
2020-09-04,28.884020527168133,29.09583601659793,28.16192001398893,28.69145965576172,5783000,0.0,0.0
2020-09-08,28.28708355106617,28.450759742324752,27.507215503961937,27.81531143188477,7124700,0.0,0.0
2020-09-09,28.075267723031303,28.161919931270017,27.37242366633649,28.06563949584961,7432400,0.0,0.0
2020-09-10,28.181174164569207,28.479641838092203,26.987301634080808,27.11246490478516,7754900,0.0,0.0
2020-09-11,27.17023576752385,27.71903372272344,27.035444253823943,27.34354019165039,8491800,0.0,0.0
2020-09-14,27.69977565126202,28.49890013202017,27.536099464292445,28.306339263916016,6254800,0.0,0.0
2020-09-15,28.267831147050607,28.70109039098,27.84419829477582,27.85382652282715,6438600,0.0,0.0
2020-09-16,27.99986027969789,29.265499942831667,27.83435338310933,28.9831657409668,10798100,0.32,0.0
2020-09-17,28.4379631901732,28.67162149594996,27.85382299654047,27.941444396972656,11420800,0.0,0.0
2020-09-18,27.7467304711928,28.2237792985669,27.182060241144228,27.25020980834961,13427100,0.0,0.0
2020-09-21,26.422675803365674,26.68554001569764,25.809327831527565,26.266904830932617,11872500,0.0,0.0
2020-09-22,26.23770005686861,26.987347197428097,26.140342730698023,26.61739158630371,10055000,0.0,0.0
2020-09-23,26.74395278526885,27.37677442898863,25.702233745082367,25.73144149780273,6986700,0.0,0.0
2020-09-24,25.70223536106124,26.373998860374275,24.89417272102308,25.78012084960937,5686900,0.0,0.0
2020-09-25,25.439370654141555,26.43241200683339,25.429636593078733,26.35452651977539,4886900,0.0,0.0
2020-09-28,26.9289327143589,27.298890171015103,26.69527625291437,26.89972496032715,7610400,0.0,0.0
2020-09-29,26.812104606640418,26.919195987666715,26.24743252060888,26.56871223449707,4282100,0.0,0.0
2020-09-30,26.695276827924445,27.20153343376049,26.529769932052528,26.802370071411133,5338400,0.0,0.0
2020-10-01,26.831575673236145,27.26968270363521,26.58818329122256,26.98734664916992,5155400,0.0,0.0
2020-10-02,26.47135707133687,27.72726084833004,26.35452790613592,27.4741325378418,4558100,0.0,0.0
2020-10-05,28.009595857286364,28.64241568115641,27.82461712642276,28.28219413757324,5326100,0.0,0.0
2020-10-06,28.622943848339265,29.18761410220607,28.1653668371333,28.21404457092285,8161300,0.0,0.0
2020-10-07,28.50611685042131,28.89554429572696,28.194573037240257,28.778715133666992,4976700,0.0,0.0
2020-10-08,29.02210569844922,29.674397324767007,28.574264628676385,29.46021270751953,5610700,0.0,0.0
2020-10-09,29.62572012473392,29.762019260250284,28.96369256890623,29.15840721130371,8058000,0.0,0.0
2020-10-12,29.08052012873832,29.820431272568097,28.973426895607226,29.654924392700195,7711600,0.0,0.0
2020-10-13,29.372592893461576,29.47968613634252,28.710565313718483,29.031843185424805,7574000,0.0,0.0
2020-10-14,29.002639738753228,29.55757412251048,28.74951141587617,28.8663387298584,6996200,0.0,0.0
2020-10-15,28.38928743506348,29.187614155051268,28.35034561934863,29.168142318725582,3554600,0.0,0.0
2020-10-16,29.21682170860717,29.84964152934761,28.92474973654016,29.489421844482425,4893700,0.0,0.0
2020-10-19,29.606250214500548,30.015149504578183,29.226558679762945,29.294708251953125,5425900,0.0,0.0
2020-10-20,29.64519389434126,30.404576963971543,29.59651430209793,29.839906692504883,5481500,0.0,0.0
2020-10-21,29.77175401012564,30.99845175245925,29.693868527609364,30.83294486999512,6869100,0.0,0.0
2020-10-22,30.70638434243068,31.30026235913521,30.39484052818572,31.163959503173828,5411000,0.0,0.0
2020-10-23,31.543653201579712,31.77730780118889,30.910831542715123,31.5241813659668,4375400,0.0,0.0
2020-10-26,31.02766056253265,31.066602376650184,29.927525995431644,30.43378257751465,6021600,0.0,0.0
2020-10-27,32.40039210244345,32.41012987731172,30.3266898633182,30.33642578125,12065700,0.0,0.0
2020-10-28,29.615984202461384,30.151446683569155,29.09999170004127,29.43100547790528,8129300,0.0,0.0
2020-10-29,29.207086119988503,30.589554937278752,28.924750062832416,30.46299171447754,7436500,0.0,0.0
2020-10-30,30.2585400523344,30.930303528755434,29.9567340266122,30.657703399658203,6373300,0.0,0.0
2020-11-02,31.39761439477449,31.87466505379132,31.056864719878043,31.592329025268555,7278700,0.0,0.0
2020-11-03,32.07911787288817,32.31277248845235,31.84545954345084,32.02070236206055,7168900,0.0,0.0
2020-11-04,31.47550324930681,31.74810151681125,30.4532541753559,30.75506019592285,5424400,0.0,0.0
2020-11-05,30.988717109113512,32.711933712752334,30.978981191281644,32.54642868041992,6467100,0.0,0.0
2020-11-06,33.14030774898414,34.561718373876,31.89413622302763,32.283565521240234,8329900,0.0,0.0
2020-11-09,35.983127687046114,37.60899067686086,35.545020670995854,36.52832794189453,13776300,0.0,0.0
2020-11-10,36.88854496237645,37.57977836360926,36.25572706370642,37.21955871582031,10213700,0.0,0.0
2020-11-11,36.8593422009355,36.9080199336056,35.76894539085897,36.36281967163086,7211300,0.0,0.0
2020-11-12,36.051274329488415,36.051274329488415,34.61039203773663,35.10691452026367,6847100,0.0,0.0
2020-11-13,35.49634769104833,36.4212395790029,35.33084263720168,36.3336181640625,5073800,0.0,0.0
2020-11-16,37.570046043850645,37.6576674448175,36.91775256690349,37.47269058227539,6015400,0.0,0.0
2020-11-17,36.8398725974636,37.6771430200676,36.66462977813378,37.404541015625,4626900,0.0,0.0
2020-11-18,37.23903113713308,38.31969381141069,37.02484467156521,37.53110122680664,6265100,0.0,0.0
2020-11-19,36.98590368428096,37.57977790736577,36.47964714316766,37.521366119384766,4225200,0.0,0.0
2020-11-20,37.62846317259186,37.83291187904447,36.99564150343135,37.58951950073242,5571900,0.0,0.0
2020-11-23,38.33917288129942,38.89410727056858,37.784238492030255,38.71886444091797,4759600,0.0,0.0
2020-11-24,39.71190042255364,40.47128343696686,39.205643841653874,39.89687728881836,6017800,0.0,0.0
2020-11-25,39.20564920331619,39.42956977116665,38.66044887689329,39.05961227416992,3811100,0.0,0.0
2020-11-27,38.89410833222604,39.09855706777462,38.407323506325525,38.66044998168945,2046800,0.0,0.0
2020-11-30,38.06656696886819,38.56308950673817,37.3850712719847,37.42401123046875,6425700,0.0,0.0
2020-12-01,38.45599201970406,38.72859026836653,38.05682870678862,38.27101516723633,6245700,0.0,0.0
2020-12-02,38.02763033987016,38.83569118572687,37.73555648549288,38.6799201965332,5175400,0.0,0.0
2020-12-03,38.621501441688906,39.2056453875476,38.475468240629,38.78701019287109,4581300,0.0,0.0
2020-12-04,39.18617464695299,39.7313749355571,39.08881917685764,39.61454391479492,4597600,0.0,0.0
2020-12-07,39.21538167236295,39.27379718442305,38.52414815874789,38.73833465576172,4478500,0.0,0.0
2020-12-08,38.24180557262896,38.894099014278446,38.14445011632192,38.4754638671875,3322600,0.0,0.0
2020-12-09,38.855159184784206,39.225116640270464,38.514411340173815,38.88436508178711,5388400,0.0,0.0
2020-12-10,38.24181473430513,38.88437055593888,38.02763193634288,38.66044998168945,4716300,0.0,0.0
2020-12-11,38.1108199528182,38.44451911859069,37.8458202529011,38.07155990600586,5299000,0.32,0.0
2020-12-14,38.572113144296665,38.6408163555242,37.37471164572793,37.45322799682617,3942000,0.0,0.0
2020-12-15,37.76730087714845,38.15007698073416,36.95267548255092,37.82619094848633,3292700,0.0,0.0
2020-12-16,38.0421131085108,38.05192999226425,37.37471103099826,37.61026382446289,3691200,0.0,0.0
2020-12-17,37.61026010470669,37.63970326496673,37.12933768158852,37.52192687988281,5233200,0.0,0.0
2020-12-18,37.49248973397216,37.74767256659637,36.285271297086,36.78582382202149,9293000,0.0,0.0
2020-12-21,36.42267742946129,36.97230313957935,36.098787641103705,36.677860260009766,5341700,0.0,0.0
2020-12-22,36.8643417498856,36.92322807638429,36.08897266927018,36.11841583251953,5374200,0.0,0.0
2020-12-23,36.56007954825994,37.33544857684727,36.55026640918335,36.746559143066406,3890600,0.0,0.0
2020-12-24,36.78582352279562,36.80545354730618,36.285271001931775,36.677860260009766,1613800,0.0,0.0
2020-12-28,36.85452455034186,37.31582073886476,36.34415517547578,36.38341522216797,3837300,0.0,0.0
2020-12-29,36.668044840912415,36.73674805040737,36.23619181660799,36.47174835205078,4047300,0.0,0.0
2020-12-30,36.42267475873341,37.3354502393,36.41285787517579,36.82508087158203,2522200,0.0,0.0
2020-12-31,36.83489320149515,37.25692932813893,36.54045034998749,37.158782958984375,2956200,0.0,0.0
2021-01-04,36.95267204247404,37.24711488366412,36.13804297966948,36.44230270385742,7081000,0.0,0.0
2021-01-05,36.58952699610594,37.30600604203966,36.491380617666266,37.05082321166992,4268000,0.0,0.0
2021-01-06,37.90470819317751,39.90692573733799,37.90470819317751,39.46525955200195,8198600,0.0,0.0
2021-01-07,40.02470046999866,40.27988703046192,39.60266432650064,40.13266372680664,5109700,0.0,0.0
2021-01-08,40.24062729702396,40.35840369443898,39.26896172222859,39.8676643371582,5344800,0.0,0.0
2021-01-11,39.18062552548687,40.03451463829983,38.97451590958466,39.533958435058594,3457000,0.0,0.0
2021-01-12,39.90692437617371,40.4958101071729,39.818591142119416,40.24062728881836,3975800,0.0,0.0
2021-01-13,39.936369588910736,40.35840575726717,39.68118675746108,39.965816497802734,3608400,0.0,0.0
2021-01-14,40.24062944538088,40.68229563932198,39.92655653947706,40.53507232666016,3984000,0.0,0.0
2021-01-15,40.12285212826539,40.74118104166207,39.77933232122296,40.58414459228516,7124400,0.0,0.0
2021-01-19,40.809886946312574,41.63432547625584,40.75099687529769,41.46747589111328,5159400,0.0,0.0
2021-01-20,41.44784440368388,41.78154730622825,41.22210475549858,41.30062484741211,6421300,0.0,0.0
2021-01-21,41.1730318747876,41.35951147839623,40.28969955444336,40.28969955444336,5608300,0.0,0.0
2021-01-22,39.77933180668792,40.171924797074254,39.21988922901616,39.337669372558594,4752300,0.0,0.0
2021-01-25,38.797850713977056,39.06285040475637,38.26785507646243,38.846927642822266,4084100,0.0,0.0
2021-01-26,39.13155759539495,39.20026080991857,38.28748525233968,38.38563537597656,3741300,0.0,0.0
2021-01-27,37.85563043938947,38.02248375330329,36.41285565596482,36.903594970703125,5772000,0.0,0.0
2021-01-28,37.35508417129906,38.208969672004855,37.22749088000688,37.76730346679688,5048200,0.0,0.0
2021-01-29,37.40415178251512,37.40415178251512,36.11841340893527,36.746559143066406,5291000,0.0,0.0
2021-02-01,37.031188435530446,37.207854889288434,36.18711621069648,36.7269287109375,3649500,0.0,0.0
2021-02-02,37.38452722718935,38.26785963501151,37.14897067042195,37.85563659667969,4878200,0.0,0.0
2021-02-03,37.81637273683901,38.62118496331199,37.76729955113584,38.22859573364258,4680700,0.0,0.0
2021-02-04,38.46414868564499,40.58414251578529,38.228595895653896,40.5743293762207,5088100,0.0,0.0
2021-02-05,41.04543787904275,41.15340113231367,40.41729212624182,40.90803146362305,3968200,0.0,0.0
2021-02-08,40.878590961692886,41.53617991943592,40.70192448921536,41.50673675537109,3899600,0.0,0.0
2021-02-09,41.33988230557414,41.72265840424844,40.97673623042728,41.35951232910156,3464700,0.0,0.0
2021-02-10,41.565618249082256,41.97784121826636,41.18284218458233,41.64413833618164,3705300,0.0,0.0
2021-02-11,41.54599631534769,41.742289065532624,40.525257540591525,40.82951354980469,3445600,0.0,0.0
2021-02-12,40.69210317963556,41.408582131630816,40.42710349973969,40.63321685791016,4154900,0.0,0.0
2021-02-16,40.96692143918649,41.84043685869979,40.74117804974364,41.369327545166016,4937300,0.0,0.0
2021-02-17,40.51544160785146,42.55691920529231,40.40747834628853,42.46858596801758,4872000,0.0,0.0
2021-02-18,41.67358271187414,42.20358208311637,40.72155096432115,41.3300666809082,4032600,0.0,0.0
2021-02-19,41.712846480749306,42.02691937825728,41.30062720678668,41.79136657714844,3664200,0.0,0.0
2021-02-22,41.71284259831928,43.52857660204032,41.673582553773855,43.28320693969727,6263200,0.0,0.0
2021-02-23,43.91135996937345,43.91135996937345,43.028027615926646,43.54821014404297,5021600,0.0,0.0
2021-02-24,43.68561492709806,45.108759779097,43.63654174131411,44.58857727050781,4552800,0.0,0.0
2021-02-25,45.1185736003959,45.27561003067261,43.06728312388167,43.135986328125,5388400,0.0,0.0
2021-02-26,44.16653813581867,44.41190779212877,42.82191346757157,43.135986328125,6181100,0.0,0.0
2021-03-01,44.068396180278405,47.11097872533886,43.93098601399903,44.470802307128906,7864700,0.0,0.0
2021-03-02,44.421721227972895,45.42282988169606,44.38246492817415,45.10875701904297,4611100,0.0,0.0
2021-03-03,45.19709407632409,46.79690543008461,45.19709407632409,46.13931274414063,5633200,0.0,0.0
2021-03-04,46.30616657827608,46.69875956617569,44.14691263291668,45.41302108764648,4876400,0.0,0.0
2021-03-05,46.07060497539665,46.39449471643783,45.0498700582755,46.10005187988281,5327800,0.0,0.0
2021-03-08,46.72820115214584,47.32690375365855,46.2669049685454,46.36505508422852,5921200,0.0,0.0
2021-03-09,45.7074652022994,46.3650579133472,44.9615429978132,45.75653839111328,5638400,0.0,0.0
2021-03-10,46.10005795935631,47.12079301108751,45.83505824829665,46.9637565612793,3822600,0.0,0.0
2021-03-11,46.77727632951011,47.48394221633855,46.620239881775376,47.120792388916016,4514600,0.0,0.0
2021-03-12,47.93542058981436,48.01393694011049,47.39560804537936,47.54282760620117,3069500,0.0,0.0
2021-03-15,47.49342710216806,47.81947074698351,46.95002479641777,47.76018905639648,2994000,0.32,0.0
2021-03-16,47.36498645517113,47.43414654470371,46.31770294571071,46.762306213378906,4247300,0.0,0.0
2021-03-17,47.058703469214166,47.453903411619,46.58446127696322,47.09822082519531,5361400,0.0,0.0
2021-03-18,47.50331302058502,48.41227640106365,47.1673909519424,47.246429443359375,5577600,0.0,0.0
2021-03-19,46.92038644666163,47.04882445785971,46.00154095977788,46.26830291748047,7285700,0.0,0.0
2021-03-22,46.001542623254174,46.0904632790372,45.27041681248911,45.67549896240234,4907000,0.0,0.0
2021-03-23,45.17161651325955,45.63597657492792,44.26264941599442,44.44049072265625,3497800,0.0,0.0
2021-03-24,45.05305100051236,45.59645706126793,44.410849662529806,44.45037078857422,3813500,0.0,0.0
2021-03-25,44.51953032784513,46.04105597244568,44.00576700240446,45.94225692749024,4707200,0.0,0.0
2021-03-26,46.47578146151797,46.73266124333681,45.65573505501324,46.258419036865234,3801800,0.0,0.0
2021-03-29,45.57669800914776,46.49554349095958,45.379096141317085,46.02130126953125,4409400,0.0,0.0
2021-03-30,46.40662525459314,46.999427120001485,46.04106046094705,46.77218627929688,3525300,0.0,0.0
2021-03-31,46.36710408357193,46.81170736670038,45.635978265878215,45.655738830566406,4318700,0.0,0.0
2021-04-01,45.438378377199854,45.87309947648635,45.32969716014268,45.82369995117188,3547700,0.0,0.0
2021-04-05,46.38686043543294,46.594340692402206,45.94225719268309,46.18925857543945,3437700,0.0,0.0
2021-04-06,46.13985910801223,46.47578113972144,45.685377467741546,46.10033798217773,3753100,0.0,0.0
2021-04-07,46.12010082542854,46.535061360381775,45.91262055795192,46.51530456542969,2719700,0.0,0.0
2021-04-08,45.94225893511644,45.99165845975287,45.2407758860296,45.50753784179688,3474900,0.0,0.0
2021-04-09,45.89285901404084,46.09046087982173,45.48777688521395,46.04105758666992,3141600,0.0,0.0
2021-04-12,46.13985963263788,46.66350136460191,46.05093898297021,46.59434127807617,3095300,0.0,0.0
2021-04-13,46.159620909573945,46.52518191099746,45.695257090912925,46.12997817993164,2958100,0.0,0.0
2021-04-14,46.04105912441938,47.236548756298646,46.04105912441938,46.920387268066406,3391100,0.0,0.0
2021-04-15,46.91050221707487,46.91050221707487,45.87309716204239,46.10033798217773,4451900,0.0,0.0
2021-04-16,46.54494304888512,47.11798432016651,46.29794165615611,46.53506088256836,4369100,0.0,0.0
2021-04-19,46.57458056434828,46.71290073695253,45.83357640916088,46.16949844360352,2809200,0.0,0.0
2021-04-20,45.91261814291558,46.090459439667306,44.68748962850839,44.98389053344727,4262000,0.0,0.0
2021-04-21,44.84557207025878,46.23865976857222,44.64797020312694,46.19913864135742,3682500,0.0,0.0
2021-04-22,46.12010292229292,46.63386630007596,45.73478133119124,45.902740478515625,4388500,0.0,0.0
2021-04-23,46.06082102565298,46.97966655529556,45.79405905553652,46.77218627929688,3242100,0.0,0.0
2021-04-26,47.09822389434341,47.967669854598405,46.88086523098628,46.959903717041016,3203500,0.0,0.0
2021-04-27,46.81170619589204,47.93803197235201,46.81170619589204,47.85898971557617,3580400,0.0,0.0
2021-04-28,47.888631761367805,48.14551155433053,47.45390689320323,47.63174819946289,2703400,0.0,0.0
2021-04-29,48.16526950322491,48.82723139807452,47.98742820662073,48.352989196777344,3800600,0.0,0.0
2021-04-30,48.076353874243885,48.5011965972708,47.730553410823084,47.868873596191406,3201200,0.0,0.0
2021-05-03,48.39251364635828,48.86675588022941,48.06647375948411,48.461673736572266,2585600,0.0,0.0
2021-05-04,48.31347221992421,48.70867217297493,47.80958728593637,47.8194694519043,6640800,0.0,0.0
2021-05-05,47.8787466226722,48.49131275906887,47.49342507267742,48.28382873535156,8786400,0.0,0.0
2021-05-06,48.41227260464832,49.7460786076077,48.08622895964725,49.5682373046875,5557800,0.0,0.0
2021-05-07,49.56823788952953,50.88228711339488,49.09399566579425,50.57600402832031,5582200,0.0,0.0
2021-05-10,50.70444698909432,52.06789576967176,50.684686424860764,51.29724884033203,6870100,0.0,0.0
2021-05-11,51.099646224182734,51.2379663926628,49.32123328960503,49.77571868896485,4646600,0.0,0.0
2021-05-12,50.3981622345517,50.42780496439542,49.321236017468856,49.47932052612305,5970600,0.0,0.0
2021-05-13,49.113752309814735,50.64516007508208,49.113752309814735,50.24007797241211,5064400,0.0,0.0
2021-05-14,50.38828222055653,51.277488708496094,50.24007988291927,51.277488708496094,4844800,0.0,0.0
2021-05-17,51.1292878358868,51.27749017777057,50.44756535489414,50.951446533203125,3247900,0.0,0.0
2021-05-18,50.80324280472852,51.08976531444784,50.4673245409856,50.49696350097656,3856100,0.0,0.0
2021-05-19,49.86464250103796,50.15116125295939,48.955675413560165,50.06224060058594,4145500,0.0,0.0
2021-05-20,50.0918825825723,50.30924124261737,49.42991689835781,49.923919677734375,3123500,0.0,0.0
2021-05-21,50.14128414185558,51.070008047959405,50.14128414185558,50.6945686340332,4198800,0.0,0.0
2021-05-24,50.88228541537884,51.366409789315966,50.68468355318119,51.25772857666016,2600700,0.0,0.0
2021-05-25,51.36641048049791,51.90981278214688,50.08200024340132,50.19068145751953,3569600,0.0,0.0
2021-05-26,50.65504616514954,50.90204755832721,50.1116438539471,50.75384521484375,2516500,0.0,0.0
2021-05-27,51.39605154359784,52.16669470222747,51.198449670657816,52.07777404785156,6287700,0.0,0.0
2021-05-28,52.186450527694,52.29513173638947,51.31700462707212,52.20621109008789,3116300,0.0,0.0
2021-06-01,52.69033711493152,53.18433988359681,52.48285308769617,52.90769577026367,5278200,0.0,0.0
2021-06-02,53.3226617027575,53.4313429182514,52.38405565951454,52.40381622314453,4146700,0.0,0.0
2021-06-03,52.31489607761377,53.03613969684953,52.10741581090392,52.89781951904297,4030000,0.0,0.0
2021-06-04,52.84841876957314,52.84841876957314,52.19633525434808,52.77925491333008,2851700,0.0,0.0
2021-06-07,52.818774155686185,52.887934240519805,52.23585074855857,52.43345260620117,2460700,0.0,0.0
2021-06-08,52.03824920988639,52.73973599726453,51.66280982390031,52.59153366088867,2227500,0.0,0.0
2021-06-09,52.166693384646905,52.24573563940344,51.51460985867415,51.53437042236328,2946900,0.0,0.0
2021-06-10,52.27537413710262,52.463093837072215,50.90204700888925,50.951446533203125,2213500,0.0,0.0
2021-06-11,51.20832980060278,51.52449127715578,51.07988802295873,51.39604949951172,3521800,0.0,0.0
2021-06-14,51.25687429578128,51.58493221649056,50.55104558392936,50.79957580566406,3130900,0.32,0.0
2021-06-15,50.84928376823835,51.60481395713726,50.69022458150857,51.227046966552734,3705300,0.0,0.0
2021-06-16,51.05804891966761,51.6744028024192,50.55104514802938,51.37616729736328,4259200,0.0,0.0
2021-06-17,51.56504961606896,51.61475490222441,48.4236277484388,48.4832763671875,5797500,0.0,0.0
2021-06-18,47.568682960473474,47.79733410184678,46.554682992197314,46.57456207275391,10722200,0.0,0.0
2021-06-21,46.98215170763585,47.47921215385077,46.95232929438944,47.46927261352539,7422800,0.0,0.0
2021-06-22,47.449388837958665,47.55874274080891,46.74356392790548,47.27044677734375,3181400,0.0,0.0
2021-06-23,47.28039167756453,47.7774521308062,47.16109443835192,47.44939041137695,2896400,0.0,0.0
2021-06-24,47.518977665440566,48.155214426696,47.29033031638128,47.92656707763672,2818000,0.0,0.0
2021-06-25,48.18504196394018,48.94057219074693,48.01603943640833,48.73180770874024,3276300,0.0,0.0
2021-06-28,48.54292361835792,48.67215660026724,47.31021207817182,47.678035736083984,2961600,0.0,0.0
2021-06-29,48.065742044019984,48.42362616023375,46.90262245859535,47.12133026123047,2742500,0.0,0.0
2021-06-30,46.91256287436688,47.45933239116188,46.91256287436688,47.32015228271485,2586800,0.0,0.0
2021-07-01,47.747626808210384,48.27451347713788,47.4891570363419,47.9862174987793,2888400,0.0,0.0
2021-07-02,48.04586589686825,48.10551072503133,47.52892256325617,47.76750946044922,1995000,0.0,0.0
2021-07-06,47.24062551215785,47.40962424447133,46.04767967650467,46.335975646972656,3598600,0.0,0.0
2021-07-07,45.92838777990688,46.77338905451896,45.7494457089092,46.51491928100586,4108200,0.0,0.0
2021-07-08,45.60032431925139,45.72956109723141,44.33779032953801,44.59626388549805,5412000,0.0,0.0
2021-07-09,45.6003234014921,46.80321254044382,45.26232215284181,46.59444427490234,5044800,0.0,0.0
2021-07-12,46.07750272055003,47.44939063994111,45.6997395047013,47.161094665527344,3450700,0.0,0.0
2021-07-13,47.12133182993941,47.27044768847925,46.40556357368334,46.45526885986328,2983400,0.0,0.0
2021-07-14,46.61432737730858,47.07162207118746,45.74944327501238,46.137149810791016,2792200,0.0,0.0
2021-07-15,47.22074304938664,47.91662844225272,46.7435654694337,47.787391662597656,7698900,0.0,0.0
2021-07-16,47.91662779510784,47.96633308129762,46.365797837003,46.624271392822266,4384800,0.0,0.0
2021-07-19,45.2325001931546,45.51085282697063,44.27814505526806,44.66585159301758,5465300,0.0,0.0
2021-07-20,44.70561625491909,47.25056322759859,44.60620189362997,46.95232772827149,5131200,0.0,0.0
2021-07-21,47.36986292466964,48.68210222376955,47.36986292466964,48.00609970092773,3970900,0.0,0.0
2021-07-22,47.81721410066736,47.81721410066736,46.96227330631756,47.280391693115234,2815300,0.0,0.0
2021-07-23,47.68797998281372,48.06574318801246,46.85291828919669,47.0318603515625,3029600,0.0,0.0
2021-07-26,47.002035910011,47.72774372693903,46.90262533486428,47.42950820922852,3026800,0.0,0.0
2021-07-27,46.80321498931386,47.5289228098019,46.504975677869965,47.141212463378906,2347700,0.0,0.0
2021-07-28,47.2903307928356,47.46927285777533,45.908503352011245,46.67397689819336,2956000,0.0,0.0
2021-07-29,47.29033031859733,47.70786306335967,46.73362125633762,47.588565826416016,3492500,0.0,0.0
2021-07-30,47.220744413019176,47.99615752880117,46.862860269651975,47.071624755859375,4695600,0.0,0.0
2021-08-02,47.58856741842415,48.55286592515836,47.00203592344207,47.09150695800781,2779100,0.0,0.0
2021-08-03,47.42950530791537,47.51897633698252,46.16697136097675,47.45933151245117,2346500,0.0,0.0
2021-08-04,46.763447027768926,47.35991803787135,46.49503393554177,46.81315231323242,3592100,0.0,0.0
2021-08-05,47.32015470537189,48.46339529067546,47.32015470537189,48.37392425537109,4686400,0.0,0.0
2021-08-06,49.9545739192858,51.077931568759126,49.70604370078189,50.65045928955078,4807600,0.0,0.0
2021-08-09,50.37210307601602,51.8434053128888,50.09375044365802,51.545166015625,4388700,0.0,0.0
2021-08-10,51.55510979152638,53.09599640747231,51.55510979152638,52.82758331298828,7491300,0.0,0.0
2021-08-11,53.115878178194656,53.80182021057465,52.46969809833266,53.76205825805664,5623200,0.0,0.0
2021-08-12,53.93105991517184,54.25912163909307,53.31470600654843,53.563236236572266,3647700,0.0,0.0
2021-08-13,53.86147194385651,54.60706263655411,53.57317596586855,54.288944244384766,4674900,0.0,0.0
2021-08-16,53.92112056448965,54.50765206110258,53.414116769783874,54.288944244384766,4648600,0.0,0.0
2021-08-17,53.93105741419738,54.636882324588576,53.4936455948571,53.69246673583984,4490900,0.0,0.0
2021-08-18,53.43399966834272,54.57724024792238,53.21529185152252,53.443939208984375,5002900,0.0,0.0
2021-08-19,52.62876061999841,53.58311959403564,52.23111452373075,52.64864349365234,7291400,0.0,0.0
2021-08-20,52.72817162856549,53.51352802263853,52.41005325491288,53.25505447387695,4040800,0.0,0.0
2021-08-23,53.75211603516544,54.43805808170325,53.68252787648495,53.84158706665039,3738400,0.0,0.0
2021-08-24,53.8415879637449,54.36847082889605,53.573174864817815,54.04041290283203,3797600,0.0,0.0
2021-08-25,54.2193529477404,55.1737080690604,53.90123457396707,54.607059478759766,4019300,0.0,0.0
2021-08-26,54.75618117433199,54.80588646104318,53.67258923803867,53.70241165161133,3308100,0.0,0.0
2021-08-27,54.02052911381504,54.78600265134672,53.83164751063329,54.68658828735352,3485500,0.0,0.0
2021-08-30,54.72635496848904,54.72635496848904,53.68252877847279,53.70241165161133,3711400,0.0,0.0
2021-08-31,53.53341000396673,54.49770850951272,53.53341000396673,54.23923873901367,5703900,0.0,0.0
2021-09-01,54.36847105545893,54.49770783524466,53.89129347502351,54.25912094116211,4014300,0.0,0.0
2021-09-02,54.44800162621144,55.06435551646827,54.32870818119049,54.9052963256836,5228000,0.0,0.0
2021-09-03,54.82576727413517,55.09417657074436,54.26905822398506,54.77605819702149,4556800,0.0,0.0
2021-09-07,54.88541322490339,55.45206182673781,54.32870795560373,54.34858703613281,4783000,0.0,0.0
2021-09-08,54.17958743086167,54.68658740611122,53.98076249834942,54.48776626586914,3349300,0.0,0.0
2021-09-09,54.47782314119341,55.46200447513264,54.278998207923145,54.36846923828125,4669900,0.0,0.0
2021-09-10,54.84564953052582,55.05441780659133,54.08017975661031,54.11994171142578,3220800,0.0,0.0
2021-09-13,54.78600467323616,55.00471248982245,54.28894421173668,54.79594421386719,4962000,0.0,0.0
2021-09-14,55.014650472979,55.06435575926771,53.95094141886553,54.11000061035156,5109600,0.0,0.0
2021-09-15,54.20000076293945,54.7599983215332,53.869998931884766,54.45000076293945,4194300,0.32,0.0
2021-09-16,54.470001220703125,55.060001373291016,54.04999923706055,54.34999847412109,3423200,0.0,0.0
2021-09-17,54.09000015258789,55.040000915527344,53.59000015258789,53.810001373291016,7278400,0.0,0.0
2021-09-20 00:00:00,52.22999954223633,53.310001373291016,52.0,53.22999954223633,7959300,0.0,0.0
2021-09-21 00:00:00,53.709999084472656,53.81999969482422,52.90999984741211,52.959999084472656,5580520,0.0,0.0
2021-09-22,53.83000183105469,54.1349983215332,53.470001220703125,53.709999084472656,4876635,0,0
