Date,Open,High,Low,Close,Volume,Dividends,Stock Splits
2012-11-08,5.397381373219205,5.397381373219205,5.1229382525470415,5.251011848449707,3141100,0.0,0
2012-11-09,5.13757428061492,5.166848180301536,4.943634607947984,5.0058417320251465,356000,0.0,0
2012-11-12,4.972909409620962,5.068049775345231,4.855813789635691,4.958272457122803,205200,0.0,0
2012-11-13,4.870450096366848,4.958271799711628,4.581370061127624,4.866790771484375,190300,0.0,0
2012-11-14,4.8119025230407715,4.958272395165843,4.8119025230407715,4.8119025230407715,184700,0.0,0
2012-11-15,4.804583363579096,4.830197938314564,4.596006743081921,4.713102340698242,156700,0.0,0
2012-11-16,4.628939433229213,5.086344529357492,4.467932992939913,4.994863510131836,154600,0.0,0
2012-11-19,4.950953806387486,5.11927893460255,4.936316853889328,4.958272457122803,59200,0.0,0
2012-11-20,4.881427241716564,5.013159783771446,4.881427241716564,4.994863510131836,107100,0.0,0
2012-11-21,4.852153488088268,4.976567733778594,4.841175514193895,4.943634510040283,43400,0.0,0
2012-11-23,4.939975179696397,5.100981624597903,4.939975179696397,5.071707725524902,26700,0.0,0
2012-11-26,5.1229389537464485,5.1229389537464485,5.013161620657377,5.031457901000977,87800,0.0,0
2012-11-27,5.031457193247141,5.122938233124361,5.013160915477202,5.119278907775879,54300,0.0,0
2012-11-28,5.122938114803122,5.122938114803122,5.027797751774815,5.108301162719727,76600,0.0,0
2012-11-29,5.1192777242981995,5.265647563647369,5.075366877185166,5.258328914642334,82500,0.0,0
2012-11-30,5.214420360318577,5.258331226739291,5.064391479471334,5.163190841674805,61300,0.0,0
2012-12-03,4.94363501042269,5.159530299917413,4.939975685420844,5.086345195770264,54500,0.0,0
2012-12-04,5.086343964984988,5.225395140655778,4.9033819468348465,5.177824974060059,72600,0.0,0
2012-12-05,5.1595292703883775,5.1595292703883775,4.903382154929659,5.122936725616455,129300,0.0,0
2012-12-06,5.104641471807051,5.122937747843839,5.082686219740858,5.086345195770264,21000,0.0,0
2012-12-07,5.13757480556891,5.203441261080193,4.918020186512931,4.987545967102051,71000,0.0,0
2012-12-10,5.100981400743027,5.100981400743027,4.918019365079796,4.998522758483887,23000,0.0,0
2012-12-11,4.950952973715964,5.035115698154901,4.921679073643051,4.969249248504639,49900,0.0,0
2012-12-12,5.0973230512378604,5.104641352097489,4.830198264898996,5.075367450714111,98100,0.0,0
2012-12-13,4.866792393662026,4.9582734523813405,4.669193320787209,4.907043933868408,78500,0.0,0
2012-12-14,4.848494365654281,5.024137767620279,4.742376389723386,4.983886241912842,91800,0.0,0
2012-12-17,4.994863191873033,5.00218184045151,4.811901165079553,4.976567268371582,233600,0.0,0
2012-12-18,5.009501219624181,5.031456821118757,4.815561527140615,4.987545967102051,137500,0.0,0
2012-12-19,5.031455736820678,5.031455736820678,4.925337775239354,4.976567268371582,185900,0.0,0
2012-12-20,4.907041691962257,5.108299998989308,4.757012880042647,5.068048477172852,65300,0.0,0
2012-12-21,4.958272106124249,5.115619247097655,4.9070426015210185,5.002182960510254,593900,0.0,0
2012-12-24,4.969250210119585,5.111960762320708,4.8850878183665385,5.035116672515869,27700,0.0,0
2012-12-26,5.049753497479414,5.064390449977573,4.8484951389003745,4.958272457122803,60300,0.0,0
2012-12-27,4.954612789561191,5.071708401459167,4.683829012560897,4.808243274688721,198900,0.0,0
2012-12-28,4.650896440811869,4.939976535209683,4.650896440811869,4.914361953735352,106200,0.0,0
2012-12-31,4.885086609429965,5.016819152649548,4.863131011073837,5.009500503540039,67600,0.0,0
2013-01-02,5.075367148232341,5.155870546725005,4.822879676605347,5.133914947509766,148600,0.0,0
2013-01-03,5.122937587925155,5.283944044283505,5.038775209344578,5.254670143127441,102900,0.0,0
2013-01-04,5.26198970756323,5.269308009638129,5.181486290904408,5.240034103393555,42800,0.0,0
2013-01-07,5.229055218116458,5.29492166581097,5.071707748167304,5.137574195861816,106900,0.0,0
2013-01-08,5.119278371183959,5.243692628211735,4.939975635572132,5.1888041496276855,117800,0.0,0
2013-01-09,5.0534110948547415,5.2144175172790295,5.0534110948547415,5.177824974060059,46400,0.0,0
2013-01-10,5.177826452965347,5.272966813331041,5.155871199940927,5.225396633148193,43800,0.0,0
2013-01-11,5.2583296995742135,5.2583296995742135,5.16684866718989,5.199781894683838,20600,0.0,0
2013-01-14,5.280284468004886,5.280284468004886,5.1961217500211045,5.243691921234131,37300,0.0,0
2013-01-15,5.29553748420066,5.29553748420066,5.088159639886385,5.273318290710449,50600,0.17,0
2013-01-16,5.236287369856875,5.236287369856875,5.091863478598262,5.136301517486572,72600,0.0,0
2013-01-17,5.1140815059106455,5.239989077406332,5.1140815059106455,5.214066982269287,30500,0.0,0
2013-01-18,5.184441303951382,5.22887932989152,5.110377927384484,5.147409439086914,32600,0.0,0
2013-01-22,5.173331665195478,5.269613874046503,5.173331665195478,5.247395038604736,38700,0.0,0
2013-01-23,5.239990359937342,5.325163534060563,5.221474774971645,5.2585062980651855,74000,0.0,0
2013-01-24,5.2511001347113355,5.2585062980651855,5.165926960588115,5.2585062980651855,17500,0.0,0
2013-01-25,5.25850548470546,5.25850548470546,5.210364194284184,5.254802227020264,30900,0.0,0
2013-01-28,5.258504727772184,5.295536592969427,5.188144607691871,5.262207984924316,39500,0.0,0
2013-01-29,5.273318616270228,5.332569331685965,5.258505937416294,5.317756652832031,34300,0.0,0
2013-01-30,5.314051628112793,5.3325672044224,5.277019769169618,5.314051628112793,35300,0.0,0
2013-01-31,5.314051702858385,5.332567279428425,5.202956477628212,5.321457862854004,138100,0.0,0
2013-02-01,5.317757168930538,5.40293034547847,5.280725644782784,5.369601726531982,91600,0.0,0
2013-02-04,5.377007472034769,5.402929570536408,5.228880337203155,5.239989757537842,57600,0.0,0
2013-02-05,5.280725452891701,5.399226890917859,5.280725452891701,5.362195014953613,42000,0.0,0
2013-02-06,5.328865255694095,5.36960002529941,5.328865255694095,5.354787349700928,29200,0.0,0
2013-02-07,5.336270460949114,5.343676974002541,5.280723025696331,5.314051628112793,13400,0.0,0
2013-02-08,5.310350769068836,5.32886670689988,5.243693534141936,5.291834831237793,6400,0.0,0
2013-02-11,5.2918349007055845,5.3325696819389075,5.273318962631476,5.280725479125977,3500,0.0,0
2013-02-12,5.258505260738292,5.332568645477295,5.243692583790491,5.332568645477295,18800,0.0,0
2013-02-13,5.273318822051003,5.369601414939872,5.243693463187064,5.284428596496582,56100,0.0,0
2013-02-14,5.277020855141262,5.365896911100538,5.206660732464015,5.310349464416504,53400,0.0,0
2013-02-15,5.339974816402929,5.362193653811722,5.295536788423291,5.310349464416504,46500,0.0,0
2013-02-19,5.343678204462399,5.347381108679779,5.2585050505455255,5.3288655281066895,36900,0.0,0
2013-02-20,5.284428596496582,5.336272797927407,5.284428596496582,5.284428596496582,26900,0.0,0
2013-02-21,5.310350854190718,5.314054112448715,5.2585062980651855,5.2585062980651855,27700,0.0,0
2013-02-22,5.295537565535486,5.317756406204861,5.221474174700732,5.239989757537842,29500,0.0,0
2013-02-25,5.291834307703223,5.314053501534701,5.202958238701517,5.239989757537842,39700,0.0,0
2013-02-26,5.247396805116322,5.277022164453264,5.232584125447851,5.251100063323975,10300,0.0,0
2013-02-27,5.258506142619034,5.306647439063468,5.258506142619034,5.284428596496582,18200,0.0,0
2013-02-28,5.295536647306999,5.3621935109191465,5.295536647306999,5.354787349700928,33200,0.0,0
2013-03-01,5.30664659933754,5.384413242340088,5.295537179812056,5.384413242340088,34700,0.0,0
2013-03-04,5.3770070862009,5.384413248171884,5.251099154235445,5.3436784744262695,56500,0.0,0
2013-03-05,5.3733038902282715,5.388116567502117,5.302943408305942,5.3733038902282715,37100,0.0,0
2013-03-06,5.369601516099029,5.369601516099029,5.22147471898874,5.228880882263184,37200,0.0,0
2013-03-07,5.247395565864041,5.362193717892825,5.247395565864041,5.339974880218506,12300,0.0,0
2013-03-08,5.351085268543913,5.369601205401861,5.277021874274243,5.317756652832031,47000,0.0,0
2013-03-11,5.317757168930538,5.384414406823515,5.284428903146206,5.369601726531982,35800,0.0,0
2013-03-12,5.369601181007192,5.402929796567658,5.336272565446725,5.380710601806641,21100,0.0,0
2013-03-13,5.362193999372896,5.4066323833783745,5.332568645477295,5.332568645477295,41700,0.0,0
2013-03-14,5.3436788149959495,5.369600913289613,5.336272299390845,5.3658976554870605,20300,0.0,0
2013-03-15,5.3658973135013035,5.369600571067835,5.332568701726673,5.3436784744262695,51500,0.0,0
2013-03-18,5.336272982896381,5.369601601064102,5.332569724619491,5.351085662841797,26600,0.0,0
2013-03-19,5.362194277022993,5.3658975347422135,5.295537403887488,5.306646823883057,34100,0.0,0
2013-03-20,5.310350201097181,5.3658976554870605,5.236286810856641,5.3658976554870605,34500,0.0,0
2013-03-21,5.332568981923941,5.40292946673679,5.332568981923941,5.336272239685059,12100,0.0,0
2013-03-22,5.317756251463905,5.384413477856583,5.251099378233321,5.265912055969238,19500,0.0,0
2013-03-25,5.343678073691746,5.369600168389354,5.254801664570417,5.310349464416504,16900,0.0,0
2013-03-26,5.347381659806314,5.517727632034662,5.221474074387186,5.336272239685059,30900,0.0,0
2013-03-27,5.288131657804876,5.328866792318561,5.147411022460272,5.2585062980651855,442700,0.0,0
2013-03-28,5.228879594657558,5.28072413746057,5.110378186150164,5.184441566467285,80200,0.0,0
2013-04-01,5.191849188720824,5.225177452102314,5.099269855282825,5.140004634857178,45800,0.0,0
2013-04-02,5.177035990541829,5.228880542745166,5.110379112751388,5.206661701202393,60200,0.0,0
2013-04-03,5.228880710198745,5.228880710198745,5.136301376760747,5.140004634857178,29500,0.0,0
2013-04-04,5.165925762490331,5.22147356399104,5.154816343455015,5.202957630157471,16700,0.0,0
2013-04-05,5.143706452760463,5.291833203522205,5.114081102608114,5.243691921234131,24500,0.0,0
2013-04-08,5.288130350108507,5.3140527983420105,5.199254292867504,5.2770209312438965,39000,0.0,0
2013-04-09,5.302942480371175,5.369599693020517,5.2436917816437685,5.247395038604736,22700,0.0,0
2013-04-10,5.317755968529495,5.402929125850905,5.217770487422359,5.332568645477295,83500,0.0,0
2013-04-11,5.3325686959510294,5.406632434553136,5.314053114462583,5.384413242340088,37500,0.0,0
2013-04-12,5.4029298178947665,5.4029298178947665,5.247396513440062,5.299241065979004,149200,0.0,0
2013-04-15,5.303033853191671,5.435799513587898,5.189235129146129,5.200614929199219,80600,0.34,0
2013-04-16,5.2461344911689,5.4244197135348085,5.166475167282628,5.200614929199219,23100,0.0,0
2013-04-17,5.139921138176129,5.177853917917535,4.973015749690752,5.079228401184082,83000,0.0,0
2013-04-18,5.083022775459172,5.17406226687527,5.083022775459172,5.090609550476074,25400,0.0,0
2013-04-19,5.098195671702719,5.193028183437762,5.098195671702719,5.14750862121582,4200,0.0,0
2013-04-22,5.120953919215435,5.196819830852371,5.083020782518366,5.155093669891357,52200,0.0,0
2013-04-23,5.174061922870256,5.2271678974283615,5.0754360247518875,5.170268535614014,47800,0.0,0
2013-04-24,5.200614437587358,5.310620125721293,5.200614437587358,5.303033351898193,24100,0.0,0
2013-04-25,5.29165356601525,5.306826751941709,5.234754209230351,5.284067153930664,18800,0.0,0
2013-04-26,5.280274604211716,5.310620980876135,5.230961651692699,5.234755039215088,22500,0.0,0
2013-04-29,5.268894820334872,5.31062099794321,5.242341469350161,5.265101432800293,24500,0.0,0
2013-04-30,5.265102071182294,5.37890117871615,5.265102071182294,5.29165506362915,19600,0.0,0
2013-05-01,5.257515021744885,5.29165478840514,5.215788841247559,5.215788841247559,39000,0.0,0
2013-05-02,5.227167085669199,5.291653211981581,5.215787287425033,5.249927043914795,14500,0.0,0
2013-05-03,5.272688012450292,5.291654588964185,5.16647569043279,5.177855491638184,21300,0.0,0
2013-05-06,5.181649074587304,5.249928607907813,5.158889471318715,5.215788841247559,14500,0.0,0
2013-05-07,5.249928880961605,5.29165506362915,5.177855956095293,5.29165506362915,49400,0.0,0
2013-05-08,5.344759302587849,5.344759302587849,5.12095456377149,5.181647300720215,40200,0.0,0
2013-05-09,5.136128620931509,5.162681607420139,4.8478377096706575,4.976809978485107,251500,0.0,0
2013-05-10,4.946463653877347,4.946463653877347,4.722658874805601,4.821284770965576,179900,0.0,0
2013-05-13,4.794730826802755,4.851630176125611,4.646792012103189,4.737831115722656,147400,0.0,0
2013-05-14,4.741625095950358,4.783351266562098,4.589893237582861,4.654379367828369,223500,0.0,0
2013-05-15,4.646793913882298,4.7605930208594645,4.532994806905132,4.749213218688965,149200,0.0,0
2013-05-16,4.74162493342456,4.779558077594865,4.624032475902431,4.677138805389404,96300,0.0,0
2013-05-17,4.696105627571093,4.749211959886305,4.593686349911174,4.692312240600586,79700,0.0,0
2013-05-20,4.669553061248168,4.684726248734252,4.589893736506897,4.601273536682129,36600,0.0,0
2013-05-21,4.6202400020657555,4.741625499079859,4.616446614844736,4.665759563446045,58100,0.0,0
2013-05-22,4.673345543655944,4.711278688841149,4.544373284134989,4.642999172210693,166600,0.0,0
2013-05-23,4.612651981050825,4.680931485547325,4.472299947619188,4.589892387390137,59700,0.0,0
2013-05-24,4.5785130562165355,4.612652814634411,4.514026926262166,4.5405802726745605,26300,0.0,0
2013-05-28,4.5823071265795425,4.661966454183878,4.5329941750380645,4.627826690673828,28200,0.0,0
2013-05-29,4.646793243806281,4.646793243806281,4.438161638059429,4.4836812019348145,142600,0.0,0
2013-05-30,4.506440537438358,4.53299352223006,4.3926414627124695,4.487473964691162,112200,0.0,0
2013-05-31,4.449539986977902,4.449539986977902,4.275048563260072,4.350914478302002,254200,0.0,0
2013-06-03,4.3660889966584495,4.411608559605555,4.252289908412022,4.331949234008789,114700,0.0,0
2013-06-04,4.328155557709213,4.358501930981357,4.191596877984565,4.256083011627197,214100,0.0,0
2013-06-05,4.309190112420433,4.33953649363937,4.240910935556525,4.282637119293213,71200,0.0,0
2013-06-06,4.271256265129669,4.316775825750492,4.233323117066994,4.263669490814209,41300,0.0,0
2013-06-07,4.290222562863035,4.449540833896881,4.233322844433466,4.385055065155029,52800,0.0,0
2013-06-10,4.43436927727154,4.567134973963874,4.362296708222007,4.472302436828613,69100,0.0,0
2013-06-11,4.453334603142955,4.476094564820254,4.3660888671875,4.3660888671875,48500,0.0,0
2013-06-12,4.366088705178045,4.468507624532205,4.248496237430508,4.256083011627197,45300,0.0,0
2013-06-13,4.2333222324178,4.434367006919541,4.2333222324178,4.407814025878906,21500,0.0,0
2013-06-14,4.40023007977413,4.510235813680611,4.3016041495800605,4.39643669128418,50600,0.0,0
2013-06-17,4.449542063921292,4.472302029936307,4.297810163012488,4.430575847625732,39700,0.0,0
2013-06-18,4.419194169630709,4.593685976769966,4.419194169630709,4.544373035430908,46900,0.0,0
2013-06-19,4.529200698939678,4.612653412357764,4.42678177217154,4.476094722747803,57700,0.0,0
2013-06-20,4.430574771822382,4.514027116180175,4.233322986778945,4.381261825561523,100400,0.0,0
2013-06-21,4.404020789799025,4.449540342460835,4.301601886749268,4.301601886749268,110200,0.0,0
2013-06-24,4.297807966057325,4.392640446088171,4.229528464672812,4.240908622741699,104800,0.0,0
2013-06-25,4.29401538652154,4.362294900730077,4.286428974807964,4.347121715545654,32800,0.0,0
2013-06-26,4.362294224999609,4.495059846115526,4.362294224999609,4.392640590667725,29200,0.0,0
2013-06-27,4.476093664893733,4.544372812683349,4.407814155346871,4.457127094268799,66100,0.0,0
2013-06-28,4.457127289239172,4.597479339191576,4.388847776705525,4.514026641845703,880900,0.0,0
2013-07-01,4.48747224548308,4.578511325682639,4.426779525350041,4.441952705383301,34900,0.0,0
2013-07-02,4.460919641529422,4.479886208586247,4.4078133261217465,4.4229865074157715,27200,0.0,0
2013-07-03,4.430575387344626,4.4874747538349515,4.419195224640681,4.460921764373779,10000,0.0,0
2013-07-05,4.445747590112175,4.491267145562943,4.366088277634015,4.449540615081787,24800,0.0,0
2013-07-08,4.502645999044164,4.548165544942029,4.4457466571111315,4.532992362976074,15100,0.0,0
2013-07-09,4.5481666046404525,4.551959991455078,4.472300677134323,4.551959991455078,13200,0.0,0
2013-07-10,4.551959808755654,4.551959808755654,4.476093884294512,4.544373035430908,24500,0.0,0
2013-07-11,4.532994963699518,4.680933844062717,4.419195852786087,4.63162088394165,55900,0.0,0
2013-07-12,4.658172110481406,4.756797993317896,4.639205538896348,4.711278438568115,69300,0.0,0
2013-07-15,4.754179604908073,4.76977985178132,4.6371779393283274,4.70737886428833,69600,0.34,0
2013-07-16,4.668379082790621,4.793181075145762,4.629378274210001,4.6449785232543945,50400,0.0,0
2013-07-17,4.695678124373522,4.773679347979892,4.625476837158203,4.625476837158203,21700,0.0,0
2013-07-18,4.6722772994811805,4.6722772994811805,4.62157678604126,4.62157678604126,49800,0.0,0
2013-07-19,4.5864771091548056,4.664478344629024,4.535776213111756,4.64887809753418,34000,0.0,0
2013-07-22,4.641078368008477,4.668379082790621,4.641078368008477,4.6449785232543945,35600,0.0,0
2013-07-23,4.644978478826986,4.742480127406694,4.644978478826986,4.660578727722168,45500,0.0,0
2013-07-24,4.660577919183913,4.6761781653726935,4.641077518463135,4.641077518463135,13600,0.0,0
2013-07-25,4.641078073321306,4.730779778585373,4.641078073321306,4.683979034423828,26600,0.0,0
2013-07-26,4.691777848943898,4.691777848943898,4.641076961925389,4.672277450561523,17000,0.0,0
2013-07-29,4.6956787342215165,4.6956787342215165,4.637177901903778,4.652778148651123,21500,0.0,0
2013-07-30,4.64107697857087,4.652777440805757,4.625476734196851,4.6293768882751465,27700,0.0,0
2013-07-31,4.652778469185931,4.754179894059714,4.648878314245603,4.7424798011779785,41900,0.0,0
2013-08-01,4.734679325487351,4.761979663090466,4.664478032291677,4.73077917098999,11700,0.0,0
2013-08-02,4.715178966522217,4.738579149834335,4.680078319614832,4.715178966522217,13000,0.0,0
2013-08-05,4.71127909959191,4.769779933382613,4.6878789148513205,4.750279903411865,36500,0.0,0
2013-08-06,4.816581046742252,4.824380984342705,4.6878789148513205,4.750279903411865,24200,0.0,0
2013-08-07,4.812680181738618,4.85558076205811,4.680077914646694,4.800980091094971,22800,0.0,0
2013-08-08,4.797080749592394,4.797080749592394,4.726879449959088,4.746379852294922,14500,0.0,0
2013-08-09,4.758079802615911,4.7931804513827725,4.680078567544678,4.691778659820557,15100,0.0,0
2013-08-12,4.691777874078625,4.758079005770388,4.680077783762185,4.7034783363342285,32100,0.0,0
2013-08-13,4.68397913839173,4.695679231707004,4.680078983306885,4.680078983306885,11500,0.0,0
2013-08-14,4.691779076622159,4.754180070222636,4.680078983306885,4.680078983306885,9900,0.0,0
2013-08-15,4.703479437475951,4.7151795305315245,4.680078879425553,4.683979034423828,17900,0.0,0
2013-08-16,4.687879293476574,4.722979573422397,4.680078983306885,4.680078983306885,11800,0.0,0
2013-08-19,4.68007831990469,4.765879859912588,4.641077518463135,4.641077518463135,36000,0.0,0
2013-08-20,4.660578043846257,4.738579276876558,4.641077642603878,4.6683783531188965,21900,0.0,0
2013-08-21,4.648877785876004,4.72297886162401,4.641077476881896,4.656677722930908,10800,0.0,0
2013-08-22,4.680077783762185,4.7034783363342285,4.644977140873702,4.7034783363342285,4200,0.0,0
2013-08-23,4.6527766983170045,4.738577842712402,4.6527766983170045,4.738577842712402,2700,0.0,0
2013-08-26,4.668376940201541,4.738577842712402,4.6527766983170045,4.738577842712402,6900,0.0,0
2013-08-27,4.680078983306885,4.730779883592088,4.644978331421801,4.680078983306885,11400,0.0,0
2013-08-28,4.672277040142446,4.738578165655043,4.652777015412142,4.687877655029297,14800,0.0,0
2013-08-29,4.699578410151294,4.738578837077108,4.660577611286297,4.722978591918945,11600,0.0,0
2013-08-30,4.734678061195597,4.8516796893600675,4.699577423970614,4.738577842712402,35300,0.0,0
2013-09-03,4.765880358880695,4.882882403515788,4.722979398415588,4.7424798011779785,16800,0.0,0
2013-09-04,4.722979754608668,4.820481403834655,4.683979318081837,4.719079971313477,10700,0.0,0
2013-09-05,4.683978515728139,4.816580795471329,4.683978515728139,4.699578762054443,8400,0.0,0
2013-09-06,4.7619794516340095,4.78147985131569,4.641077271158941,4.664477825164795,42300,0.0,0
2013-09-09,4.699577423970614,4.781478786849206,4.680077028630167,4.738577842712402,27900,0.0,0
2013-09-10,4.703479367592445,4.761980203940368,4.699579212652118,4.7424798011779785,4600,0.0,0
2013-09-11,4.726879265864695,4.804880500230933,4.699578926821318,4.70737886428833,16100,0.0,0
2013-09-12,4.719079328397683,4.730779420567813,4.699578926821318,4.70737886428833,10700,0.0,0
2013-09-13,4.703478853370382,4.797080330069493,4.703478853370382,4.758079528808594,17200,0.0,0
2013-09-16,4.812681102346883,4.812681102346883,4.738579646237651,4.7424798011779785,6600,0.0,0
2013-09-17,4.781480168212649,4.797080414604077,4.71517902806428,4.726879119873047,12200,0.0,0
2013-09-18,4.761981010437012,4.793181511365304,4.758080854836148,4.761981010437012,4700,0.0,0
2013-09-19,4.758079138836304,4.820480118187992,4.758079138836304,4.800980091094971,20100,0.0,0
2013-09-20,4.797080205326088,4.820480387922764,4.761979559491878,4.804880142211914,3700,0.0,0
2013-09-23,4.781479595185811,4.890681306838742,4.758079042433455,4.8750810623168945,24300,0.0,0
2013-09-24,4.882881974298003,4.882881974298003,4.773679877203461,4.828280925750732,18000,0.0,0
2013-09-25,4.851680837834441,4.910182037703998,4.781479918705843,4.8204803466796875,9500,0.0,0
2013-09-26,4.8711809709449385,4.910181768721491,4.804879837888302,4.886781215667725,17500,0.0,0
2013-09-27,4.886781609480492,4.91798210144043,4.8438810260203775,4.91798210144043,13900,0.0,0
2013-09-30,4.824380949918543,4.937482833862305,4.824380949918543,4.937482833862305,15100,0.0,0
2013-10-01,4.941382258167064,5.046683817061079,4.839980481499365,4.886781215667725,22900,0.0,0
2013-10-02,4.945283456482207,4.945283456482207,4.871181999448772,4.929683208465576,7600,0.0,0
2013-10-03,4.902381420135498,4.949182153919562,4.8360802876232825,4.902381420135498,8800,0.0,0
2013-10-04,4.906282624053453,4.980384080687894,4.894582531088791,4.972583770751953,20500,0.0,0
2013-10-07,4.92578236895345,4.984283197901295,4.917982060059498,4.933582305908203,6500,0.0,0
2013-10-08,4.984282838169933,4.984282838169933,4.839980481499365,4.886781215667725,44100,0.0,0
2013-10-09,4.92188231941111,4.92188231941111,4.81658075067276,4.859481334686279,16500,0.0,0
2013-10-10,4.878980079751163,4.968681371868825,4.797078722107652,4.953081130981445,57200,0.0,0
2013-10-11,4.917982080988439,4.945282790294254,4.863381406255213,4.890681743621826,4600,0.0,0
2013-10-14,4.914081794639344,5.101284726427162,4.87118084381693,5.050583839416504,68700,0.0,0
2013-10-15,5.0746172283475035,5.082627475182477,4.970481345718212,5.046580791473389,42500,0.34,0
2013-10-16,4.982496906954575,5.142706045299901,4.978491974520991,5.046580791473389,23100,0.0,0
2013-10-17,5.0305589563326585,5.0626007014966845,4.930428407203143,4.946449279785156,23600,0.0,0
2013-10-18,5.002522068181716,5.006527381759378,4.954459451152953,4.966475009918213,7600,0.0,0
2013-10-21,5.002520885664362,5.0866305410744275,4.8943801184043565,4.9144062995910645,40400,0.0,0
2013-10-22,5.058595817056538,5.058595817056538,4.88637113571167,4.88637113571167,18800,0.0,0
2013-10-23,4.966475285146713,4.966475285146713,4.8062665528391735,4.898386478424072,33300,0.0,0
2013-10-24,4.87836067336144,4.942444166284456,4.8062665528391735,4.898386478424072,47500,0.0,0
2013-10-25,4.930427937471897,4.930427937471897,4.822286771370323,4.85032320022583,35500,0.0,0
2013-10-28,4.87836151206269,4.946450330491348,4.806267379145803,4.810272693634033,30100,0.0,0
2013-10-29,4.814276218414307,4.890375255561782,4.790244722386452,4.814276218414307,10000,0.0,0
2013-10-30,4.842312018827178,4.842312018827178,4.782233477516178,4.790244102478027,10600,0.0,0
2013-10-31,4.810272660363251,4.8463197265723705,4.7702202796936035,4.7702202796936035,18400,0.0,0
2013-11-01,4.77021944438903,4.818282063595761,4.77021944438903,4.774224758148193,17700,0.0,0
2013-11-04,4.774224521010818,4.806266265557114,4.766213893890381,4.766213893890381,12700,0.0,0
2013-11-05,4.77422505582777,4.806266803963438,4.714146873565334,4.726162433624268,22200,0.0,0
2013-11-06,4.726160630653725,4.7982543454722535,4.722155318172801,4.790244102478027,27000,0.0,0
2013-11-07,4.722157869115249,4.778231128236488,4.722157869115249,4.758204936981201,2600,0.0,0
2013-11-08,4.670089183402965,4.826292992040173,4.638047435267296,4.726162433624268,17700,0.0,0
2013-11-11,4.7061371750869245,4.8262939453125,4.7061371750869245,4.8262939453125,27300,0.0,0
2013-11-12,4.7742250177346905,4.826292953531649,4.734172641900796,4.786240577697754,22300,0.0,0
2013-11-13,4.750191824433214,4.778228630320941,4.650061302469859,4.694118976593018,45300,0.0,0
2013-11-14,4.7782306315208025,4.798256438726501,4.710141817511619,4.738178253173828,15300,0.0,0
2013-11-15,4.72616100798075,4.806265354156494,4.72616100798075,4.806265354156494,11000,0.0,0
2013-11-18,4.774224521010818,4.834302696543192,4.762208962297888,4.766213893890381,18800,0.0,0
2013-11-19,4.778230213658617,4.826292834291176,4.726162279148072,4.782235145568848,14700,0.0,0
2013-11-20,4.770218228433043,4.834301704373439,4.706134752492647,4.762207984924316,27900,0.0,0
2013-11-21,4.730166246954119,4.7982546536650545,4.730166246954119,4.762207984924316,23500,0.0,0
2013-11-22,4.758203928357459,4.798255920410156,4.758203928357459,4.798255920410156,10300,0.0,0
2013-11-25,4.802261451637759,4.810272079591644,4.7742250177346905,4.786240577697754,12700,0.0,0
2013-11-26,4.730166746850409,4.754197861883904,4.654067324653069,4.6861090660095215,89200,0.0,0
2013-11-27,4.666084367665162,4.7902464414254355,4.610011493423845,4.646058559417725,70000,0.0,0
2013-11-29,4.634041070575803,4.646057009878113,4.610009955906544,4.642051696777344,16800,0.0,0
2013-12-02,4.6660846099940105,4.762210251625824,4.610011732840601,4.758204936981201,38400,0.0,0
2013-12-03,4.694120115263393,4.794250661515791,4.630036626776694,4.742182731628418,41800,0.0,0
2013-12-04,4.746189128526143,4.774225565646801,4.62603236920248,4.646058559417725,39500,0.0,0
2013-12-05,4.71815068578228,5.098646641060779,4.71815068578228,5.018542289733887,246200,0.0,0
2013-12-06,4.938437703895435,5.0666046599322,4.938437703895435,5.026552677154541,36700,0.0,0
2013-12-09,5.05458914953325,5.05458914953325,4.962469244531059,4.970479488372803,22400,0.0,0
2013-12-10,5.00252200133016,5.046579686160219,4.90639676855721,4.922417640686035,42700,0.0,0
2013-12-11,4.958464764730615,5.062600625943465,4.866344462283025,4.966475009918213,83800,0.0,0
2013-12-12,4.93843957064011,5.002523072882245,4.8903769439585085,4.906397819519043,21100,0.0,0
2013-12-13,4.954459701967746,5.002522321429633,4.8062665298016585,4.894381523132324,35700,0.0,0
2013-12-16,4.934432771199469,5.006526880508451,4.826291989203685,4.866343975067139,37500,0.0,0
2013-12-17,4.882364845806059,4.95445895511504,4.826291989203685,4.866343975067139,41700,0.0,0
2013-12-18,4.870349912100385,5.034563953700863,4.83830816651823,4.990506649017334,57300,0.0,0
2013-12-19,4.966476031316823,5.046580791473389,4.906397843167204,5.046580791473389,39900,0.0,0
2013-12-20,5.0465811508682705,5.0465811508682705,4.930429698730831,5.042575836181641,25000,0.0,0
2013-12-23,4.970480721316538,5.070611276965841,4.946449601862649,5.0025224685668945,42800,0.0,0
2013-12-24,5.018543185271249,5.074616432189941,5.002522312147015,5.074616432189941,25200,0.0,0
2013-12-26,5.07461517056414,5.158724829047378,5.006526381222107,5.102651596069336,38900,0.0,0
2013-12-27,5.106657720596973,5.146710090800505,5.086631535495208,5.094642162322998,18100,0.0,0
2013-12-30,5.0946417565771,5.1547199251299585,5.01854233564462,5.138699054718018,45700,0.0,0
2013-12-31,5.082625817292384,5.1547199251299585,4.934432670490009,5.138699054718018,67900,0.0,0
2014-01-02,5.090636396911928,5.1667354351805574,4.998516106410244,5.018542289733887,43000,0.0,0
2014-01-03,5.054589435365062,5.194772339215559,5.010532136824923,5.178751468658447,35600,0.0,0
2014-01-06,5.17074115585694,5.242835268718281,5.1346940994262695,5.1346940994262695,36300,0.0,0
2014-01-07,5.142704578772771,5.242835118446797,5.142704578772771,5.206788063049316,18700,0.0,0
2014-01-08,5.1987774365309,5.242835118446797,5.138699265513563,5.206788063049316,28800,0.0,0
2014-01-09,5.206788678557218,5.290898357104928,5.16273137340089,5.230820178985596,133900,0.0,0
2014-01-10,5.250845543950649,5.334955215454102,5.2428352991238825,5.334955215454102,29600,0.0,0
2014-01-13,5.334955215454102,5.334955215454102,5.266866415571892,5.334955215454102,22200,0.0,0
2014-01-14,5.32694430226754,5.33895985898398,5.266865754750019,5.286891937255859,28500,0.0,0
2014-01-15,5.274876331598856,5.322938939986349,5.246839905531399,5.2628607749938965,26700,0.0,0
2014-01-16,5.262861203004618,5.310923815300881,5.246840332239197,5.302913188934326,11500,0.0,0
2014-01-17,5.306918807363564,5.366996980697577,5.254850878889155,5.354981422424316,16000,0.0,0
2014-01-21,5.306919175376071,5.3469715483546825,5.266866802397458,5.270872116088867,23400,0.0,0
2014-01-22,5.322939872741699,5.3629922444002744,5.2908981282019285,5.322939872741699,18700,0.0,0
2014-01-23,5.282888190260827,5.366997876142161,5.278883258146688,5.310925006866455,29600,0.0,0
2014-01-24,5.306919097900391,5.354981715592417,5.286892911703446,5.306919097900391,15600,0.0,0
2014-01-27,5.314929961172193,5.3269455206368095,5.186762593001204,5.19877815246582,14300,0.0,0
2014-01-28,5.110664061806066,5.286893685813818,5.046580562166883,5.258857250213623,42600,0.0,0
2014-01-29,5.040935882731277,5.336977506423935,5.040935882731277,5.242408752441406,19900,0.34,0
2014-01-30,5.246520519256592,5.316419333719978,5.2424087320242485,5.246520519256592,53400,0.0,0
2014-01-31,5.258855649535052,5.332866253492439,5.197180407651647,5.320530891418457,24500,0.0,0
2014-02-03,5.291748689122521,5.291748689122521,5.213626696941673,5.275301933288574,5200,0.0,0
2014-02-04,5.341090700685049,5.341090700685049,5.1848462731822655,5.336978912353516,3500,0.0,0
2014-02-05,5.283526770401535,5.299973530167415,5.2259629151601095,5.291749954223633,24200,0.0,0
2014-02-06,5.299972700948771,5.324642640676963,5.217738522863809,5.2835259437561035,26100,0.0,0
2014-02-07,5.3246427841976,5.336977754394173,5.279414298729078,5.31641960144043,6600,0.0,0
2014-02-10,5.2382983451270375,5.336978912353516,5.2382983451270375,5.336978912353516,6700,0.0,0
2014-02-11,5.341089463787356,5.341089463787356,5.225962162017822,5.225962162017822,7200,0.0,0
2014-02-12,5.246520642042195,5.324642640676963,5.221850310192382,5.2835259437561035,4900,0.0,0
2014-02-13,5.262968157247744,5.267079945168527,5.180734359440464,5.201292514801025,6400,0.0,0
2014-02-14,5.225962097520954,5.32053085334839,5.209515340328286,5.2835259437561035,11500,0.0,0
2014-02-18,5.254744487659636,5.308196553311183,5.254744487659636,5.262968063354492,15300,0.0,0
2014-02-19,5.283526111045934,5.32053102180989,5.262967565873758,5.2670793533325195,32700,0.0,0
2014-02-20,5.304084666851117,5.304084666851117,5.221850872039794,5.221850872039795,12100,0.0,0
2014-02-21,5.262967296561578,5.283525840681749,5.242408752441406,5.242408752441406,12100,0.0,0
2014-02-24,5.258857727050781,5.262969516033141,5.242410963243126,5.258857727050781,11700,0.0,0
2014-02-25,5.230073884849527,5.2835259437561035,5.201291765671141,5.2835259437561035,14300,0.0,0
2014-02-26,5.250632367932877,5.250632367932877,5.201291704810588,5.234185218811035,6500,0.0,0
2014-02-27,5.242409803309873,5.2711915355745935,5.036825105140858,5.094388961791992,49900,0.0,0
2014-02-28,5.2465202086095655,5.279413720277459,5.065605502314566,5.275301933288574,13700,0.0,0
2014-03-03,5.242409182692648,5.242409182692648,5.04093629644738,5.102611541748047,13800,0.0,0
2014-03-04,5.1313936678289,5.279414895403522,5.082053389344584,5.205404281616211,10400,0.0,0
2014-03-05,5.279414323587172,5.279414323587172,5.201291930357229,5.2670793533325195,9500,0.0,0
2014-03-06,5.221851438542138,5.2424099875057175,5.065607015389324,5.119059085845947,29200,0.0,0
2014-03-07,5.156063418404349,5.156063418404349,5.0614946600644775,5.077941417694092,15600,0.0,0
2014-03-10,5.0573840504010406,5.106724334780353,5.0080437660217285,5.0080437660217285,20300,0.0,0
2014-03-11,5.01215502652822,5.016266814812215,4.934033009740877,4.975150108337402,28500,0.0,0
2014-03-12,4.934031752229816,5.053270837223838,4.934031752229816,5.049159049987793,14400,0.0,0
2014-03-13,5.077941417694092,5.077941417694092,4.983372267232587,5.077941417694092,13200,0.0,0
2014-03-14,5.040936989540843,5.073830510506713,4.995708104121497,5.032713413238525,7900,0.0,0
2014-03-17,5.098499836147175,5.11083519910298,4.954590797424316,4.954590797424316,42100,0.0,0
2014-03-18,4.9381445679266065,4.999819820825856,4.884692499090466,4.901139259338379,52100,0.0,0
2014-03-19,4.929920790790042,4.966926097869873,4.913474031212528,4.966926097869873,25500,0.0,0
2014-03-20,4.950477929041736,5.016264948624234,4.917584419250488,4.917584419250488,7500,0.0,0
2014-03-21,4.954591032987491,5.262968063354492,4.929920698024595,5.262968063354492,35900,0.0,0
2014-03-24,5.1601756239617185,5.2424094187730415,5.1601756239617185,5.221850872039795,34000,0.0,0
2014-03-25,5.188958323369192,5.217740058898926,5.094389539701931,5.217740058898926,9600,0.0,0
2014-03-26,5.221850780501045,5.221850780501045,5.086164923410512,5.135505199432373,2300,0.0,0
2014-03-27,5.114947671322406,5.209516846615328,5.106724486409219,5.180735111236572,12800,0.0,0
2014-03-28,5.135505289457489,5.221850872039794,5.114946742724243,5.221850872039795,2600,0.0,0
2014-03-31,5.238297496639659,5.242409284305174,5.135505157731715,5.143728733062744,22100,0.0,0
2014-04-01,5.188956592933276,5.209515136650735,5.127281353902506,5.156063079833984,9200,0.0,0
2014-04-02,5.1766224791668645,5.262968063354492,5.1766224791668645,5.262968063354492,10800,0.0,0
2014-04-03,5.221849878797851,5.275301933288574,5.151951068473182,5.275301933288574,6900,0.0,0
2014-04-04,5.304084624346437,5.304084624346437,5.188957312533167,5.230074405670166,15800,0.0,0
2014-04-07,5.304084666851117,5.304084666851117,5.20540411307753,5.221850872039795,19500,0.0,0
2014-04-08,5.22185241045311,5.283528068823156,5.168400330047782,5.258857727050781,13400,0.0,0
2014-04-09,5.225961975216488,5.279414032872113,5.172509917560863,5.246520519256592,7000,0.0,0
2014-04-10,5.262968063354492,5.295861581890572,5.172510691319436,5.262968063354492,18300,0.0,0
2014-04-11,5.345201811753638,5.345201811753638,5.160175673617268,5.168398857116699,42400,0.0,0
2014-04-14,5.18484580870026,5.320531674511742,5.18484580870026,5.250633239746094,3500,0.0,0
2014-04-15,5.271191217461315,5.320531494989618,5.2012923929324675,5.312308311462402,20400,0.0,0
2014-04-16,5.295860913620199,5.332866215334108,5.262967399234863,5.2835259437561035,9300,0.0,0
2014-04-17,5.316419496182089,5.341089436086801,5.225962134914353,5.320530891418457,21800,0.0,0
2014-04-21,5.332865442409937,5.341088623753625,5.230073126823663,5.308195114135742,8100,0.0,0
2014-04-22,5.3246430422675735,5.3246430422675735,5.221850704030278,5.238297462463379,10500,0.0,0
2014-04-23,5.2506327365522525,5.312307981602583,5.238297373844871,5.299973011016846,22300,0.0,0
2014-04-24,5.287637277092167,5.3246425783730755,5.201291704810588,5.234185218811035,35800,0.0,0
2014-04-25,5.193068974802764,5.262967796173856,5.188957187164076,5.238297462463379,5900,0.0,0
2014-04-28,5.217740031528514,5.238298581994083,5.020378888151218,5.180735111236572,31900,0.0,0
2014-04-29,5.197181138263653,5.197181138263653,5.110835552215576,5.110835552215576,2100,0.0,0
2014-04-30,5.139617314758454,5.176622622164184,5.032713180502275,5.061495304107666,8900,0.0,0
2014-05-01,5.082052172068652,5.176621310603222,5.045047266160254,5.139616012573242,6600,0.0,0
2014-05-02,5.131392748948713,5.176621623551443,5.0779410842535695,5.156063079833984,2900,0.0,0
2014-05-05,5.16428725835172,5.172510441527789,5.053271344562394,5.14784049987793,12500,0.0,0
2014-05-06,5.114946201595931,5.1313929588182345,5.06560592992902,5.086164474487305,3100,0.0,0
2014-05-07,5.086163350693116,5.1272804307248165,5.045046662782952,5.057381629943848,24400,0.0,0
2014-05-08,5.045047898339968,5.135504869168607,5.032712536036545,5.123169898986816,3200,0.0,0
2014-05-09,5.0656064256774025,5.135505248743286,5.049159666845528,5.082053184509277,17400,0.0,0
2014-05-12,5.03271274177837,5.135505079112675,5.03271274177837,5.098499774932861,21000,0.0,0
2014-05-13,5.094388175323705,5.135504873336924,5.0327125401214285,5.077941417694092,18000,0.0,0
2014-05-14,5.04093692403453,5.131393909454346,5.032713347839077,5.131393909454346,55300,0.0,0
2014-05-15,5.135505136931347,5.17662222917665,5.0491595569135335,5.14784049987793,20600,0.0,0
2014-05-16,5.119056813301136,5.180732432811712,5.077940125748952,5.1601738929748535,15300,0.0,0
2014-05-19,5.1478407403664574,5.1478407403664574,5.012154486466848,5.0738301277160645,136000,0.0,0
2014-05-20,5.077941915557013,5.077941915557013,5.053271580632993,5.0738301277160645,4100,0.0,0
2014-05-21,5.110836301736312,5.2300754245160155,5.0532724385551075,5.217740058898926,36300,0.0,0
2014-05-22,5.217739498898131,5.221851286995857,5.131393909454346,5.131393909454346,10500,0.0,0
2014-05-23,5.110835306118863,5.234185801286537,5.110835306118863,5.230074405670166,7100,0.0,0
2014-05-27,5.2300745746083015,5.2300745746083015,5.102611895463726,5.213627815246582,10800,0.0,0
2014-05-28,5.19718024883331,5.246520519256592,5.0984993158651335,5.246520519256592,7100,0.0,0
2014-05-29,5.246520519256592,5.246520519256592,5.176621704793206,5.246520519256592,3500,0.0,0
2014-05-30,5.20540411307753,5.246521206544023,5.139617077228472,5.221850872039795,20800,0.0,0
2014-06-02,5.176622382923983,5.238297631002059,5.176622382923983,5.221850872039795,12600,0.0,0
2014-06-03,5.246520519256592,5.246520519256592,5.205403431176384,5.246520519256592,21600,0.0,0
2014-06-04,5.221850872039794,5.246521206544023,5.20540411307753,5.221850872039795,25200,0.0,0
2014-06-05,5.2300746169192065,5.2670799238128625,5.205404281616211,5.205404281616211,20000,0.0,0
2014-06-06,5.275303064822609,5.275303064822609,5.160175749290579,5.213627815246582,44100,0.0,0
2014-06-09,5.2218503711565045,5.271190643310547,5.217738583779927,5.271190643310547,11900,0.0,0
2014-06-10,5.254744389964324,5.386318853784104,5.2012923253065475,5.221850872039795,63600,0.0,0
2014-06-11,5.267078751432396,5.287636902133637,5.201291335975021,5.275301933288574,14900,0.0,0
2014-06-12,5.325985565798874,5.34288003251275,5.110581215895912,5.262631416320801,20900,0.34,0
2014-06-13,5.224619599571636,5.233067035675049,5.013438530537393,5.233067035675049,20900,0.0,0
2014-06-16,5.258408844150686,5.418906514284573,5.258408844150686,5.317539691925049,34900,0.0,0
2014-06-17,5.376670309949714,5.435801159627182,5.3175398630682045,5.4189066886901855,39800,0.0,0
2014-06-18,5.3893411678179115,5.397788201422248,5.317539569599333,5.359775543212891,10700,0.0,0
2014-06-19,5.368222979613164,5.397788201422248,5.32176328779947,5.359775543212891,18200,0.0,0
2014-06-20,5.363999557445956,5.465366383067936,5.363999557445956,5.4189066886901855,16900,0.0,0
2014-06-23,5.406234594912192,5.482259493869097,5.393563845552018,5.444247245788574,18000,0.0,0
2014-06-24,5.418905470306276,5.482259621376509,5.3344331346140095,5.4273529052734375,11700,0.0,0
2014-06-25,5.427355109900952,5.427355109900952,5.368224249499084,5.397789478302002,10000,0.0,0
2014-06-26,5.372447078364211,5.4864846582740645,5.372447078364211,5.469590187072754,14100,0.0,0
2014-06-27,5.461141170183976,5.490706383353524,5.3048672676086435,5.304867267608643,131800,0.0,0
2014-06-30,5.397788558563941,5.524497293380102,5.397788558563941,5.490708351135254,53700,0.0,0
2014-07-01,5.520272096703022,5.541390280650095,5.486483163506047,5.532943248748779,36400,0.0,0
2014-07-02,5.490706880854632,5.532943248748779,5.490706880854632,5.532943248748779,57200,0.0,0
2014-07-03,5.532943248748779,5.5371665633015095,5.524495814051607,5.532943248748779,10600,0.0,0
2014-07-07,5.507601853730021,5.541390790032986,5.499154821052226,5.537167072296143,105600,0.0,0
2014-07-08,5.524497404019508,5.537168156916093,5.499155898226339,5.520273685455322,33200,0.0,0
2014-07-09,5.532945423857869,5.541392459079879,5.51182723160882,5.524497985839844,11500,0.0,0
2014-07-10,5.490707281144657,5.490707281144657,5.435800159997704,5.461142063140869,14300,0.0,0
2014-07-11,5.423129335895483,5.503377956295759,5.385116683096871,5.389340400695801,20300,0.0,0
2014-07-14,5.44424859649366,5.44424859649366,5.279527202760972,5.4189066886901855,6700,0.0,0
2014-07-15,5.423130512237549,5.440024983502004,5.3428814716344135,5.423130512237549,36600,0.0,0
2014-07-16,5.4104606358998515,5.444249583902052,5.342882337099417,5.397789478302002,11900,0.0,0
2014-07-17,5.3175401730501335,5.397788813979911,5.3175401730501335,5.342881679534912,16300,0.0,0
2014-07-18,5.325985845099486,5.406234868295642,5.300644345097664,5.389340400695801,15600,0.0,0
2014-07-21,5.385117449617774,5.385117449617774,5.347104791408417,5.359775543212891,6400,0.0,0
2014-07-22,5.385117530822754,5.385117530822754,5.372446778827212,5.385117530822754,4700,0.0,0
2014-07-23,5.368222979613164,5.385117449617774,5.33865775780408,5.359775543212891,7600,0.0,0
2014-07-24,5.363999261413027,5.368222979613164,5.3555522278086904,5.359775543212891,6500,0.0,0
2014-07-25,5.347104293574875,5.385116948245127,5.2837501376550575,5.380893230438232,10600,0.0,0
2014-07-28,5.37666985229562,5.385117288443064,5.363999100870378,5.372446537017822,14200,0.0,0
2014-07-29,5.355551729188665,5.385116948245127,5.300644606086736,5.380893230438232,6700,0.0,0
2014-07-30,5.3851175486556855,5.3851175486556855,5.334434137709733,5.338657855987549,7100,0.0,0
2014-07-31,5.296420648395707,5.37244595429289,5.182383092345814,5.186606407165527,18100,0.0,0
2014-08-01,5.228843688964844,5.296421571407692,5.152818369818663,5.228843688964844,39900,0.0,0
2014-08-04,5.237290610607094,5.237290610607094,5.1823838843962085,5.199278354644775,14300,0.0,0
2014-08-05,5.1992788846820845,5.258409335182115,5.152818784665222,5.157042503356934,35300,0.0,0
2014-08-06,5.18238380956245,5.385117449617774,5.18238380956245,5.359775543212891,25100,0.0,0
2014-08-07,5.3724455031506055,5.385116252137504,5.296420203637522,5.3006439208984375,12100,0.0,0
2014-08-08,5.385117923753626,5.385117923753626,5.199278737340592,5.334434509277344,17400,0.0,0
2014-08-11,5.355552269421697,5.363999303091668,5.287974388878171,5.2921977043151855,36200,0.0,0
2014-08-12,5.292195992850376,5.3428793868673115,5.292195992850376,5.321761608123779,14900,0.0,0
2014-08-13,5.330210444021002,5.342881196116957,5.241514373757432,5.317539691925049,10600,0.0,0
2014-08-14,5.321761732676359,5.321761732676359,5.300643550642759,5.304867267608643,8000,0.0,0
2014-08-15,5.245737403128875,5.35555164766103,5.173935812688305,5.283750057220459,32100,0.0,0
2014-08-18,5.317538981652165,5.342880482459164,5.292197078049272,5.330209732055664,8800,0.0,0
2014-08-19,5.321762827209689,5.338657295752111,5.300644640832686,5.313315391540527,7400,0.0,0
2014-08-20,5.300645357341426,5.359775803834843,5.2753034497042774,5.325986862182617,19400,0.0,0
2014-08-21,5.321763546573056,5.36399952224036,5.321763546573056,5.325986862182617,12000,0.0,0
2014-08-22,5.321763410222349,5.355552351008857,5.279527032841241,5.317539691925049,18100,0.0,0
2014-08-25,5.330209732055664,5.385116854198687,5.330209732055664,5.330209732055664,17800,0.0,0
2014-08-26,5.3090909526244205,5.4062344356462315,5.296420203637522,5.3006439208984375,25400,0.0,0
2014-08-27,5.34287951191414,5.406234058014942,5.258407186575558,5.304867267608643,33600,0.0,0
2014-08-28,5.304869393561492,5.406236224591054,5.304869393561492,5.363999843597412,12000,0.0,0
2014-08-29,5.393564942947041,5.406235694885254,5.3259866594193745,5.406235694885254,27600,0.0,0
2014-09-02,5.368223588815675,5.389341779416979,5.313316454370676,5.342881679534912,34700,0.0,0
2014-09-03,5.376669547875634,5.385116983544797,5.304868358667267,5.313315391540527,34400,0.0,0
2014-09-04,5.347103976477608,5.347103976477608,5.296420574188232,5.296420574188232,39200,0.0,0
2014-09-05,5.321763023960116,5.372446431461195,5.321763023960116,5.368222713470459,34300,0.0,0
2014-09-08,5.368222215497029,5.402011150696712,5.363998497898099,5.389340400695801,28700,0.0,0
2014-09-09,5.385117506457605,5.427353883312904,5.385117506457605,5.406235694885254,40600,0.0,0
2014-09-10,5.410458087921143,5.427352553966033,5.3851161874558855,5.410458087921143,10100,0.0,0
2014-09-11,5.410459739266151,5.528721037675322,5.4062360207668325,5.469590187072754,6800,0.0,0
2014-09-12,5.421877197593228,5.617064693975304,5.417539596557616,5.417539596557617,16400,0.34,0
2014-09-15,5.417539987935745,5.521639938372468,5.361152411368412,5.43922758102417,19500,0.0,0
2014-09-16,5.408865520515377,5.499953085977853,5.365490331759358,5.3741655349731445,15200,0.0,0
2014-09-17,5.378503191773946,5.443565980579574,5.32645320892334,5.32645320892334,7700,0.0,0
2014-09-18,5.382839409896175,5.4869393488345555,5.33946464216671,5.400189399719238,27800,0.0,0
2014-09-19,5.343801911907824,5.482602246292298,5.343801911907824,5.378501892089844,14600,0.0,0
2014-09-22,5.352477051149673,5.4652521922498005,5.348139450263579,5.413201808929443,10100,0.0,0
2014-09-23,5.456576099597971,5.469588486475371,5.317776203155518,5.317776203155518,18300,0.0,0
2014-09-24,5.343802485519507,5.421877656137954,5.322115305820105,5.40452766418457,27000,0.0,0
2014-09-25,5.387177093963546,5.4175394732087145,5.326451921816814,5.378501892089844,10200,0.0,0
2014-09-26,5.41320263970809,5.421877842811686,5.309102684403654,5.408865451812744,14700,0.0,0
2014-09-29,5.369826375468951,5.408863951292472,5.300426424518841,5.3351263999938965,17600,0.0,0
2014-09-30,5.369826194095374,5.417538555347937,5.235363483428955,5.235363483428955,88900,0.0,0
2014-10-01,5.291751153409106,5.335126329003937,5.209338816166525,5.261388778686523,41100,0.0,0
2014-10-02,5.283077786494577,5.369827747344972,5.248377802154418,5.369827747344971,39300,0.0,0
2014-10-03,5.421876802226764,5.421876802226764,5.3004268776806684,5.32211446762085,35800,0.0,0
2014-10-06,5.33078942038201,5.387176990509033,5.313439430624187,5.387176990509033,9100,0.0,0
2014-10-07,5.335127041296847,5.400189399719238,5.335127041296847,5.400189399719238,9300,0.0,0
2014-10-08,5.400188961560332,5.400188961560332,5.3004266315863,5.352476596832275,16800,0.0,0
2014-10-09,5.317777700709966,5.391515269874546,5.252714920687811,5.283077716827393,13600,0.0,0
2014-10-10,5.2657273530412,5.382839686960767,5.218014568329621,5.274402141571045,13300,0.0,0
2014-10-13,5.296089464175688,5.317777054882516,5.113914364088553,5.183314323425293,14200,0.0,0
2014-10-14,5.191989717841902,5.191989717841902,5.079214572906494,5.079214572906494,13800,0.0,0
2014-10-15,5.079214657148442,5.174639813188503,4.853664363536736,5.0575270652771,37400,0.0,0
2014-10-16,4.988127608797447,5.053189977362659,4.82330247295493,4.96210241317749,22800,0.0,0
2014-10-17,5.014152231490706,5.152952155853719,4.992464639894884,5.092226982116699,33200,0.0,0
2014-10-20,5.057527610547373,5.079215204756933,4.918727669456515,5.022827625274658,30700,0.0,0
2014-10-21,5.0575277864227655,5.079215381386511,4.953427826984549,4.979452610015869,45500,0.0,0
2014-10-22,5.005476723736805,5.113914261437912,4.901376786821275,4.975114345550537,48600,0.0,0
2014-10-23,4.95776481414882,5.0575271594965505,4.879689647420046,4.927402019500732,65200,0.0,0
2014-10-24,4.9013771734882905,5.005477118616211,4.827639608941912,4.99680233001709,45100,0.0,0
2014-10-27,5.001139823090225,5.001139823090225,4.858002286378609,4.884027481079102,19100,0.0,0
2014-10-28,4.927401952942065,5.02716471059863,4.858001989523451,4.99680233001709,22600,0.0,0
2014-10-29,5.005478326805419,5.07487830697534,4.914390749418271,4.918728351593018,12800,0.0,0
2014-10-30,4.936077155197597,5.018489508343098,4.840651998668799,4.99680233001709,12200,0.0,0
2014-10-31,5.005476355601598,5.20066382637696,4.90137642634225,5.074876308441162,64600,0.0,0
2014-11-03,5.100902866187965,5.113915257422602,4.966440111241859,5.109577655792236,10900,0.0,0
2014-11-04,5.096564742860937,5.174639909589711,4.8883648497927625,4.927402019500732,39000,0.0,0
2014-11-05,4.957764356064615,5.113914261437912,4.914389175521621,4.975114345550537,42400,0.0,0
2014-11-06,5.014150776650814,5.109575490135007,4.979450391971863,5.0662007331848145,8900,0.0,0
2014-11-07,5.205002107286325,5.205002107286325,5.079214572906494,5.079214572906494,48300,0.0,0
2014-11-10,5.04451469506648,5.157289842307149,5.040177093944206,5.070539474487305,18500,0.0,0
2014-11-11,5.0315020967733215,5.161626815795898,5.0315020967733215,5.161626815795898,24800,0.0,0
2014-11-12,5.174639973144147,5.183314761966988,5.113914796758566,5.157289981842041,10200,0.0,0
2014-11-13,5.152952380602409,5.165964770664883,5.092227204216829,5.157289981842041,10200,0.0,0
2014-11-14,5.126926506175176,5.187651674498941,5.044514161845264,5.139939308166504,11900,0.0,0
2014-11-17,5.139939954524419,5.139939954524419,5.096564769744873,5.096564769744873,8500,0.0,0
2014-11-18,5.122589878511674,5.205002231840324,5.113914676236862,5.118252277374268,12200,0.0,0
2014-11-19,5.139939308166504,5.183314073835165,5.139939308166504,5.139939308166504,30400,0.0,0
2014-11-20,5.118251699404142,5.200664043426515,5.118251699404142,5.200664043426514,24300,0.0,0
2014-11-21,5.170302371904515,5.200664753269094,5.113914796758566,5.157289981842041,25900,0.0,0
2014-11-24,5.161627359581945,5.309102497911105,5.131264977098802,5.283077716827393,67600,0.0,0
2014-11-25,5.244038769203747,5.2830763443442335,5.205001194063259,5.248376369476318,26200,0.0,0
2014-11-26,5.226688931040006,5.313438870687306,5.222351330643556,5.300426483154297,12800,0.0,0
2014-11-28,5.313438892364502,5.313438892364502,5.2700637155357235,5.313438892364502,10100,0.0,0
2014-12-01,5.283078501652636,5.313440888646249,5.209340921534005,5.29175329208374,46500,0.0,0
2014-12-02,5.304764457370291,5.3134396594509985,5.265727288976315,5.3091020584106445,6500,0.0,0
2014-12-03,5.291751737563763,5.369826896790616,5.248376970837138,5.361151695251465,27300,0.0,0
2014-12-04,5.317777770834734,5.369827747344972,5.257052591411236,5.369827747344971,25900,0.0,0
2014-12-05,5.326451279950598,5.382838844365472,5.287413703535966,5.313438892364502,14700,0.0,0
2014-12-08,5.326453281121155,5.335128485208758,5.2700656955212315,5.29175329208374,12400,0.0,0
2014-12-09,5.3307892538115045,5.3307892538115045,5.270064084728402,5.287414073944092,21300,0.0,0
2014-12-10,5.270064086301866,5.33512685612241,5.235364107860124,5.32211446762085,44000,0.0,0
2014-12-11,5.335128485208758,5.335128485208758,5.218015711965109,5.29175329208374,25600,0.0,0
2014-12-12,5.244040719201478,5.2830783088581015,5.152953147888184,5.152953147888184,15800,0.0,0
2014-12-15,5.2422566022584105,5.425333642200837,5.0993672883216385,5.215465068817139,35300,0.34,0
2014-12-16,5.2154669000542135,5.277980783929341,5.112764850218953,5.126160621643066,31900,0.0,0
2014-12-17,5.112764503406032,5.40747400980895,5.112764503406032,5.3181681632995605,15900,0.0,0
2014-12-18,5.3806814204231,5.407472956234005,5.300305961302817,5.403007984161377,28300,0.0,0
2014-12-19,5.35388918579637,5.49231353324099,5.21993023604049,5.420868873596191,12800,0.0,0
2014-12-22,5.456591980518406,5.456591980518406,5.371751115724785,5.4164042472839355,27100,0.0,0
2014-12-23,5.45212687681815,5.45212687681815,5.336029069165673,5.349424839019775,21100,0.0,0
2014-12-24,5.313702113767915,5.380681809830155,5.300306344892993,5.376216411590576,12000,0.0,0
2014-12-26,5.376216771378399,5.376216771378399,5.246723194671328,5.322633266448975,16400,0.0,0
2014-12-29,5.309237236504743,5.3538899421691895,5.2601187066768835,5.3538899421691895,21800,0.0,0
2014-12-30,5.349424904321458,5.3538903029419505,5.144021677904994,5.300306797027588,62600,0.0,0
2014-12-31,5.313702947926566,5.313702947926566,5.224397098334601,5.260119438171387,28200,0.0,0
2015-01-02,5.300306962395549,5.300306962395549,5.224396886854202,5.228862285614014,10800,0.0,0
2015-01-05,5.233326862629758,5.358355027365353,5.184208335672212,5.344959259033203,28400,0.0,0
2015-01-06,5.273515256992332,5.3092375942685734,5.251188689733718,5.300306797027588,5800,0.0,0
2015-01-07,5.344959259033203,5.344959259033203,5.21100029818031,5.344959259033203,8400,0.0,0
2015-01-08,5.358354950610355,5.41640384700989,5.331562988486036,5.38068151473999,14800,0.0,0
2015-01-09,5.42979969292855,5.42979969292855,5.2601183992940586,5.344959259033203,28600,0.0,0
2015-01-12,5.3494252167158844,5.376217184159582,5.344960243678498,5.37175178527832,4000,0.0,0
2015-01-13,5.394077633848537,5.394077633848537,5.260118666198414,5.264584064483643,6800,0.0,0
2015-01-14,5.269050138224558,5.277980510096008,5.197605459877466,5.219931602478027,6100,0.0,0
2015-01-15,5.2735148190719725,5.309237153381779,5.121694685333385,5.175278186798096,13200,0.0,0
2015-01-16,5.112764023747954,5.2020698618790435,5.027923583984375,5.027923583984375,13200,0.0,0
2015-01-20,5.112763912718232,5.2690494454365835,5.112763912718232,5.251188278198242,22600,0.0,0
2015-01-21,5.152951645465454,5.2690494454365835,5.144021274768193,5.251188278198242,3900,0.0,0
2015-01-22,5.300306848155978,5.487849333587264,5.14402172752581,5.465522766113281,18700,0.0,0
2015-01-23,5.403007914615624,5.403007914615624,5.277979329628114,5.389611721038818,9000,0.0,0
2015-01-26,5.340494454170289,5.4655226327933955,5.3360290556156444,5.398543357849121,8900,0.0,0
2015-01-27,5.380682268821057,5.425334977494433,5.295841398407095,5.300306797027588,25900,0.0,0
2015-01-28,5.48338456239423,5.492315360743327,5.246723942113896,5.304772853851318,13700,0.0,0
2015-01-29,5.309237236504743,5.3538899421691895,5.277979874111426,5.3538899421691895,6500,0.0,0
2015-01-30,5.313701354511107,5.358354478838933,5.300305587550261,5.331562519073486,6700,0.0,0
2015-02-02,5.340494155883789,5.340494155883789,5.2913760520576725,5.340494155883789,3600,0.0,0
2015-02-03,5.358355035589502,5.358355035589502,5.1484860107926504,5.295840740203857,50100,0.0,0
2015-02-04,5.273515520150698,5.304772460366227,5.0725768306398065,5.269050121307373,9300,0.0,0
2015-02-05,5.282445793209121,5.313702732840129,5.246723454818293,5.29137659072876,9100,0.0,0
2015-02-06,5.2958414146201855,5.313702583312988,5.215466368424502,5.313702583312988,29900,0.0,0
2015-02-09,5.295841563644715,5.313702732840129,5.251188853578112,5.29137659072876,13600,0.0,0
2015-02-10,5.2913764418298745,5.313702583312988,5.2913764418298745,5.313702583312988,15600,0.0,0
2015-02-11,5.313703078376093,5.313703078376093,5.045785523022916,5.085973262786865,62500,0.0,0
2015-02-12,5.126160423010522,5.286911377246564,5.001132234261062,5.17081356048584,22300,0.0,0
2015-02-13,5.144021935747639,5.219931586881714,5.144021935747639,5.206535816192627,11800,0.0,0
2015-02-17,5.121694393540281,5.215465622222145,5.121694393540281,5.17974328994751,13300,0.0,0
2015-02-18,5.211000224226868,5.2422571585062245,5.166347095961679,5.17974328994751,7700,0.0,0
2015-02-19,5.2020687140485675,5.2690483972507645,5.184207550363395,5.224395275115967,4500,0.0,0
2015-02-20,5.193139275619398,5.309237073296953,5.188673877437075,5.211000442504883,2700,0.0,0
2015-02-23,5.251189735907687,5.282446680790635,5.193140819807974,5.277981281280518,7600,0.0,0
2015-02-24,5.228861472596508,5.313701906622071,5.2110003061782955,5.295840740203857,7500,0.0,0
2015-02-25,5.286911043195711,5.318167981947152,5.246723307175943,5.313702583312988,25000,0.0,0
2015-02-26,5.26011820192607,5.344959058481851,5.26011820192607,5.3270978927612305,23400,0.0,0
2015-02-27,5.344959577464353,5.4164042472839355,5.282445278450307,5.4164042472839355,44400,0.0,0
2015-03-02,5.403008920912987,5.554828643798828,5.362821184385259,5.554828643798828,29000,0.0,0
2015-03-03,5.505710535733749,5.554828643798828,5.469988197896626,5.554828643798828,9000,0.0,0
2015-03-04,5.554830040340033,5.58162201337558,5.313703986395966,5.362822532653809,109100,0.0,0
2015-03-05,5.42980015629327,5.5682245270175805,5.403008617342651,5.545897960662842,13800,0.0,0
2015-03-06,5.492313623760494,5.568223682345117,5.483382828235824,5.536966323852539,21900,0.0,0
2015-03-09,5.536966947745265,5.536966947745265,5.456591908185601,5.514640808105469,18600,0.0,0
2015-03-10,5.465522571597279,5.510175704956055,5.394077898898309,5.510175704956055,10200,0.0,0
2015-03-11,5.447660299361078,5.536966122135439,5.36728527178603,5.519104957580566,35700,0.0,0
2015-03-12,5.536966747236124,5.536966747236124,5.447660914379503,5.496779441833496,20300,0.0,0
2015-03-13,5.574845497512462,5.64831950111401,5.574845497512462,5.629951000213623,14700,0.34,0
2015-03-16,5.620767341766514,5.685057323163527,5.561069595742073,5.588622570037842,19700,0.0,0
2015-03-17,5.602398212804395,5.652911920384372,5.533516441663945,5.634543418884277,19200,0.0,0
2015-03-18,5.593213814321698,5.611582314617516,5.574845314025879,5.574845314025879,1800,0.0,0
2015-03-19,5.634545041386097,5.639136839628643,5.574847284835549,5.602399826049805,18500,0.0,0
2015-03-20,5.57943660133014,5.611581802368164,5.5105548409935405,5.611581802368164,12500,0.0,0
2015-03-23,5.5702541085477195,5.639135887897757,5.538109336576325,5.551885604858398,25100,0.0,0
2015-03-24,5.547294455201638,5.602399977055192,5.510557440632601,5.5932159423828125,12800,0.0,0
2015-03-25,5.602398249821428,5.602398249821428,5.515147976604389,5.561069011688232,3600,0.0,0
2015-03-26,5.570253372192382,5.593214108253676,5.528924134869977,5.570253372192383,4700,0.0,0
2015-03-27,5.588623262058168,5.64832101547478,5.524333272700343,5.606991767883301,13100,0.0,0
2015-03-30,5.616175645002744,5.666689363066131,5.556478331192814,5.6529130935668945,23400,0.0,0
2015-03-31,5.666688297042648,5.666688297042648,5.579437584768519,5.625359058380127,7500,0.0,0
2015-04-01,5.629951511945851,5.662096281958412,5.510556026271129,5.643727779388428,60100,0.0,0
2015-04-02,5.597807740749124,5.634545193257918,5.510557440632601,5.5932159423828125,40200,0.0,0
2015-04-06,5.579438141422544,5.611583351333611,5.5197408328870035,5.551885604858398,8100,0.0,0
2015-04-07,5.51974254840897,5.565663602934584,5.505965837905458,5.547295093536377,13100,0.0,0
2015-04-08,5.51974254840897,5.556479567205384,5.515150311574466,5.547295093536377,5600,0.0,0
2015-04-09,5.547293105288189,5.620767116546631,5.510556099658968,5.620767116546631,26400,0.0,0
2015-04-10,5.588622197854114,5.703425446884906,5.561069225393283,5.666688442230225,17700,0.0,0
2015-04-13,5.6575033463872675,5.6575033463872675,5.55647681373006,5.574845314025879,2600,0.0,0
2015-04-14,5.579438901188545,5.602399643411736,5.538110090714479,5.59780740737915,4900,0.0,0
2015-04-15,5.58862183511716,5.721793577831603,5.519740065345404,5.657503604888916,18800,0.0,0
2015-04-16,5.602398283446611,5.685056760209113,5.602398283446611,5.66209602355957,9200,0.0,0
2015-04-17,5.662097534003892,5.662097534003892,5.602399777965715,5.639136791229248,5900,0.0,0
2015-04-20,5.648321464236368,5.648321464236368,5.5932159423828125,5.5932159423828125,11500,0.0,0
2015-04-21,5.648320198059082,5.648320198059082,5.570253950114958,5.648320198059082,15100,0.0,0
2015-04-22,5.634543234923621,5.64831950111401,5.5564769966120755,5.629951000213623,8700,0.0,0
2015-04-23,5.648321311993225,5.648321311993225,5.593215791624968,5.602399826049805,11000,0.0,0
2015-04-24,5.593215791624968,5.639136839628643,5.593215791624968,5.602399826049805,7200,0.0,0
2015-04-27,5.648321464236368,5.648321464236368,5.579439233464605,5.5932159423828125,16700,0.0,0
2015-04-28,5.5610705762886745,5.602399826049804,5.5610705762886745,5.602399826049805,6700,0.0,0
2015-04-29,5.597806485895438,5.648320198059082,5.579437982728565,5.648320198059082,12400,0.0,0
2015-04-30,5.648320198059082,5.648320198059082,5.620767224338944,5.648320198059082,22000,0.0,0
2015-05-01,5.648320198059082,5.648320198059082,5.606990956448704,5.648320198059082,22100,0.0,0
2015-05-04,5.648320225487404,5.717202003212752,5.648320225487404,5.712609767913818,24500,0.0,0
2015-05-05,5.694240497448749,5.717201232910155,5.6712801999269455,5.717201232910156,27400,0.0,0
2015-05-06,5.717200559942889,5.717200559942889,5.57943660133014,5.611581802368164,20200,0.0,0
2015-05-07,5.5794380992926955,5.62995181251166,5.519740791207925,5.588622570037842,27400,0.0,0
2015-05-08,5.602398321574323,5.64831979518593,5.574845787759061,5.625359058380127,13800,0.0,0
2015-05-11,5.64831979518593,5.64831979518593,5.602398321574323,5.625359058380127,10000,0.0,0
2015-05-12,5.574844805130038,5.629950300987226,5.538107807891912,5.611581802368164,22100,0.0,0
2015-05-13,5.620768284597482,5.648321263515003,5.547294258070416,5.639136791229248,23100,0.0,0
2015-05-14,5.63454253512688,5.648318799606289,5.611581802368164,5.611581802368164,18100,0.0,0
2015-05-15,5.542700581055085,5.6299512933292135,5.542700581055085,5.625359058380127,28600,0.0,0
2015-05-18,5.634543822112327,5.643727854549807,5.606990848920586,5.620767116546631,13200,0.0,0
2015-05-19,5.625359276818443,5.648320014515836,5.588622271678474,5.643727779388428,13200,0.0,0
2015-05-20,5.639135469769393,5.6804647094908205,5.606990700181456,5.666688442230225,27400,0.0,0
2015-05-21,5.6391351781982095,5.703425151989614,5.6391351781982095,5.671280384063721,18000,0.0,0
2015-05-22,5.671280236251089,5.703425003339182,5.671280236251089,5.680464267730713,6700,0.0,0
2015-05-26,5.6896500916151975,5.71720263055277,5.675873384206701,5.703426361083984,38200,0.0,0
2015-05-27,5.694241889478319,5.712610394749938,5.6253601041946775,5.703426361083984,15500,0.0,0
2015-05-28,5.7172014185379085,5.7172014185379085,5.648319647856818,5.671280384063721,16200,0.0,0
2015-05-29,5.64831979518593,5.7034253007560824,5.625359058380127,5.625359058380127,15800,0.0,0
2015-06-01,5.625359276818443,5.66668851708582,5.625359276818443,5.643727779388428,10200,0.0,0
2015-06-02,5.6437279627824495,5.708017942836333,5.6437279627824495,5.648320198059082,4700,0.0,0
2015-06-03,5.643728779533566,5.712610566892882,5.602399531942087,5.606991767883301,31600,0.0,0
2015-06-04,5.625358949164419,5.698832955164799,5.625358949164419,5.634543418884277,7800,0.0,0
2015-06-05,5.625358582710301,5.71260884966708,5.625358582710301,5.675871849060059,10900,0.0,0
2015-06-08,5.6942407921051545,5.708017496858655,5.602398283446611,5.66209602355957,13800,0.0,0
2015-06-09,5.657505346418062,5.717203102968611,5.602399826049804,5.602399826049805,25200,0.0,0
2015-06-10,5.648319317574588,5.69424034936357,5.602397847846014,5.675871849060059,22900,0.0,0
2015-06-11,5.6620962769215515,5.740162522259452,5.616174801567618,5.694241046905518,24800,0.0,0
2015-06-12,5.821723724489543,5.901990835880409,5.722570260435305,5.802837371826172,20700,0.34,0
2015-06-15,5.812280438920352,5.831166790497191,5.665910876485248,5.689518928527832,34300,0.0,0
2015-06-16,5.689519947313222,5.798116375754166,5.670633592354527,5.717849254608154,4600,0.0,0
2015-06-17,5.736734582326858,5.854774392253634,5.684797228062087,5.689518928527832,42100,0.0,0
2015-06-18,5.7461780431423115,5.873660805043001,5.665910935532706,5.78867244720459,28800,0.0,0
2015-06-19,5.769788326028104,5.850055464668943,5.698964141781665,5.765066623687744,26400,0.0,0
2015-06-22,5.774508659637231,5.878383843172035,5.698963235352373,5.8642191886901855,35200,0.0,0
2015-06-23,5.812281479687853,5.8264461333353195,5.698962899649459,5.717849254608154,16500,0.0,0
2015-06-24,5.689520483485229,5.854775992375695,5.689520483485229,5.850054740905762,6200,0.0,0
2015-06-25,5.864218442409518,5.864218442409518,5.7084059120791455,5.713127613067627,19100,0.0,0
2015-06-26,5.798115994678099,5.864218457832118,5.680076171372761,5.779229640960693,14400,0.0,0
2015-06-29,5.774508159573084,5.859496979676762,5.547871906344885,5.661190032958984,27100,0.0,0
2015-06-30,5.698962202223811,5.732013657071434,5.6659111976623535,5.6659111976623535,31300,0.0,0
2015-07-01,5.618695293836555,5.746178516525752,5.6139740432188,5.65174674987793,37900,0.0,0
2015-07-02,5.675355494355393,5.708406504130291,5.665912091399001,5.670633792877197,5000,0.0,0
2015-07-06,5.665911102055375,5.684797454384114,5.585643992086698,5.6375813484191895,20300,0.0,0
2015-07-07,5.6375820248695385,5.6375820248695385,5.54787195311531,5.590366363525391,9100,0.0,0
2015-07-08,5.566758301723047,5.632860767877213,5.547871947148458,5.557315349578857,13900,0.0,0
2015-07-09,5.613974425307543,5.6423037320869,5.576201716077592,5.623417377471924,6400,0.0,0
2015-07-10,5.637582569186963,5.637582569186963,5.552594190447252,5.618696212768555,7200,0.0,0
2015-07-13,5.637581776404384,5.637581776404384,5.505377300066722,5.53842830657959,23600,0.0,0
2015-07-14,5.514819145202638,5.571478190494793,5.467603048982808,5.514819145202637,20000,0.0,0
2015-07-15,5.495935912949583,5.562037944793701,5.453441492314751,5.562037944793701,14400,0.0,0
2015-07-16,5.557315469131355,5.557315469131355,5.458161992910158,5.547872066497803,11900,0.0,0
2015-07-17,5.547871598213445,5.547871598213445,5.443996429443359,5.443996429443359,28300,0.0,0
2015-07-20,5.4628828872071375,5.4628828872071375,5.316513758234942,5.368451118469238,30500,0.0,0
2015-07-21,5.349565034934657,5.420388752493925,5.349565034934657,5.38261604309082,11600,0.0,0
2015-07-22,5.387339010184313,5.566759647150087,5.373174353401477,5.562037944793701,13400,0.0,0
2015-07-23,5.524264197508757,5.524264197508757,5.321235987151827,5.330678939819336,47800,0.0,0
2015-07-24,5.325958044270167,5.359009509323411,5.245690908162196,5.307071685791016,26500,0.0,0
2015-07-27,5.245689120081408,5.330677929410888,4.986001892083378,5.127649307250977,67400,0.0,0
2015-07-28,5.184309869061942,5.184309869061942,5.042662412755466,5.056827068328857,19900,0.0,0
2015-07-29,5.0521038979712305,5.231524467468262,5.033217545933971,5.231524467468262,20600,0.0,0
2015-07-30,5.231524626117652,5.255132679451693,5.146535814229573,5.151257514953613,10100,0.0,0
2015-07-31,5.160701334437815,5.2834624112038355,5.047382759312425,5.155979633331299,9100,0.0,0
2015-08-03,5.151258528740692,5.255133713681799,5.0945994597599755,5.146536827087402,7300,0.0,0
2015-08-04,5.122929395790674,5.193753121883671,5.056826921227279,5.066269874572754,18800,0.0,0
2015-08-05,5.070991335958856,5.2173609333072015,5.0615483830610986,5.085156440734863,10000,0.0,0
2015-08-06,5.07571225367663,5.207916725831799,4.749922549008421,4.901013374328613,63800,0.0,0
2015-08-07,4.94822974867471,5.222082584654754,4.94822974867471,5.18903112411499,39500,0.0,0
2015-08-10,5.2220820473945055,5.392059233007269,5.085155868634897,5.363729476928711,29600,0.0,0
2015-08-11,5.31651443196864,5.377895201998282,5.108764064131966,5.3212361335754395,22900,0.0,0
2015-08-12,5.193751245502092,5.311791046536231,5.122927544996052,5.269296646118164,25600,0.0,0
2015-08-13,5.2645760107120525,5.288184065750577,5.099320526014777,5.226803302764893,37900,0.0,0
2015-08-14,5.311792373657226,5.325957027240171,5.170144486969123,5.311792373657227,28500,0.0,0
2015-08-17,5.325956709965635,5.472326289224024,5.311792057226499,5.368451118469238,7000,0.0,0
2015-08-18,5.39206055007105,5.462884282137544,5.311793413576325,5.340123176574707,20200,0.0,0
2015-08-19,5.335401474360593,5.477049388779889,5.335401474360593,5.340123176574707,11500,0.0,0
2015-08-20,5.335400467055827,5.510099363418779,5.335400467055827,5.377894878387451,22000,0.0,0
2015-08-21,5.340121986853717,5.406224001979289,4.839632920818728,4.98128080368042,77300,0.0,0
2015-08-24,4.764086878601608,4.981280150430267,4.721592474287239,4.787694931030273,107700,0.0,0
2015-08-25,4.905734193561277,4.981279592644792,4.839631744220153,4.929341793060303,28900,0.0,0
2015-08-26,4.971837401356077,4.98128080368042,4.910456637106471,4.98128080368042,15000,0.0,0
2015-08-27,5.052104684299323,5.146536459183324,4.990723918053168,5.070991039276123,32400,0.0,0
2015-08-28,5.07571268081665,5.108763689065262,5.05682632606227,5.07571268081665,12500,0.0,0
2015-08-31,5.052103690440808,5.302347957226481,5.052103690440808,5.212637901306152,36500,0.0,0
2015-09-01,5.151258197769878,5.207917263110222,4.9718375990490085,5.137093544006348,11500,0.0,0
2015-09-02,5.283463615258602,5.283463615258602,4.877406683571614,4.905736446380615,79400,0.0,0
2015-09-03,4.905735334194594,5.023775160279568,4.905735334194594,5.0190534591674805,17500,0.0,0
2015-09-04,4.981281074332077,5.08043455269402,4.981281074332077,4.995445728302002,10000,0.0,0
2015-09-08,5.118207692136303,5.132372347292561,4.995446146685354,5.033218860626221,44900,0.0,0
2015-09-09,5.075712195118903,5.132371253960307,5.028496087607978,5.042661190032959,27700,0.0,0
2015-09-10,5.047383486033355,5.193753089406214,5.00488952081504,5.104043006896973,62400,0.0,0
2015-09-11,5.080433144577985,5.321234446756293,5.028495343939856,5.269296646118164,48400,0.0,0
2015-09-14,5.308257900838643,5.4056575033342495,5.171899107554809,5.196249008178711,28400,0.34,0
2015-09-15,5.230337230040163,5.283907090366987,5.020929253784956,5.142678260803223,19800,0.0,0
2015-09-16,5.142679866301484,5.244949082701779,5.064760087358034,5.186509132385254,25800,0.0,0
2015-09-17,5.167027335168007,5.274166584014893,5.128067692757425,5.274166584014893,21900,0.0,0
2015-09-18,5.157289111173718,5.439746830523217,5.157289111173718,5.3228678703308105,40400,0.0,0
2015-09-21,5.313127164157854,5.473835833574431,5.313127164157854,5.376436710357666,19200,0.0,0
2015-09-22,5.317996694474704,5.478705347513587,5.254687154726718,5.395915985107422,23600,0.0,0
2015-09-23,5.4007869954232515,5.478706299596694,5.235208241836841,5.464096546173096,34900,0.0,0
2015-09-24,5.386177467769792,5.580975736368677,5.235208461278876,5.371567249298096,184000,0.0,0
2015-09-25,5.405657069823383,5.522536026122042,5.395916924580651,5.430006504058838,19300,0.0,0
2015-09-28,5.308257900838643,5.400787430322325,5.118329697730806,5.196249008178711,35900,0.0,0
2015-09-29,5.171898848601899,5.171898848601899,4.918661102325622,4.9527506828308105,56600,0.0,0
2015-09-30,5.006320074685062,5.074499699922945,4.894311187975363,4.98684024810791,53500,0.0,0
2015-10-01,5.045279271503859,5.171898365020752,5.011189694186103,5.171898365020752,10500,0.0,0
2015-10-02,5.171898587216415,5.186508340346596,4.986840011303294,5.11345911026001,22900,0.0,0
2015-10-05,5.113459395460254,5.113459395460254,4.923530736432019,5.069629669189453,22200,0.0,0
2015-10-06,5.0160604705992595,5.128069362900577,5.006320324606594,5.0452799797058105,16200,0.0,0
2015-10-07,5.079369202455512,5.152418427810248,5.0404095536749,5.074499130249023,49900,0.0,0
2015-10-08,5.103719462354636,5.128069362900577,5.0306702251525355,5.0452799797058105,44100,0.0,0
2015-10-09,5.040409626267879,5.064759058779711,5.035539553991251,5.055019378662109,9800,0.0,0
2015-10-12,5.059890726687327,5.09885038585193,5.040410897105026,5.093980312347412,38600,0.0,0
2015-10-13,5.045279355555869,5.152418626042412,5.045279355555869,5.118329048156738,18300,0.0,0
2015-10-14,5.1280676965887775,5.1280676965887775,5.059888554537107,5.103717803955078,10400,0.0,0
2015-10-15,5.132938519239656,5.171898167381329,5.05014915082969,5.128068447113037,17400,0.0,0
2015-10-16,5.059890496903176,5.205988979917799,5.050150350336468,5.152419567108154,25200,0.0,0
2015-10-19,5.167027936332094,5.30338716506958,5.167027936332094,5.30338716506958,29800,0.0,0
2015-10-20,5.279038184680585,5.415396972618647,5.279038184680585,5.4056572914123535,6600,0.0,0
2015-10-21,5.381307391743058,5.4056572914123535,5.167028831976112,5.4056572914123535,7000,0.0,0
2015-10-22,5.386176792239097,5.386176792239097,5.191378083636029,5.327736854553223,35100,0.0,0
2015-10-23,5.366697103443089,5.386176928352102,5.30825716428039,5.356956958770752,13900,0.0,0
2015-10-26,5.371566638087914,5.386176854897169,5.225467721044938,5.376436710357666,26700,0.0,0
2015-10-27,5.298518677567975,5.332608262728723,5.196249457649966,5.264429092407227,22700,0.0,0
2015-10-28,5.24981694565072,5.5079251696656035,5.210857301353303,5.43487548828125,17300,0.0,0
2015-10-29,5.415396629780847,5.483576251651417,5.322867574218202,5.400786876678467,10200,0.0,0
2015-10-30,5.444616001348271,5.444616001348271,5.274167197644226,5.30338716506958,22700,0.0,0
2015-11-02,5.25955863783483,5.488446963814372,5.240078809949489,5.361827850341797,45400,0.0,0
2015-11-03,5.3569562144081315,5.43000543155764,5.2400772811946785,5.366696357727051,13100,0.0,0
2015-11-04,5.381307051063401,5.478706179138731,5.3472170079102765,5.400786876678467,11900,0.0,0
2015-11-05,5.376436671003621,5.454355969006686,5.259557723999024,5.259557723999023,6600,0.0,0
2015-11-06,5.2011191541788095,5.430007015722621,5.2011191541788095,5.361827850341797,26500,0.0,0
2015-11-09,5.386177243773607,5.483576374022489,5.264428214853582,5.430006504058838,15300,0.0,0
2015-11-10,5.376438161812017,5.425137968785509,5.283909085885319,5.342348575592041,28400,0.0,0
2015-11-11,5.395916620840051,5.444616415440985,5.279037671120605,5.2887773513793945,13600,0.0,0
2015-11-12,5.283907338878293,5.425136175084294,5.230337476031986,5.269297122955322,18400,0.0,0
2015-11-13,5.259557834225689,5.386176928352102,5.215728112071496,5.356956958770752,12600,0.0,0
2015-11-16,5.381307797494157,5.381307797494157,5.2157290245811465,5.240078926086426,18400,0.0,0
2015-11-17,5.244948883029758,5.381307678227137,5.167029107052667,5.361827850341797,33700,0.0,0
2015-11-18,5.3813082353965225,5.468967237738716,5.235209278911827,5.342348575592041,31200,0.0,0
2015-11-19,5.391047151978896,5.498186433432967,5.279038262068146,5.352087497711182,23700,0.0,0
2015-11-20,5.322868405474213,5.425137622033299,5.3179983322009825,5.337478160858154,9600,0.0,0
2015-11-23,5.35695675043367,5.35695675043367,5.28390752597474,5.347216606140137,4800,0.0,0
2015-11-24,5.308256772610784,5.337476740036139,5.259557446149361,5.30338716506958,9700,0.0,0
2015-11-25,5.303387422359032,5.410526224433288,5.264427773525548,5.327736854553223,14300,0.0,0
2015-11-27,5.308257041511073,5.352086762651574,5.283907609264706,5.293647289276123,7600,0.0,0
2015-11-30,5.28390874815987,5.352087916242095,5.205988969095436,5.337478160858154,36700,0.0,0
2015-12-01,5.3569575669268525,5.395917221167827,5.322867985574928,5.3861775398254395,24500,0.0,0
2015-12-02,5.400787218591353,5.4056572914123535,5.288777865886879,5.4056572914123535,18300,0.0,0
2015-12-03,5.400786567738491,5.405656639972595,5.220598074997492,5.259557723999023,32300,0.0,0
2015-12-04,5.249817847377465,5.317997468826508,5.249817847377465,5.283907890319824,9400,0.0,0
2015-12-07,5.317997991675828,5.386177619828084,5.28390840981756,5.332607746124268,21900,0.0,0
2015-12-08,5.391046548492826,5.391046548492826,5.235207948866897,5.2887773513793945,18000,0.0,0
2015-12-09,5.313126914594502,5.327736666281867,5.230337547640044,5.249817371368408,24900,0.0,0
2015-12-10,5.279039012300814,5.405658138883268,5.274168938716309,5.342348575592041,25500,0.0,0
2015-12-11,5.4543573119436966,5.4543573119436966,5.181639701786183,5.264429092407227,72900,0.0,0
2015-12-14,5.337477010416624,5.430006060485508,5.167028198078156,5.293647289276123,100200,0.0,0
2015-12-15,5.318783112426756,5.374082197542698,5.218239103383383,5.258456707000732,28200,0.34,0
2015-12-16,5.293647547705078,5.524899032570393,5.293647547705078,5.519871711730957,31200,0.0,0
2015-12-17,5.50981773189035,5.524899215476238,5.353974136730444,5.484681606292725,14500,0.0,0
2015-12-18,5.454517644545794,5.4846806062176645,5.308728717980736,5.3992180824279785,31700,0.0,0
2015-12-21,5.459544587842062,5.5098168308158,5.333864459839359,5.3791093826293945,40800,0.0,0
2015-12-22,5.454517615987141,5.519870859077896,5.379109253339023,5.499762058258057,24900,0.0,0
2015-12-23,5.555061799141657,5.555061799141657,5.454517791801645,5.464571952819824,30800,0.0,0
2015-12-24,5.464571944919474,5.575170592549411,5.464571944919474,5.560089111328125,12300,0.0,0
2015-12-28,5.545008392704179,5.595280647277832,5.534954229448499,5.595280647277832,38300,0.0,0
2015-12-29,5.570144153472939,5.731014590432478,5.5450080278400815,5.665661334991455,57300,0.0,0
2015-12-30,5.680743086772845,5.891885784965643,5.660634281203613,5.796368598937988,78100,0.0,0
2015-12-31,5.766205286624418,5.876803470947479,5.761177965673811,5.7712321281433105,64400,0.0,0
2016-01-04,5.771232707453128,5.84161376953125,5.705879446262012,5.84161376953125,62300,0.0,0
2016-01-05,5.8416132658312705,5.85669474946482,5.731014600511226,5.846640586853027,47000,0.0,0
2016-01-06,5.881831063627302,5.917021832475579,5.80642316361136,5.901939868927002,47800,0.0,0
2016-01-07,5.821504142646096,5.891885194804553,5.776259214789351,5.816476821899414,28800,0.0,0
2016-01-08,5.84664144228355,5.8768044139638365,5.7762603759765625,5.7762603759765625,39500,0.0,0
2016-01-11,5.8164774563641695,5.876803873609705,5.741069554665187,5.786314487457275,62000,0.0,0
2016-01-12,5.786315416780746,5.811451547861364,5.605335656545756,5.615390300750732,43200,0.0,0
2016-01-13,5.670688386919323,5.736042124216277,5.394191953565058,5.444464206695557,65100,0.0,0
2016-01-14,5.429382333779627,5.560089799014741,5.409273529853587,5.519871711730957,35000,0.0,0
2016-01-15,5.419327754113489,5.4846814874788805,5.303702250073593,5.323811054229736,35500,0.0,0
2016-01-19,5.318784049694647,5.384137786947286,5.15791360687691,5.263484954833984,35500,0.0,0
2016-01-20,5.188076306042147,5.208185110351159,5.067423480188077,5.132777214050293,52400,0.0,0
2016-01-21,5.07245003349746,5.384136692834723,5.017150470442506,5.097586154937744,52900,0.0,0
2016-01-22,5.117695968908289,5.303702537283293,5.117695968908289,5.178022384643555,18900,0.0,0
2016-01-25,5.132776970866595,5.1478584535258864,5.047314436744461,5.087532043457031,31500,0.0,0
2016-01-26,5.127750237562916,5.369056384912095,5.102614110630247,5.338892936706543,46000,0.0,0
2016-01-27,5.353973235263557,5.469599201771608,5.318782953011021,5.38413667678833,23800,0.0,0
2016-01-28,5.404246387925696,5.494736248304463,5.369056099748051,5.484681606292725,17700,0.0,0
2016-01-29,5.504790122600265,5.580198495444029,5.4545183534694495,5.539980888366699,19900,0.0,0
2016-02-01,5.529926353409829,5.529926353409829,5.338892476396595,5.519871711730957,13600,0.0,0
2016-02-02,5.454517439851481,5.545006800902886,5.444462800050428,5.534952640533447,8800,0.0,0
2016-02-03,5.570143306978765,5.580197947476593,5.32883768821065,5.459544658660889,16800,0.0,0
2016-02-04,5.419327247191209,5.560089342549074,5.389164283494283,5.5148444175720215,20500,0.0,0
2016-02-05,5.489707720291937,5.539979960433973,5.414299839510498,5.534952640533447,28800,0.0,0
2016-02-08,5.534952795180846,5.534952795180846,5.308728667084178,5.40927267074585,14100,0.0,0
2016-02-09,5.369055466970605,5.489708280301443,5.333864703508696,5.424354553222656,24300,0.0,0
2016-02-10,5.46457213124167,5.46457213124167,5.328837836758752,5.429381847381592,13400,0.0,0
2016-02-11,5.308729399471647,5.459545186054751,5.308729399471647,5.449491024017334,30500,0.0,0
2016-02-12,5.4846806062176645,5.534952848246291,5.313755558638293,5.3992180824279785,15300,0.0,0
2016-02-16,5.534952640533447,5.539979960433973,5.444462800050428,5.534952640533447,22100,0.0,0
2016-02-17,5.53495428372838,5.5399816051213975,5.454519059167128,5.494736671447754,14800,0.0,0
2016-02-18,5.539980087237879,5.539980087237879,5.42938144405289,5.509816646575928,15600,0.0,0
2016-02-19,5.464571725298813,5.524898127191091,5.394190683375343,5.509816646575928,28600,0.0,0
2016-02-22,5.529926749358361,5.529926749358361,5.444464206695557,5.444464206695557,15500,0.0,0
2016-02-23,5.449490419684139,5.519870984436129,5.4394357793300605,5.474626541137695,12800,0.0,0
2016-02-24,5.424354567617918,5.529925899420484,5.424354567617918,5.5148444175720215,11800,0.0,0
2016-02-25,5.5198722675336445,5.534954231570573,5.494736619668933,5.504790782928467,16400,0.0,0
2016-02-26,5.529926910224931,5.539981552916217,5.4846819769776465,5.504790782928467,12100,0.0,0
2016-02-29,5.529926246881519,5.539980888366699,5.47965399831901,5.539980888366699,19500,0.0,0
2016-03-01,5.519871204668771,5.836585196983945,5.444463316731107,5.806422233581543,41700,0.0,0
2016-03-02,5.8466388466287675,5.8466388466287675,5.580197144393135,5.715931415557861,22500,0.0,0
2016-03-03,5.801395598760023,5.801395598760023,5.590252912265654,5.766205310821533,15200,0.0,0
2016-03-04,5.7259875217832645,5.801395416259766,5.705878717960751,5.801395416259766,21100,0.0,0
2016-03-07,5.756150829778404,5.8717768182010595,5.756150829778404,5.826531887054443,30100,0.0,0
2016-03-08,5.791342359075153,5.861722946166992,5.756151586097441,5.861722946166992,15400,0.0,0
2016-03-09,5.861722070486577,5.866749391508334,5.796368335498901,5.846640586853027,7300,0.0,0
2016-03-10,5.871775603817143,5.876802444458008,5.831558002100447,5.876802444458008,11400,0.0,0
2016-03-11,5.876803720377609,6.098001057275474,5.876803720377609,6.08794641494751,59000,0.0,0
2016-03-14,6.098000690615849,6.183463227537928,6.032646957708865,6.158327102661133,38600,0.0,0
2016-03-15,6.282424370121582,6.33413176545423,6.220375791593365,6.313448905944824,43200,0.34,0
2016-03-16,6.272082389294235,6.308277265553162,6.2462286949157715,6.2462286949157715,22900,0.0,0
2016-03-17,6.292766030487576,6.32896091125774,6.220375775828982,6.318619728088379,35000,0.0,0
2016-03-18,6.318618670761149,6.365155220031738,6.3082769962040475,6.365155220031738,48100,0.0,0
2016-03-21,6.385837037200144,6.406519889831543,6.35998334813137,6.406519889831543,43500,0.0,0
2016-03-22,6.411691665649414,6.4220333408347,6.344472749417912,6.411691665649414,57600,0.0,0
2016-03-23,6.3806680693965765,6.458228666199087,6.3806680693965765,6.422033786773682,28900,0.0,0
2016-03-24,6.478912254951425,6.5771562146311675,6.478912254951425,6.520277976989746,29000,0.0,0
2016-03-28,6.592668450258442,6.706424436100736,6.58232677285536,6.623692989349365,77000,0.0,0
2016-03-29,6.665058152109381,6.685741012057534,6.6133507556798605,6.659887313842773,48300,0.0,0
2016-03-30,6.696081175889403,6.706422850847937,6.6081789112146785,6.685739994049072,28700,0.0,0
2016-03-31,6.69091127696874,6.758130694273714,6.608179838168242,6.69608211517334,91300,0.0,0
2016-04-01,6.654715860320441,6.773642663865758,6.654715860320441,6.721935272216797,58300,0.0,0
2016-04-04,6.783984058758241,6.892569190126707,6.727106320657902,6.835691452026367,118900,0.0,0
2016-04-05,6.721935669959506,6.861545339801585,6.721935669959506,6.7581305503845215,67600,0.0,0
2016-04-06,6.773642907349883,6.897740060026283,6.773642907349883,6.825349807739258,39400,0.0,0
2016-04-07,6.825349682938328,6.9546176712254875,6.825349682938328,6.877057075500488,51900,0.0,0
2016-04-08,6.897739933901704,6.964959346985216,6.809837662416977,6.877057075500488,57700,0.0,0
2016-04-11,6.990813138712496,6.990813138712496,6.835691452026367,6.835691452026367,146600,0.0,0
2016-04-12,6.835691237973571,6.918422670117322,6.6960815763923165,6.721935272216797,88600,0.0,0
2016-04-13,6.706423298304005,6.742618176837407,6.680569602300901,6.701252460479736,57700,0.0,0
2016-04-14,6.696081747769967,6.696081747769967,6.396180052014153,6.649545192718506,111900,0.0,0
2016-04-15,6.592667098576537,6.6443744887538365,6.334131133926477,6.380667686462402,101100,0.0,0
2016-04-18,6.122131782825839,6.659886574932529,6.1169609451329325,6.5668134689331055,70200,0.0,0
2016-04-19,6.628861783230557,6.711593210615931,6.592666907029008,6.680569171905518,44200,0.0,0
2016-04-20,6.690910339355469,6.72193487111725,6.603008567786529,6.690910339355469,25200,0.0,0
2016-04-21,6.685740549195562,6.685740549195562,6.484082308823411,6.6547160148620605,24900,0.0,0
2016-04-22,6.644374662409006,6.871886100275206,6.603008946433333,6.727106094360352,80500,0.0,0
2016-04-25,6.721935607066407,6.825349902397623,6.706423586046289,6.783984184265137,127400,0.0,0
2016-04-26,6.825349135558757,6.9132513999938965,6.752959383519139,6.9132513999938965,74000,0.0,0
2016-04-27,7.011495353947497,7.032178210733021,6.830519987235509,6.902910232543945,82900,0.0,0
2016-04-28,6.892569080261885,6.928763959101691,6.8253496673320715,6.882227897644043,28600,0.0,0
2016-04-29,6.871886363272471,6.928764101636258,6.794325766129283,6.825349807739258,44600,0.0,0
2016-05-02,6.727106603245751,6.7322774414134265,6.463399774113535,6.7167649269104,110700,0.0,0
2016-05-03,6.716765055420623,6.716765055420623,6.520277639354034,6.659887313842773,62900,0.0,0
2016-05-04,6.634033104278713,6.892569080261885,6.587496549702824,6.882227897644043,56400,0.0,0
2016-05-05,6.913252227168089,7.006325340204646,6.721935656129367,6.97012996673584,83000,0.0,0
2016-05-06,6.980471399500571,6.980471399500571,6.72193542174129,6.866715431213379,106400,0.0,0
2016-05-09,6.928764569273217,7.006325664769417,6.763301687870578,6.830521106719971,106300,0.0,0
2016-05-10,6.8873982581419755,6.928763974944407,6.7736427834944095,6.877057075500488,34400,0.0,0
2016-05-11,6.902910755997967,6.959788493191698,6.830520505200113,6.882227897644043,71700,0.0,0
2016-05-12,6.8977393950680135,6.949446290472722,6.856373681496965,6.902910232543945,68200,0.0,0
2016-05-13,6.871886363272471,6.882228039221296,6.732277189791083,6.825349807739258,48000,0.0,0
2016-05-16,6.685740406691868,6.980471257545974,6.675398731095047,6.923593521118164,86300,0.0,0
2016-05-17,6.882228639648431,6.980472104142085,6.871886962797365,6.975301265716553,40500,0.0,0
2016-05-18,6.97530042037799,6.980471258176868,6.923593521743917,6.9287638664245605,10100,0.0,0
2016-05-19,6.887397705786231,6.964958788409225,6.86671484904374,6.9132513999938965,33500,0.0,0
2016-05-20,6.913251938615809,6.913251938615809,6.840861687817954,6.882227897644043,36500,0.0,0
2016-05-23,6.851203870310338,6.887398751827337,6.851203870310338,6.871886730194092,29100,0.0,0
2016-05-24,6.851203271914333,6.97530042037799,6.851203271914333,6.9287638664245605,38400,0.0,0
2016-05-25,6.908080562528723,6.949446276013705,6.8512028297664225,6.9132513999938965,29000,0.0,0
2016-05-26,6.882227096225757,7.063201962468957,6.882227096225757,7.032177925109863,43900,0.0,0
2016-05-27,7.068373325787332,7.104568203106082,6.9856418958483495,7.016665935516357,27700,0.0,0
2016-05-31,7.109739243796826,7.109739243796826,6.8667152915721195,6.923593521118164,55200,0.0,0
2016-06-01,6.964959022982026,7.073544147816694,6.9235933081038885,7.021836757659912,53000,0.0,0
2016-06-02,7.109739040756823,7.109739040756823,6.980471058197608,7.016665935516357,84800,0.0,0
2016-06-03,7.078714416207106,7.0942269289582365,6.980470967707678,7.0580315589904785,42400,0.0,0
2016-06-06,6.995982599405962,7.037348311545444,6.55130094734743,6.799495220184326,154000,0.0,0
2016-06-07,6.820179576498087,7.021837837375741,6.68057039059686,6.768472671508789,69300,0.0,0
2016-06-08,6.768472257601791,6.923593949320238,6.432375176692111,6.535789966583252,103000,0.0,0
2016-06-09,6.654717203811985,6.654717203811985,6.339303431806879,6.561644077301025,94000,0.0,0
2016-06-10,6.515106693655448,6.608179308283738,6.359985011783988,6.5099358558654785,57500,0.0,0
2016-06-13,6.509935638037709,6.556472190353819,6.3341311040071675,6.396179676055908,61000,0.0,0
2016-06-14,6.4280803613883,6.555684811015385,6.332376770640481,6.550367832183838,71000,0.34,0
2016-06-15,6.555686221961698,6.566320181913485,6.380229939198158,6.4546661376953125,58600,0.0,0
2016-06-16,6.428080586577774,6.497199792644259,6.332376992477253,6.48124885559082,83500,0.0,0
2016-06-17,6.422764996636246,6.576953872114652,6.358962755788816,6.545053005218506,45600,0.0,0
2016-06-20,6.507834656579725,6.832163348312864,6.507834656579725,6.800261974334717,83000,0.0,0
2016-06-21,6.800261491590401,6.800261491590401,6.667340039051844,6.736459255218506,23300,0.0,0
2016-06-22,6.768358451753983,6.890646421619136,6.709873209591069,6.784309387207031,21800,0.0,0
2016-06-23,6.84811331503738,6.959767355768347,6.800261510859094,6.949133396148682,37800,0.0,0
2016-06-24,6.880012706962145,6.949131908528112,6.720507403253752,6.810894012451172,19800,0.0,0
2016-06-27,6.741776000578543,6.821528666506363,6.635438436601339,6.709874629974365,25900,0.0,0
2016-06-28,6.709874871047067,6.853430283340908,6.677974006351836,6.821528911590576,17000,0.0,0
2016-06-29,6.816211913693376,6.954450345819303,6.7417762248987225,6.789628028869629,32300,0.0,0
2016-06-30,6.778992653887777,6.848111855519115,6.778992653887777,6.8321614265441895,51700,0.0,0
2016-07-01,6.848114502947499,6.911916750567654,6.79494570973644,6.8800153732299805,30800,0.0,0
2016-07-05,6.880014171530229,7.034203036444624,6.880014171530229,7.023569583892822,49400,0.0,0
2016-07-06,7.034203030579627,7.044836990177664,6.938499929472796,6.9597673416137695,15800,0.0,0
2016-07-07,6.986350291211169,6.986350291211169,6.906597131856351,6.938498497009277,17100,0.0,0
2016-07-08,6.954450359443022,7.098005771636963,6.938499927106506,7.098005771636963,89700,0.0,0
2016-07-11,7.11927320557436,7.278778543538221,7.07142140136316,7.172441482543945,69700,0.0,0
2016-07-12,7.284094310386255,7.284094310386255,7.230926042270381,7.252193450927734,28500,0.0,0
2016-07-13,7.225610963542456,7.284096225966951,7.050154669213822,7.273462772369385,78300,0.0,0
2016-07-14,7.230927738048174,7.3053634322778604,6.970401287078857,6.970401287078857,50000,0.0,0
2016-07-15,6.927866459788997,7.151174556588332,6.895965592849171,6.970401287078857,102100,0.0,0
2016-07-18,7.055469794083462,7.278777331458162,7.039518857299183,7.252193450927734,50300,0.0,0
2016-07-19,7.25751160193203,7.310680389404297,7.19370936119839,7.310680389404297,43200,0.0,0
2016-07-20,7.31067824950647,7.31067824950647,7.252193006050214,7.305361270904541,20600,0.0,0
2016-07-21,7.31067944594934,7.31067944594934,7.076737926783192,7.278778076171875,42600,0.0,0
2016-07-22,7.199024181883205,7.278776832113265,7.076736717256448,7.188390731811523,10200,0.0,0
2016-07-25,7.257510185241699,7.342580330002377,7.193707956962469,7.257510185241699,75600,0.0,0
2016-07-26,7.220291821696124,7.300044474495558,7.0873703956604,7.0873703956604,17400,0.0,0
2016-07-27,7.0501537582084195,7.305362696234293,7.044836778569109,7.2628278732299805,16600,0.0,0
2016-07-28,7.273460367560601,7.278776839074034,7.145855417193497,7.209658145904541,12500,0.0,0
2016-07-29,7.183074980949622,7.30536246647725,7.092688358144389,7.278778076171875,30200,0.0,0
2016-08-01,7.278778538853985,7.305362930849221,7.209659829543515,7.289412498474121,30200,0.0,0
2016-08-02,7.22561003334322,7.246877444855614,7.108639016497511,7.167124271392822,8800,0.0,0
2016-08-03,7.172440985546073,7.172440985546073,7.103321773925476,7.14054012298584,7500,0.0,0
2016-08-04,7.119272493113088,7.220292564184288,7.103321555268909,7.1990251541137695,9500,0.0,0
2016-08-05,7.268145559650038,7.305363406634237,7.188392885525285,7.204343318939209,20400,0.0,0
2016-08-08,7.230926522747074,7.29472875295863,7.156490333972733,7.1990251541137695,20700,0.0,0
2016-08-09,7.17775752202753,7.284094569091005,7.17775752202753,7.236242771148682,25400,0.0,0
2016-08-10,7.278778293894693,7.3106796646263925,7.2309269983797755,7.294729232788086,25200,0.0,0
2016-08-11,7.3106796646263925,7.3106796646263925,7.273461821318649,7.294729232788086,14800,0.0,0
2016-08-12,7.315996174034452,7.390431855865713,7.28409480535316,7.337263584136963,29800,0.0,0
2016-08-15,7.315997615966144,7.3585324445544815,7.23092795878947,7.2840962409973145,35300,0.0,0
2016-08-16,7.284096225966951,7.300046659890875,7.236244417140022,7.273462772369385,12200,0.0,0
2016-08-17,7.236242790710958,7.417016024735081,7.236242790710958,7.395748615264893,13400,0.0,0
2016-08-18,7.38511683918598,7.401067273142819,7.262828826703147,7.2840962409973145,29100,0.0,0
2016-08-19,7.284094344321846,7.390431388104023,7.284094344321846,7.326629161834717,20800,0.0,0
2016-08-22,7.358531250373848,7.390432113110487,7.236243257736544,7.300045490264893,11700,0.0,0
2016-08-23,7.363849164159153,7.432967877876542,7.347898223711939,7.406383991241455,29900,0.0,0
2016-08-24,7.417015326625063,7.443599712724362,7.363847061481454,7.4329657554626465,28600,0.0,0
2016-08-25,7.417015294794987,7.438282702172159,7.3000443006930436,7.379797458648682,38200,0.0,0
2016-08-26,7.390430928813397,7.443599700927734,7.3000443204520185,7.443599700927734,19600,0.0,0
2016-08-29,7.443601376944859,7.443601376944859,7.358531728051448,7.438284397125244,56300,0.0,0
2016-08-30,7.454235812908464,7.454235812908464,7.358532198260381,7.37448263168335,12400,0.0,0
2016-08-31,7.438282702172159,7.443599680780199,7.363847029879549,7.379797458648682,20800,0.0,0
2016-09-01,7.422333224547006,7.422333224547006,7.315996174034452,7.337263584136963,43900,0.0,0
2016-09-02,7.385116590973317,7.422334437973437,7.268145562759192,7.3319478034973145,20500,0.0,0
2016-09-06,7.379797451913427,7.438282695383526,7.2840938652760014,7.358530044555664,29700,0.0,0
2016-09-07,7.331946611574219,7.454234600067139,7.310679201452197,7.454234600067139,53200,0.0,0
2016-09-08,7.395748179558047,7.57652140293225,7.347896384305463,7.544620037078857,54000,0.0,0
2016-09-09,7.512719372367742,7.539303760089862,7.374480961856738,7.401065349578857,45300,0.0,0
2016-09-12,7.353213788231741,7.427649974822998,7.310678969338176,7.427649974822998,33700,0.0,0
2016-09-13,7.35853005127151,7.379797458648682,7.3106782579091245,7.379797458648682,23500,0.0,0
2016-09-14,7.357996612491776,7.494255809019402,7.178134514658318,7.276241302490234,59600,0.34,0
2016-09-15,7.292593192090347,7.347096565791119,7.194486391726247,7.221738338470459,51000,0.0,0
2016-09-16,7.183585786739427,7.4615541827788,7.183585786739427,7.3252949714660645,20900,0.0,0
2016-09-19,7.325294218764542,7.428851499802399,7.232638442797241,7.3198442459106445,12200,0.0,0
2016-09-20,7.33619516183886,7.46700386575636,7.248989359227193,7.276241302490234,24600,0.0,0
2016-09-21,7.325295435483301,7.396150292228706,7.281692526684232,7.336196422576904,27300,0.0,0
2016-09-22,7.3852486093699214,7.439751976504102,7.308943271636963,7.308943271636963,27100,0.0,0
2016-09-23,7.270791744599185,7.352547065111034,7.238089304521854,7.254440784454346,15200,0.0,0
2016-09-26,7.270791756993621,7.292593210486455,7.205387396515117,7.243539810180664,43200,0.0,0
2016-09-27,7.243539273848672,7.28714217760586,7.150882973417746,7.178134918212891,35300,0.0,0
2016-09-28,7.199937849585698,7.287143675019744,7.145433948795559,7.210838317871094,7100,0.0,0
2016-09-29,7.2271883265427475,7.259890244519573,7.156333477876138,7.167233943939209,25800,0.0,0
2016-09-30,7.172683895288121,7.467003733794888,7.085478094217608,7.1018290519714355,52800,0.0,0
2016-10-03,7.167234403140004,7.494256722586092,7.161784429653099,7.467004776000977,102100,0.0,0
2016-10-04,7.467004267746794,7.608713964513567,7.428851856997129,7.456103801727295,62200,0.0,0
2016-10-05,7.565111373722799,7.592363319579996,7.5215084682663385,7.548760414123535,46600,0.0,0
2016-10-06,7.603263713336689,7.603263713336689,7.412501133735935,7.4179511070251465,28500,0.0,0
2016-10-07,7.483354447312723,7.50515641665637,7.368897226983924,7.385248184204102,28000,0.0,0
2016-10-10,7.3906989097595215,7.5814614694480795,7.357996474499657,7.3906989097595215,65100,0.0,0
2016-10-11,7.4016002597551696,7.439752672296002,7.210837157475728,7.259890556335449,52100,0.0,0
2016-10-12,7.31984426678034,7.450652971823396,7.303492788809266,7.34164571762085,11900,0.0,0
2016-10-13,7.308942335339737,7.554208755493164,7.308942335339737,7.554208755493164,42600,0.0,0
2016-10-14,7.554209399973644,7.559659892390118,7.303492466479061,7.494255542755127,115400,0.0,0
2016-10-17,7.428850383475232,7.488804234159585,7.276240250959373,7.41249942779541,22500,0.0,0
2016-10-18,7.445202215085973,7.586911900416653,7.396148822487848,7.559659957885742,44200,0.0,0
2016-10-19,7.576010264518898,7.663216577082104,7.559659308320338,7.630514144897461,48300,0.0,0
2016-10-20,7.614164822471876,7.630515782178864,7.548760463856288,7.581462383270264,27200,0.0,0
2016-10-21,7.570560511126677,7.630514365445952,7.526957613478561,7.603262424468994,28800,0.0,0
2016-10-24,7.619613137356763,7.6305141213137935,7.576010241103686,7.608712673187256,13900,0.0,0
2016-10-25,7.597813877361499,7.679569721221924,7.576012422956254,7.679569721221924,18600,0.0,0
2016-10-26,7.6468650774618165,7.652315569440332,7.581460733082201,7.608712673187256,22000,0.0,0
2016-10-27,7.625063994253461,7.625063994253461,7.37979756114513,7.499705791473389,63200,0.0,0
2016-10-28,7.45610362103646,7.619614245879723,7.417950691423779,7.4833550453186035,25700,0.0,0
2016-10-31,7.48335525658247,7.592363035938863,7.118181066973969,7.167233943939209,62800,0.0,0
2016-11-01,7.1890357046255895,7.586912868875166,7.1890357046255895,7.259890556335449,17000,0.0,0
2016-11-02,7.243538866617068,7.40159951379761,7.183585007268443,7.276241302490234,13000,0.0,0
2016-11-03,7.243539717702111,7.352546983774584,7.118181491665679,7.134532451629639,20200,0.0,0
2016-11-04,7.221737277418447,7.292592120628004,7.025524225306453,7.112730026245117,46600,0.0,0
2016-11-07,7.139981711192964,7.401599104563137,6.763906058488896,6.840211391448975,89000,0.0,0
2016-11-08,6.785707485780496,6.905615717244093,6.714852645360533,6.8184099197387695,56600,0.0,0
2016-11-09,6.714852645360533,7.34709519706168,6.676700238898842,6.8184099197387695,35400,0.0,0
2016-11-10,6.77480920551728,7.047327670488527,6.747557255062611,6.878365993499756,34400,0.0,0
2016-11-11,6.812960904662914,6.954670616228943,6.758457009510543,6.851113319396973,49700,0.0,0
2016-11-14,6.878364117798856,6.992821862666145,6.85656266733783,6.932868003845215,16800,0.0,0
2016-11-15,7.041874032040715,7.210835113795781,6.932866798684626,7.129079818725586,28100,0.0,0
2016-11-16,7.107280260231092,7.412501114503036,7.090929300830625,7.396149635314941,21800,0.0,0
2016-11-17,7.407049994332634,7.603263049889014,7.379798051114019,7.521507740020752,24200,0.0,0
2016-11-18,7.543310297356489,7.5978136720026095,7.357997680026824,7.3743486404418945,14700,0.0,0
2016-11-21,7.390699492587865,7.42885190357675,7.2162873570937895,7.232638835906982,19200,0.0,0
2016-11-22,7.139981621664389,7.139981621664389,6.927417102375814,6.998271942138672,38000,0.0,0
2016-11-23,6.971021046634806,7.325294778815697,6.971021046634806,7.107280254364014,50900,0.0,0
2016-11-25,7.161783838328634,7.183585289839124,6.976471240595666,7.04732608795166,74900,0.0,0
2016-11-28,7.05822675128792,7.145432559769721,6.872914148370283,6.965570449829102,183200,0.0,0
2016-11-29,6.921967769727743,7.058226979839658,6.9165172765742335,6.938318729400635,44800,0.0,0
2016-11-30,6.9383201458277926,7.00917501192521,6.921969182816925,6.981923580169678,30700,0.0,0
2016-12-01,6.971021137422313,6.98737209702223,6.900166286105827,6.927418231964111,79700,0.0,0
2016-12-02,6.981922394280371,7.041876261662133,6.900166553536891,6.976471900939941,65100,0.0,0
2016-12-05,6.976471675335186,7.058226993647214,6.965570689006843,7.003723621368408,56700,0.0,0
2016-12-06,7.025525368192308,7.085479236143814,6.9819224606298205,7.030975341796875,31500,0.0,0
2016-12-07,7.085479347423775,7.216288072165636,7.047326932654316,7.194486618041992,49400,0.0,0
2016-12-08,7.189034241938685,7.2162861824035645,7.11817992443254,7.2162861824035645,37800,0.0,0
2016-12-09,7.178136393227187,7.232640294017325,7.118182518188211,7.210838317871094,31900,0.0,0
2016-12-12,7.221738338470459,7.336196098966025,7.221738338470459,7.221738338470459,32800,0.0,0
2016-12-13,7.221737908652817,7.308943717213926,7.210836922688869,7.298043251037598,40800,0.0,0
2016-12-14,7.2700809219411076,7.76780203859586,7.2253420050878665,7.370743751525879,61600,0.34,0
2016-12-15,7.359559458810891,7.443445335922996,7.208565733337115,7.303636074066162,44100,0.0,0
2016-12-16,7.309227714157149,7.314820212381918,7.225342374105562,7.298043251037598,40400,0.0,0
2016-12-19,7.27007987822044,7.348373238138495,7.27007987822044,7.337188243865967,25600,0.0,0
2016-12-20,7.37074449823283,7.661547487239233,7.353967002715721,7.532923221588135,29600,0.0,0
2016-12-21,7.583254167310556,7.633585050724737,7.4993682949602976,7.611215591430664,26000,0.0,0
2016-12-22,7.683915753435873,7.683915753435873,7.527329552928237,7.600030422210693,46300,0.0,0
2016-12-23,7.605622847556731,7.683915680401423,7.549698938384873,7.622399806976318,20000,0.0,0
2016-12-27,7.678322815517657,7.734246722014336,7.63917640096792,7.6951003074646,21400,0.0,0
2016-12-28,7.689508398545785,7.689508398545785,7.549699154935861,7.555291652679443,14800,0.0,0
2016-12-29,7.60562170788328,7.7006920192315595,7.555290303836562,7.5720672607421875,19100,0.0,0
2016-12-30,7.600029986418184,7.77898563387972,7.600029986418184,7.6951003074646,30700,0.0,0
2017-01-03,7.717468872469714,7.879647542591816,7.63917551907876,7.829316139221191,62400,0.0,0
2017-01-04,7.851685038866746,7.969124794006348,7.801353639045518,7.969124794006348,68000,0.0,0
2017-01-05,7.96912803556058,7.96912803556058,7.7342484297408145,7.857280731201172,16300,0.0,0
2017-01-06,7.941163711666023,7.941163711666023,7.577659947398263,7.818131446838379,29300,0.0,0
2017-01-09,7.8628724014605,7.8628724014605,7.695101195929743,7.7957634925842285,15400,0.0,0
2017-01-10,7.7957644656916205,7.818133926999328,7.650363233856531,7.812541961669922,25900,0.0,0
2017-01-11,7.8405022621154785,7.913202595980249,7.812540308066767,7.8405022621154785,26400,0.0,0
2017-01-12,7.868464817247355,7.952350691487491,7.58884630310688,7.929981231689453,45200,0.0,0
2017-01-13,7.957943058574436,8.053013400852741,7.829318791568505,7.99149751663208,57600,0.0,0
2017-01-17,7.985903452815822,8.265521926280394,7.868463672627505,8.0753812789917,58900,0.0,0
2017-01-18,8.114529111664227,8.28230032068029,8.036235738568738,8.09775161743164,34400,0.0,0
2017-01-19,8.086567955152171,8.092160453783341,7.946758689353088,8.06419849395752,18100,0.0,0
2017-01-20,8.075382229553608,8.248745938173633,7.997089389098737,8.036235809326172,37400,0.0,0
2017-01-23,8.10893733975505,8.18163822128349,8.0474214553833,8.0474214553833,23300,0.0,0
2017-01-24,8.019458777666124,8.164860527702043,8.019458777666124,8.09775161743164,15400,0.0,0
2017-01-25,8.125714302160068,8.136899299316761,8.025051994399936,8.0474214553833,21200,0.0,0
2017-01-26,8.108936613586698,8.108936613586698,8.06979019370394,8.09775161743164,9500,0.0,0
2017-01-27,8.097751314078401,8.108936309814453,8.092159349540326,8.108936309814453,11800,0.0,0
2017-01-30,8.036234863372231,8.148082146092078,7.980311488677264,8.0753812789917,29900,0.0,0
2017-01-31,8.058605496272689,8.080974956082043,7.8908342810375265,8.00827407836914,25000,0.0,0
2017-02-01,8.025052070199385,8.086567955152171,8.008274574305876,8.06419849395752,13300,0.0,0
2017-02-02,7.980311393737793,8.080973680323147,7.9355719478521936,7.980311393737793,24100,0.0,0
2017-02-03,8.036234624543681,8.09775049487893,7.946756801026992,8.025050163269043,10500,0.0,0
2017-02-06,8.069790992172129,8.108937415928244,8.053013496279487,8.103344917297363,10500,0.0,0
2017-02-07,8.108938449594813,8.108938449594813,8.053014522817296,8.080976486206055,32300,0.0,0
2017-02-08,8.080975380193339,8.080975380193339,8.008274498664898,8.0474214553833,9000,0.0,0
2017-02-09,8.05301284515147,8.05301284515147,7.997089463354435,8.013866424560547,19400,0.0,0
2017-02-10,8.025051573223651,8.053012997987851,8.00827407836914,8.00827407836914,21200,0.0,0
2017-02-13,8.053013420631627,8.075382881614994,8.01945949582159,8.0474214553833,19900,0.0,0
2017-02-14,8.053012397794097,8.108936309814453,8.02505097511387,8.108936309814453,17700,0.0,0
2017-02-15,8.108936309814453,8.108936309814453,7.97471956096154,8.108936309814453,24700,0.0,0
2017-02-16,8.108936613586698,8.108936613586698,8.053012699471353,8.09775161743164,16000,0.0,0
2017-02-17,8.092159349540326,8.108936309814453,7.97471956096154,8.108936309814453,10800,0.0,0
2017-02-21,8.108936309814453,8.108936309814453,8.064197393530149,8.108936309814453,12500,0.0,0
2017-02-22,8.108937415928244,8.108937415928244,7.985905112698995,8.103344917297363,30600,0.0,0
2017-02-23,8.108936309814453,8.108936309814453,8.053012397794097,8.108936309814453,31000,0.0,0
2017-02-24,8.108936884381468,8.192822225025832,8.086567424654305,8.142491340637207,38100,0.0,0
2017-02-27,8.18722836480999,8.220782279968262,8.142489455712383,8.220782279968262,19200,0.0,0
2017-02-28,8.20400626742833,8.220783226940044,8.11452843892595,8.181636810302734,26100,0.0,0
2017-03-01,8.20400642533806,8.220783385172696,8.142490550391106,8.215190887451172,15900,0.0,0
2017-03-02,8.220783385172696,8.220783385172696,8.153675012504218,8.215190887451172,23400,0.0,0
2017-03-03,8.22078586192053,8.248747825622559,8.136900504144544,8.248747825622559,24800,0.0,0
2017-03-06,8.192822379564978,8.248746296602759,8.108937037338306,8.176045417785645,31300,0.0,0
2017-03-07,8.170451815074975,8.215190729326164,8.108935941312069,8.181636810302734,26300,0.0,0
2017-03-08,8.187228889042789,8.366184536891843,8.148081941078383,8.354999542236328,59400,0.0,0
2017-03-09,8.377372111989752,8.377372111989752,8.22078586192053,8.248747825622559,44900,0.0,0
2017-03-10,8.32144737291883,8.360593795776367,8.24874649237625,8.360593795776367,46100,0.0,0
2017-03-13,8.33263111114502,8.35500056987753,8.282300228994343,8.33263111114502,39100,0.0,0
2017-03-14,8.33263111114502,8.343816107176258,8.254338272246212,8.33263111114502,27000,0.0,0
2017-03-15,8.572995093585115,8.710346568817247,8.544380725954829,8.578718185424805,70200,0.34,0
2017-03-16,8.670286353166441,8.698901269489868,8.475706122892227,8.550104141235352,52300,0.0,0
2017-03-17,8.432981696385212,8.772643423474703,8.380276028521802,8.561819076538086,73400,0.34,0
2017-03-20,8.608665505602348,8.696509367405962,8.50325365332975,8.62623405456543,48500,0.0,0
2017-03-21,8.661372404881437,8.772640635220553,8.503254334558047,8.70236587524414,22700,0.0,0
2017-03-22,8.725791352147299,8.772641195121697,8.620379484701994,8.637948036193848,24700,0.0,0
2017-03-23,8.655516538312714,8.760928963650905,8.637947986921075,8.755072593688965,40400,0.0,0
2017-03-24,8.796067594450726,8.913192214128355,8.7784984826284,8.842917442321777,34100,0.0,0
2017-03-27,8.913192033935724,8.913192033935724,8.813635969598844,8.81949234008789,40100,0.0,0
2017-03-28,8.878053181934893,8.913190841674805,8.860484631312016,8.913190841674805,71900,0.0,0
2017-03-29,8.913190300198558,8.924902480404242,8.696509660699226,8.772640228271484,76100,0.0,0
2017-03-30,8.204586173417043,8.345135693157951,8.198729803804303,8.210442543029785,3307000,0.0,0
2017-03-31,8.26314866965793,8.415410937387964,8.228011566947416,8.309998512268066,612200,0.0,0
2017-04-03,8.397841530933194,8.438834999419411,8.309997666113143,8.432978630065918,361300,0.0,0
2017-04-04,8.415411120096831,8.415411120096831,8.257293037478226,8.333423614501953,272800,0.0,0
2017-04-05,8.309997664524593,8.43297862845386,8.274860565398587,8.298285484313965,198700,0.0,0
2017-04-06,8.36270487477041,8.538392066955566,8.304142849704817,8.538392066955566,550100,0.0,0
2017-04-07,8.514967051340765,8.514967051340765,8.397842444006857,8.415410995483398,87000,0.0,0
2017-04-10,8.356848913372382,8.391986016082896,8.269005039607741,8.309998512268066,160000,0.0,0
2017-04-11,8.315852829589467,8.374415397644043,8.292427914066446,8.374415397644043,94600,0.0,0
2017-04-12,8.374415728670254,8.432977740545645,8.368559359934496,8.40369701385498,66800,0.0,0
2017-04-13,8.397842386032709,8.421267307337777,8.286573590962998,8.309998512268066,87600,0.0,0
2017-04-17,8.345136929449488,8.409555329250475,8.309999265061714,8.356849670410156,118900,0.0,0
2017-04-18,8.42126736547364,8.45640446842672,8.321711309616271,8.415410995483398,83800,0.0,0
2017-04-19,8.473973904277416,8.473973904277416,8.403699137174545,8.444692611694336,70400,0.0,0
2017-04-20,8.444692884467392,8.444692884467392,8.362705374285317,8.368561744689941,63600,0.0,0
2017-04-21,8.403697094604604,8.438834190368652,8.38027217793055,8.438834190368652,88200,0.0,0
2017-04-24,8.491541642587988,8.491541642587988,8.397841962097806,8.45054817199707,77900,0.0,0
2017-04-25,8.491540310915099,8.491540310915099,8.391984276383464,8.40369701385498,119800,0.0,0
2017-04-26,8.47982879652405,8.491541535684942,8.438835326449214,8.462260246276855,88600,0.0,0
2017-04-27,8.4388351823526,8.485685021207901,8.42712300188584,8.456403732299805,109200,0.0,0
2017-04-28,8.4856843551478,8.4856843551478,8.438834519969847,8.46811580657959,100400,0.0,0
2017-05-01,8.491540724168567,8.491540724168567,8.43297815094908,8.46811580657959,55800,0.0,0
2017-05-02,8.485685021207901,8.485685021207901,8.432978812872154,8.456403732299805,55700,0.0,0
2017-05-03,8.479827654924732,8.479827654924732,8.245578488184185,8.438834190368652,83800,0.0,0
2017-05-04,8.450548441040281,8.456404252386738,7.905918332733817,7.982049465179443,260000,0.0,0
2017-05-05,8.391984276383464,8.462259025730372,8.204584944791714,8.40369701385498,144400,0.0,0
2017-05-08,8.403697161366338,8.450546995086638,8.228010005668176,8.339278221130371,139600,0.0,0
2017-05-09,8.345136088199203,8.462260693527726,8.274861325002089,8.409554481506348,106500,0.0,0
2017-05-10,8.438835368559873,8.438835368559873,8.263148189728797,8.345135688781738,83800,0.0,0
2017-05-11,8.356849848717127,8.397843325965669,8.292430889047429,8.380274772644043,51900,0.0,0
2017-05-12,8.380274016623448,8.380274016623448,8.286573770874648,8.333423614501953,67500,0.0,0
2017-05-15,8.298285992348896,8.380273492819192,8.239723412228091,8.350992202758789,100400,0.0,0
2017-05-16,8.374417427461212,8.374417427461212,8.251436451533326,8.29242992401123,44500,0.0,0
2017-05-17,8.29828629393498,8.374417427461212,8.2280115303325,8.29242992401123,78400,0.0,0
2017-05-18,8.257292054256926,8.3451353609748,8.257292054256926,8.3158540725708,38600,0.0,0
2017-05-19,8.356849801961323,8.356849801961323,8.228012441837,8.274862289428711,50300,0.0,0
2017-05-22,8.345137060816276,8.345137060816276,8.228012441837,8.274862289428711,34900,0.0,0
2017-05-23,8.321711432842221,8.345136354655875,8.228011745587612,8.333423614501953,41100,0.0,0
2017-05-24,8.345137205336394,8.345137205336394,8.198731289453299,8.280718803405762,50600,0.0,0
2017-05-25,8.298286744670806,8.298286744670806,8.204587054778036,8.239724159240723,73300,0.0,0
2017-05-26,8.28657432837031,8.333424175149531,8.216299558201479,8.26900577545166,39400,0.0,0
2017-05-30,8.403698267890146,8.403698267890146,8.315854399227534,8.345135688781738,55500,0.0,0
2017-05-31,8.333423849133492,8.362705141848533,8.233868347493079,8.239724159240723,56000,0.0,0
2017-06-01,8.304141084936884,8.362703097557077,8.222153597075732,8.321709632873535,51900,0.0,0
2017-06-02,8.327566917614362,8.374416756261054,8.257292159644324,8.304141998291016,53300,0.0,0
2017-06-05,8.304141892305674,8.339278991595176,8.2865727841668,8.3158540725708,37000,0.0,0
2017-06-06,8.315854033876969,8.362703871707724,8.204585808652451,8.298285484313965,45400,0.0,0
2017-06-07,8.339279803522947,8.356848913372382,8.228011566947416,8.309998512268066,66600,0.0,0
2017-06-08,8.333421811999946,8.368559466367318,8.257291251443101,8.321709632873535,76300,0.0,0
2017-06-09,8.327566772581719,8.362703871707724,8.251435646483209,8.298285484313965,52300,0.0,0
2017-06-12,8.304142663858732,8.345136136336635,8.2280115303325,8.29242992401123,40300,0.0,0
2017-06-13,8.29828552292605,8.35684809973405,8.257292054256926,8.3158540725708,114000,0.0,0
2017-06-14,8.399852607752381,8.399852607752381,8.249855239756803,8.369853019714355,79400,0.34,0
2017-06-15,8.369853726221674,8.369853726221674,8.273855494152329,8.333854675292969,41900,0.0,0
2017-06-16,8.363855751136413,8.441854476928711,8.345856221244263,8.441854476928711,19900,0.0,0
2017-06-19,8.483851756557478,8.489851216704144,8.357853938364238,8.44785213470459,87300,0.0,0
2017-06-20,8.465852226940934,8.465852226940934,8.369853991825243,8.381854057312012,25900,0.0,0
2017-06-21,8.399853828846114,8.441852914888061,8.381854302284511,8.417853355407715,57900,0.0,0
2017-06-22,8.399855383115451,8.447854510957674,8.381855853223302,8.441854476928711,34100,0.0,0
2017-06-23,8.45385273364878,8.477852292427702,8.30385534823186,8.381854057312012,60500,0.0,0
2017-06-26,8.351854169164323,8.501851549253919,8.351854169164323,8.495851516723633,71300,0.0,0
2017-06-27,8.489850044250488,8.543849183475215,8.459851031076306,8.489850044250488,71100,0.0,0
2017-06-28,8.525851107180472,8.549850665107023,8.429852875474264,8.495851516723633,55200,0.0,0
2017-06-29,8.525850275987846,8.531850307933183,8.459851641172742,8.513850212097168,31300,0.0,0
2017-06-30,8.537851973542049,8.603851197603396,8.495852883462783,8.585851669311523,155000,0.0,0
2017-07-03,8.405855417144412,8.51985320272101,8.399855383115451,8.441854476928711,44100,0.0,0
2017-07-05,8.435852227836921,8.483851339819942,8.35185349576936,8.369853019714355,26800,0.0,0
2017-07-06,8.393853795927368,8.537851152809447,8.351854709885421,8.417853355407715,67900,0.0,0
2017-07-07,8.423852236479485,8.531850525471066,8.423852236479485,8.471851348876953,28100,0.0,0
2017-07-10,8.465852532321223,8.537851211255129,8.465852532321223,8.519851684570312,25600,0.0,0
2017-07-11,8.53184950083304,8.549849022771788,8.447850778128075,8.543848991394043,21500,0.0,0
2017-07-12,8.549849383843911,8.591848460872832,8.48985021192159,8.53184986114502,42700,0.0,0
2017-07-13,8.549851277174765,8.5618513430944,8.48985209196586,8.519851684570312,13300,0.0,0
2017-07-14,8.483851775852914,8.603849561977828,8.45985221862793,8.45985221862793,41500,0.0,0
2017-07-17,8.465851336463473,8.567849593593898,8.435852320291216,8.483851432800293,26500,0.0,0
2017-07-18,8.483852631200678,8.5738508368194,8.441852972676589,8.519851684570312,21500,0.0,0
2017-07-19,8.525849469455295,8.567848544710536,8.489849853383314,8.543848991394043,15600,0.0,0
2017-07-20,8.48985021192159,8.573848938173938,8.465850657591563,8.53184986114502,19600,0.0,0
2017-07-21,8.561850133676181,8.573849625706172,8.459851876545756,8.483851432800293,80800,0.0,0
2017-07-24,8.537849446753267,8.579849096597364,8.471850814418998,8.549849510192871,35000,0.0,0
2017-07-25,8.543851244214947,8.543851244214947,8.471852565281042,8.519851684570312,23600,0.0,0
2017-07-26,8.489850676458431,8.543849819704276,8.459851661050331,8.525850296020508,11200,0.0,0
2017-07-27,8.561850730167597,8.561850730167597,8.477851991327368,8.495851516723633,18800,0.0,0
2017-07-28,8.48985055135958,8.56784924909931,8.465850996070014,8.507850646972656,24100,0.0,0
2017-07-31,8.45985268618992,8.495851737919713,8.435853127638522,8.453852653503418,27500,0.0,0
2017-08-01,8.465850657591563,8.537849320581644,8.435851643824911,8.53184986114502,13400,0.0,0
2017-08-02,8.531851908305482,8.561851501464844,8.447853161898198,8.561851501464844,9000,0.0,0
2017-08-03,8.567849969627307,8.567849969627307,8.519850855011605,8.537850379943848,38900,0.0,0
2017-08-04,8.579849562355028,8.579849562355028,8.117857394352313,8.195856094360352,152500,0.0,0
2017-08-07,8.15385907428808,8.303856480151525,7.601868574935023,8.039860725402832,288800,0.0,0
2017-08-08,8.039858430854137,8.24985496800853,7.949860241899128,7.979859828948975,113700,0.0,0
2017-08-09,7.9918577243202105,8.009857816271863,7.847860421873493,7.943858623504639,77300,0.0,0
2017-08-10,7.937860561782297,7.937860561782297,7.763863635118579,7.865861892700195,102400,0.0,0
2017-08-11,7.8238635676739445,7.883862750467141,7.637866558770727,7.739864826202393,135400,0.0,0
2017-08-14,7.739865202088437,8.087859105922202,7.739865202088437,7.991860866546631,62900,0.0,0
2017-08-15,8.075858879954446,8.09985843762258,7.901861943811817,7.9558610916137695,44600,0.0,0
2017-08-16,7.955860552742656,8.081858365014854,7.955860552742656,8.033859252929688,53600,0.0,0
2017-08-17,8.021859383603394,8.183856819970474,8.003859859183017,8.153857231140137,65500,0.0,0
2017-08-18,8.153857847627716,8.153857847627716,7.949861314791367,7.997860431671143,31000,0.0,0
2017-08-21,7.997860666264458,8.027860258242917,7.721865450012951,7.775864601135254,97900,0.0,0
2017-08-22,7.787862923215016,7.913860732817156,7.733864352409419,7.817862510681152,42300,0.0,0
2017-08-23,7.799863815307617,7.817863340820762,7.769864224655976,7.799863815307617,37200,0.0,0
2017-08-24,7.78786375016912,7.82386337339001,7.739864634004334,7.799863815307617,72800,0.0,0
2017-08-25,7.799862715082098,7.8118627785279005,7.7698631286621085,7.769863128662109,36000,0.0,0
2017-08-28,7.751864289383262,7.7818638784491405,7.709865208007773,7.721864700317383,84000,0.0,0
2017-08-29,7.6798676849477765,7.853864661704328,7.655868121677726,7.847864627838135,78800,0.0,0
2017-08-30,7.847862471309267,7.901861616877037,7.763863736848896,7.811863422393799,47800,0.0,0
2017-08-31,7.847862922014907,7.901862070683867,7.745864657239005,7.793863773345947,78200,0.0,0
2017-09-01,7.7938645290767,7.877863276506073,7.7938645290767,7.853863716125488,23500,0.0,0
2017-09-05,7.841862157664379,7.865861713478255,7.73386444259921,7.757863998413086,33000,0.0,0
2017-09-06,7.805864595364319,7.871863243362263,7.769864968696115,7.853863716125488,30000,0.0,0
2017-09-07,7.853862810571035,7.889861860893875,7.679865874825069,7.763864040374756,63900,0.0,0
2017-09-08,7.757865483306579,7.937861900265572,7.757865483306579,7.859863758087158,61200,0.0,0
2017-09-11,7.871863495034983,7.949862211814257,7.85986400055838,7.895863056182861,16400,0.0,0
2017-09-12,7.9318606401494725,8.069857938142473,7.913860544780757,8.045858383178711,45100,0.0,0
2017-09-13,8.045860549694101,8.153858862209086,8.027861021673163,8.093859672546387,115300,0.0,0
2017-09-14,8.093857481646193,8.124632723441094,8.050772495326683,8.081547737121582,27400,0.34,0
2017-09-15,8.07539460434822,8.27235526223823,8.07539460434822,8.100014686584473,24600,0.0,0
2017-09-18,8.10001270774816,8.124632783969718,7.952292250418819,8.00768756866455,87500,0.0,0
2017-09-19,8.001532534153279,8.069237598126254,7.995377368249664,8.026152610778809,20600,0.0,0
2017-09-20,8.044618194491694,8.050773360910233,7.952293046169516,8.013843536376953,45700,0.0,0
2017-09-21,8.03230971191897,8.03230971191897,7.95229429686053,8.001534461975098,23900,0.0,0
2017-09-22,8.001532402861933,8.112323039353397,7.970757160837756,8.00768756866455,43300,0.0,0
2017-09-25,8.056928180259705,8.056928180259705,7.952292703607843,7.989222526550293,36100,0.0,0
2017-09-26,7.995379294588509,8.038464879305558,7.958449464247119,8.001534461975098,33600,0.0,0
2017-09-27,8.001533203539875,8.063083693747311,8.001533203539875,8.013843536376953,23000,0.0,0
2017-09-28,8.013846366173384,8.10617154709682,8.001536028989362,8.038466453552246,19800,0.0,0
2017-09-29,8.038463676791322,8.14925373823092,8.038463676791322,8.106168746948242,51200,0.0,0
2017-10-02,8.10617055693318,8.10617055693318,8.013845387287207,8.063085556030273,48900,0.0,0
2017-10-03,8.081547929933482,8.081547929933482,8.007687700056893,8.026152610778809,22500,0.0,0
2017-10-04,8.032309659230211,8.100014739071357,8.026154491883998,8.050774574279785,36700,0.0,0
2017-10-05,8.063083930548194,8.100013756166048,8.032308684540652,8.075393676757812,26100,0.0,0
2017-10-06,8.100015389093016,8.100015389093016,8.03846547165874,8.063085556030273,9700,0.0,0
2017-10-09,8.069238510158506,8.09385858956674,8.063083930548194,8.075393676757812,13000,0.0,0
2017-10-10,8.10001388556971,8.10001388556971,8.063084059361875,8.09385871887207,20400,0.0,0
2017-10-11,8.093858459668724,8.100013626169247,8.001533310116816,8.056928634643555,13700,0.0,0
2017-10-12,8.063084856724627,8.124634768820723,8.001534357639468,8.100014686584473,32300,0.0,0
2017-10-13,8.106168594636175,8.124633506697663,8.056928437812896,8.112323760986328,9500,0.0,0
2017-10-16,8.11232671568883,8.124636465883668,8.038466453552246,8.038466453552246,22900,0.0,0
2017-10-17,8.09385858956674,8.09385858956674,8.038463851139959,8.075393676757812,20500,0.0,0
2017-10-18,8.075392895924862,8.075392895924862,8.032307907873712,8.044617652893066,14000,0.0,0
2017-10-19,8.050774701053708,8.075394783837181,8.038464953156508,8.069239616394043,17600,0.0,0
2017-10-20,8.026154439875718,8.11232502119713,8.01999927256939,8.100014686584473,26900,0.0,0
2017-10-23,8.06308382409243,8.08770390317561,8.013843665926073,8.032308578491211,29200,0.0,0
2017-10-24,8.087704009956427,8.106168922765354,8.069238510158506,8.075393676757812,16200,0.0,0
2017-10-25,8.056928180259705,8.056928180259705,7.9830679473858535,7.989222526550293,25900,0.0,0
2017-10-26,7.983067532705592,8.001532443217657,7.903052137834744,7.958447456359863,38400,0.0,0
2017-10-27,7.927672475156036,8.001532706624667,7.878432320843614,7.995377540588379,28600,0.0,0
2017-10-30,8.001532443217657,8.001532443217657,7.909207303668407,7.958447456359863,12500,0.0,0
2017-10-31,7.964601995035138,8.063082886910284,7.9461370846162,8.00768756866455,34100,0.0,0
2017-11-01,8.026153943916604,8.05077402463151,7.909208707268059,7.939983367919922,29700,0.0,0
2017-11-02,7.933829241072125,7.933829241072125,7.816883410755952,7.823038578033447,24400,0.0,0
2017-11-03,7.7737972924512135,7.921517763868635,7.699937056742503,7.8538126945495605,35900,0.0,0
2017-11-06,7.841502452435511,7.847657618896314,7.699937145770916,7.7553324699401855,63000,0.0,0
2017-11-07,7.749178032815575,7.749178032815575,7.6076121258381155,7.650697708129883,71500,0.0,0
2017-11-08,7.638387252470966,7.69378258097221,7.54606209629491,7.589147090911865,59100,0.0,0
2017-11-09,7.558372540878892,7.601458126461965,7.42296237758661,7.552217960357666,49500,0.0,0
2017-11-10,7.546062091086111,7.558371837972875,7.422961687273333,7.447581768035889,91200,0.0,0
2017-11-13,7.404494326785685,7.441424732148786,7.379874252206579,7.398339748382568,79300,0.0,0
2017-11-14,7.361409664154052,7.441425056773966,7.262929361541515,7.361409664154053,47700,0.0,0
2017-11-15,7.330635767003373,7.3860310941275715,7.293705940246582,7.293705940246582,52000,0.0,0
2017-11-16,7.306015339027567,7.398341075502334,7.269085514028848,7.312170505523682,59500,0.0,0
2017-11-17,7.312171978522244,7.422962649814568,7.312171978522244,7.404497146606445,50800,0.0,0
2017-11-20,7.373720421339701,7.527596062055361,7.373720421339701,7.496821403503418,45700,0.0,0
2017-11-21,7.5029754638671875,7.570681116770273,7.459890475284458,7.5029754638671875,34900,0.0,0
2017-11-22,7.478356428747313,7.521442010323556,7.398341606510778,7.447581768035889,47800,0.0,0
2017-11-24,7.453737440846066,7.626078618441514,7.447582859994817,7.582993030548096,47300,0.0,0
2017-11-27,7.6260764375131815,7.650696514844591,7.404495154541549,7.5029754638671875,65800,0.0,0
2017-11-28,7.484511552760768,7.539906880906076,7.392186397177936,7.453736305236816,51800,0.0,0
2017-11-29,7.459891074117163,7.650697128993996,7.453735907542977,7.564526557922363,48100,0.0,0
2017-11-30,7.570680502073613,7.638385562490483,7.466045035163697,7.4845099449157715,42200,0.0,0
2017-12-01,7.478355063927925,7.644541018987573,7.422960332563629,7.539905548095703,49500,0.0,0
2017-12-04,7.576838449696847,7.619923450601152,7.447582859994817,7.582993030548096,67100,0.0,0
2017-12-05,7.619921883112056,7.619921883112056,7.447581327957782,7.564526557922363,43900,0.0,0
2017-12-06,7.570681397597801,7.626076720395548,7.515286074800054,7.601456642150879,43500,0.0,0
2017-12-07,7.53990524190223,7.564525317171743,7.453734684964488,7.509130001068115,42000,0.0,0
2017-12-08,7.527596522470762,7.582991850434818,7.459891447730816,7.47835636138916,36400,0.0,0
2017-12-11,7.453734818420411,7.601455859671265,7.453734818420411,7.570680618286133,54000,0.0,0
2017-12-12,7.570682894629065,7.755333811471546,7.539907643990471,7.669163227081299,76900,0.0,0
2017-12-13,7.6568528120482044,7.7861083937888536,7.6568528120482044,7.74302339553833,79700,0.0,0
2017-12-14,7.717717368870238,7.793629271781779,7.559567420314314,7.660783290863037,80400,0.34,0
2017-12-15,7.65445759822273,7.686087104665519,7.553241126405648,7.578545093536377,59300,0.0,0
2017-12-18,7.559567491594656,7.7177174416418,7.5026334130506145,7.6038498878479,62300,0.0,0
2017-12-19,7.616502121635396,7.654458377844492,7.559568038968863,7.572220325469971,46600,0.0,0
2017-12-20,7.578546014279974,7.578546014279974,7.4963085635844156,7.508960247039795,62700,0.0,0
2017-12-21,7.4963086506891266,7.603850676133522,7.4963086506891266,7.584872245788574,43300,0.0,0
2017-12-22,7.597523143484154,7.673435041100784,7.565893035320358,7.629153251647949,41300,0.0,0
2017-12-26,7.635479395221983,7.679761791475228,7.5658936343871455,7.6038498878479,63200,0.0,0
2017-12-27,7.6291540941468865,7.641805776833069,7.527937616186425,7.616501808166504,61900,0.0,0
2017-12-28,7.6038509382559525,7.610176478628079,7.527938420847767,7.53426456451416,83300,0.0,0
2017-12-29,7.591198595550235,7.622828710357214,7.464678739616584,7.527938365936279,92600,0.0,0
2018-01-02,7.527937159274918,7.6481314556165065,7.527937159274918,7.578545093536377,44100,0.0,0
2018-01-03,7.584871317791328,7.711391154806921,7.534263382985091,7.692413330078125,31300,0.0,0
2018-01-04,7.743020796425827,7.743020796425827,7.559566893028772,7.629153251647949,36300,0.0,0
2018-01-05,7.648132473683246,7.743022212231009,7.578546102340257,7.584872245788574,46900,0.0,0
2018-01-08,7.603850382823622,7.667110004983881,7.540590157369142,7.56589412689209,83800,0.0,0
2018-01-09,7.59752429517796,7.6038504384285135,7.559568038968863,7.572220325469971,23100,0.0,0
2018-01-10,7.565893815569136,7.622827895476589,7.559567672625153,7.610175609588623,23500,0.0,0
2018-01-11,7.622829227253801,7.692415001912287,7.591199110302015,7.679763317108154,32700,0.0,0
2018-01-12,7.673435041100784,7.6987390069729935,7.603849285775739,7.629153251647949,36000,0.0,0
2018-01-16,7.673435648682738,7.6860873309735345,7.559567491594656,7.6038498878479,59600,0.0,0
2018-01-17,7.616501345879554,7.660783137534789,7.565893411618094,7.578545093536377,44300,0.0,0
2018-01-18,7.578545865426299,7.591198151927406,7.546916355761982,7.572220325469971,39000,0.0,0
2018-01-19,7.572220823218252,7.572220823218252,7.527938420847767,7.53426456451416,38900,0.0,0
2018-01-22,7.5532423371230095,7.559568480743257,7.42039633756911,7.527938365936279,76300,0.0,0
2018-01-23,7.527938129165987,7.527938129165987,7.4646785048359465,7.515286445617676,24800,0.0,0
2018-01-24,7.50895925120634,7.5532410423689,7.433047350658741,7.43937349319458,28200,0.0,0
2018-01-25,7.489982420209607,7.584872157654782,7.4646784500046115,7.508960247039795,29900,0.0,0
2018-01-26,7.534264688624353,7.58487263220062,7.325506770548687,7.401418685913086,98700,0.0,0
2018-01-29,7.433048905821814,7.458352877965181,7.167356896669322,7.3065290451049805,96800,0.0,0
2018-01-30,7.268571373684864,7.48998153941214,7.211637296595326,7.477329254150391,70800,0.0,0
2018-01-31,7.426721903450487,7.540590066579883,7.306528200487182,7.4899821281433105,63700,0.0,0
2018-02-01,7.622827851991561,7.622827851991561,7.3381580573724134,7.395091533660889,57500,0.0,0
2018-02-02,7.3697873745756235,7.5152856412203946,7.211637425736712,7.24326753616333,87200,0.0,0
2018-02-05,7.211637318307455,7.2432674282628895,6.95859764525231,6.996553897857666,124600,0.0,0
2018-02-06,6.863709552862986,7.287551558613657,6.832079435376726,7.009207248687744,91300,0.0,0
2018-02-07,7.040835794703659,7.5152856412203946,7.040835794703659,7.24326753616333,84900,0.0,0
2018-02-08,7.274899868431875,7.395093600808622,7.02818565570778,7.129402160644531,24000,0.0,0
2018-02-09,7.186334118542391,7.217964231876097,7.021858615136733,7.078792095184326,29800,0.0,0
2018-02-12,7.110422545135156,7.262246372371418,7.110422545135156,7.249594688415527,63000,0.0,0
2018-02-13,7.255920281507318,7.300202076934507,7.198986199789952,7.281224250793457,54500,0.0,0
2018-02-14,7.249593918246721,7.388766046741984,7.217963806775862,7.230616092681885,20100,0.0,0
2018-02-15,7.29387702177429,7.35081111198418,7.2369429315644,7.255921363830566,33400,0.0,0
2018-02-16,7.230616881552166,7.357136737944897,7.09144473787303,7.211638450622559,63400,0.0,0
2018-02-20,7.211638399648548,7.369788369845176,7.180008888244629,7.180008888244629,44800,0.0,0
2018-02-21,7.173682376037738,7.319180051561222,7.173682376037738,7.217964172363281,23000,0.0,0
2018-02-22,7.2242903156367095,7.363462451180993,7.211638029089852,7.217964172363281,26300,0.0,0
2018-02-23,7.268571709425424,7.338158074990955,7.21163762970606,7.331831932067871,55600,0.0,0
2018-02-26,7.338156823580004,7.369786326213103,7.28122275356988,7.31285285949707,23300,0.0,0
2018-02-27,7.306529388773121,7.407745282107354,7.192661207124953,7.2242913246154785,39300,0.0,0
2018-02-28,7.249594657945212,7.287550916241877,7.180008888244629,7.180008888244629,31700,0.0,0
2018-03-01,7.161029649746423,7.211637586237662,7.085117745009565,7.116747856140137,56300,0.0,0
2018-03-02,7.0218588642321915,7.23061677502827,6.964924778870668,7.173682689666748,57600,0.0,0
2018-03-05,7.110422005641358,7.382440127938012,7.097770322645397,7.281224250793457,128300,0.0,0
2018-03-06,7.319180009524049,7.502633940340222,7.319180009524049,7.4646782875061035,105300,0.0,0
2018-03-07,7.426722560401361,7.502634474771214,7.388766904863568,7.471004962921143,66000,0.0,0
2018-03-08,7.4646794527610805,7.489983426365248,7.382441387723958,7.407745361328125,27900,0.0,0
2018-03-09,7.433048046578612,7.515286097361597,7.433048046578612,7.4899821281433105,36500,0.0,0
2018-03-12,7.508959790510052,7.679762031480017,7.508959790510052,7.616501808166504,52700,0.0,0
2018-03-13,7.610176907938533,7.660784853536076,7.5279388455189515,7.635480880737305,72800,0.0,0
2018-03-14,7.635479211894257,7.660783179162485,7.5911974199984,7.622827529907227,34500,0.0,0
2018-03-15,7.622827109356364,7.6671088988091975,7.578544716609396,7.629153251647949,33700,0.0,0
2018-03-16,7.616501011431588,7.755673126186499,7.6038493300688526,7.698739051818848,87800,0.0,0
2018-03-19,7.698740752078286,7.780978810627741,7.654458952587914,7.755674839019775,118500,0.0,0
2018-03-20,7.780978037376372,8.021366045410105,7.768325751182602,7.907497882843018,212400,0.0,0
2018-03-21,8.048344477810124,8.048344477810124,7.60568563387056,7.699582576751709,109300,0.71,0
2018-03-22,7.63251312899588,7.947740121320492,7.605685340688994,7.813600540161133,121600,0.0,0
2018-03-23,7.813600028000484,7.961153173829108,7.505080162881479,7.612391948699951,80200,0.0,0
2018-03-26,7.7197033927610965,7.7197033927610965,7.203267682246495,7.498373985290527,103900,0.0,0
2018-03-27,7.49166617352922,7.692874881284787,7.444717709582033,7.505079746246338,41800,0.0,0
2018-03-28,7.5319087683814425,7.5319087683814425,7.310579345385591,7.364234924316406,43900,0.0,0
2018-03-29,7.391063327466261,7.6861690105500085,7.297165744854411,7.52520227432251,108600,0.0,0
2018-04-02,7.531908440422775,7.692875809831242,7.404476605917038,7.451425075531006,27900,0.0,0
2018-04-03,7.4849598733853,7.5855645579092466,7.3038724646420645,7.344113826751709,45100,0.0,0
2018-04-04,7.317285673798324,7.391062566694018,7.317285673798324,7.37764835357666,39900,0.0,0
2018-04-05,7.350820261618512,7.464838509880262,7.350820261618512,7.391062259674072,29000,0.0,0
2018-04-06,7.344113995591396,7.491667152510451,7.344113995591396,7.357528209686279,19600,0.0,0
2018-04-09,7.384355998251114,7.411183786815949,7.317286207026562,7.357528209686279,35100,0.0,0
2018-04-10,7.37764963759937,7.37764963759937,7.236803573478382,7.290459156036377,72800,0.0,0
2018-04-11,7.283751311414286,7.424597361285899,7.256923522849452,7.357528209686279,21200,0.0,0
2018-04-12,7.370941626697301,7.370941626697301,7.250216900546949,7.2703375816345215,38400,0.0,0
2018-04-13,7.303873371567592,7.344114738674026,7.156320199719005,7.189855098724365,29300,0.0,0
2018-04-16,7.223389997729726,7.223389997729726,7.189855098724365,7.189855098724365,19300,0.0,0
2018-04-17,7.203268325561268,7.297165910302046,7.196561218160149,7.250217437744141,14000,0.0,0
2018-04-18,7.256924257031381,7.364235422147372,7.256924257031381,7.290459156036377,37300,0.0,0
2018-04-19,7.277044518943505,7.310578773432953,7.189854050096152,7.256923198699951,19400,0.0,0
2018-04-20,7.277044688538685,7.317286050713829,7.223389112555213,7.2703375816345215,13700,0.0,0
2018-04-23,7.263630821157231,7.27033792838128,7.0959569783057255,7.209975242614746,47200,0.0,0
2018-04-24,7.209974458885039,7.270337138090103,7.163025992669935,7.223388671875,28400,0.0,0
2018-04-25,7.169732715231383,7.18314692869973,6.981938204048847,7.1563191413879395,31500,0.0,0
2018-04-26,7.129491438412568,7.196560587672971,7.008766074268969,7.163026332855225,62200,0.0,0
2018-04-27,7.122784577420295,7.223389264220329,7.095956788865273,7.169733047485352,24100,0.0,0
2018-04-30,7.1630263328552255,7.223389014927025,7.122784331599055,7.163026332855225,33400,0.0,0
2018-05-01,7.169732545128667,7.169732545128667,7.122784078353117,7.142904758453369,17300,0.0,0
2018-05-02,7.1496110249182445,7.203266591964081,7.1496110249182445,7.176438808441162,22800,0.0,0
2018-05-03,7.169732545128667,7.1831467582787605,7.109370504827911,7.142904758453369,29700,0.0,0
2018-05-04,7.122786279627248,7.3239950616873575,7.102665593308763,7.24351167678833,52900,0.0,0
2018-05-07,7.21668237269864,7.263630844165794,7.21668237269864,7.23680305480957,44500,0.0,0
2018-05-08,7.236803031885989,7.303872824876571,7.209975242614746,7.209975242614746,147800,0.0,0
2018-05-09,7.2099738112769804,7.297164269005541,7.203266705384439,7.283750057220459,107000,0.0,0
2018-05-10,7.290458663192774,7.377649138861587,7.270337980999957,7.364234924316406,30300,0.0,0
2018-05-11,7.370942286946033,7.531909029314969,7.34411449655121,7.484960556030273,42200,0.0,0
2018-05-14,7.511787474377294,7.511787474377294,7.317285856688391,7.491666793823242,17000,0.0,0
2018-05-15,7.484960422355542,7.484960422355542,7.209975415813353,7.323993682861328,67800,0.0,0
2018-05-16,7.370942487772193,7.377649595459882,7.323994013208355,7.33740758895874,12400,0.0,0
2018-05-17,7.357528040538202,7.41118361643434,7.31728603880364,7.344113826751709,28300,0.0,0
2018-05-18,7.3374068885439545,7.411183786815949,7.277044843991777,7.357528209686279,42900,0.0,0
2018-05-21,7.424597867735678,7.491667663535223,7.35752871156111,7.484960556030273,41000,0.0,0
2018-05-22,7.478251571438196,7.478251571438196,7.377647542616084,7.438010215759277,25000,0.0,0
2018-05-23,7.438012496046132,7.478253864061929,7.357529120389525,7.404477596282959,50200,0.0,0
2018-05-24,7.411183670593055,7.679461552034238,7.411183670593055,7.585564613342285,63200,0.0,0
2018-05-25,7.578857768170623,7.578857768170623,7.4782530794366435,7.518495082855225,22300,0.0,0
2018-05-29,7.464839851320795,7.572151012586417,7.444719168489734,7.458132743835449,30800,0.0,0
2018-05-30,7.5050812389201464,7.578858142224641,7.411184292350755,7.484960556030273,30500,0.0,0
2018-05-31,7.444717709582033,7.5252010647592895,7.384355033292878,7.505079746246338,43700,0.0,0
2018-06-01,7.51178755926985,7.55202956045764,7.458131984102737,7.498373985290527,43700,0.0,0
2018-06-04,7.5520301316814455,7.672754865126426,7.484960337837044,7.605685710906982,29500,0.0,0
2018-06-05,7.585565178388692,7.69958280677564,7.578858070946821,7.69287633895874,29800,0.0,0
2018-06-06,7.666048919222603,7.759945869445801,7.6392211277838316,7.759945869445801,19700,0.0,0
2018-06-07,7.773358677650724,8.008101650334702,7.766651571099069,7.78677225112915,54900,0.0,0
2018-06-08,7.900792428961961,8.209312369632379,7.860551059097364,8.001397132873535,83200,0.0,0
2018-06-11,8.041636355668109,8.108706140368582,8.00139499654772,8.008101463317871,31300,0.0,0
2018-06-12,8.028222782502937,8.04834346206313,7.894083852726858,8.008101463317871,29200,0.0,0
2018-06-13,8.048344673984012,8.048344673984012,8.001396201399094,8.028223991394043,25600,0.0,0
2018-06-14,8.055052813549807,8.14894977075144,8.001397226684576,8.135536193847656,39300,0.0,0
2018-06-15,8.122120082806784,8.135534296206707,8.055050934681875,8.061758041381836,60800,0.0,0
2018-06-18,8.142241282818258,8.142241282818258,8.088585709259727,8.101999282836914,78600,0.0,0
2018-06-19,8.095294183886207,8.189191780712887,8.075173498718007,8.135536193847656,138300,0.0,0
2018-06-20,8.182483673095703,8.222725678142266,8.115414517518056,8.182483673095703,160300,0.0,0
2018-06-21,8.182482843554235,8.341165403948597,8.07899470352949,8.285971641540527,137600,0.34,0
2018-06-22,8.272171615409455,8.306667876164882,7.865117186010609,7.975505352020264,99200,0.0,0
2018-06-25,7.9548098500760505,7.975508008199531,7.720235988369937,7.8099260330200195,145800,0.0,0
2018-06-26,7.816823553427978,7.851319817438925,7.768529178589559,7.844420433044434,21600,0.0,0
2018-06-27,7.844420476216682,8.016901139259163,7.844420476216682,7.8789167404174805,34900,0.0,0
2018-06-28,7.885818632785237,7.954810525166886,7.830624855695228,7.892717361450195,38000,0.0,0
2018-06-29,7.913413552695954,8.003103582645297,7.878917286105967,7.9065141677856445,59600,0.0,0
2018-07-02,7.9203131811668355,8.1755851882119,7.9203131811668355,8.065196990966797,41400,0.0,0
2018-07-03,8.058297213196719,8.085894094421574,8.030700331971861,8.044498443603516,16600,0.0,0
2018-07-05,8.072095128630053,8.072095128630053,8.003103256225586,8.003103256225586,24000,0.0,0
2018-07-06,7.947908475008211,8.07209409258172,7.941009091264837,7.975505352020264,38500,0.0,0
2018-07-09,8.037598891377767,8.04449827603065,7.982405130077781,7.996203899383545,18900,0.0,0
2018-07-10,7.989304514730663,8.016901395380657,7.982405130077781,7.996203899383545,22200,0.0,0
2018-07-11,7.968606499376552,7.996203378227908,7.934110236321984,7.96170711517334,41200,0.0,0
2018-07-12,8.016901325076125,8.016901325076125,7.961707564260162,7.968606948852539,18200,0.0,0
2018-07-13,7.975506333444917,8.037598820891727,7.961707564260162,7.968606948852539,27900,0.0,0
2018-07-16,7.982404752563917,8.037598511253611,7.961707257545658,8.016901016235352,13800,0.0,0
2018-07-17,8.010002177582058,8.044498443603516,7.968607184725547,8.044498443603516,12900,0.0,0
2018-07-18,8.058296157743467,8.058296157743467,7.99620301862994,8.023799896240234,10100,0.0,0
2018-07-19,8.023800780033538,8.072095156680643,7.96170763408067,7.996203899383545,42600,0.0,0
2018-07-20,7.975505003108366,8.023799371276315,7.961706236225284,7.989303112030029,10900,0.0,0
2018-07-23,7.989303634737,8.03759800606465,7.989303634737,8.023799896240234,12300,0.0,0
2018-07-24,8.003104844891018,8.120391775018476,7.996205458892541,8.051399230957031,37000,0.0,0
2018-07-25,8.003103115299862,8.003103115299862,7.8513199459443115,7.947909355163574,57800,0.0,0
2018-07-26,7.941009970656158,8.003103115299862,7.934110586148742,7.947909355163574,11900,0.0,0
2018-07-27,7.934111690401413,7.9686079597780894,7.920312919466098,7.954809188842773,25800,0.0,0
2018-07-30,7.968607921550031,7.968607921550031,7.920312881469727,7.920312881469727,26300,0.0,0
2018-07-31,7.920313458697809,7.9824066162109375,7.920313458697809,7.9824066162109375,25500,0.0,0
2018-08-01,7.954807730970128,8.00310276243112,7.92031146791556,7.96170711517334,21900,0.0,0
2018-08-02,7.9548082494277885,8.05139766068353,7.9341107534306765,7.996203899383545,48100,0.0,0
2018-08-03,8.272173897017103,8.272173897017103,7.9410112815321465,8.078995704650879,37500,0.0,0
2018-08-06,8.120390049114668,8.161785040384133,8.078994399883682,8.092792510986328,32200,0.0,0
2018-08-07,8.120389488731256,8.237675727875232,8.078993842356958,8.113490104675293,24400,0.0,0
2018-08-08,8.154886189444566,8.196281841384165,8.106591810483007,8.168684959411621,19500,0.0,0
2018-08-09,8.182483577676331,8.216979846766723,8.106592312046752,8.161786079406738,34100,0.0,0
2018-08-10,8.154886693996339,8.244576730446717,8.106592312046752,8.161786079406738,32300,0.0,0
2018-08-13,8.147986916564774,8.27907193266219,8.106591267398393,8.141087532043457,41700,0.0,0
2018-08-14,8.196282444077417,8.244576826590183,8.120391177562837,8.182483673095703,45600,0.0,0
2018-08-15,8.196283021919369,8.265274907807052,8.182484249964837,8.244577407836914,38900,0.0,0
2018-08-16,8.27217429378432,8.279073679761586,8.182484249964837,8.244577407836914,20500,0.0,0
2018-08-17,8.230778419857613,8.313569068908691,8.223879034612958,8.313569068908691,31300,0.0,0
2018-08-20,8.292872427389174,8.548143786144259,8.244577383651642,8.437755584716797,70500,0.0,0
2018-08-21,8.486050100251225,8.520546369927526,8.444654445047338,8.492949485778809,42500,0.0,0
2018-08-22,8.520544510918295,8.541242005023658,8.361861968213246,8.479148864746094,34200,0.0,0
2018-08-23,8.486049708834232,8.486049708834232,8.423956557873241,8.472250938415527,15100,0.0,0
2018-08-24,8.472250571212662,8.555041216251821,8.410157422942904,8.534343719482422,55000,0.0,0
2018-08-27,8.568840906373632,8.575740292024951,8.451553982147713,8.499848365783691,37300,0.0,0
2018-08-28,8.492948062586345,8.568839316787559,8.27907175280255,8.29287052154541,49600,0.0,0
2018-08-29,8.279072990737705,8.4791505616954,8.279072990737705,8.354964256286621,26400,0.0,0
2018-08-30,8.368762736171117,8.48604965209961,8.354963965844668,8.48604965209961,36900,0.0,0
2018-08-31,8.472251927351094,8.513647585477583,8.410158769142193,8.50674819946289,17200,0.0,0
2018-09-04,8.520545551668016,8.568839929799982,8.506746781937995,8.548142433166504,56100,0.0,0
2018-09-05,8.568839127935815,8.568839127935815,8.520544754323193,8.55504035949707,24200,0.0,0
2018-09-06,8.555040403557086,8.62403293018315,8.541242293008771,8.589536666870117,66800,0.0,0
2018-09-07,8.624033520663666,8.693026052013591,8.561940374041042,8.651630401611328,68000,0.0,0
2018-09-10,8.727522886884262,8.789616042237665,8.658531003795085,8.762019157409668,77300,0.0,0
2018-09-11,8.762018106694995,8.796514373083713,8.713723728527723,8.741320610046387,44200,0.0,0
2018-09-12,8.762019157409668,8.796515427935073,8.706825387753673,8.762019157409668,54000,0.0,0
2018-09-13,8.896711012971164,8.995956757414579,8.684040498210955,8.946333885192871,71000,0.34,0
2018-09-14,8.868353194465458,8.903798385761593,8.684038740574191,8.783285140991211,44800,0.0,0
2018-09-17,8.776196152280134,8.854175033924642,8.691128097014996,8.82581901550293,102400,0.0,0
2018-09-18,8.754930037238172,8.825819751170995,8.684039647244482,8.712395668029785,38800,0.0,0
2018-09-19,8.691128693084794,8.754929907924572,8.620238304138184,8.620238304138184,59200,0.0,0
2018-09-20,8.620238955475216,8.754930569438775,8.520993214724072,8.740752220153809,32000,0.0,0
2018-09-21,8.74784148860696,8.74784148860696,8.478458933851925,8.506814956665039,109400,0.0,0
2018-09-24,8.528081194894886,8.847086597744756,8.528081194894886,8.712395668029785,40700,0.0,0
2018-09-25,8.705306180537853,8.705306180537853,8.549348409861619,8.577704429626465,25000,0.0,0
2018-09-26,8.556437631810027,8.77619731062946,8.506814762037626,8.684040069580078,22100,0.0,0
2018-09-27,8.662772488921004,8.684039334729428,8.528080887992354,8.577704429626465,19500,0.0,0
2018-09-28,8.64859503836216,8.64859503836216,8.400480008691245,8.435924530029297,69700,0.0,0
2018-10-01,8.428833076163365,8.577702312195205,8.400477063398284,8.414654731750488,23200,0.0,0
2018-10-02,8.428835390895818,8.428835390895818,8.350855827331543,8.350855827331543,27800,0.0,0
2018-10-03,8.357944467649078,8.414656505131246,8.294143256466436,8.32249927520752,21600,0.0,0
2018-10-04,8.32958869183255,8.51390315705536,8.32958869183255,8.471368789672852,17500,0.0,0
2018-10-05,8.464279724415661,8.506814092344152,8.223253893023683,8.308321952819824,47400,0.0,0
2018-10-08,8.251611139256944,8.393391259987624,8.11691951751709,8.11691951751709,39000,0.0,0
2018-10-09,8.116917493271412,8.40047834007761,8.116917493271412,8.365033149719238,18500,0.0,0
2018-10-10,8.357944572020795,8.357944572020795,8.116918071681301,8.159452438354492,27000,0.0,0
2018-10-11,8.145274512155419,8.336678157995415,8.116918491593294,8.131096839904785,18800,0.0,0
2018-10-12,8.216164751044888,8.357944851257656,7.975138242652759,8.003494262695312,41100,0.0,0
2018-10-15,8.04602805817267,8.301232220393375,7.91133646551059,7.982226848602295,30600,0.0,0
2018-10-16,7.975138388782662,8.32958898383967,7.975138388782662,8.131096839904785,29700,0.0,0
2018-10-17,8.053117148037988,8.09565151623409,7.946782241638999,8.038939476013184,29800,0.0,0
2018-10-18,8.038939208229552,8.26578736155668,8.038939208229552,8.194897651672363,7500,0.0,0
2018-10-19,8.152362956749432,8.187808148295284,7.9751376750809655,7.982226848602295,25400,0.0,0
2018-10-22,7.975138223386165,8.109829149247693,7.9113370094293405,7.968049049377441,20500,0.0,0
2018-10-23,7.9113364791799015,7.9680485153269345,7.875891287572806,7.939692497253418,20700,0.0,0
2018-10-24,7.939692205985465,7.96804822301874,7.797912120819091,7.797912120819092,34400,0.0,0
2018-10-25,7.833358890528464,7.904248609374418,7.790824518372164,7.847536563873291,22100,0.0,0
2018-10-26,7.826268137852366,7.854624154885641,7.691577225959504,7.797912120819092,24500,0.0,0
2018-10-29,7.769556944019495,7.7837346160389815,7.684488883720041,7.741200923919678,42700,0.0,0
2018-10-30,7.748290302797346,7.797913170268671,7.585242675867352,7.59942102432251,47900,0.0,0
2018-10-31,7.663222349224632,7.755378911250222,7.585242783734076,7.65613317489624,54700,0.0,0
2018-11-01,7.691577766801582,7.790823495366233,7.620687381203269,7.783734321594238,33600,0.0,0
2018-11-02,7.9042495063738745,8.152365240643954,7.797914578007261,7.89716100692749,86700,0.0,0
2018-11-05,7.939693766999018,8.152364274591855,7.939693766999018,8.109829902648926,34700,0.0,0
2018-11-06,8.152363867537364,8.216165084235657,8.074384978273269,8.173630714416504,26200,0.0,0
2018-11-07,8.187809364748247,8.21616538698559,8.038940078986974,8.053117752075195,37500,0.0,0
2018-11-08,8.038939456763716,8.152363536933931,7.996405088669462,8.003494262695312,33300,0.0,0
2018-11-09,7.9113370285418005,8.109829168839678,7.9113370285418005,8.003494262695312,154600,0.0,0
2018-11-12,7.982228470546247,8.109830239554164,7.982228470546247,8.06020736694336,17400,0.0,0
2018-11-13,8.060205900790601,8.074384248135178,8.053116727118313,8.06729507446289,29000,0.0,0
2018-11-14,8.081474037497749,8.081474037497749,7.989317469270842,8.01767349243164,17400,0.0,0
2018-11-15,8.010584831237793,8.08147455565454,7.996406480717866,8.010584831237793,20200,0.0,0
2018-11-16,7.975139630998938,8.067296881195574,7.975139630998938,8.010584831237793,32500,0.0,0
2018-11-19,7.975139630998938,8.038940856216684,7.975139630998938,8.010584831237793,8100,0.0,0
2018-11-20,7.975138574633687,8.031850617079545,7.82626929419809,7.875892162322998,34300,0.0,0
2018-11-21,7.890070809238217,8.024761746123719,7.74120152317482,7.8333587646484375,54400,0.0,0
2018-11-23,7.83335759849293,7.9680485153269345,7.76246721527874,7.939692497253418,6900,0.0,0
2018-11-26,7.968049049377441,8.046028611351714,7.904247835420617,7.968049049377441,48400,0.0,0
2018-11-27,8.003494281859906,8.046028650056009,7.797912967043909,8.038939476013184,66900,0.0,0
2018-11-28,8.031851431045418,8.152364702471171,7.882982135523071,8.081474304199219,68700,0.0,0
2018-11-29,8.067296206766903,8.131097426650845,7.968049789607336,8.109829902648926,53800,0.0,0
2018-11-30,8.10982874315371,8.116917916807449,7.975137824036735,8.03184986114502,42100,0.0,0
2018-12-03,8.060207189142378,8.116919235463977,8.010584317626211,8.01767349243164,111700,0.0,0
2018-12-04,8.017672054001187,8.081472587621,7.939692497253418,7.939692497253418,32400,0.0,0
2018-12-06,7.882981027375268,8.060206322080813,7.882981027375268,8.038939476013184,25000,0.0,0
2018-12-07,8.06729545731704,8.194897885230688,7.925515357446788,7.968049049377441,31800,0.0,0
2018-12-10,8.010582973761462,8.11691787376036,7.9609594345092765,7.960959434509277,50400,0.0,0
2018-12-11,7.996405545923647,8.116918807010958,7.953871851458058,8.046029090881348,68500,0.0,0
2018-12-12,8.05311758925169,8.116918807010958,8.0105838947861,8.046029090881348,48600,0.0,0
2018-12-13,8.046028229506836,8.152363130347918,8.031849882162259,8.06729507446289,54900,0.0,0
2018-12-14,8.118445945386046,8.118445945386046,7.986914437687851,8.0015287399292,35000,0.34,0
2018-12-17,7.884611160733737,7.964991561454827,7.066190064448294,7.3511762619018555,177800,0.0,0
2018-12-18,7.329253317533295,7.453478009091609,6.963886741628007,7.2269511222839355,271500,0.0,0
2018-12-19,7.219645294924723,7.782309589702178,7.0442694651407045,7.658084869384766,102300,0.0,0
2018-12-20,7.7165440643213925,7.745773368861634,7.110034775568587,7.270796298980713,121800,0.0,0
2018-12-21,7.241565289138212,7.4827071690295694,7.036960205538574,7.256180286407471,52600,0.0,0
2018-12-24,7.226952275321264,7.4900160010667385,7.0296539583509965,7.2854108810424805,25900,0.0,0
2018-12-26,7.285411049707368,7.358483960109828,7.1319570319161665,7.336562156677246,82000,0.0,0
2018-12-27,7.336561863318279,7.884611805389509,7.32925436350576,7.526552677154541,112900,0.0,0
2018-12-28,7.585010763047209,7.738464764205561,7.475400364001819,7.6507768630981445,43400,0.0,0
2018-12-31,7.650777902108802,8.074603163459471,7.365791662146143,7.7457733154296875,130400,0.0,0
2019-01-02,7.709234588641341,8.176903341455214,7.680005291590475,7.869996070861816,71600,0.0,0
2019-01-03,7.862689838643382,8.111139252028554,7.85538233898346,7.964992046356201,11700,0.0,0
2019-01-04,8.008837794719737,8.09652571584041,7.8480762575576755,7.891920566558838,36300,0.0,0
2019-01-07,7.826152232456846,7.972298726219335,7.826152232456846,7.93576192855835,21600,0.0,0
2019-01-08,7.957683832756001,8.257284296881265,7.782307356418067,8.228055000305176,48000,0.0,0
2019-01-09,8.228056726380766,8.242671029293888,7.855382594195279,8.038065910339355,42100,0.0,0
2019-01-10,7.964991939003556,8.11113914270613,7.9065333362751335,8.0015287399292,36700,0.0,0
2019-01-11,7.928454757941381,8.089215545165702,7.855381166016565,8.030756950378418,13600,0.0,0
2019-01-14,7.986914804821109,8.07460271294448,7.972299805026441,8.038065910339355,27400,0.0,0
2019-01-15,8.023451721204879,8.074603528772863,8.023451721204879,8.067296028137207,25900,0.0,0
2019-01-16,8.052680804330164,8.18421231634626,8.045373304528843,8.147675514221191,30300,0.0,0
2019-01-17,8.140368738202497,8.169598040622837,8.059987633885406,8.081910133361816,16200,0.0,0
2019-01-18,8.111140251159668,8.147676360196755,8.05998844412085,8.111140251159668,27100,0.0,0
2019-01-22,8.111140251159668,8.147676360196755,8.067295944680911,8.111140251159668,18400,0.0,0
2019-01-23,8.133061856765366,8.206134769931465,8.111140052503695,8.125754356384277,52700,0.0,0
2019-01-24,8.184212909946215,8.257286519496374,8.133061801390058,8.249979019165039,50100,0.0,0
2019-01-25,8.24266930015252,8.293821091821727,8.169596407152998,8.228055000305176,30200,0.0,0
2019-01-28,8.191519540239398,8.25728564247307,8.154982739344968,8.206133842468262,31200,0.0,0
2019-01-29,8.169598439682174,8.242671350861638,8.147675939134917,8.198827743530273,19300,0.0,0
2019-01-30,8.206132505212059,8.264591795245638,8.169596407152998,8.228055000305176,47900,0.0,0
2019-01-31,8.279206993735507,8.293821992050594,8.184211595331867,8.213440895080566,72700,0.0,0
2019-02-01,8.220749772648604,8.264594078063965,8.147676162583537,8.264594078063965,75000,0.0,0
2019-02-04,8.264593059659013,8.461890667512144,8.257285560176657,8.454583168029785,66300,0.0,0
2019-02-05,8.454584509134904,8.586116733155574,8.439970204733505,8.571501731872559,67600,0.0,0
2019-02-06,8.578807733246283,8.578807733246283,8.447276229094216,8.48381233215332,66600,0.0,0
2019-02-07,8.4765050836872,8.491119384765625,8.425353287709065,8.491119384765625,21500,0.0,0
2019-02-08,8.491122143060627,8.52035145159392,8.213443363553512,8.235365867614746,57500,0.0,0
2019-02-11,8.32305152892719,8.330358331411432,8.220748628451345,8.279207229614258,19800,0.0,0
2019-02-12,8.271900907527844,8.374203822563715,8.213442298044944,8.344974517822266,118600,0.0,0
2019-02-13,8.344974100355211,8.46189131347209,8.315744797075991,8.432662010192871,61400,0.0,0
2019-02-14,8.432661426139864,8.476505726462783,8.35958782456217,8.469198226928711,56800,0.0,0
2019-02-15,8.46189131347209,8.47650631355248,8.374203403634432,8.432662010192871,27900,0.0,0
2019-02-19,8.469197450602431,8.52034854888916,8.403431354587239,8.52034854888916,71800,0.0,0
2019-02-20,8.469197584707258,8.586114780860495,8.403431487650698,8.491119384765625,64900,0.0,0
2019-02-21,8.483811853927197,8.622651546498888,8.476505051856153,8.615344047546387,45800,0.0,0
2019-02-22,8.60803836323545,8.973405025305157,8.520350447964512,8.944175720214844,232900,0.0,0
2019-02-25,8.980712047094535,8.988019547197998,8.513042493696368,8.871102333068848,161900,0.0,0
2019-02-26,8.790721029710985,8.93686754411419,8.688418818069518,8.885716438293457,97300,0.0,0
2019-02-27,8.827257431228645,8.878408534723956,8.666495924252862,8.768798828125,94700,0.0,0
2019-02-28,8.768799275493848,8.8345653815611,8.622652760278594,8.761491775512695,70700,0.0,0
2019-03-01,8.754184560084308,8.841873168945312,8.403432912166599,8.841873168945312,89400,0.0,0
2019-03-04,8.87840794544967,8.87840794544967,8.695724648655386,8.80533504486084,47000,0.0,0
2019-03-05,8.76149126878459,8.798028069695656,8.600730459786323,8.754183769226074,53400,0.0,0
2019-03-06,8.710341395834488,8.798029312276654,8.622653479392323,8.69572639465332,41800,0.0,0
2019-03-07,8.695725225804685,8.834564930836981,8.556886217653908,8.768798828125,60900,0.0,0
2019-03-08,8.586115385087592,8.812642991236915,8.586115385087592,8.798027992248535,43300,0.0,0
2019-03-11,8.856487413845947,8.91494602144507,8.798028806246824,8.827258110046387,54000,0.0,0
2019-03-12,8.834564965490824,8.914945370853252,8.7249545615804,8.8491792678833,102800,0.0,0
2019-03-13,8.871101007159192,8.885715308300242,8.776105610657252,8.834564208984375,70900,0.0,0
2019-03-14,8.827257742083043,8.841872741814385,8.76879913692076,8.79072093963623,42600,0.0,0
2019-03-15,8.79802886451481,8.871102472938455,8.79802886451481,8.841873168945312,70800,0.0,0
2019-03-18,8.84918052431675,9.134166778689238,8.84918052431675,9.009942054748535,89400,0.0,0
2019-03-19,9.024556021630636,9.097628929354974,8.951482417024756,9.05378532409668,143800,0.0,0
2019-03-20,9.053786358341545,9.170703581561572,8.988020246059873,9.148781776428223,149500,0.0,0
2019-03-21,9.171314742124686,9.18633699815391,9.013577113976703,9.021088600158691,96000,0.34,0
2019-03-22,9.013577508059466,9.043622737766274,8.945975562135455,8.96099853515625,37200,0.0,0
2019-03-25,8.968507349246334,9.036109280425956,8.78072452545166,8.78072452545166,60100,0.0,0
2019-03-26,8.900906562805176,8.930951787405027,8.840816113605475,8.900906562805176,63400,0.0,0
2019-03-27,8.923440302171398,8.938462556303994,8.885883592337922,8.900906562805176,46300,0.0,0
2019-03-28,8.908418003471962,8.945974716137524,8.848327549740949,8.870862007141113,25900,0.0,0
2019-03-29,9.013578049680019,9.20136092571502,8.810772199721503,8.82579517364502,109400,0.0,0
2019-04-01,8.893395729025865,9.028599607796403,8.855839016441303,8.93846321105957,64300,0.0,0
2019-04-02,8.930952055930787,8.998553276062012,8.900906830427571,8.998553276062012,16800,0.0,0
2019-04-03,8.998553005503695,9.051132685804427,8.863349852971698,8.900906562805176,35500,0.0,0
2019-04-04,8.93846342762915,9.021088340584045,8.893395944503508,9.006065368652344,26800,0.0,0
2019-04-05,8.998554488299911,9.013577461242676,8.953487002141173,9.013577461242676,17500,0.0,0
2019-04-08,9.013575778534266,9.08868919655591,9.013575778534266,9.081177711486816,42800,0.0,0
2019-04-09,9.066156040099983,9.088690498535385,9.01357706975354,9.073667526245117,26000,0.0,0
2019-04-10,9.036110811854195,9.073667526245117,9.01357706975354,9.073667526245117,12700,0.0,0
2019-04-11,9.103712579831246,9.208871234841354,9.021088382824203,9.201359748840332,51500,0.0,0
2019-04-12,9.231405584583298,9.231405584583298,9.118736152485354,9.208871841430664,18500,0.0,0
2019-04-15,9.238915789958613,9.268961015440809,9.19384759356798,9.231404304504395,31200,0.0,0
2019-04-16,9.223893229943423,9.261449942552861,9.133757549481597,9.186336517333984,30500,0.0,0
2019-04-17,9.216382437789218,9.216382437789218,9.088690045032461,9.171314239501953,23400,0.0,0
2019-04-18,9.16380253396128,9.16380253396128,9.10371208190918,9.10371208190918,19500,0.0,0
2019-04-22,9.148780562893913,9.17882578985191,9.103712364289562,9.133757591247559,24400,0.0,0
2019-04-23,9.126246000019005,9.261449877935783,9.103712259144444,9.223893165588379,33000,0.0,0
2019-04-24,9.231405404144411,9.366609293087045,9.231405404144411,9.336564064025879,56200,0.0,0
2019-04-25,9.389141142345585,9.39665262717977,9.201358319498674,9.351584434509277,43600,0.0,0
2019-04-26,9.3590974151894,9.39665412902832,9.314029215315747,9.39665412902832,43300,0.0,0
2019-04-29,9.42670003328468,9.46425674981864,9.321541370256549,9.366609573364258,39400,0.0,0
2019-04-30,9.359098086790508,9.38163183017697,9.246428653523415,9.366609573364258,35400,0.0,0
2019-05-01,9.389142036437988,9.411675776751727,9.32905158471156,9.389142036437988,30800,0.0,0
2019-05-02,9.404165163203503,9.494300842285156,9.389142191855878,9.494300842285156,40500,0.0,0
2019-05-03,9.614482518879594,9.614482518879594,9.42669965998091,9.44172191619873,49400,0.0,0
2019-05-06,9.426699840906041,9.494301786020602,9.238916978403271,9.314029693603516,74400,0.0,0
2019-05-07,9.314027592857519,9.329050562310053,9.088688781746384,9.193846702575684,71400,0.0,0
2019-05-08,9.148780888617816,9.193848372491992,9.103712688408901,9.111224174499512,35600,0.0,0
2019-05-09,9.103711894147452,9.381630408240081,9.103711894147452,9.216382026672363,26800,0.0,0
2019-05-10,9.201361256009966,9.38914413878568,9.201361256009966,9.261451721191406,34500,0.0,0
2019-05-13,9.29900581758899,9.344073295593262,9.118734472902608,9.344073295593262,37200,0.0,0
2019-05-14,9.344074335025534,9.344074335025534,9.238916397094727,9.238916397094727,58700,0.0,0
2019-05-15,9.253940233960014,9.374121164322894,9.201361256009966,9.261451721191406,18200,0.0,0
2019-05-16,9.26145013860351,9.276473110499184,9.17131445623365,9.238916397094727,15900,0.0,0
2019-05-17,9.2914953884216,9.2914953884216,9.1938482198689,9.253938674926758,10700,0.0,0
2019-05-20,9.223893229943423,9.31402891040525,9.08869006741804,9.186336517333984,34900,0.0,0
2019-05-21,9.223893705710227,9.276473392609377,9.178826221322096,9.268961906433105,9200,0.0,0
2019-05-22,9.261450420256834,9.268961906433105,9.18633699116362,9.268961906433105,4000,0.0,0
2019-05-23,9.238916419329657,9.276473132824501,9.171314478305886,9.253938674926758,33700,0.0,0
2019-05-24,9.27647469565419,9.299008441013518,9.253940233960014,9.261451721191406,11100,0.0,0
2019-05-28,9.306517315831591,9.306517315831591,9.261449121429086,9.276472091674805,21800,0.0,0
2019-05-29,9.3065186428469,9.31402941270607,9.223893727383272,9.283984184265137,27700,0.0,0
2019-05-30,9.268960791728574,9.306517501758535,9.14126840742751,9.163802146911621,45200,0.0,0
2019-05-31,9.148780999913475,9.216382942881859,9.013577113976703,9.021088600158691,51300,0.0,0
2019-06-03,9.0811773555781,9.22389198462439,9.058643617588604,9.156290054321289,28800,0.0,0
2019-06-04,9.201359055801838,9.231404281208212,9.096200408712189,9.216382026672363,16900,0.0,0
2019-06-05,9.201360751495343,9.261451213381998,9.118736545484897,9.148781776428223,17900,0.0,0
2019-06-06,9.118734888029831,9.231404304504395,9.118734888029831,9.231404304504395,20500,0.0,0
2019-06-07,9.193847938977395,9.261449877935783,9.193847938977395,9.223893165588379,18700,0.0,0
2019-06-10,9.351585951110888,9.426699378965086,9.276473239591427,9.411676406860352,59000,0.0,0
2019-06-11,9.419186652830229,9.426698137893672,9.291494272090267,9.381629943847656,32200,0.0,0
2019-06-12,9.389142036437988,9.411675776751727,9.299006358848347,9.389142036437988,50800,0.0,0
2019-06-13,9.39665480332447,9.39665480332447,9.291496140296339,9.366609573364258,37500,0.0,0
2019-06-14,9.389141428911099,9.389141428911099,9.314028010945954,9.381629943847656,29900,0.0,0
2019-06-17,9.464254725323416,9.576924134489438,9.396652793289949,9.456743240356445,121700,0.0,0
2019-06-18,9.426700403210685,9.621994763783261,9.426700403210685,9.55439281463623,108100,0.0,0
2019-06-19,9.561902241607624,9.614481925964355,9.464255791376651,9.614481925964355,191700,0.0,0
2019-06-20,9.691644958269896,9.691644958269896,9.437007121276439,9.568183898925781,109000,0.34,0
2019-06-21,9.568183898925781,9.568183898925781,9.498738018889282,9.568183898925781,38100,0.0,0
2019-06-24,9.491021469788958,9.56818380324061,9.491021469788958,9.529603004455566,38800,0.0,0
2019-06-25,9.506454002571873,9.506454002571873,9.128356567442673,9.159221649169922,66700,0.0,0
2019-06-26,9.10520752683533,9.382993249771971,8.97403075147819,9.259532928466797,52400,0.0,0
2019-06-27,9.31354663506742,9.33669599722331,9.112923980887293,9.259532928466797,26200,0.0,0
2019-06-28,9.259532928466797,9.614481720159953,9.259532928466797,9.259532928466797,67600,0.0,0
2019-07-01,9.282682339801795,9.629914706809334,9.282682339801795,9.467873573303223,51000,0.0,0
2019-07-02,9.406141785262516,9.483304853274289,9.282681465148926,9.282681465148926,36000,0.0,0
2019-07-03,9.282682577559665,9.491022444629385,9.282682577559665,9.413859367370605,21700,0.0,0
2019-07-05,9.413858451706565,9.529603056336526,9.413858451706565,9.460156440734863,32300,0.0,0
2019-07-08,9.498737846873356,9.498737846873356,9.367561071599539,9.437006950378418,21200,0.0,0
2019-07-09,9.352128431795174,9.437007221103144,9.352128431795174,9.367561340332031,15300,0.0,0
2019-07-10,9.475588943523482,9.475588943523482,9.359845070739675,9.382993698120117,35200,0.0,0
2019-07-11,9.382993198492933,9.47558843896577,9.282681504010302,9.3289794921875,20500,0.0,0
2019-07-12,9.30583119366138,9.444723691319718,9.220951668328503,9.251816749572754,57300,0.0,0
2019-07-15,9.267249524633101,9.344411858691346,9.105207666464738,9.166937828063965,57000,0.0,0
2019-07-16,9.082059768425253,9.220952275225095,9.066626858846586,9.105208396911621,36400,0.0,0
2019-07-17,9.089775663941108,9.097492118880366,8.811989909062602,8.896868705749512,57500,0.0,0
2019-07-18,8.904583381961594,8.989462161693618,8.711676462303949,8.920016288757324,41200,0.0,0
2019-07-19,8.84285248280897,8.89686618028818,8.611364051512952,8.68852710723877,51200,0.0,0
2019-07-22,8.657662799346094,8.657662799346094,8.526486034516493,8.557351112365723,46200,0.0,0
2019-07-23,8.495621866365148,8.549635574414628,8.310431379439866,8.511054039001465,101700,0.0,0
2019-07-24,8.487905176251896,8.565068244934082,8.464756549999864,8.565068244934082,37800,0.0,0
2019-07-25,8.549635796332007,8.603649505783483,8.487905632421288,8.572784423828125,30800,0.0,0
2019-07-26,8.565067881523278,8.642230211049952,8.487904816115075,8.595932960510254,37000,0.0,0
2019-07-29,8.595933511145015,8.642230764650403,8.541919067546626,8.580500602722168,23200,0.0,0
2019-07-30,8.565068993051023,8.804273202272313,8.51105454590297,8.727110862731934,60800,0.0,0
2019-07-31,8.703960980185697,8.703960980185697,8.449323876693038,8.511054039001465,51300,0.0,0
2019-08-01,8.511053724845995,8.549635258835057,8.426174938775302,8.472472190856934,63400,0.0,0
2019-08-02,8.487904912104717,8.804272159269393,8.41845829962827,8.634513854980469,98800,0.0,0
2019-08-05,8.734826007542758,8.734826007542758,8.518770440793931,8.580500602722168,50400,0.0,0
2019-08-06,8.68852824706037,8.765690577027442,8.634513806613732,8.703960418701172,43800,0.0,0
2019-08-07,8.665378934316497,8.703960467456916,8.572783696308411,8.634513854980469,25500,0.0,0
2019-08-08,8.649945579375862,8.734824351969111,8.580498976398912,8.68852710723877,25300,0.0,0
2019-08-09,8.727110771382415,8.757975854051816,8.580501076791542,8.750259399414062,37800,0.0,0
2019-08-12,8.734825954609434,8.75797531710342,8.580500550724059,8.649947166442871,23200,0.0,0
2019-08-13,8.657663167897233,8.703960418701172,8.603648727450596,8.703960418701172,21200,0.0,0
2019-08-14,8.665379854280816,8.703961391517264,8.48790581322742,8.526487350463867,35700,0.0,0
2019-08-15,8.495622485084358,8.603649909050738,8.487906030263435,8.588217735290527,34400,0.0,0
2019-08-16,8.626797229161538,8.70395955144017,8.526485547906,8.680810928344727,33000,0.0,0
2019-08-19,8.711678566817422,8.71939502207938,8.626799766580902,8.642231941223145,22500,0.0,0
2019-08-20,8.642229233798375,8.866001215120496,8.60364770545702,8.842852592468262,36900,0.0,0
2019-08-21,8.842854052535618,8.87371913312863,8.719393730163574,8.719393730163574,20300,0.0,0
2019-08-22,8.804272287463098,8.835137367248535,8.719393502023536,8.835137367248535,8600,0.0,0
2019-08-23,8.904583801202321,8.904583801202321,8.649946714136068,8.703960418701172,28000,0.0,0
2019-08-26,8.72711147734134,8.811990277577861,8.642231941223145,8.642231941223145,28100,0.0,0
2019-08-27,8.642229846989055,8.835136766501675,8.580499691615538,8.626797676086426,21900,0.0,0
2019-08-28,8.565068482932524,8.64223081787727,8.4879054121062,8.511054039001465,27000,0.0,0
2019-08-29,8.51876958108381,8.71167650161187,8.503337410099947,8.557351112365723,56300,0.0,0
2019-08-30,8.611365354833735,8.873718900950717,8.53420302331092,8.835137367248535,69000,0.0,0
2019-09-03,8.866001720285801,9.074341543670995,8.804271565774963,9.012611389160156,53800,0.0,0
2019-09-04,9.028044673344015,9.028044673344015,8.487905386813987,8.804272651672363,102900,0.0,0
2019-09-05,8.457039958723968,8.78112366451979,8.457039958723968,8.657663345336914,57400,0.0,0
2019-09-06,8.727109416718877,8.750258041157284,8.588216198325426,8.734825134277344,27800,0.0,0
2019-09-09,8.788840389331854,8.827421188354492,8.680812238776381,8.827421188354492,23200,0.0,0
2019-09-10,8.82742036472507,8.912299880771087,8.796555286857837,8.850569725036621,34800,0.0,0
2019-09-11,8.842853771743371,8.935449010582174,8.842853771743371,8.904583930969238,22400,0.0,0
2019-09-12,8.912300609084614,9.028044476574953,8.896867700949068,8.966314315795898,59100,0.0,0
2019-09-13,8.997179709603852,9.174654479937178,8.966314628139134,9.00489616394043,64400,0.0,0
2019-09-16,9.05890940552108,9.236384166705083,9.02032787170877,9.174654006958008,90900,0.0,0
2019-09-17,9.19008664017809,9.236384630252733,9.14378938598503,9.18237018585205,36700,0.0,0
2019-09-18,9.17465414153988,9.259532928466797,9.15150477938399,9.259532928466797,67500,0.0,0
2019-09-19,9.251816512799088,9.305830955505371,9.07434248415698,9.305830955505371,141400,0.0,0
2019-09-20,9.274070357965034,9.282009910994162,8.956464762680264,9.194668769836426,109600,0.34,0
2019-09-23,9.147028690324685,9.19466903881176,9.115267448360386,9.162908554077148,44900,0.0,0
2019-09-24,9.115267753601074,9.131148375115014,9.051746782004738,9.115267753601074,37800,0.0,0
2019-09-25,9.123208027592899,9.131148338317871,9.075567677702486,9.131148338317871,18200,0.0,0
2019-09-26,9.115267822602732,9.250250077574176,9.051746850525548,9.242310523986816,41200,0.0,0
2019-09-27,9.250249576085228,9.289950370788574,9.178789054294812,9.289950370788574,18900,0.0,0
2019-09-30,9.289949969168001,9.369351555142028,9.115266934362927,9.218488693237305,64600,0.0,0
2019-10-01,9.202609763953195,9.305831533299065,9.170849277787521,9.22642993927002,39300,0.0,0
2019-10-02,9.23437039123924,9.369352648813594,9.210550215558394,9.321711540222168,56000,0.0,0
2019-10-03,9.210549823967265,9.297890969236839,9.210549823967265,9.250249862670898,33100,0.0,0
2019-10-04,9.226428967941184,9.274070070789051,9.226428967941184,9.234369277954102,21500,0.0,0
2019-10-07,9.234369730477368,9.305831009636256,9.234369730477368,9.282010078430176,26100,0.0,0
2019-10-08,9.250249862670898,9.297890969236839,9.234369998635383,9.250249862670898,21000,0.0,0
2019-10-09,9.23437021316974,9.329651671285514,9.23437021316974,9.242310523986816,33900,0.0,0
2019-10-10,9.266130196858438,9.289950370788574,9.234369712541694,9.289950370788574,21800,0.0,0
2019-10-11,9.329651544382587,9.424933001202334,9.25819026246035,9.369352340698242,35000,0.0,0
2019-10-14,9.353470647254271,9.361410957053284,9.242309338986576,9.25818920135498,13000,0.0,0
2019-10-15,9.29789068117518,9.345531786265132,9.250249576085228,9.289950370788574,19000,0.0,0
2019-10-16,9.33759214353492,9.3693526301226,9.289951035038532,9.329651832580566,18300,0.0,0
2019-10-17,9.31377124786377,9.369352667536457,9.274071207392936,9.31377124786377,13000,0.0,0
2019-10-18,9.41699200085143,9.41699200085143,9.250249274320645,9.337591171264648,40100,0.0,0
2019-10-21,9.345532473132748,9.369352648813594,9.258190566920089,9.321711540222168,33500,0.0,0
2019-10-22,9.3693526301226,9.385232494801576,9.289951035038532,9.329651832580566,13000,0.0,0
2019-10-23,9.329651832580566,9.353472008213894,9.289951035038532,9.329651832580566,17000,0.0,0
2019-10-24,9.361411326618349,9.369351636730824,9.329650843398094,9.345531463623047,17700,0.0,0
2019-10-25,9.361411344417718,9.377291964672866,9.329650861137075,9.337591171264648,22000,0.0,0
2019-10-28,9.353471034290145,9.36935165454529,9.329650861137075,9.337591171264648,25600,0.0,0
2019-10-29,9.329651832580566,9.377292941076952,9.329651832580566,9.329651832580566,15500,0.0,0
2019-10-30,9.33759185509166,9.409053137013895,9.329651544382587,9.369352340698242,29900,0.0,0
2019-10-31,9.416992852294205,9.51227431075106,9.409053298678424,9.456693649291992,18800,0.0,0
2019-11-01,9.424932712517958,9.472573818083443,9.369352053716293,9.409052848815918,18100,0.0,0
2019-11-04,9.528154476885108,9.53609478735097,9.369352053716293,9.409052848815918,36100,0.0,0
2019-11-05,9.504334775731131,9.512274329362446,9.416992870719167,9.448753356933594,20600,0.0,0
2019-11-06,9.4487518723295,9.512272834777832,9.409051838721497,9.512272834777832,24000,0.0,0
2019-11-07,9.512273752410085,9.528154373168945,9.409052746396203,9.528154373168945,28200,0.0,0
2019-11-08,9.583735013254541,9.583735013254541,9.448752765978025,9.536094665527344,29500,0.0,0
2019-11-11,9.480513806080655,9.496394427740638,9.448753319990407,9.46463394165039,24200,0.0,0
2019-11-12,9.46463394165039,9.528154913830885,9.456693630820398,9.46463394165039,49800,0.0,0
2019-11-13,9.496394427740638,9.599616196841373,9.46463394165039,9.46463394165039,25800,0.0,0
2019-11-14,9.504335460666969,9.528155637736974,9.456694349297182,9.480514526367188,9600,0.0,0
2019-11-15,9.504334486289721,9.599615942031335,9.48845386505127,9.48845386505127,31700,0.0,0
2019-11-18,9.528154373168945,9.575795478215847,9.504334199260331,9.528154373168945,20400,0.0,0
2019-11-19,9.551974547077558,9.59961565212446,9.520214062789515,9.528154373168945,18500,0.0,0
2019-11-20,9.48051378759358,9.528154895250909,9.472574234008789,9.472574234008789,39600,0.0,0
2019-11-21,9.480513570408593,9.480513570408593,9.24231030926799,9.250249862670898,37800,0.0,0
2019-11-22,9.258189971701922,9.289950456311049,9.131148033265413,9.178789138793945,59100,0.0,0
2019-11-25,9.154968955464474,9.178789888789984,8.773843109013276,8.956465721130371,96500,0.0,0
2019-11-26,8.877064289875559,9.035866715309085,8.813543319702148,8.813543319702148,51000,0.0,0
2019-11-27,8.821483053721416,9.019986278886224,8.734141907251596,8.8929443359375,89300,0.0,0
2019-11-29,8.861183546179973,8.956465000122483,8.853243235710677,8.940585136413574,26400,0.0,0
2019-12-02,8.900884377421894,9.035866627029044,8.813543233594197,8.924704551696777,71800,0.0,0
2019-12-03,8.972345334315717,8.988225197517124,8.853242952771685,8.98028564453125,29500,0.0,0
2019-12-04,9.012047141660148,9.07556811606868,8.932645545034609,8.956465721130371,25700,0.0,0
2019-12-05,8.972346053920665,9.04380733713253,8.93264525688855,8.996166229248047,22800,0.0,0
2019-12-06,8.98822589993433,9.075567804671532,8.98822589993433,9.004106521606445,38800,0.0,0
2019-12-09,9.03586686307872,9.03586686307872,8.829423328024179,8.908824920654297,51200,0.0,0
2019-12-10,8.932645113967483,8.980286221089715,8.861183831898991,8.900884628295898,35900,0.0,0
2019-12-11,8.892943732005724,8.916763905383524,8.734141314104306,8.750021934509277,81100,0.0,0
2019-12-12,8.75002103191,8.82148154467196,8.694439623455702,8.726200103759766,59000,0.0,0
2019-12-13,8.710322805320516,8.805604274270218,8.710322805320516,8.76590347290039,41700,0.0,0
2019-12-16,8.821484140480266,8.845305075640043,8.734142983250491,8.76590347290039,90300,0.0,0
2019-12-17,8.797662182303094,8.900883942085326,8.750021836083386,8.869123458862305,79000,0.0,0
2019-12-18,8.869123755064246,9.131147939712402,8.853243134307546,9.059686660766602,116700,0.0,0
2019-12-19,9.06762709987331,9.19466903881176,9.035866615138698,9.162908554077148,142500,0.0,0
2019-12-20,9.210550037948225,9.297891185246923,9.083507336564141,9.242310523986816,238200,0.0,0
2019-12-23,9.242309101399426,9.242309101399426,9.005117133116334,9.135981559753418,194700,0.34,0
2019-12-24,9.111444674762343,9.266845986390502,9.095086231425952,9.135981559753418,57500,0.0,0
2019-12-26,9.10326691356262,9.160519914398263,8.996939354858116,9.127803802490234,77900,0.0,0
2019-12-27,9.095087127964057,9.29956300974386,9.078729463028736,9.250489234924316,61200,0.0,0
2019-12-30,9.24230995185023,9.24230995185023,9.103266290750552,9.193235397338867,27700,0.0,0
2019-12-31,9.209592994740156,9.209592994740156,9.070549346434877,9.135981559753418,43700,0.0,0
2020-01-02,9.119623921240418,9.152340030786945,8.964222595897809,8.996938705444336,85400,0.0,0
2020-01-03,8.99693821707118,9.135981870099727,8.99693821707118,9.103265762329102,43000,0.0,0
2020-01-06,9.111446009052008,9.23413123198705,9.078729897601756,9.086908340454102,39000,0.0,0
2020-01-07,9.08690858473716,9.10326703090886,9.037834806249343,9.070550918579102,22100,0.0,0
2020-01-08,9.037834054579625,9.111445496202785,8.996938722565247,9.095087051391602,36900,0.0,0
2020-01-09,9.095087165007653,9.095087165007653,9.021475722464936,9.037834167480469,32000,0.0,0
2020-01-10,8.99693896329935,9.111445740000782,8.980580518050457,9.078729629516602,42700,0.0,0
2020-01-13,9.078730212478732,9.127803991349321,9.021476430444842,9.054192543029785,46000,0.0,0
2020-01-14,9.078729584983988,9.144161805631393,9.037834252075958,9.119624137878418,58700,0.0,0
2020-01-15,9.135981847473376,9.389531487064401,9.111444961709559,9.31592082977295,62300,0.0,0
2020-01-16,9.30774370780275,9.332280599102429,9.242311477661133,9.242311477661133,50500,0.0,0
2020-01-17,9.250489139440106,9.405890464782715,9.242309917050079,9.405890464782715,39800,0.0,0
2020-01-21,9.340458996745314,9.405891221099699,9.266847549343222,9.381354331970215,32200,0.0,0
2020-01-22,9.397711311683732,9.438606643921814,9.315921427221152,9.389532089233398,57000,0.0,0
2020-01-23,9.373174355236188,9.446785796719269,9.364995132846161,9.405890464782715,19600,0.0,0
2020-01-24,9.397711625412393,9.405890848135778,9.31592173821938,9.356816291809082,85100,0.0,0
2020-01-27,9.34045776164696,9.34045776164696,9.201414108276367,9.201414108276367,32500,0.0,0
2020-01-28,9.201416138819194,9.364996714173238,9.193236915048065,9.242311477661133,24300,0.0,0
2020-01-29,9.242309659133356,9.348637207195779,9.217772772661585,9.32409954071045,17500,0.0,0
2020-01-30,9.315920078799595,9.40588917269004,9.315920078799595,9.34045696258545,28700,0.0,0
2020-01-31,9.332279135894163,9.381353690812832,9.283205360989085,9.348637580871582,17600,0.0,0
2020-02-03,9.340457806161988,9.414069244181183,9.324099362151703,9.397710800170898,18200,0.0,0
2020-02-04,9.39771232053655,9.446786880493164,9.307743203965371,9.446786880493164,38000,0.0,0
2020-02-05,9.454965779372309,9.471323445454084,9.364995885874798,9.381354331970215,21000,0.0,0
2020-02-06,9.41406835791984,9.454963684082031,9.364993810522515,9.454963684082031,41400,0.0,0
2020-02-07,9.463144104705647,9.4795025505976,9.414070327057049,9.438607215881348,13400,0.0,0
2020-02-10,9.438608682835362,9.487683248124789,9.364997224908098,9.430429458618164,18700,0.0,0
2020-02-11,9.463144547136256,9.479502993793016,9.381354653893457,9.446786880493164,38600,0.0,0
2020-02-12,9.454966228797003,9.52039845626159,9.389533221318738,9.487682342529297,33400,0.0,0
2020-02-13,9.438607781924018,9.594009127148993,9.438607781924018,9.487682342529297,25600,0.0,0
2020-02-14,9.536755445778015,9.594008445739746,9.487681668671852,9.594008445739746,18300,0.0,0
2020-02-18,9.60218786191135,9.790306091308594,9.561292526823808,9.790306091308594,21800,0.0,0
2020-02-19,9.773947518000032,9.782126740913766,9.749410629272461,9.749410629272461,20300,0.0,0
2020-02-20,9.773946762084961,9.782125984366115,9.741230652973913,9.773946762084961,41800,0.0,0
2020-02-21,9.790306589556433,9.790306589556433,9.487682342529297,9.487682342529297,24800,0.0,0
2020-02-24,9.340457873829479,9.504038415049683,9.095086671992398,9.144161224365234,90000,0.0,0
2020-02-25,9.160518876141948,9.315920975101987,8.424406051635742,8.424406051635742,96400,0.0,0
2020-02-26,8.498017572389218,9.06237063930772,8.473479905991438,8.816999435424805,84500,0.0,0
2020-02-27,8.906970305393939,8.906970305393939,8.309900283813477,8.309900283813477,85200,0.0,0
2020-02-28,8.187214622807508,8.38351128520914,7.851874296201318,8.30172061920166,211200,0.0,0
2020-03-02,8.41622650278904,8.669776916503906,8.195392976017335,8.669776916503906,88900,0.0,0
2020-03-03,8.587986251413364,8.73520912247049,8.187213746883984,8.358973503112793,39300,0.0,0
2020-03-04,8.53073416156579,8.743388488900228,8.285362943857566,8.710672378540039,61700,0.0,0
2020-03-05,8.62888192288897,8.669777253142327,8.408047607528982,8.424406051635742,56800,0.0,0
2020-03-06,8.375331525706962,8.44076374231299,8.097244215124572,8.211750984191895,54400,0.0,0
2020-03-09,8.056349748691881,8.097244299486551,7.851873874664307,7.851873874664307,110000,0.0,0
2020-03-10,8.105423967759382,8.105423967759382,7.851874306817847,7.892768859863281,116900,0.0,0
2020-03-11,7.7946203337205295,7.933663994638,7.009432922662761,7.050328254699707,212600,0.0,0
2020-03-12,6.7149878858113885,6.7149878858113885,3.8932209165513245,5.169150352478027,393300,0.0,0
2020-03-13,5.234582468988066,7.156655612677143,5.201866360244941,6.355110168457031,132200,0.0,0
2020-03-16,5.594460563159841,5.6353555077987165,4.416679371441621,4.972853660583496,193600,0.0,0
2020-03-17,5.021927495473392,5.15279232366629,4.498469352722168,4.498469352722168,153000,0.0,0
2020-03-18,4.498469223866988,4.702945097679124,2.8135880704558023,3.026242971420288,298500,0.0,0
2020-03-19,2.928094209304185,4.498468853178479,2.887199076912328,4.29399299621582,182800,0.0,0
2020-03-20,4.285814217743803,5.275477498941663,4.285814217743803,4.506648540496826,174100,0.0,0
2020-03-23,4.4543469930909945,4.768155867129365,3.225260989475087,3.4083163738250732,157700,0.34,0
2020-03-24,3.4693348229087615,4.035934811588462,3.46061790959804,3.5390701293945312,139600,0.0,0
2020-03-25,3.4780515712184155,3.957482196218791,3.1380915525730018,3.4867684841156006,327200,0.0,0
2020-03-26,3.5303537343671274,5.029664202624656,3.5303537343671274,4.375895023345947,239100,0.0,0
2020-03-27,4.271291629144252,4.489214667206151,3.931331806151149,3.95748233795166,160000,0.0,0
2020-03-30,3.9226145846586826,4.288725345731658,3.5739376495579824,3.600088596343994,105500,0.0,0
2020-03-31,3.643673026423996,4.140537700068035,3.4867685895309766,3.5477871894836426,108200,0.0,0
2020-04-01,3.2949963299602505,3.5739377621303885,3.2339779371353212,3.3821656703948975,124300,0.0,0
2020-04-02,3.312430349070426,3.5739379699235303,3.181676642557683,3.2252612113952637,81800,0.0,0
2020-04-03,3.2688457357279046,3.3908827346392303,2.955036636542176,3.068356513977051,53400,0.0,0
2020-04-06,3.094506918831215,3.5303531774189105,3.094506918831215,3.4257500171661377,67300,0.0,0
2020-04-07,3.486768649530204,3.922614730721479,3.3995995164229913,3.5390701293945312,85500,0.0,0
2020-04-08,3.6088051248587028,4.314875665657894,3.5390698243830063,3.9400482177734375,251700,0.0,0
2020-04-09,4.079519855148104,4.314876761874816,3.7918614597771536,4.25385856628418,266300,0.0,0
2020-04-13,4.2364237440825825,4.245140448986534,3.9138973495326495,4.166688442230225,91500,0.0,0
2020-04-14,4.1666894185437835,4.314876761874816,4.149255588995704,4.25385856628418,118500,0.0,0
2020-04-15,4.210273113514809,4.253857888265712,3.748276496300279,3.8790299892425537,243300,0.0,0
2020-04-16,3.922614909275718,3.9487658582258582,3.7308428077105407,3.8005781173706055,33800,0.0,0
2020-04-17,3.9226146999158353,4.140537738800049,3.8790299258769085,4.140537738800049,51700,0.0,0
2020-04-20,4.114387317205182,4.114387317205182,3.8441627643234355,4.001067638397217,44300,0.0,0
2020-04-21,3.879030137938091,4.027217878985407,3.835445777171678,3.983633518218994,23300,0.0,0
2020-04-22,3.887746896088998,3.948765494244725,3.7046915172770127,3.7657101154327393,118800,0.0,0
2020-04-23,3.765710335169962,3.8354456424713135,3.730842681519286,3.8354456424713135,67200,0.0,0
2020-04-24,3.8354456424713135,3.8354456424713135,3.748276508344624,3.8354456424713135,38100,0.0,0
2020-04-27,3.9226150836740614,3.9400489118641806,3.7482768017728705,3.8267288208007812,97600,0.0,0
2020-04-28,3.8354457722006376,3.8964639603255775,3.791860995835481,3.8005781173706055,141100,0.0,0
2020-04-29,3.8354457722006376,3.922614909275718,3.7482766351255568,3.8005781173706055,118400,0.0,0
2020-04-30,3.826728705134212,3.9138978434500364,3.7657105161407545,3.818011999130249,177100,0.0,0
2020-05-01,3.748276435070549,4.236423992292561,3.748276435070549,4.140537738800049,118100,0.0,0
2020-05-04,4.05336856842041,4.123103873705502,3.9400484895045333,4.05336856842041,67800,0.0,0
2020-05-05,4.053368937556185,4.663553330024754,3.7831443971398055,4.018501281738281,363000,0.0,0
2020-05-06,4.027218366503866,4.3584615435726555,3.96620017091323,4.25385856628418,104900,0.0,0
2020-05-07,4.27129136012585,5.003512439250866,4.018500685147959,4.349743366241455,292000,0.0,0
2020-05-08,4.262574611539587,4.6635530445557265,4.027217741347958,4.271291732788086,184900,0.0,0
2020-05-11,4.149255198883044,4.402045911390472,3.931332142193521,4.018501281738281,153700,0.0,0
2020-05-12,4.027217343368058,4.131820294081602,3.9138972722674628,3.9400482177734375,116900,0.0,0
2020-05-13,3.9138972662511935,3.9661991571827473,3.5739374691271566,3.6175222396850586,99100,0.0,0
2020-05-14,3.556504086007826,3.905181046836192,3.3560148647056582,3.713408946990967,90400,0.0,0
2020-05-15,3.6611066648438433,3.826728214224876,3.4954855311179958,3.565220832824707,43400,0.0,0
2020-05-18,3.6349560567037806,3.8267281322912274,3.573937461189278,3.661106586456299,52400,0.0,0
2020-05-19,3.661106874591978,3.905180860203874,3.626239221741023,3.7046916484832764,59000,0.0,0
2020-05-20,3.765710547059433,3.9138978755854197,3.704691941909739,3.9051811695098877,76900,0.0,0
2020-05-21,3.922614579334133,4.096952838820237,3.887746927436912,3.896463632583618,61800,0.0,0
2020-05-22,3.9051811473012386,4.08823654605405,3.826728714791394,3.974916458129883,66900,0.0,0
2020-05-26,4.053368747595939,4.3933285837159834,4.053368747595939,4.262574672698975,160900,0.0,0
2020-05-27,4.367177988245481,4.724571646329563,4.253857905946306,4.271291732788086,151400,0.0,0
2020-05-28,4.280008064958614,4.602534456874528,4.280008064958614,4.349743366241455,72900,0.0,0
2020-05-29,4.332309540920745,4.50664820978303,4.262574239637903,4.349743366241455,109300,0.0,0
2020-06-01,4.314876167404109,4.489214854521132,4.192839377380852,4.218990325927734,63500,0.0,0
2020-06-02,4.2538576510980795,4.3148758335611035,3.983633143412019,4.062085151672363,73800,0.0,0
2020-06-03,4.105670047384229,4.210273005311866,4.009783794789625,4.05336856842041,97300,0.0,0
2020-06-04,4.03593483950316,4.463063802510361,4.03593483950316,4.367177963256836,76100,0.0,0
2020-06-05,4.489214870158899,4.837891829952302,4.489214870158899,4.585101127624512,153900,0.0,0
2020-06-08,4.829174484635921,5.038380817075041,4.6461190996223936,4.968645095825195,169600,0.0,0
2020-06-09,5.2214357985170485,5.2214357985170485,4.846608322250826,4.925060749053955,109800,0.0,0
2020-06-10,4.968644875067444,4.968644875067444,4.524082113826028,4.576383590698242,85300,0.0,0
2020-06-11,4.358460842058216,4.463063802510361,4.079519198530612,4.367177963256836,125100,0.0,0
2020-06-12,4.506649079414931,4.794307460542648,4.332310376911132,4.497931957244873,61100,0.0,0
2020-06-15,4.375894347001284,4.541515896698477,4.314875750063838,4.4892144203186035,41500,0.0,0
2020-06-16,4.803024582712706,4.837892240082414,4.402046107305809,4.497931957244873,94200,0.0,0
2020-06-17,4.576383547618392,4.646118849458224,4.463063474301073,4.4892144203186035,120600,0.0,0
2020-06-18,4.410762310028076,4.602534819312679,4.384611777815312,4.410762310028076,124600,0.0,0
2020-06-19,4.663552790988822,4.663552790988822,4.419479228474692,4.524082183837891,193300,0.0,0
2020-06-22,4.54210685649336,4.569143396116,4.3979131244558625,4.560131072998047,144300,0.17,0
2020-06-23,4.542107198869713,4.542107198869713,4.361865020236491,4.397913455963135,85100,0.0,0
2020-06-24,4.343839959782317,4.46099713830287,3.947306813974991,4.073476314544678,232500,0.0,0
2020-06-25,4.100513210049366,4.316803801395453,3.9653313755924584,4.118537425994873,61700,0.0,0
2020-06-26,4.082488866299727,4.13656151244348,3.9653312514559977,4.091500759124756,46000,0.0,0
2020-06-29,4.118537214146948,4.118537214146948,3.94730695660671,4.064464569091797,51800,0.0,0
2020-06-30,4.100512850960909,4.100512850960909,3.9923671350271523,4.073476314544678,79000,0.0,0
2020-07-01,4.073476461735397,4.100512999128565,4.010391494305462,4.064464569091797,71500,0.0,0
2020-07-02,4.091500906822221,4.172610093831376,4.064464797639975,4.082489013671875,57700,0.0,0
2020-07-06,4.136561376483127,4.253718557744946,4.091500624645459,4.172609806060791,41900,0.0,0
2020-07-07,4.16359707942641,4.253718144617886,4.0734760142349336,4.23569393157959,47700,0.0,0
2020-07-08,4.22668268219523,4.235694575218219,4.145573496332317,4.190634250640869,25500,0.0,0
2020-07-09,4.163597961211929,4.163597961211929,3.8842223850853683,3.9292831420898438,50400,0.0,0
2020-07-10,3.947307438379292,3.9923677665593154,3.9292832211610356,3.9563193321228027,43300,0.0,0
2020-07-13,3.947307017307812,3.992367340681111,3.830149403021093,3.8481736183166504,54100,0.0,0
2020-07-14,3.8301495420708993,4.010391701569989,3.703980030421537,3.7670645713806152,44300,0.0,0
2020-07-15,3.776076766139527,3.95631891952494,3.776076766139527,3.8301494121551514,41700,0.0,0
2020-07-16,3.8301495420708993,3.9022464058705353,3.6228708437813437,3.7670645713806152,76600,0.0,0
2020-07-17,3.749040365219116,3.9202706320559213,3.749040365219116,3.749040365219116,41500,0.0,0
2020-07-20,3.7039800400922984,3.9202706320559213,3.6949677172282107,3.749040365219116,24000,0.0,0
2020-07-21,3.7490402556001254,3.8571859781510476,3.712991824660216,3.7760767936706543,65200,0.0,0
2020-07-22,3.7490405438031673,3.947307358945389,3.7490405438031673,3.9292831420898438,41400,0.0,0
2020-07-23,3.9112585960441826,3.9112585960441826,3.7850886589432022,3.8301494121551514,38900,0.0,0
2020-07-24,3.7941008527870306,3.8571858191977597,3.749040101103485,3.803112745285034,36100,0.0,0
2020-07-27,3.767064249679499,3.767064249679499,3.676943177626146,3.740028142929077,68500,0.0,0
2020-07-28,3.703980059715493,3.7580527079928685,3.6949677368036595,3.712991952896118,44800,0.0,0
2020-07-29,3.712991622985971,3.740028159587988,3.6048463360402443,3.703979730606079,65400,0.0,0
2020-07-30,3.6769433200491872,3.7129917502668315,3.604846459613899,3.640894889831543,46400,0.0,0
2020-07-31,3.875210156125582,4.18162181615006,3.758052541838863,3.8481736183166504,250600,0.0,0
2020-08-03,3.8842221526975997,4.22668268219523,3.8842221526975997,4.190634250640869,298500,0.0,0
2020-08-04,4.190634713550003,4.460997980072786,4.019404429886616,4.433961868286133,127000,0.0,0
2020-08-05,4.41593700059249,4.41593700059249,4.226682527014869,4.307791709899902,99500,0.0,0
2020-08-06,4.253718841133981,4.4159372147718745,4.190634300035873,4.3618645668029785,151400,0.0,0
2020-08-07,4.3798887827926105,4.3798887827926105,4.280755379984032,4.3618645668029785,58200,0.0,0
2020-08-10,4.325815712777063,4.632227354705863,4.325815712777063,4.460997104644775,189800,0.0,0
2020-08-11,4.479022106998089,4.6322281697859875,4.470010213162399,4.578155517578125,66900,0.0,0
2020-08-12,4.623215832848928,4.623215832848928,4.3618644906939155,4.506058216094971,146700,0.0,0
2020-08-13,4.42494952155705,4.5781555866566315,4.388901086207883,4.470010280609131,113000,0.0,0
2020-08-14,4.424949374831243,4.578155434850703,4.424949374831243,4.479022026062012,63100,0.0,0
2020-08-17,4.442973054347533,4.497045699035987,4.3979127319727445,4.4159369468688965,45900,0.0,0
2020-08-18,4.479021946297348,4.479021946297348,4.415937402517176,4.451985836029053,27700,0.0,0
2020-08-19,4.451985728828292,4.4609976221236485,4.361864647218653,4.3889007568359375,59900,0.0,0
2020-08-20,4.397913455963135,4.424949567892493,4.271743501188628,4.397913455963135,53800,0.0,0
2020-08-21,4.370876459932191,4.460997539880351,4.280755379984032,4.3618645668029785,29500,0.0,0
2020-08-24,4.361864437984445,4.433961299813743,4.27174293096663,4.334827899932861,25700,0.0,0
2020-08-25,4.30779203880974,4.370876581664806,4.280755499206698,4.316803932189941,22300,0.0,0
2020-08-26,4.316803628019963,4.3438401657179595,4.14557336854915,4.163597583770752,52300,0.0,0
2020-08-27,4.244706748818925,4.33482782453809,4.172609888243594,4.19964599609375,37400,0.0,0
2020-08-28,4.235694291737003,4.298779257600664,4.136561326462758,4.280755043029785,49600,0.0,0
2020-08-31,4.307791868058143,4.325816083835323,4.190634250640869,4.190634250640869,108700,0.0,0
2020-09-01,4.145573303900507,4.190634056117401,4.064464551533753,4.100512981414795,31800,0.0,0
2020-09-02,4.064464569091797,4.136561429165332,3.9743430642686945,4.064464569091797,62600,0.0,0
2020-09-03,4.100512981414795,4.154585626236359,4.055452229197901,4.100512981414795,78200,0.0,0
2020-09-04,4.127548723340321,4.154585258221788,3.9653308032449486,4.0554518699646,56900,0.0,0
2020-09-08,4.037428002240668,4.082488754323447,3.9382946054972647,4.028415679931641,45000,0.0,0
2020-09-09,4.082489467148134,4.100513685182134,4.019404489163503,4.046440601348877,52900,0.0,0
2020-09-10,4.019404489163503,4.082489467148134,4.010392165280875,4.046440601348877,34600,0.0,0
2020-09-11,4.055452246717013,4.118537214146948,4.010391494305462,4.064464569091797,73100,0.0,0
2020-09-14,4.082488732116631,4.1906340208496236,4.064464517327799,4.172609806060791,25400,0.0,0
2020-09-15,4.190634351321544,4.28075543237262,4.1455735959304,4.18162202835083,70000,0.0,0
2020-09-16,4.226682571526402,4.506058123623303,4.217670249008184,4.406924724578857,114300,0.0,0
2020-09-17,4.442973785755815,4.524082981006391,4.334828478575882,4.397913455963135,100100,0.0,0
2020-09-18,4.442972890413669,4.533094391300363,4.388900247720351,4.460997104644775,145300,0.0,0
2020-09-21,4.4609971209154695,4.569142836427712,4.325815728554708,4.424948692321777,279700,0.0,0
2020-09-22,4.480961448343198,4.490296552848336,4.247578048849146,4.26624870300293,155700,0.17,0
2020-09-23,4.228907523529209,4.303590142419553,4.1448893547058105,4.1448893547058105,69400,0.0,0
2020-09-24,4.10754788677205,4.144889194776418,4.0795416831970215,4.0795416831970215,49200,0.0,0
2020-09-25,4.0608706574497315,4.1728945712078085,4.0608706574497315,4.154223918914795,42900,0.0,0
2020-09-28,4.182230386165503,4.49029639118333,4.154224183371386,4.387607574462891,92300,0.0,0
2020-09-29,4.322260760991433,4.424949138535027,4.294254556570033,4.340931415557861,37800,0.0,0
2020-09-30,4.387607543100385,4.48096125498449,4.359601785649945,4.396943092346191,31500,0.0,0
2020-10-01,4.415613745694315,4.4436199482882435,4.331595583056015,4.396943092346191,24100,0.0,0
2020-10-02,4.266248828781493,4.368937207083033,4.256913278857614,4.3315958976745605,34400,0.0,0
2020-10-05,4.359602199113996,4.378272854232842,4.275584028507426,4.312925338745117,47900,0.0,0
2020-10-06,4.350266552378797,4.378272757006912,4.294254588266088,4.3315958976745605,21700,0.0,0
2020-10-07,4.359601528461916,4.387607284260199,4.256912718533462,4.350265979766846,35400,0.0,0
2020-10-08,4.331595573295023,4.387607533213173,4.210236549377441,4.210236549377441,108200,0.0,0
2020-10-09,4.275583645275522,4.28491919456994,4.172894828754377,4.200901031494141,53600,0.0,0
2020-10-12,4.182230567928275,4.266248734818624,4.163559913635254,4.163559913635254,25300,0.0,0
2020-10-13,4.219571583931242,4.219571583931242,4.1168827698682655,4.126218318939209,23200,0.0,0
2020-10-14,4.1915654778549865,4.200901027139729,4.079541557299032,4.107547760009766,75000,0.0,0
2020-10-15,4.116882895695516,4.135553549264568,4.060870934988363,4.098212242126465,24700,0.0,0
2020-10-16,4.079541268794795,4.266248234994336,4.042199964583578,4.070206165313721,41600,0.0,0
2020-10-19,4.070206196125625,4.135553256418208,4.014194239384783,4.06087064743042,35700,0.0,0
2020-10-20,4.023529342936525,4.126218152866466,4.014194239384783,4.06087064743042,42800,0.0,0
2020-10-21,4.070206290089675,4.107547595445623,3.9768530266998026,4.042200088500977,92800,0.0,0
2020-10-22,4.023529592656515,4.0888771021483485,4.004858939250775,4.014194488525391,42500,0.0,0
2020-10-23,4.042200277746261,4.060870931298346,3.967517663537918,4.00485897064209,35800,0.0,0
2020-10-26,4.004858794972188,4.004858794972188,3.9488468367728498,3.995523691177368,30000,0.0,0
2020-10-27,4.004859195489728,4.01419474536165,3.8274877542148764,3.8648290634155273,69000,0.0,0
2020-10-28,3.8741642733429376,3.8741642733429376,3.7247988270748755,3.7901461124420166,96900,0.0,0
2020-10-29,3.79014612510775,3.8461580841810488,3.7434697151184078,3.743469715118408,75100,0.0,0
2020-10-30,3.7901463013579106,3.7901463013579106,3.6967930318946127,3.7061283588409424,55500,0.0,0
2020-11-02,3.7341342156429422,3.8741643377582498,3.7341342156429422,3.780811071395874,54800,0.0,0
2020-11-03,3.790146302378504,3.8461582640715655,3.743469890206037,3.75280499458313,29600,0.0,0
2020-11-04,3.7528049935725916,3.85549381255397,3.6967930318946127,3.7061283588409424,60300,0.0,0
2020-11-05,3.706128311478635,3.808816906575958,3.706128311478635,3.715463638305664,51600,0.0,0
2020-11-06,4.060870903873039,4.331595601121676,4.032865146305796,4.107547760009766,242100,0.0,0
2020-11-09,4.219571845739192,4.434284591114696,4.023529754520535,4.359601974487305,169800,0.0,0
2020-11-10,4.378272538654526,4.61165593338999,4.340931231108332,4.564979076385498,104900,0.0,0
2020-11-11,4.527637654048828,4.845039205287808,4.527637654048828,4.779691696166992,169800,0.0,0
2020-11-12,4.705009333250828,4.919722080191159,4.677003574383205,4.733015537261963,100600,0.0,0
2020-11-13,4.7236796199139075,5.0130749615031425,4.714344516065727,4.901051044464111,71500,0.0,0
2020-11-16,4.994404401149288,5.4705067250968105,4.994404401149288,5.358482360839844,220700,0.0,0
2020-11-17,5.321141054468684,5.41449476554007,5.2464584417263636,5.358482360839844,106000,0.0,0
2020-11-18,5.451836300877732,5.58253087866571,5.395824338968598,5.507848262786865,158300,0.0,0
2020-11-19,5.526518599485273,6.030626672870696,5.5078479465874235,5.955944061279297,114400,0.0,0
2020-11-20,5.9839501136447355,6.301351673730409,5.9839501136447355,6.273345470428467,135300,0.0,0
2020-11-23,6.450717036768087,6.674765332354342,6.329358007016688,6.628088474273682,143700,0.0,0
2020-11-24,6.628088473313506,6.8147954604655885,6.404040622903216,6.441381931304932,136200,0.0,0
2020-11-25,6.506728998436178,6.5160645481083606,6.170657222820744,6.441381931304932,74500,0.0,0
2020-11-27,6.478723271726218,6.544070784323938,6.3200224876628335,6.432046413421631,33900,0.0,0
2020-11-30,6.422711308808335,6.525399684848193,6.086639086390448,6.245339870452881,115700,0.0,0
2020-12-01,6.264010524783435,6.4693877220078955,6.114645290438374,6.432046413421631,76100,0.0,0
2020-12-02,6.422711094424985,6.768118409888293,6.338692930339073,6.665429592132568,92600,0.0,0
2020-12-03,6.712106609524684,6.768118571874703,6.562741376591303,6.730777263641357,45000,0.0,0
2020-12-04,6.768118571874703,6.992166421274775,6.656094647174666,6.730777263641357,96000,0.0,0
2020-12-07,6.814795244962453,6.954824924468993,6.721441531766765,6.954824924468994,79400,0.0,0
2020-12-08,6.992166004674217,7.020172206752341,6.796124370701272,6.908148288726807,82200,0.0,0
2020-12-09,6.982831222774551,6.9921663271354495,6.8334659918521545,6.936154365539551,49000,0.0,0
2020-12-10,6.945489531596478,6.99216594111106,6.7681181070967265,6.917483329772949,58100,0.0,0
2020-12-11,6.880142117754837,6.945489626136919,6.721441343929414,6.898812770843506,60900,0.0,0
2020-12-14,6.964160184431006,7.010837039089064,6.824130065600309,6.917483329772949,54200,0.0,0
2020-12-15,6.954824581125605,7.048178289712639,6.880141970370757,7.029507637023926,36900,0.0,0
2020-12-16,7.0481785154079875,7.094854926052694,6.964160353046634,7.076184272766113,47300,0.0,0
2020-12-17,7.048178609640315,7.10419057024892,7.029507956104113,7.05751371383667,46400,0.0,0
2020-12-18,7.076184367372871,7.113525674445275,7.0201724067642655,7.05751371383667,59700,0.0,0
2020-12-21,7.057513619479534,7.206878845772173,6.97349545711818,7.076184272766113,96900,0.0,0
2020-12-22,7.2442201732907705,7.2442201732907705,7.001501249634577,7.0668487548828125,125400,0.0,0
2020-12-23,7.009472961901365,7.133788418477383,6.885157505325346,7.057286739349365,96100,0.18,0
2020-12-24,6.971222150348179,7.028598409924735,6.837344211336217,6.856469631195068,38400,0.0,0
2020-12-28,6.894720554351807,6.9425343325705615,6.818218873990586,6.894720554351807,104000,0.0,0
2020-12-29,6.894720278085074,7.0764119896557025,6.741716923493371,6.980784893035889,77700,0.0,0
2020-12-30,6.942534301141193,6.942534301141193,6.779968003116556,6.885157585144043,45200,0.0,0
2020-12-31,6.913845848585315,6.932971268327469,6.789530392268326,6.837344169616699,42100,0.0,0
2021-01-04,6.875594719902213,6.885157201378089,6.674777593063306,6.713028430938721,48400,0.0,0
2021-01-05,6.703466065496942,6.8373440003782635,6.6747777086008195,6.760842323303223,67400,0.0,0
2021-01-06,6.789530192454054,6.8373439683952775,6.713028515736863,6.751279354095459,48100,0.0,0
2021-01-07,6.779967991218315,6.818218831158634,6.588713335530738,6.665215015411377,90100,0.0,0
2021-01-08,6.732153881667517,6.751279300695541,6.636526786527402,6.722591400146484,59000,0.0,0
2021-01-11,6.6747780570116735,6.77040515834703,6.646089698618073,6.703466415405273,35400,0.0,0
2021-01-12,6.732154213299926,6.732154213299926,6.617401693478968,6.665215015411377,33000,0.0,0
2021-01-13,6.713028641147603,6.818218676591847,6.713028641147603,6.808655738830566,67300,0.0,0
2021-01-14,6.7990933579282995,6.827781259665824,6.588713283918558,6.636527061462402,94800,0.0,0
2021-01-15,6.684340393533856,6.713028751302481,6.426146997560145,6.646089553833008,68000,0.0,0
2021-01-19,6.646089288055592,6.73215390193376,6.387895902407045,6.5217742919921875,141500,0.0,0
2021-01-20,6.550462454580889,6.703466269370257,6.550462454580889,6.646089553833008,44700,0.0,0
2021-01-21,6.626964123559243,6.703466258826588,6.502649122720007,6.636527061462402,51000,0.0,0
2021-01-22,6.617401693478968,6.674777953389446,6.588713335530738,6.665215015411377,18800,0.0,0
2021-01-25,6.636527019583688,6.779967895324082,6.502649081686107,6.617401599884033,33000,0.0,0
2021-01-26,6.626963743977976,6.827780868582092,6.626963743977976,6.684340000152588,25100,0.0,0
2021-01-27,6.73215424479807,6.827781345096285,6.569587946298114,6.674777984619141,31600,0.0,0
2021-01-28,6.674777334253032,6.732153588841427,6.598275661468506,6.598275661468506,24800,0.0,0
2021-01-29,6.598276180184379,6.684340340839836,6.550462402942256,6.617401599884033,26800,0.0,0
2021-02-01,6.62696367294019,7.1624758474820895,6.607838254420335,7.0668487548828125,95000,0.0,0
2021-02-02,7.066849221247379,7.095537578913374,6.980785060221346,7.057286739349365,39100,0.0,0
2021-02-03,7.066848754882812,7.095537110655568,7.028597917843101,7.0668487548828125,28400,0.0,0
2021-02-04,6.980784545815811,7.0859741188725565,6.980784545815811,7.038160800933838,48800,0.0,0
2021-02-05,7.028597917843101,7.095537110655568,6.980784599536435,7.0668487548828125,26700,0.0,0
2021-02-08,7.095537012100904,7.277228713508865,7.0285978202182,7.229414939880371,63000,0.0,0
2021-02-09,7.25810378052391,7.592798850342914,7.2294154232315515,7.43979549407959,58800,0.0,0
2021-02-10,7.439795588162984,7.5067343293817075,7.210290094879712,7.487608909606934,50000,0.0,0
2021-02-11,7.420669969333404,7.602361224327022,7.363293255562198,7.401544094085693,41600,0.0,0
2021-02-12,7.544984836120628,7.5832356739829265,7.181601876428796,7.344167709350586,49500,0.0,0
2021-02-16,7.449357741464883,7.449357741464883,7.267666033625989,7.344167709350586,22200,0.0,0
2021-02-17,7.401543836187545,7.401543836187545,7.267665906020134,7.2867913246154785,22800,0.0,0
2021-02-18,7.315479680501468,7.344167580401511,7.229415068829445,7.2867913246154785,28200,0.0,0
2021-02-19,7.315480190589306,7.372856450376025,7.248540992845145,7.2963547706604,14300,0.0,0
2021-02-22,7.219852458746237,7.334604968271495,7.219852458746237,7.229414939880371,18400,0.0,0
2021-02-23,7.210290044342574,7.5067342767667835,7.172039205061125,7.458920955657959,15900,0.0,0
2021-02-24,7.5354227707502845,7.621486932699897,7.497171930775794,7.525859832763672,13300,0.0,0
2021-02-25,7.554547506187877,7.640611660338851,7.229414939880372,7.229414939880371,39600,0.0,0
2021-02-26,7.1816020617013505,7.525859611343267,7.1816020617013505,7.420670032501221,23100,0.0,0
2021-03-01,7.4206698957149415,7.5927986673630254,7.315479862825911,7.573673248291016,50100,0.0,0
2021-03-02,7.5736736629491626,7.994432905569909,7.5736736629491626,7.975307941436768,60000,0.0,0
2021-03-03,7.984870674578547,8.109185218183676,7.650175147103971,7.678863048553467,53000,0.0,0
2021-03-04,7.697988868085099,7.870117187499999,7.554547993924725,7.8701171875,58900,0.0,0
2021-03-05,7.98487056915733,8.290877279170376,7.889243016292286,8.271751403808594,62500,0.0,0
2021-03-08,8.271750784677808,8.271750784677808,8.099622479165037,8.204812049865723,18600,0.0,0
2021-03-09,8.223938329800239,8.376941680908203,8.06137204125505,8.376941680908203,31700,0.0,0
2021-03-10,8.405630173886944,8.55863353578241,8.223938909629071,8.424756050109863,64100,0.0,0
2021-03-11,8.472568574927065,8.549070252788606,8.243063541342444,8.491694450378418,41900,0.0,0
2021-03-12,8.501257409342001,8.510819435119629,8.252626499684895,8.510819435119629,55000,0.0,0
2021-03-15,8.520382098217063,8.596883773803711,8.463006297513033,8.596883773803711,48800,0.0,0
2021-03-16,8.5968841092866,8.749887466430664,8.376942011384994,8.749887466430664,65700,0.0,0
2021-03-17,8.778575849743815,8.902891299325177,8.424755375691582,8.558632850646973,128800,0.0,0
2021-03-18,8.51081873697453,8.635134181605448,8.118747441123405,8.204812049865723,91000,0.0,0
2021-03-19,8.271751108348194,8.51081906999955,8.223938245595441,8.338690757751465,73000,0.0,0
2021-03-22,8.367379188537598,8.5299454857298,8.29087750891444,8.367379188537598,139800,0.0,0
2021-03-23,8.06399956061001,8.445669789317515,8.01506733642117,8.2499418258667,118000,0.2,0
2021-03-24,8.30866048067572,8.445670533821293,8.220582656032468,8.31844711303711,43100,0.0,0
2021-03-25,8.27930151689618,8.543534057521303,8.122719132332458,8.31844711303711,53200,0.0,0
2021-03-26,8.367379037314862,8.445670226750181,8.31844681059164,8.416311264038086,30700,0.0,0
2021-03-29,8.416311218972215,8.778408201497832,8.416311218972215,8.729475975036621,103100,0.0,0
2021-03-30,8.758835385391373,8.886058807373047,8.494602842279157,8.886058807373047,67100,0.0,0
2021-03-31,8.876272161975479,9.013282216210863,8.592466354370117,8.592466354370117,109300,0.0,0
2021-04-01,8.709902836253992,8.85669951774646,8.612039315230286,8.690330505371094,43700,0.0,0
2021-04-05,8.905631188327009,8.934990149468787,8.797980108632915,8.866485595703125,51400,0.0,0
2021-04-06,8.915417671203613,9.023068760372722,8.876272075134292,8.915417671203613,34900,0.0,0
2021-04-07,8.934990103147456,9.052426880410287,8.807766694453253,8.87627124786377,26800,0.0,0
2021-04-08,8.87627124786377,8.944776734578829,8.78819343159051,8.87627124786377,26500,0.0,0
2021-04-09,8.886058405969882,9.052427416945683,8.87627177395846,9.01328182220459,41900,0.0,0
2021-04-12,8.974135820227007,9.032853743021795,8.837125778198242,8.837125778198242,20900,0.0,0
2021-04-13,8.895845439826555,8.98392326529884,8.709903156428478,8.886058807373047,70600,0.0,0
2021-04-14,9.052427643615886,9.052427643615886,8.895845260730729,8.944777488708496,44100,0.0,0
2021-04-15,8.944776780950894,9.003494703234448,8.8371257012568,8.866485595703125,26400,0.0,0
2021-04-16,8.866486422767588,8.993708910684097,8.749048700636815,8.905632019042969,14600,0.0,0
2021-04-19,8.856699364044761,8.856699364044761,8.72947594894767,8.739262580871582,38000,0.0,0
2021-04-20,8.79798071177671,9.003495320467255,8.612039367392223,8.670757293701172,36500,0.0,0
2021-04-21,8.60225290717772,8.73926296014479,8.592466274829079,8.621826171875,41400,0.0,0
2021-04-22,8.612039539526359,8.70990306309887,8.514175082649219,8.621826171875,33100,0.0,0
2021-04-23,8.7099027633667,8.7099027633667,8.582680280430981,8.7099027633667,38200,0.0,0
2021-04-26,8.749048279490905,8.749048279490905,8.631611496317726,8.739262580871582,24200,0.0,0
2021-04-27,8.680543999107796,8.690330631343413,8.582680476665491,8.651185035705566,25600,0.0,0
2021-04-28,8.621826125044786,8.67075741991295,8.563107264576512,8.631611824035645,24600,0.0,0
2021-04-29,8.719689621385488,8.749048584877412,8.582680502886754,8.641398429870605,33300,0.0,0
2021-04-30,8.719688854991842,8.719688854991842,8.563106485724465,8.582679748535156,21200,0.0,0
2021-05-03,8.631611218784558,9.23836837898915,8.631611218784558,9.130718231201172,60600,0.0,0
2021-05-04,9.062214101708806,9.062214101708806,8.866486126863988,8.993708610534668,18300,0.0,0
2021-05-05,8.964349872991631,8.964349872991631,8.768621893226348,8.925204277038574,16100,0.0,0
2021-05-06,9.023068381572154,9.140505164849966,8.895844966361711,9.032854080200195,19400,0.0,0
2021-05-07,9.013281330445361,9.189436963821642,8.983922369317497,9.1698637008667,31300,0.0,0
2021-05-10,9.120931697494616,9.160077291047205,9.062213773818016,9.101359367370605,21400,0.0,0
2021-05-11,8.807766949073894,9.130718329208905,8.709902498540135,9.101359367370605,51300,0.0,0
2021-05-12,9.111146249277644,9.150291843905176,8.964349569445957,9.02306842803955,40000,0.0,0
2021-05-13,8.905631695884665,9.091573038119316,8.905631695884665,9.003495216369629,39200,0.0,0
2021-05-14,9.0034947816244,9.169863785050559,8.75883459226882,8.837125778198242,233000,0.0,0
2021-05-17,8.87627211598714,9.199223518371582,8.758835327238673,9.199223518371582,49000,0.0,0
2021-05-18,9.199223491846233,9.267728985063782,9.081786703436387,9.209010124206543,37100,0.0,0
2021-05-19,9.160077192724337,9.199222785856744,9.052427044936357,9.130718231201172,27600,0.0,0
2021-05-20,9.160077672158826,9.287301089824107,9.091573113917754,9.277514457702637,14800,0.0,0
2021-05-21,9.277514405240302,9.297087669372559,9.189437516558954,9.297087669372559,23200,0.0,0
2021-05-24,9.297087151235782,9.502601746647914,9.16986374138022,9.463456153869629,33700,0.0,0
2021-05-25,9.44388339052875,9.492815617416875,9.257942048319395,9.30687427520752,34200,0.0,0
2021-05-26,9.365592200829589,9.414524427717714,9.120931999693564,9.30687427520752,38600,0.0,0
2021-05-27,9.277514684119463,9.346020177337012,9.150292196653936,9.209010124206543,23100,0.0,0
2021-05-28,9.199223491846233,9.346020177337012,9.150292196653936,9.209010124206543,29000,0.0,0
2021-06-01,9.199222943985001,9.522174326204812,9.199222943985001,9.385165214538574,103200,0.0,0
2021-06-02,9.414524233773706,9.708116655749704,9.394951903404417,9.668971061706543,102400,0.0,0
2021-06-03,9.590680049642584,9.639612276420756,9.551534454880965,9.610252380371094,29500,0.0,0
2021-06-04,9.620039012387648,9.668971239165822,9.502602228102791,9.610252380371094,63200,0.0,0
2021-06-07,9.590680148658121,9.600466780775713,9.502602326209,9.580893516540527,52800,0.0,0
2021-06-08,9.551534377053855,9.65918452844501,9.52217448124342,9.639612197875977,38800,0.0,0
2021-06-09,9.639612125449606,9.688543418156842,9.610252229859764,9.659184455871582,22900,0.0,0
2021-06-10,9.649397896508198,9.688543490950854,9.59067997149651,9.639612197875977,33500,0.0,0
2021-06-11,9.678757792318633,9.708116754824477,9.610252302065543,9.639612197875977,28400,0.0,0
2021-06-14,9.629825522841795,9.952776908874512,9.629825522841795,9.952776908874512,75500,0.0,0
2021-06-15,9.85491285761222,9.962563946207187,9.786408298182423,9.825553894042969,68800,0.0,0
2021-06-16,9.87448581839755,9.952777007709942,9.825553591751156,9.923418045043945,41000,0.0,0
2021-06-17,9.913631744775456,9.923418377093125,9.786408324559625,9.815767288208008,72200,0.0,0
2021-06-18,9.796194805155048,9.874485995874592,9.766834908656762,9.864699363708496,53800,0.0,0
2021-06-21,9.884271960133077,10.079999923706053,9.864698697123504,10.079999923706055,166800,0.0,0
2021-06-22,9.859999656677246,10.079999923706055,9.8100004196167,9.949999809265137,71800,0.22,0
2021-06-23,9.989999771118164,10.0,9.84000015258789,9.850000381469727,58900,0.0,0
2021-06-24,9.979999542236328,10.0,9.890000343322754,9.90999984741211,18300,0.0,0
2021-06-25,9.899999618530273,9.899999618530273,9.770000457763672,9.779999732971191,30900,0.0,0
2021-06-28,9.899999618530273,9.960000038146973,9.779999732971191,9.859999656677246,30100,0.0,0
2021-06-29,9.859999656677246,9.890000343322754,9.720000267028809,9.779999732971191,33300,0.0,0
2021-06-30,9.8100004196167,9.960000038146973,9.8100004196167,9.960000038146973,34500,0.0,0
2021-07-01,9.960000038146973,9.960000038146973,9.8100004196167,9.890000343322754,24100,0.0,0
2021-07-02,9.890000343322754,9.890000343322754,9.770000457763672,9.819999694824219,14200,0.0,0
2021-07-06,9.829999923706055,9.890000343322754,9.630000114440918,9.6899995803833,23100,0.0,0
2021-07-07,9.720000267028809,9.8100004196167,9.6899995803833,9.720000267028809,10800,0.0,0
2021-07-08,9.649999618530273,9.710000038146973,9.579999923706055,9.579999923706055,33200,0.0,0
2021-07-09,9.699999809265137,9.800000190734863,9.649999618530273,9.739999771118164,17200,0.0,0
2021-07-12,9.6899995803833,9.84000015258789,9.649999618530273,9.680000305175781,48600,0.0,0
2021-07-13,9.680000305175781,9.829999923706055,9.600000381469727,9.600000381469727,35600,0.0,0
2021-07-14,9.630000114440918,9.630000114440918,9.25,9.420000076293945,52500,0.0,0
2021-07-15,9.449999809265137,9.489999771118164,9.199999809265137,9.199999809265137,51300,0.0,0
2021-07-16,9.260000228881836,9.619999885559082,8.9399995803833,9.239999771118164,53100,0.0,0
2021-07-19,9.100000381469727,9.100000381469727,8.770000457763672,8.800000190734863,70900,0.0,0
2021-07-20,8.850000381469727,9.180000305175781,8.84000015258789,9.149999618530273,48100,0.0,0
2021-07-21,9.199999809265137,9.4399995803833,9.1899995803833,9.199999809265137,20300,0.0,0
2021-07-22,9.279999732971191,9.380000114440918,9.229999542236328,9.3100004196167,18000,0.0,0
2021-07-23,9.350000381469727,9.4399995803833,9.25,9.40999984741211,13700,0.0,0
2021-07-26,9.380000114440918,9.4399995803833,9.25,9.3100004196167,9500,0.0,0
2021-07-27,9.270000457763672,9.369999885559082,9.270000457763672,9.359999656677246,2700,0.0,0
2021-07-28,9.4399995803833,9.4399995803833,9.350000381469727,9.399999618530273,7600,0.0,0
2021-07-29,9.390000343322754,9.460000038146973,9.359999656677246,9.420000076293945,12400,0.0,0
2021-07-30,9.420000076293945,9.479999542236328,9.279999732971191,9.279999732971191,25400,0.0,0
2021-08-03,9.369999885559082,9.4399995803833,9.319999694824219,9.399999618530273,13700,0.0,0
2021-08-04,9.369999885559082,9.489999771118164,9.25,9.319999694824219,1900000,0.0,0
2021-08-05,9.289999961853027,9.420000076293945,9.270000457763672,9.390000343322754,2620000,0.0,0
2021-08-06,9.59000015258789,10.010000228881836,9.510000228881836,9.899999618530273,19570000,0.0,0
2021-08-09,10.039999961853027,10.149999618530273,9.920000076293945,9.970000267028809,11110000,0.0,0
2021-08-10,10.010000228881836,10.489999771118164,9.970000267028809,10.470000267028809,9720000,0.0,0
2021-08-11,10.470000267028809,10.470000267028809,10.220000267028809,10.260000228881836,4990000,0.0,0
2021-08-12,10.300000190734863,10.550000190734863,10.260000228881836,10.550000190734863,8580000,0.0,0
2021-08-13,10.470000267028809,10.600000381469727,10.390000343322754,10.420000076293945,3440000,0.0,0
2021-08-16,10.390000343322754,10.4399995803833,10.300000190734863,10.4399995803833,2810000,0.0,0
2021-08-17,10.359999656677246,10.4399995803833,10.300000190734863,10.380000114440918,3630000,0.0,0
2021-08-18,10.380000114440918,10.399999618530273,10.239999771118164,10.239999771118164,4850000,0.0,0
2021-08-19,10.220000267028809,10.220000267028809,9.859999656677246,10.029999732971191,5040000,0.0,0
2021-08-20,9.979999542236328,10.100000381469727,9.920000076293945,10.020000457763672,4890000,0.0,0
2021-08-23,10.069999694824219,10.149999618530273,10.020000457763672,10.119999885559082,3740000,0.0,0
2021-08-24,10.149999618530273,10.369999885559082,10.130000114440918,10.3100004196167,4420000,0.0,0
2021-08-25,10.359999656677246,10.489999771118164,10.3100004196167,10.399999618530273,4290000,0.0,0
2021-08-26,10.449999809265137,10.449999809265137,10.329999923706055,10.420000076293945,2400000,0.0,0
2021-08-27,10.449999809265137,10.510000228881836,10.359999656677246,10.5,4550000,0.0,0
2021-08-30,10.5,10.59000015258789,10.420000076293945,10.460000038146973,6900000,0.0,0
2021-08-31,10.539999961853027,10.600000381469727,10.399999618530273,10.5,9910000,0.0,0
2021-09-01,10.5,10.59000015258789,10.420000076293945,10.4399995803833,6620000,0.0,0
2021-09-02,10.430000305175781,10.5,10.329999923706055,10.4399995803833,1820000,0.0,0
2021-09-03,10.430000305175781,10.5,10.430000305175781,10.470000267028809,1840000,0.0,0
2021-09-17,10.5,10.569899559020996,10.467000007629395,10.479999542236328,52895,0.0,0
