Date,Open,High,Low,Close,Volume,Dividends,Stock Splits
1980-03-17,0.0,0.2478225432740349,0.20651878606169574,0.21340273320674896,121200,0.0,0.0
1980-03-18,0.0,0.22717065941167708,0.2134027399085247,0.22028671205043793,40800,0.0,0.0
1980-03-19,0.0,0.22028678258260093,0.1996348967154821,0.20651885867118835,160200,0.0,0.0
1980-03-20,0.0,0.22028671205043793,0.2134027399085247,0.22028671205043793,24300,0.0,0.0
1980-03-21,0.0,0.22028671205043793,0.20651879254728556,0.22028671205043793,19800,0.0,0.0
1980-03-24,0.0,0.22028679507119314,0.192750945687294,0.192750945687294,62700,0.0,0.0
1980-03-25,0.0,0.21340280823655364,0.1927509347597758,0.20651885867118835,44400,0.0,0.0
1980-03-26,0.0,0.23405469954013824,0.22028677603777716,0.23405469954013824,30000,0.0,0.0
1980-03-27,0.0,0.22028663240630053,0.19963476061820987,0.19963476061820984,35100,0.0,0.0
1980-03-28,0.0,0.20651885867118835,0.1996348967154821,0.20651885867118835,48600,0.0,0.0
1980-03-31,0.0,0.22717057727866485,0.19275080335551295,0.19963476061820984,80400,0.0,0.0
1980-04-01,0.0,0.21340273320674893,0.20651878606169574,0.21340273320674896,47400,0.0,0.0
1980-04-02,0.0,0.22028670513247547,0.20651878606169574,0.21340273320674896,16800,0.0,0.0
1980-04-03,0.0,0.21340280823655364,0.1996348967154821,0.20651885867118835,33300,0.0,0.0
1980-04-07,0.0,0.21340280823655364,0.1996348967154821,0.20651885867118835,40800,0.0,0.0
1980-04-08,0.0,0.20651885867118835,0.20651885867118835,0.20651885867118835,7800,0.0,0.0
1980-04-09,0.0,0.21340280823655364,0.20651885867118835,0.20651885867118835,24300,0.0,0.0
1980-04-10,0.0,0.20651885867118835,0.1996348967154821,0.20651885867118835,20100,0.0,0.0
1980-04-11,0.0,0.20651885867118835,0.1996348967154821,0.20651885867118835,11700,0.0,0.0
1980-04-14,0.0,0.20651887037924357,0.192750945687294,0.192750945687294,40500,0.0,0.0
1980-04-15,0.0,0.20651885867118835,0.1996348967154821,0.20651885867118835,11100,0.0,0.0
1980-04-16,0.0,0.21340282033487665,0.192750945687294,0.192750945687294,21900,0.0,0.0
1980-04-17,0.0,0.20651885867118835,0.1996348967154821,0.20651885867118835,30600,0.0,0.0
1980-04-18,0.0,0.21340280823655364,0.20651885867118835,0.20651885867118835,38100,0.0,0.0
1980-04-21,0.0,0.22028671205043793,0.20651879254728556,0.22028671205043793,30600,0.0,0.0
1980-04-22,0.0,0.22028670513247547,0.21340273320674893,0.21340273320674896,33000,0.0,0.0
1980-04-23,0.0,0.22028679507119314,0.192750945687294,0.192750945687294,74400,0.0,0.0
1980-04-24,0.0,0.1996349080332688,0.192750945687294,0.192750945687294,60300,0.0,0.0
1980-04-25,0.0,0.192750945687294,0.1858669833413192,0.192750945687294,8700,0.0,0.0
1980-04-28,0.0,0.1996349080332688,0.192750945687294,0.192750945687294,17100,0.0,0.0
1980-04-29,0.0,0.192750945687294,0.192750945687294,0.192750945687294,27300,0.0,0.0
1980-04-30,0.0,0.192750945687294,0.17898302099534444,0.192750945687294,60600,0.0,0.0
1980-05-01,0.0,0.20651885867118835,0.1927509347597758,0.20651885867118835,48600,0.0,0.0
1980-05-02,0.0,0.22028671205043793,0.20651879254728556,0.22028671205043793,17100,0.0,0.0
1980-05-05,0.0,0.22028671205043793,0.2134027399085247,0.22028671205043793,8100,0.0,0.0
1980-05-06,0.0,0.22717072069644925,0.22028677147809905,0.22717072069644928,71400,0.0,0.0
1980-05-07,0.0,0.23405469469548024,0.22717072069644925,0.22717072069644928,15900,0.0,0.0
1980-05-08,0.0,0.22028671205043793,0.22028671205043793,0.22028671205043793,11100,0.0,0.0
1980-05-09,0.0,0.25470659136772156,0.24093866684025866,0.25470659136772156,80400,0.0,0.0
1980-05-12,0.0,0.27535849054925743,0.25470659136772156,0.25470659136772156,33600,0.0,0.0
1980-05-13,0.0,0.2684742755023123,0.2547063633026896,0.2615903317928314,90600,0.0,0.0
1980-05-14,0.0,0.2684745158951844,0.25470659136772156,0.25470659136772156,30000,0.0,0.0
1980-05-15,0.0,0.25470659136772156,0.25470659136772156,0.25470659136772156,8700,0.0,0.0
1980-05-16,0.0,0.25470659136772156,0.25470659136772156,0.25470659136772156,25200,0.0,0.0
1980-05-19,0.0,0.2615903317928314,0.2547063633026896,0.2615903317928314,41700,0.0,0.0
1980-05-20,0.0,0.2684742755023123,0.2615903317928314,0.2615903317928314,21900,0.0,0.0
1980-05-21,0.0,0.26159056602179453,0.25470659136772156,0.25470659136772156,51600,0.0,0.0
1980-05-22,0.0,0.2684744596481323,0.2547065380051338,0.2684744596481323,16800,0.0,0.0
1980-05-23,0.0,0.2684742755023123,0.2547063633026896,0.2615903317928314,33000,0.0,0.0
1980-05-27,0.0,0.26159056602179453,0.25470659136772156,0.25470659136772156,7800,0.0,0.0
1980-05-28,0.0,0.25470659136772156,0.25470659136772156,0.25470659136772156,3600,0.0,0.0
1980-05-29,0.0,0.26159056602179453,0.25470659136772156,0.25470659136772156,17100,0.0,0.0
1980-05-30,0.0,0.2615903317928314,0.2615903317928314,0.2615903317928314,18300,0.0,0.0
1980-06-02,0.0,0.25470659136772156,0.25470659136772156,0.25470659136772156,7500,0.0,0.0
1980-06-03,0.25470659136772156,0.25470659136772156,0.25470659136772156,0.25470659136772156,0,0.0,0.0
1980-06-04,0.0,0.2478224833806356,0.18586686253547668,0.18586686253547668,189600,0.0,0.0
1980-06-05,0.0,0.1996349080332688,0.1858669833413192,0.192750945687294,176100,0.0,0.0
1980-06-06,0.0,0.20651887037924357,0.192750945687294,0.192750945687294,45000,0.0,0.0
1980-06-09,0.0,0.20651887037924357,0.192750945687294,0.192750945687294,30000,0.0,0.0
1980-06-10,0.0,0.1996349080332688,0.192750945687294,0.192750945687294,25200,0.0,0.0
1980-06-11,0.0,0.20651887037924357,0.192750945687294,0.192750945687294,24300,0.0,0.0
1980-06-12,0.0,0.20651887037924357,0.192750945687294,0.192750945687294,6000,0.0,0.0
1980-06-13,0.0,0.20651887037924357,0.192750945687294,0.192750945687294,8100,0.0,0.0
1980-06-16,0.0,0.1996349080332688,0.192750945687294,0.192750945687294,51600,0.0,0.0
1980-06-17,0.0,0.19963476061820987,0.19275080335551295,0.19963476061820984,7800,0.0,0.0
1980-06-18,0.0,0.20651871788090675,0.19275080335551295,0.19963476061820984,33600,0.0,0.0
1980-06-19,0.0,0.1996349080332688,0.192750945687294,0.192750945687294,10800,0.0,0.0
1980-06-20,0.0,0.19963476061820987,0.19275080335551295,0.19963476061820984,16800,0.0,0.0
1980-06-23,0.0,0.192750945687294,0.192750945687294,0.192750945687294,5100,0.0,0.0
1980-06-24,0.0,0.19963476061820987,0.19275080335551295,0.19963476061820984,11700,0.0,0.0
1980-06-25,0.19963476061820987,0.19963476061820987,0.19963476061820987,0.19963476061820984,0,0.0,0.0
1980-06-26,0.0,0.20651871788090675,0.19275080335551295,0.19963476061820984,17100,0.0,0.0
1980-06-27,0.0,0.1996349080332688,0.192750945687294,0.192750945687294,8100,0.0,0.0
1980-06-30,0.0,0.19963477827884532,0.18586686253547668,0.18586686253547668,22500,0.0,0.0
1980-07-01,0.0,0.18586686253547668,0.18586686253547668,0.18586686253547668,2400,0.0,0.0
1980-07-02,0.0,0.18586686253547668,0.18586686253547668,0.18586686253547668,27000,0.0,0.0
1980-07-03,0.0,0.19275091015375578,0.17898298799991608,0.17898298799991608,8700,0.0,0.0
1980-07-07,0.0,0.18586694907683593,0.17898298799991608,0.17898298799991608,24300,0.0,0.0
1980-07-08,0.0,0.18586686253547668,0.17898290466379235,0.18586686253547668,66900,0.0,0.0
1980-07-09,0.0,0.18586694907683593,0.17898298799991608,0.17898298799991608,15900,0.0,0.0
1980-07-10,0.0,0.18586686253547668,0.17898290466379235,0.18586686253547668,16500,0.0,0.0
1980-07-11,0.0,0.20651887037924357,0.1858669833413192,0.192750945687294,24300,0.0,0.0
1980-07-14,0.0,0.19963476061820987,0.18586684609281606,0.19963476061820984,37800,0.0,0.0
1980-07-15,0.0,0.21340273320674893,0.1996348265263059,0.21340273320674896,70800,0.0,0.0
1980-07-16,0.0,0.23405469954013824,0.213402801896256,0.23405469954013824,30900,0.0,0.0
1980-07-17,0.0,0.2615903317928314,0.2409384511030669,0.2615903317928314,66000,0.0,0.0
1980-07-18,0.0,0.2615903317928314,0.2547063633026896,0.2615903317928314,11100,0.0,0.0
1980-07-21,0.0,0.25470650905498565,0.23405464132813483,0.24093858897686005,27600,0.0,0.0
1980-07-22,0.0,0.24093864890097813,0.2065188525354161,0.23405469954013824,52200,0.0,0.0
1980-07-23,0.0,0.22717072069644925,0.22717072069644925,0.22717072069644928,2400,0.0,0.0
1980-07-24,0.0,0.22717073214796618,0.20651885867118835,0.20651885867118835,25200,0.0,0.0
1980-07-25,0.0,0.22028670513247547,0.20651878606169574,0.21340273320674896,11400,0.0,0.0
1980-07-28,0.0,0.22028678258260093,0.20651885867118835,0.20651885867118835,20100,0.0,0.0
1980-07-29,0.0,0.22028671205043793,0.20651879254728556,0.22028671205043793,12600,0.0,0.0
1980-07-30,0.0,0.22028671205043793,0.2134027399085247,0.22028671205043793,11100,0.0,0.0
1980-07-31,0.0,0.22028670513247547,0.21340273320674893,0.21340273320674896,11700,0.0,0.0
1980-08-01,0.0,0.22717065941167708,0.20651879254728556,0.22028671205043793,27000,0.0,0.0
1980-08-04,0.0,0.22717072069644925,0.22717072069644925,0.22717072069644928,3600,0.0,0.0
1980-08-05,0.0,0.22717065941167708,0.22028671205043793,0.22028671205043793,23700,0.0,0.0
1980-08-06,0.0,0.23405469954013824,0.22028677603777716,0.23405469954013824,41700,0.0,0.0
1980-08-07,0.0,0.24093864391383046,0.22717072069644925,0.22717072069644928,27600,0.0,0.0
1980-08-08,0.0,0.24093864391383046,0.22717072069644925,0.22717072069644928,29700,0.0,0.0
1980-08-11,0.0,0.23405469469548024,0.22717072069644925,0.22717072069644928,51600,0.0,0.0
1980-08-12,0.0,0.24093857891482945,0.22028671205043793,0.22028671205043793,98100,0.0,0.0
1980-08-13,0.0,0.23405469469548024,0.22028677147809905,0.22717072069644928,36600,0.0,0.0
1980-08-14,0.0,0.24782262304249933,0.23405469954013824,0.23405469954013824,93300,0.0,0.0
1980-08-15,0.0,0.24093864391383046,0.22717072069644925,0.22717072069644928,38100,0.0,0.0
1980-08-18,0.0,0.22717072069644925,0.22028677147809905,0.22717072069644928,39900,0.0,0.0
1980-08-19,0.0,0.29601025581359863,0.22028671122153348,0.29601025581359863,167100,0.0,0.0
1980-08-20,0.0,0.296010223555048,0.2615904410680135,0.28912627696990967,301500,0.0,0.0
1980-08-21,0.0,0.2822422683238983,0.27535832264803156,0.2822422683238983,62700,0.0,0.0
1980-08-22,0.0,0.28912645429372785,0.2684745523109755,0.27535852789878845,52800,0.0,0.0
1980-08-25,0.0,0.28912627696990967,0.28224230560409996,0.28912627696990967,90900,0.0,0.0
1980-08-26,0.0,0.28912645429372785,0.27535852789878845,0.27535852789878845,22200,0.0,0.0
1980-08-27,0.0,0.2822422683238983,0.27535832264803156,0.2822422683238983,22500,0.0,0.0
1980-08-28,0.0,0.2822424787059149,0.27535852789878845,0.27535852789878845,32400,0.0,0.0
1980-08-29,0.0,0.2822424787059149,0.2684745523109755,0.27535852789878845,52800,0.0,0.0
1980-09-02,0.0,0.29601025581359863,0.27535838902691684,0.29601025581359863,35100,0.0,0.0
1980-09-03,0.0,0.3028942279296085,0.2891263084782627,0.29601025581359863,44400,0.0,0.0
1980-09-04,0.0,0.3028944134712219,0.29601043713834957,0.3028944134712219,50700,0.0,0.0
1980-09-05,0.0,0.30977827310562134,0.2960103493058008,0.30977827310562134,39900,0.0,0.0
1980-09-08,0.0,0.3097783650234051,0.29601043713834957,0.3028944134712219,65400,0.0,0.0
1980-09-09,0.0,0.30977827310562134,0.2960103493058008,0.30977827310562134,74700,0.0,0.0
1980-09-10,0.0,0.35796597003936764,0.3235461528375508,0.3441980481147766,302700,0.0,0.0
1980-09-11,0.0,0.3648499246864126,0.34419805384599245,0.35796597599983215,41700,0.0,0.0
1980-09-12,0.0,0.35796597051798207,0.34419804857498276,0.3510819971561432,80400,0.0,0.0
1980-09-15,0.0,0.3441980481147766,0.3304301261901855,0.3441980481147766,36600,0.0,0.0
1980-09-16,0.0,0.37173389815367186,0.3510820025325729,0.35796597599983215,112500,0.0,0.0
1980-09-17,0.0,0.3648498804368553,0.3373140394687652,0.33731403946876526,25200,0.0,0.0
1980-09-18,0.0,0.3510819971561432,0.33043012663198346,0.3510819971561432,68700,0.0,0.0
1980-09-19,0.0,0.3510819971561432,0.3373140752131438,0.3510819971561432,14700,0.0,0.0
1980-09-22,0.0,0.3510819966867329,0.3373140747621418,0.3441980481147766,40800,0.0,0.0
1980-09-23,0.0,0.3373139165614863,0.33042997121810913,0.33042997121810913,34800,0.0,0.0
1980-09-24,0.0,0.330430269241333,0.3028944134712219,0.3028944134712219,70800,0.0,0.0
1980-09-25,0.0,0.3097783650234051,0.29601043713834957,0.3028944134712219,27300,0.0,0.0
1980-09-26,0.0,0.30977827310562134,0.302894323596052,0.30977827310562134,14700,0.0,0.0
1980-09-29,0.0,0.3097783650234051,0.3028944134712219,0.3028944134712219,10800,0.0,0.0
1980-09-30,0.0,0.29601025581359863,0.28224233636225277,0.29601025581359863,7800,0.0,0.0
1980-10-01,0.0,0.29601025581359863,0.28224233636225277,0.29601025581359863,12600,0.0,0.0
1980-10-02,0.0,0.3028944134712219,0.2891264855861664,0.3028944134712219,11400,0.0,0.0
1980-10-03,0.0,0.2960101844562999,0.2822422683238983,0.2822422683238983,27000,0.0,0.0
1980-10-06,0.0,0.3028944134712219,0.2891264855861664,0.3028944134712219,27000,0.0,0.0
1980-10-07,0.0,0.3028944134712219,0.282242509253294,0.3028944134712219,49500,0.0,0.0
1980-10-08,0.0,0.3028942279296085,0.29601025581359863,0.29601025581359863,22200,0.0,0.0
1980-10-09,0.0,0.3028942279296085,0.2891263084782627,0.29601025581359863,22500,0.0,0.0
1980-10-10,0.0,0.3028944134712219,0.3028944134712219,0.3028944134712219,5400,0.0,0.0
1980-10-13,0.0,0.3028942279296085,0.29601025581359863,0.29601025581359863,23700,0.0,0.0
1980-10-14,0.0,0.30289419492085773,0.28912627696990967,0.28912627696990967,11100,0.0,0.0
1980-10-15,0.0,0.296010223555048,0.28912627696990967,0.28912627696990967,5100,0.0,0.0
1980-10-16,0.0,0.2960101844562999,0.2822422683238983,0.2822422683238983,100500,0.0,0.0
1980-10-17,0.0,0.29601025581359863,0.2891263084782627,0.29601025581359863,16800,0.0,0.0
1980-10-20,0.0,0.2960101844562999,0.2822422683238983,0.2822422683238983,13500,0.0,0.0
1980-10-21,0.0,0.2822422683238983,0.2822422683238983,0.2822422683238983,7800,0.0,0.0
1980-10-22,0.0,0.2822422683238983,0.27535832264803156,0.2822422683238983,60300,0.0,0.0
1980-10-23,0.0,0.2822424787059149,0.27535852789878845,0.27535852789878845,41700,0.0,0.0
1980-10-24,0.0,0.29601025581359863,0.28224233636225277,0.29601025581359863,14700,0.0,0.0
1980-10-27,0.0,0.28912645429372785,0.27535852789878845,0.27535852789878845,20100,0.0,0.0
1980-10-28,0.0,0.28912645429372785,0.27535852789878845,0.27535852789878845,27600,0.0,0.0
1980-10-29,0.0,0.2753584328599706,0.2684744596481323,0.2684744596481323,11400,0.0,0.0
1980-10-30,0.0,0.2753584328599706,0.2684744596481323,0.2684744596481323,18300,0.0,0.0
1980-10-31,0.0,0.2753584328599706,0.2684744596481323,0.2684744596481323,16800,0.0,0.0
1980-11-03,0.0,0.27535852789878845,0.261590601503849,0.27535852789878845,11100,0.0,0.0
1980-11-05,0.0,0.296010223555048,0.28224230560409996,0.28912627696990967,57900,0.0,0.0
1980-11-06,0.0,0.28912645429372785,0.27535852789878845,0.27535852789878845,27000,0.0,0.0
1980-11-07,0.0,0.28912623878043314,0.27535832264803156,0.2822422683238983,21900,0.0,0.0
1980-11-10,0.0,0.27535852789878845,0.2684745523109755,0.27535852789878845,13500,0.0,0.0
1980-11-11,0.0,0.27535852789878845,0.2684745523109755,0.27535852789878845,25500,0.0,0.0
1980-11-12,0.0,0.2684742755023123,0.2547063633026896,0.2615903317928314,23700,0.0,0.0
1980-11-13,0.0,0.2615903317928314,0.2547063633026896,0.2615903317928314,30900,0.0,0.0
1980-11-14,0.0,0.2684742755023123,0.2547063633026896,0.2615903317928314,49800,0.0,0.0
1980-11-17,0.0,0.27535852789878845,0.25470662591603604,0.27535852789878845,52200,0.0,0.0
1980-11-18,0.0,0.27535849054925743,0.25470659136772156,0.25470659136772156,22200,0.0,0.0
1980-11-19,0.0,0.2615906140870518,0.24782268702983853,0.24782268702983856,27600,0.0,0.0
1980-11-20,0.0,0.27535852789878845,0.25470662591603604,0.27535852789878845,30900,0.0,0.0
1980-11-21,0.0,0.2753582439924541,0.2615903317928314,0.2615903317928314,19800,0.0,0.0
1980-11-24,0.0,0.2684745158951844,0.25470659136772156,0.25470659136772156,10800,0.0,0.0
1980-11-25,0.0,0.2684744596481323,0.2547065380051338,0.2684744596481323,17100,0.0,0.0
1980-11-26,0.0,0.2684742755023123,0.2547063633026896,0.2615903317928314,54600,0.0,0.0
1980-11-28,0.0,0.2684742755023123,0.2615903317928314,0.2615903317928314,35100,0.0,0.0
1980-12-01,0.0,0.2684742755023123,0.2615903317928314,0.2615903317928314,38400,0.0,0.0
1980-12-02,0.0,0.26159056602179453,0.25470659136772156,0.25470659136772156,25500,0.0,0.0
1980-12-03,0.0,0.24782268702983853,0.24782268702983853,0.24782268702983856,27300,0.0,0.0
1980-12-04,0.0,0.24782262304249933,0.23405469954013824,0.23405469954013824,47400,0.0,0.0
1980-12-05,0.0,0.22717072069644925,0.22028677147809905,0.22717072069644928,46200,0.0,0.0
1980-12-08,0.0,0.22028670513247547,0.21340273320674893,0.21340273320674896,15900,0.0,0.0
1980-12-09,0.0,0.21340280823655364,0.1996348967154821,0.20651885867118835,37800,0.0,0.0
1980-12-10,0.0,0.21340266275327108,0.19963476061820987,0.19963476061820984,40800,0.0,0.0
1980-12-11,0.0,0.20651871788090675,0.19275080335551295,0.19963476061820984,50700,0.0,0.0
1980-12-12,0.0,0.19963476061820987,0.19963476061820987,0.19963476061820984,39900,0.0,0.0
1980-12-15,0.0,0.21340280823655364,0.1996348967154821,0.20651885867118835,13500,0.0,0.0
1980-12-16,0.0,0.20651885867118835,0.1996348967154821,0.20651885867118835,18300,0.0,0.0
1980-12-17,0.0,0.1996349080332688,0.192750945687294,0.192750945687294,33000,0.0,0.0
1980-12-18,0.0,0.20651885867118835,0.1927509347597758,0.20651885867118835,87600,0.0,0.0
1980-12-19,0.0,0.19963476061820987,0.18586684609281606,0.19963476061820984,74700,0.0,0.0
1980-12-22,0.0,0.19963476061820987,0.18586684609281606,0.19963476061820984,83400,0.0,0.0
1980-12-23,0.0,0.192750945687294,0.1858669833413192,0.192750945687294,60000,0.0,0.0
1980-12-24,0.0,0.1996349080332688,0.1858669833413192,0.192750945687294,41400,0.0,0.0
1980-12-26,0.0,0.20651885867118835,0.1927509347597758,0.20651885867118835,41400,0.0,0.0
1980-12-29,0.0,0.22028678258260093,0.20651885867118835,0.20651885867118835,67800,0.0,0.0
1980-12-30,0.0,0.22717065227752867,0.1996348265263059,0.21340273320674896,114600,0.0,0.0
1980-12-31,0.0,0.22028671205043793,0.19963483279570937,0.22028671205043793,112500,0.0,0.0
1981-01-02,0.0,0.22717065941167708,0.22028671205043793,0.22028671205043793,6000,0.0,0.0
1981-01-05,0.0,0.24782262304249933,0.23405469954013824,0.23405469954013824,19800,0.0,0.0
1981-01-06,0.0,0.24093864391383046,0.22028677147809905,0.22717072069644928,60600,0.0,0.0
1981-01-07,0.0,0.22028671205043793,0.1927508730441332,0.22028671205043793,85200,0.0,0.0
1981-01-08,0.0,0.24093858897686005,0.22028672125000925,0.24093858897686005,11700,0.0,0.0
1981-01-09,0.0,0.24782268702983853,0.24093871111088808,0.24782268702983856,19800,0.0,0.0
1981-01-12,0.0,0.24782268702983853,0.24782268702983853,0.24782268702983856,11700,0.0,0.0
1981-01-13,0.0,0.24782268702983853,0.2340547599726253,0.24782268702983856,13500,0.0,0.0
1981-01-14,0.0,0.24782268702983853,0.2340547599726253,0.24782268702983856,27300,0.0,0.0
1981-01-15,0.0,0.24093864890097813,0.22717072539861705,0.23405469954013824,10800,0.0,0.0
1981-01-16,0.0,0.24782268702983853,0.24782268702983853,0.24782268702983856,7500,0.0,0.0
1981-01-19,0.0,0.25470663816810135,0.24093871111088808,0.24782268702983856,23700,0.0,0.0
1981-01-20,0.0,0.2478225614062604,0.24093858897686005,0.24093858897686005,25500,0.0,0.0
1981-01-21,0.0,0.24782268702983853,0.24782268702983853,0.24782268702983856,3600,0.0,0.0
1981-01-22,0.0,0.24093858897686005,0.24093858897686005,0.24093858897686005,900,0.0,0.0
1981-01-23,0.0,0.24093858897686005,0.24093858897686005,0.24093858897686005,8100,0.0,0.0
1981-01-26,0.0,0.24093864890097813,0.23405469954013824,0.23405469954013824,19800,0.0,0.0
1981-01-27,0.0,0.24782268702983853,0.24782268702983853,0.24782268702983856,600,0.0,0.0
1981-01-28,0.0,0.24782262304249933,0.22717072539861705,0.23405469954013824,10800,0.0,0.0
1981-01-29,0.0,0.2615903317928314,0.23405450739358602,0.2615903317928314,22200,0.0,0.0
1981-01-30,0.0,0.2615906140870518,0.24782268702983853,0.24782268702983856,5100,0.0,0.0
1981-02-02,0.0,0.25470650905498565,0.24093858897686005,0.24093858897686005,2100,0.0,0.0
1981-02-03,0.0,0.24093858897686005,0.22717066889873447,0.24093858897686005,12600,0.0,0.0
1981-02-04,0.0,0.24093858897686005,0.23405464132813483,0.24093858897686005,8100,0.0,0.0
1981-02-05,0.0,0.24093864890097813,0.22717072539861705,0.23405469954013824,7500,0.0,0.0
1981-02-06,0.0,0.23405469954013824,0.22717072539861705,0.23405469954013824,11100,0.0,0.0
1981-02-09,0.0,0.22717065941167708,0.22028671205043793,0.22028671205043793,8700,0.0,0.0
1981-02-10,0.0,0.22717072069644925,0.22717072069644925,0.22717072069644928,300,0.0,0.0
1981-02-11,0.0,0.23405469954013824,0.22028677603777716,0.23405469954013824,10800,0.0,0.0
1981-02-12,0.0,0.22717072069644925,0.22028677147809905,0.22717072069644928,18300,0.0,0.0
1981-02-13,0.0,0.24093858897686005,0.22028672125000925,0.24093858897686005,18300,0.0,0.0
1981-02-17,0.0,0.2340546315535903,0.22028671205043793,0.22028671205043793,6000,0.0,0.0
1981-02-18,0.0,0.22028671205043793,0.22028671205043793,0.22028671205043793,11400,0.0,0.0
1981-02-19,0.0,0.22717065941167708,0.22028671205043793,0.22028671205043793,1800,0.0,0.0
1981-02-20,0.0,0.21340273320674893,0.21340273320674893,0.21340273320674896,3600,0.0,0.0
1981-02-23,0.0,0.21340280823655364,0.20651885867118835,0.20651885867118835,5400,0.0,0.0
1981-02-24,0.20651885867118835,0.20651885867118835,0.20651885867118835,0.20651885867118835,0,0.0,0.0
1981-02-25,0.0,0.20651885867118835,0.20651885867118835,0.20651885867118835,3600,0.0,0.0
1981-02-26,0.0,0.22028671205043793,0.20651879254728556,0.22028671205043793,1800,0.0,0.0
1981-02-27,0.0,0.22028671205043793,0.22028671205043793,0.22028671205043793,3600,0.0,0.0
1981-03-02,0.0,0.23405470649401347,0.20651885867118835,0.20651885867118835,16500,0.0,0.0
1981-03-03,0.0,0.21340280823655364,0.20651885867118835,0.20651885867118835,27000,0.0,0.0
1981-03-04,0.0,0.21340273320674893,0.20651878606169574,0.21340273320674896,5400,0.0,0.0
1981-03-05,0.0,0.22028671205043793,0.2134027399085247,0.22028671205043793,10800,0.0,0.0
1981-03-06,0.0,0.22028670513247547,0.21340273320674893,0.21340273320674896,17100,0.0,0.0
1981-03-09,0.0,0.22028671205043793,0.2134027399085247,0.22028671205043793,30900,0.0,0.0
1981-03-10,0.0,0.22717065941167708,0.22028671205043793,0.22028671205043793,10800,0.0,0.0
1981-03-11,0.0,0.22717065941167708,0.2134027399085247,0.22028671205043793,7800,0.0,0.0
1981-03-12,0.0,0.22028671205043793,0.2134027399085247,0.22028671205043793,18600,0.0,0.0
1981-03-13,0.0,0.22717065227752867,0.21340273320674893,0.21340273320674896,10800,0.0,0.0
1981-03-16,0.0,0.21340273320674893,0.21340273320674893,0.21340273320674896,5400,0.0,0.0
1981-03-17,0.0,0.22028671205043793,0.2134027399085247,0.22028671205043793,23700,0.0,0.0
1981-03-18,0.0,0.22028671205043793,0.22028671205043793,0.22028671205043793,900,0.0,0.0
1981-03-19,0.0,0.23405469954013824,0.22028677603777716,0.23405469954013824,51600,0.0,0.0
1981-03-20,0.0,0.24093858897686005,0.22717066889873447,0.24093858897686005,76500,0.0,0.0
1981-03-23,0.0,0.24093858897686005,0.23405464132813483,0.24093858897686005,11100,0.0,0.0
1981-03-24,0.0,0.25470659136772156,0.24093866684025866,0.25470659136772156,22200,0.0,0.0
1981-03-25,0.0,0.25470659136772156,0.24782264149433167,0.25470659136772156,30000,0.0,0.0
1981-03-26,0.0,0.2684744596481323,0.2547065380051338,0.2684744596481323,98100,0.0,0.0
1981-03-27,0.0,0.2684742755023123,0.2615903317928314,0.2615903317928314,30900,0.0,0.0
1981-03-30,0.0,0.2615903317928314,0.2547063633026896,0.2615903317928314,2400,0.0,0.0
1981-03-31,0.0,0.2615903317928314,0.2615903317928314,0.2615903317928314,900,0.0,0.0
1981-04-01,0.0,0.2615906140870518,0.24782268702983853,0.24782268702983856,21900,0.0,0.0
1981-04-02,0.0,0.25470659136772156,0.24782264149433167,0.25470659136772156,7800,0.0,0.0
1981-04-03,0.0,0.26159056602179453,0.24782264149433167,0.25470659136772156,11100,0.0,0.0
1981-04-06,0.0,0.2478225614062604,0.24093858897686005,0.24093858897686005,29700,0.0,0.0
1981-04-07,0.0,0.24782268702983853,0.24093871111088808,0.24782268702983856,3600,0.0,0.0
1981-04-08,0.0,0.24093864890097813,0.23405469954013824,0.23405469954013824,27600,0.0,0.0
1981-04-09,0.0,0.2478225614062604,0.24093858897686005,0.24093858897686005,8100,0.0,0.0
1981-04-10,0.0,0.24093864890097813,0.23405469954013824,0.23405469954013824,8700,0.0,0.0
1981-04-13,0.0,0.23405469469548024,0.22717072069644925,0.22717072069644928,20100,0.0,0.0
1981-04-14,0.0,0.23405469954013824,0.22028677603777716,0.23405469954013824,38400,0.0,0.0
1981-04-15,0.0,0.23405469954013824,0.22717072539861705,0.23405469954013824,11400,0.0,0.0
1981-04-16,0.0,0.24093858897686005,0.23405464132813483,0.24093858897686005,25200,0.0,0.0
1981-04-20,0.0,0.2478225614062604,0.23405464132813483,0.24093858897686005,47400,0.0,0.0
1981-04-21,0.0,0.24093864890097813,0.22717072539861705,0.23405469954013824,30000,0.0,0.0
1981-04-22,0.0,0.23405469954013824,0.23405469954013824,0.23405469954013824,18600,0.0,0.0
1981-04-23,0.0,0.24782268702983853,0.2340547599726253,0.24782268702983856,22500,0.0,0.0
1981-04-24,0.0,0.25470663816810135,0.24782268702983853,0.24782268702983856,27300,0.0,0.0
1981-04-27,0.0,0.25470659136772156,0.25470659136772156,0.25470659136772156,16500,0.0,0.0
1981-04-28,0.0,0.26159056602179453,0.25470659136772156,0.25470659136772156,25200,0.0,0.0
1981-04-29,0.0,0.2615903317928314,0.2547063633026896,0.2615903317928314,16800,0.0,0.0
1981-04-30,0.0,0.2615903317928314,0.2615903317928314,0.2615903317928314,30000,0.0,0.0
1981-05-01,0.0,0.2615906140870518,0.24782268702983853,0.24782268702983856,25200,0.0,0.0
1981-05-04,0.0,0.25470663816810135,0.24782268702983853,0.24782268702983856,11400,0.0,0.0
1981-05-05,0.0,0.2478225614062604,0.24093858897686005,0.24093858897686005,22500,0.0,0.0
1981-05-06,0.0,0.24782268702983853,0.24782268702983853,0.24782268702983856,11400,0.0,0.0
1981-05-07,0.0,0.24782262304249933,0.23405469954013824,0.23405469954013824,38100,0.0,0.0
1981-05-08,0.0,0.24782262304249933,0.23405469954013824,0.23405469954013824,8700,0.0,0.0
1981-05-11,0.0,0.2340546315535903,0.22028671205043793,0.22028671205043793,8100,0.0,0.0
1981-05-12,0.0,0.22717065941167708,0.22028671205043793,0.22028671205043793,21900,0.0,0.0
1981-05-13,0.0,0.22717072069644925,0.22028677147809905,0.22717072069644928,13500,0.0,0.0
1981-05-14,0.0,0.22717065941167708,0.22028671205043793,0.22028671205043793,16500,0.0,0.0
1981-05-15,0.0,0.23405469954013824,0.23405469954013824,0.23405469954013824,12600,0.0,0.0
1981-05-18,0.0,0.24782268702983853,0.24093871111088808,0.24782268702983856,13500,0.0,0.0
1981-05-19,0.0,0.24093858897686005,0.24093858897686005,0.24093858897686005,11400,0.0,0.0
1981-05-20,0.0,0.25470659136772156,0.24093866684025866,0.25470659136772156,25200,0.0,0.0
1981-05-21,0.0,0.2615906140870518,0.24093871111088808,0.24782268702983856,37800,0.0,0.0
1981-05-22,0.0,0.25470659136772156,0.24782264149433167,0.25470659136772156,3600,0.0,0.0
1981-05-26,0.0,0.25470659136772156,0.25470659136772156,0.25470659136772156,19800,0.0,0.0
1981-05-27,0.0,0.26159056602179453,0.25470659136772156,0.25470659136772156,19800,0.0,0.0
1981-05-28,0.0,0.2615903317928314,0.24782241959320872,0.2615903317928314,36600,0.0,0.0
1981-05-29,0.0,0.27535852789878845,0.261590601503849,0.27535852789878845,85800,0.0,0.0
1981-06-01,0.0,0.27535852789878845,0.25470662591603604,0.27535852789878845,63600,0.0,0.0
1981-06-02,0.0,0.2753584328599706,0.261590511216972,0.2684744596481323,35100,0.0,0.0
1981-06-03,0.0,0.27535852789878845,0.261590601503849,0.27535852789878845,27000,0.0,0.0
1981-06-04,0.0,0.32354601885668044,0.2615904082422671,0.316662073135376,77700,0.0,0.0
1981-06-05,0.0,0.316662073135376,0.30289415691209876,0.316662073135376,45000,0.0,0.0
1981-06-08,0.0,0.3166621473809544,0.29601025581359863,0.29601025581359863,25500,0.0,0.0
1981-06-09,0.0,0.28912645429372785,0.27535852789878845,0.27535852789878845,15900,0.0,0.0
1981-06-10,0.0,0.30977827310562134,0.28912639979623145,0.30977827310562134,30000,0.0,0.0
1981-06-11,0.0,0.33042997121810913,0.30289414028326667,0.33042997121810913,67500,0.0,0.0
1981-06-12,0.0,0.32354629290846065,0.3028944134712219,0.3028944134712219,39900,0.0,0.0
1981-06-15,0.0,0.32354608178138733,0.31666213472126165,0.32354608178138733,22500,0.0,0.0
1981-06-16,0.0,0.32354601885668044,0.3097781026334033,0.316662073135376,16800,0.0,0.0
1981-06-17,0.0,0.316662073135376,0.3097781026334033,0.316662073135376,24300,0.0,0.0
1981-06-18,0.0,0.32354608178138733,0.31666213472126165,0.32354608178138733,51600,0.0,0.0
1981-06-19,0.0,0.32354601885668044,0.316662073135376,0.316662073135376,107400,0.0,0.0
1981-06-22,0.0,0.32354608178138733,0.31666213472126165,0.32354608178138733,40500,0.0,0.0
1981-06-23,0.0,0.32354601885668044,0.316662073135376,0.316662073135376,17100,0.0,0.0
1981-06-24,0.0,0.33042997121810913,0.3166620557506879,0.33042997121810913,49800,0.0,0.0
1981-06-25,0.0,0.33042997121810913,0.32354600109406506,0.33042997121810913,23700,0.0,0.0
1981-06-26,0.0,0.3304300536221861,0.32354608178138733,0.32354608178138733,27600,0.0,0.0
1981-06-29,0.0,0.32354601885668044,0.316662073135376,0.316662073135376,25500,0.0,0.0
1981-06-30,0.0,0.316662073135376,0.316662073135376,0.316662073135376,7500,0.0,0.0
1981-07-01,0.0,0.32354601885668044,0.316662073135376,0.316662073135376,11700,0.0,0.0
1981-07-02,0.0,0.32354601885668044,0.316662073135376,0.316662073135376,2400,0.0,0.0
1981-07-06,0.0,0.316662073135376,0.316662073135376,0.316662073135376,16500,0.0,0.0
1981-07-07,0.0,0.3166622473958725,0.302894323596052,0.30977827310562134,15900,0.0,0.0
1981-07-08,0.0,0.3166622473958725,0.30977827310562134,0.30977827310562134,17100,0.0,0.0
1981-07-09,0.0,0.3097783650234051,0.3028944134712219,0.3028944134712219,13500,0.0,0.0
1981-07-10,0.0,0.30289419492085773,0.28224230560409996,0.28912627696990967,16800,0.0,0.0
1981-07-13,0.0,0.2960104051008543,0.27535852789878845,0.27535852789878845,44400,0.0,0.0
1981-07-14,0.0,0.28912645429372785,0.27535852789878845,0.27535852789878845,19800,0.0,0.0
1981-07-15,0.0,0.29601025581359863,0.2891263084782627,0.29601025581359863,16500,0.0,0.0
1981-07-16,0.0,0.3028942279296085,0.29601025581359863,0.29601025581359863,18600,0.0,0.0
1981-07-17,0.0,0.3028944134712219,0.29601043713834957,0.3028944134712219,18600,0.0,0.0
1981-07-20,0.0,0.29601025581359863,0.2891263084782627,0.29601025581359863,8100,0.0,0.0
1981-07-21,0.0,0.2960104051008543,0.261590601503849,0.27535852789878845,43500,0.0,0.0
1981-07-22,0.0,0.2753584328599706,0.2684744596481323,0.2684744596481323,5400,0.0,0.0
1981-07-23,0.0,0.2684742755023123,0.2615903317928314,0.2615903317928314,30000,0.0,0.0
1981-07-24,0.0,0.27535852789878845,0.2684745523109755,0.27535852789878845,8700,0.0,0.0
1981-07-27,0.0,0.28912627696990967,0.27535835901896155,0.28912627696990967,11100,0.0,0.0
1981-07-28,0.0,0.3028944134712219,0.2891264855861664,0.3028944134712219,103500,0.0,0.0
1981-07-29,0.0,0.3097783650234051,0.3028944134712219,0.3028944134712219,37800,0.0,0.0
1981-07-30,0.0,0.3028944134712219,0.3028944134712219,0.3028944134712219,27000,0.0,0.0
1981-07-31,0.0,0.3028944134712219,0.3028944134712219,0.3028944134712219,600,0.0,0.0
1981-08-03,0.0,0.3028944134712219,0.2891264855861664,0.3028944134712219,29700,0.0,0.0
1981-08-04,0.0,0.3028944134712219,0.2891264855861664,0.3028944134712219,30900,0.0,0.0
1981-08-05,0.0,0.3028944134712219,0.2891264855861664,0.3028944134712219,7800,0.0,0.0
1981-08-06,0.0,0.3028942279296085,0.29601025581359863,0.29601025581359863,11700,0.0,0.0
1981-08-07,0.0,0.3028944134712219,0.2891264855861664,0.3028944134712219,13500,0.0,0.0
1981-08-10,0.0,0.296010223555048,0.28224230560409996,0.28912627696990967,36600,0.0,0.0
1981-08-11,0.0,0.2822422683238983,0.2822422683238983,0.2822422683238983,8700,0.0,0.0
1981-08-12,0.0,0.28912627696990967,0.28912627696990967,0.28912627696990967,300,0.0,0.0
1981-08-13,0.0,0.2822422683238983,0.2822422683238983,0.2822422683238983,900,0.0,0.0
1981-08-14,0.0,0.2822422683238983,0.2822422683238983,0.2822422683238983,8100,0.0,0.0
1981-08-17,0.0,0.2822422683238983,0.27535832264803156,0.2822422683238983,27000,0.0,0.0
1981-08-18,0.0,0.2822424787059149,0.27535852789878845,0.27535852789878845,2400,0.0,0.0
1981-08-19,0.0,0.2822424787059149,0.27535852789878845,0.27535852789878845,16500,0.0,0.0
1981-08-20,0.0,0.2753584328599706,0.2684744596481323,0.2684744596481323,8700,0.0,0.0
1981-08-21,0.0,0.2615903317928314,0.2615903317928314,0.2615903317928314,5100,0.0,0.0
1981-08-24,0.0,0.2615903317928314,0.2615903317928314,0.2615903317928314,300,0.0,0.0
1981-08-25,0.0,0.2684744596481323,0.261590511216972,0.2684744596481323,16500,0.0,0.0
1981-08-26,0.0,0.27535852789878845,0.25470662591603604,0.27535852789878845,11700,0.0,0.0
1981-08-27,0.0,0.2753584328599706,0.2684744596481323,0.2684744596481323,24300,0.0,0.0
1981-08-28,0.0,0.2684742755023123,0.2615903317928314,0.2615903317928314,2400,0.0,0.0
1981-08-31,0.0,0.2684744596481323,0.2684744596481323,0.2684744596481323,10800,0.0,0.0
1981-09-01,0.0,0.2615903317928314,0.2615903317928314,0.2615903317928314,7800,0.0,0.0
1981-09-02,0.0,0.25470659136772156,0.25470659136772156,0.25470659136772156,11700,0.0,0.0
1981-09-03,0.0,0.2684745652253146,0.24782268702983853,0.24782268702983856,22200,0.0,0.0
1981-09-04,0.0,0.2478225614062604,0.24093858897686005,0.24093858897686005,7800,0.0,0.0
1981-09-08,0.0,0.23405469954013824,0.23405469954013824,0.23405469954013824,21900,0.0,0.0
1981-09-09,0.0,0.24782268702983853,0.24093871111088808,0.24782268702983856,6000,0.0,0.0
1981-09-10,0.0,0.24093858897686005,0.24093858897686005,0.24093858897686005,5100,0.0,0.0
1981-09-11,0.0,0.24093858897686005,0.23405464132813483,0.24093858897686005,7500,0.0,0.0
1981-09-14,0.0,0.24093858897686005,0.24093858897686005,0.24093858897686005,10800,0.0,0.0
1981-09-15,0.0,0.25470659136772156,0.24782264149433167,0.25470659136772156,19800,0.0,0.0
1981-09-16,0.0,0.261590481484386,0.24093858897686005,0.24093858897686005,2100,0.0,0.0
1981-09-17,0.0,0.2478225614062604,0.23405464132813483,0.24093858897686005,27600,0.0,0.0
1981-09-18,0.0,0.24782268702983853,0.24782268702983853,0.24782268702983856,38400,0.0,0.0
1981-09-21,0.0,0.25470663816810135,0.24782268702983853,0.24782268702983856,16500,0.0,0.0
1981-09-22,0.0,0.24782268702983853,0.24782268702983853,0.24782268702983856,39900,0.0,0.0
1981-09-23,0.0,0.24782268702983853,0.24782268702983853,0.24782268702983856,60000,0.0,0.0
1981-09-24,0.0,0.2478225614062604,0.24093858897686005,0.24093858897686005,45600,0.0,0.0
1981-09-25,0.0,0.24093857891482945,0.22028671205043793,0.22028671205043793,364800,0.0,0.0
1981-09-28,0.0,0.22028671205043793,0.2134027399085247,0.22028671205043793,38100,0.0,0.0
1981-10-01,0.0,0.23405469954013824,0.23405469954013824,0.23405469954013824,32400,0.0,0.0
1981-10-02,0.0,0.24093858897686005,0.23405464132813483,0.24093858897686005,23700,0.0,0.0
1981-10-05,0.0,0.2753582439924541,0.2409384511030669,0.2615903317928314,56700,0.0,0.0
1981-10-06,0.0,0.2615906140870518,0.24782268702983853,0.24782268702983856,2100,0.0,0.0
1981-10-07,0.0,0.24782262304249933,0.23405469954013824,0.23405469954013824,17100,0.0,0.0
1981-10-08,0.0,0.25470663816810135,0.24093871111088808,0.24782268702983856,11100,0.0,0.0
1981-10-09,0.0,0.24782262304249933,0.23405469954013824,0.23405469954013824,11100,0.0,0.0
1981-10-12,0.0,0.23405469469548024,0.22717072069644925,0.22717072069644928,7500,0.0,0.0
1981-10-13,0.0,0.22717065941167708,0.22028671205043793,0.22028671205043793,12600,0.0,0.0
1981-10-14,0.0,0.22028670513247547,0.21340273320674893,0.21340273320674896,19800,0.0,0.0
1981-10-15,0.0,0.21340273320674893,0.21340273320674893,0.21340273320674896,6000,0.0,0.0
1981-10-16,0.0,0.22028671205043793,0.22028671205043793,0.22028671205043793,7500,0.0,0.0
1981-10-19,0.0,0.22717065227752867,0.21340273320674893,0.21340273320674896,18600,0.0,0.0
1981-10-20,0.0,0.21340273320674893,0.21340273320674893,0.21340273320674896,600,0.0,0.0
1981-10-21,0.0,0.22717072069644925,0.21340279747906807,0.22717072069644928,22200,0.0,0.0
1981-10-22,0.0,0.22717065941167708,0.22028671205043793,0.22028671205043793,7500,0.0,0.0
1981-10-23,0.0,0.22717072069644925,0.22028677147809905,0.22717072069644928,15900,0.0,0.0
1981-10-26,0.0,0.22028671205043793,0.22028671205043793,0.22028671205043793,300,0.0,0.0
1981-10-27,0.0,0.21340273320674893,0.20651878606169574,0.21340273320674896,8100,0.0,0.0
1981-10-28,0.0,0.21340273320674893,0.20651878606169574,0.21340273320674896,14700,0.0,0.0
1981-11-02,0.0,0.22028670513247547,0.21340273320674893,0.21340273320674896,8100,0.0,0.0
1981-11-03,0.0,0.22028671205043793,0.20651879254728556,0.22028671205043793,16500,0.0,0.0
1981-11-06,0.0,0.21340273320674893,0.20651878606169574,0.21340273320674896,5100,0.0,0.0
1981-11-10,0.0,0.20651885867118835,0.20651885867118835,0.20651885867118835,8100,0.0,0.0
1981-11-11,0.0,0.21340282033487665,0.192750945687294,0.192750945687294,107400,0.0,0.0
1981-11-12,0.0,0.19963476061820987,0.19275080335551295,0.19963476061820984,18600,0.0,0.0
1981-11-16,0.0,0.1996349080332688,0.192750945687294,0.192750945687294,8700,0.0,0.0
1981-11-17,0.0,0.192750945687294,0.192750945687294,0.192750945687294,6000,0.0,0.0
1981-11-18,0.0,0.192750945687294,0.192750945687294,0.192750945687294,13500,0.0,0.0
1981-11-19,0.0,0.19963476061820987,0.19275080335551295,0.19963476061820984,25200,0.0,0.0
1981-11-20,0.0,0.20651871788090675,0.19963476061820987,0.19963476061820984,38400,0.0,0.0
1981-11-23,0.0,0.20651871788090675,0.19963476061820987,0.19963476061820984,16800,0.0,0.0
1981-11-24,0.0,0.21340273320674893,0.1996348265263059,0.21340273320674896,21900,0.0,0.0
1981-11-25,0.0,0.21340273320674893,0.20651878606169574,0.21340273320674896,21900,0.0,0.0
1981-11-27,0.0,0.20651885867118835,0.1996348967154821,0.20651885867118835,7500,0.0,0.0
1981-11-30,0.0,0.21340266275327108,0.19963476061820987,0.19963476061820984,24300,0.0,0.0
1981-12-01,0.0,0.19963476061820987,0.19963476061820987,0.19963476061820984,3600,0.0,0.0
1981-12-02,0.0,0.19963476061820987,0.19963476061820987,0.19963476061820984,8700,0.0,0.0
1981-12-03,0.0,0.1996349080332688,0.192750945687294,0.192750945687294,18300,0.0,0.0
1981-12-04,0.0,0.1996349080332688,0.192750945687294,0.192750945687294,22500,0.0,0.0
1981-12-07,0.0,0.192750945687294,0.192750945687294,0.192750945687294,600,0.0,0.0
1981-12-08,0.0,0.1996349080332688,0.192750945687294,0.192750945687294,27300,0.0,0.0
1981-12-09,0.0,0.1996349080332688,0.192750945687294,0.192750945687294,22200,0.0,0.0
1981-12-10,0.0,0.20651885867118835,0.1927509347597758,0.20651885867118835,21900,0.0,0.0
1981-12-11,0.0,0.22028663240630053,0.19963476061820987,0.19963476061820984,52200,0.0,0.0
1981-12-14,0.0,0.20651871788090675,0.19963476061820987,0.19963476061820984,22200,0.0,0.0
1981-12-15,0.0,0.20651885867118835,0.1996348967154821,0.20651885867118835,22500,0.0,0.0
1981-12-16,0.0,0.19963476061820987,0.19963476061820987,0.19963476061820984,6000,0.0,0.0
1981-12-17,0.0,0.19963476061820987,0.19963476061820987,0.19963476061820984,21900,0.0,0.0
1981-12-18,0.0,0.19963476061820987,0.19275080335551295,0.19963476061820984,11400,0.0,0.0
1981-12-21,0.0,0.1996349080332688,0.1858669833413192,0.192750945687294,43500,0.0,0.0
1981-12-22,0.0,0.18586686253547668,0.17898290466379235,0.18586686253547668,54600,0.0,0.0
1981-12-23,0.0,0.192750945687294,0.17898302099534444,0.192750945687294,45000,0.0,0.0
1981-12-24,0.0,0.18586686253547668,0.18586686253547668,0.18586686253547668,6000,0.0,0.0
1981-12-28,0.0,0.19275082040716102,0.17209894679210805,0.18586686253547668,54900,0.0,0.0
1981-12-29,0.0,0.19963476061820987,0.18586684609281606,0.19963476061820984,107100,0.0,0.0
1981-12-30,0.0,0.1996349080332688,0.192750945687294,0.192750945687294,61500,0.0,0.0
1981-12-31,0.0,0.19963476061820987,0.19275080335551295,0.19963476061820984,27300,0.0,0.0
1982-01-04,0.0,0.20651871788090675,0.19963476061820987,0.19963476061820984,15900,0.0,0.0
1982-01-05,0.0,0.19963477827884532,0.18586686253547668,0.18586686253547668,8100,0.0,0.0
1982-01-06,0.0,0.19275082040716102,0.18586686253547668,0.18586686253547668,1800,0.0,0.0
1982-01-07,0.0,0.18586686253547668,0.18586686253547668,0.18586686253547668,2100,0.0,0.0
1982-01-08,0.0,0.18586686253547668,0.18586686253547668,0.18586686253547668,300,0.0,0.0
1982-01-11,0.0,0.18586694907683593,0.17898298799991608,0.17898298799991608,25200,0.0,0.0
1982-01-12,0.0,0.1720990240573883,0.1720990240573883,0.1720990240573883,5100,0.0,0.0
1982-01-13,0.0,0.1720990240573883,0.16521506309509276,0.1720990240573883,13500,0.0,0.0
1982-01-14,0.0,0.17898298799991608,0.16521506584607637,0.17898298799991608,18300,0.0,0.0
1982-01-15,0.0,0.17898298501968382,0.1720990240573883,0.1720990240573883,11400,0.0,0.0
1982-01-18,0.0,0.1720990240573883,0.16521506309509276,0.1720990240573883,18300,0.0,0.0
1982-01-19,0.0,0.17898298799991608,0.17209902692299622,0.17898298799991608,16800,0.0,0.0
1982-01-20,0.0,0.1720990240573883,0.1720990240573883,0.1720990240573883,6000,0.0,0.0
1982-01-21,0.0,0.17898290107647577,0.16521498560905457,0.16521498560905457,5100,0.0,0.0
1982-01-22,0.0,0.17209894334276515,0.16521498560905457,0.16521498560905457,16500,0.0,0.0
1982-01-25,0.0,0.1720990240573883,0.16521506309509276,0.1720990240573883,6000,0.0,0.0
1982-01-26,0.0,0.1720990240573883,0.1720990240573883,0.1720990240573883,300,0.0,0.0
1982-01-27,0.0,0.17209894334276515,0.16521498560905457,0.16521498560905457,11700,0.0,0.0
1982-01-28,0.0,0.16521498560905457,0.15833102787534395,0.16521498560905457,5400,0.0,0.0
1982-01-29,0.0,0.16521498560905457,0.16521498560905457,0.16521498560905457,8100,0.0,0.0
1982-02-01,0.16521498560905457,0.16521498560905457,0.16521498560905457,0.16521498560905457,0,0.0,0.0
1982-02-02,0.0,0.158331036567688,0.158331036567688,0.158331036567688,900,0.0,0.0
1982-02-03,0.0,0.1720990240573883,0.15833110213279725,0.1720990240573883,15900,0.0,0.0
1982-02-04,0.0,0.17898290107647577,0.16521498560905457,0.16521498560905457,8700,0.0,0.0
1982-02-08,0.0,0.158331036567688,0.158331036567688,0.158331036567688,10800,0.0,0.0
1982-02-09,0.0,0.16521498560905457,0.15833102787534395,0.16521498560905457,3600,0.0,0.0
1982-02-10,0.0,0.1720990240573883,0.15833110213279725,0.1720990240573883,900,0.0,0.0
1982-02-11,0.0,0.1720990240573883,0.16521506309509276,0.1720990240573883,16800,0.0,0.0
1982-02-12,0.0,0.16521498560905457,0.16521498560905457,0.16521498560905457,7800,0.0,0.0
1982-02-16,0.0,0.16521498560905457,0.16521498560905457,0.16521498560905457,10800,0.0,0.0
1982-02-17,0.0,0.16521498560905457,0.15833102787534395,0.16521498560905457,10800,0.0,0.0
1982-02-19,0.0,0.16521498560905457,0.15833102787534395,0.16521498560905457,16800,0.0,0.0
1982-02-22,0.0,0.16521499467932657,0.158331036567688,0.158331036567688,3600,0.0,0.0
1982-02-23,0.0,0.16521498560905457,0.15833102787534395,0.16521498560905457,600,0.0,0.0
1982-02-24,0.0,0.16521498560905457,0.15833102787534395,0.16521498560905457,7800,0.0,0.0
1982-02-26,0.0,0.16521498560905457,0.15833102787534395,0.16521498560905457,2400,0.0,0.0
1982-03-02,0.0,0.16521498560905457,0.16521498560905457,0.16521498560905457,5400,0.0,0.0
1982-03-03,0.0,0.16521498560905457,0.16521498560905457,0.16521498560905457,2400,0.0,0.0
1982-03-04,0.0,0.158331036567688,0.158331036567688,0.158331036567688,6000,0.0,0.0
1982-03-05,0.0,0.16521498560905457,0.15833102787534395,0.16521498560905457,11100,0.0,0.0
1982-03-08,0.0,0.16521499467932657,0.158331036567688,0.158331036567688,16500,0.0,0.0
1982-03-09,0.0,0.158331036567688,0.158331036567688,0.158331036567688,7500,0.0,0.0
1982-03-10,0.0,0.16521498560905457,0.15833102787534395,0.16521498560905457,2100,0.0,0.0
1982-03-11,0.0,0.16521498560905457,0.15833102787534395,0.16521498560905457,11400,0.0,0.0
1982-03-12,0.0,0.16521498560905457,0.15833102787534395,0.16521498560905457,8100,0.0,0.0
1982-03-15,0.0,0.15833117067813873,0.1445632427930832,0.15144720673561096,61500,0.0,0.0
1982-03-16,0.0,0.15833117067813873,0.15144720673561096,0.15144720673561096,2100,0.0,0.0
1982-03-17,0.0,0.158331036567688,0.15144707845604938,0.158331036567688,14700,0.0,0.0
1982-03-18,0.0,0.15833117067813873,0.1445632427930832,0.15144720673561096,38400,0.0,0.0
1982-03-19,0.0,0.1583310564359029,0.14456313848495483,0.14456313848495483,22500,0.0,0.0
1982-03-22,0.0,0.17209894334276515,0.15833102787534395,0.16521498560905457,37800,0.0,0.0
1982-03-23,0.0,0.16521498560905457,0.15833102787534395,0.16521498560905457,27300,0.0,0.0
1982-03-24,0.0,0.16521499467932657,0.158331036567688,0.158331036567688,14700,0.0,0.0
1982-03-25,0.0,0.158331036567688,0.158331036567688,0.158331036567688,1800,0.0,0.0
1982-03-26,0.0,0.15833117067813873,0.15144720673561096,0.15144720673561096,1800,0.0,0.0
1982-03-29,0.0,0.15144720673561096,0.1445632427930832,0.15144720673561096,11700,0.0,0.0
1982-03-30,0.0,0.15144720673561096,0.15144720673561096,0.15144720673561096,300,0.0,0.0
1982-03-31,0.0,0.15144720673561096,0.1445632427930832,0.15144720673561096,23700,0.0,0.0
1982-04-01,0.0,0.14456313848495483,0.14456313848495483,0.14456313848495483,300,0.0,0.0
1982-04-02,0.0,0.14456322714686393,0.13767926394939423,0.13767926394939423,57900,0.0,0.0
1982-04-05,0.0,0.13767926394939423,0.13767926394939423,0.13767926394939423,11400,0.0,0.0
1982-04-06,0.0,0.14456313848495483,0.13767917950948078,0.14456313848495483,7500,0.0,0.0
1982-04-07,0.0,0.15144719034433365,0.13767926394939423,0.13767926394939423,25200,0.0,0.0
1982-04-08,0.0,0.15144720673561096,0.1445632427930832,0.15144720673561096,2400,0.0,0.0
1982-04-12,0.15144720673561096,0.15144720673561096,0.15144720673561096,0.15144720673561096,0,0.0,0.0
1982-04-13,0.0,0.15144719034433365,0.13767926394939423,0.13767926394939423,11100,0.0,0.0
1982-04-14,0.0,0.13767926394939423,0.13767926394939423,0.13767926394939423,600,0.0,0.0
1982-04-15,0.0,0.14456313848495483,0.14456313848495483,0.14456313848495483,600,0.0,0.0
1982-04-19,0.0,0.15144709746042886,0.14456313848495483,0.14456313848495483,2400,0.0,0.0
1982-04-20,0.0,0.158331036567688,0.15144707845604938,0.158331036567688,11100,0.0,0.0
1982-04-21,0.0,0.158331036567688,0.15144707845604938,0.158331036567688,8100,0.0,0.0
1982-04-22,0.0,0.158331036567688,0.158331036567688,0.158331036567688,5100,0.0,0.0
1982-04-23,0.0,0.15833117067813873,0.15144720673561096,0.15144720673561096,17100,0.0,0.0
1982-04-27,0.0,0.158331036567688,0.15144707845604938,0.158331036567688,10800,0.0,0.0
1982-04-28,0.0,0.15144720673561096,0.15144720673561096,0.15144720673561096,2400,0.0,0.0
1982-04-29,0.0,0.14456313848495483,0.14456313848495483,0.14456313848495483,900,0.0,0.0
1982-04-30,0.0,0.14456322714686393,0.13767926394939423,0.13767926394939423,16500,0.0,0.0
1982-05-03,0.0,0.13767926394939423,0.13767926394939423,0.13767926394939423,7500,0.0,0.0
1982-05-04,0.0,0.14456322714686393,0.13767926394939423,0.13767926394939423,11700,0.0,0.0
1982-05-05,0.0,0.13767926394939423,0.13767926394939423,0.13767926394939423,3600,0.0,0.0
1982-05-06,0.0,0.14456313848495483,0.13767917950948078,0.14456313848495483,22200,0.0,0.0
1982-05-07,0.0,0.14456313848495483,0.13767917950948078,0.14456313848495483,15900,0.0,0.0
1982-05-10,0.0,0.15144709746042886,0.14456313848495483,0.14456313848495483,7500,0.0,0.0
1982-05-11,0.0,0.14456313848495483,0.14456313848495483,0.14456313848495483,2400,0.0,0.0
1982-05-12,0.0,0.14456313848495483,0.14456313848495483,0.14456313848495483,6000,0.0,0.0
1982-05-13,0.0,0.14456313848495483,0.14456313848495483,0.14456313848495483,8700,0.0,0.0
1982-05-14,0.0,0.15144720673561096,0.15144720673561096,0.15144720673561096,2100,0.0,0.0
1982-05-17,0.0,0.158331036567688,0.14456312034441077,0.158331036567688,15900,0.0,0.0
1982-05-18,0.0,0.15144720673561096,0.15144720673561096,0.15144720673561096,6000,0.0,0.0
1982-05-20,0.0,0.15144720673561096,0.1445632427930832,0.15144720673561096,900,0.0,0.0
1982-05-21,0.0,0.14456313848495483,0.14456313848495483,0.14456313848495483,18600,0.0,0.0
1982-05-24,0.0,0.15144709746042886,0.14456313848495483,0.14456313848495483,1800,0.0,0.0
1982-05-25,0.0,0.13767926394939423,0.13767926394939423,0.13767926394939423,5100,0.0,0.0
1982-05-27,0.0,0.14456313848495483,0.14456313848495483,0.14456313848495483,76800,0.0,0.0
1982-06-01,0.0,0.14456322714686393,0.13767926394939423,0.13767926394939423,16800,0.0,0.0
1982-06-02,0.13767926394939423,0.13767926394939423,0.13767926394939423,0.13767926394939423,0,0.0,0.0
1982-06-03,0.0,0.1445630780960384,0.1307951658964157,0.1307951658964157,33000,0.0,0.0
1982-06-04,0.0,0.1307951658964157,0.12391120979660436,0.1307951658964157,7500,0.0,0.0
1982-06-07,0.0,0.12391134351491927,0.11702737998631264,0.12391134351491928,11100,0.0,0.0
1982-06-08,0.0,0.12391134351491927,0.12391134351491927,0.12391134351491928,13500,0.0,0.0
1982-06-09,0.0,0.12391134351491927,0.11702737998631264,0.12391134351491928,38400,0.0,0.0
1982-06-10,0.0,0.12391134351491927,0.11702737998631264,0.12391134351491928,24300,0.0,0.0
1982-06-11,0.0,0.14456322714686393,0.1307953007519245,0.13767926394939423,8700,0.0,0.0
1982-06-14,0.0,0.13767926394939423,0.13767926394939423,0.13767926394939423,8700,0.0,0.0
1982-06-15,0.0,0.13767912199622706,0.1307951658964157,0.1307951658964157,19800,0.0,0.0
1982-06-16,0.0,0.13767926394939423,0.1307953007519245,0.13767926394939423,8100,0.0,0.0
1982-06-17,0.0,0.1307951658964157,0.1307951658964157,0.1307951658964157,1800,0.0,0.0
1982-06-18,0.0,0.1307951658964157,0.1307951658964157,0.1307951658964157,900,0.0,0.0
1982-06-21,0.0,0.13767912199622706,0.1307951658964157,0.1307951658964157,7500,0.0,0.0
1982-06-22,0.0,0.1307951658964157,0.1307951658964157,0.1307951658964157,12600,0.0,0.0
1982-06-23,0.0,0.13767926394939423,0.13767926394939423,0.13767926394939423,6000,0.0,0.0
1982-06-25,0.0,0.1307951658964157,0.1307951658964157,0.1307951658964157,5400,0.0,0.0
1982-06-29,0.0,0.1307951658964157,0.1307951658964157,0.1307951658964157,3600,0.0,0.0
1982-06-30,0.0,0.13767912199622706,0.1307951658964157,0.1307951658964157,21900,0.0,0.0
1982-07-01,0.0,0.1307951658964157,0.1307951658964157,0.1307951658964157,8100,0.0,0.0
1982-07-02,0.0,0.1307953070435259,0.12391134351491927,0.12391134351491928,10800,0.0,0.0
1982-07-06,0.0,0.12391134351491927,0.12391134351491927,0.12391134351491928,300,0.0,0.0
1982-07-07,0.0,0.1307953070435259,0.12391134351491927,0.12391134351491928,16800,0.0,0.0
1982-07-08,0.12391134351491927,0.12391134351491927,0.12391134351491927,0.12391134351491928,0,0.0,0.0
1982-07-13,0.0,0.1307953070435259,0.12391134351491927,0.12391134351491928,19800,0.0,0.0
1982-07-15,0.0,0.12391131152124966,0.11702734977006912,0.11702734977006912,17100,0.0,0.0
1982-07-16,0.0,0.12391131152124966,0.11702734977006912,0.11702734977006912,6000,0.0,0.0
1982-07-19,0.0,0.12391134351491927,0.12391134351491927,0.12391134351491928,7500,0.0,0.0
1982-07-21,0.0,0.11702734977006912,0.11702734977006912,0.11702734977006912,5100,0.0,0.0
1982-07-22,0.0,0.16521498560905457,0.11702728147308031,0.16521498560905457,84900,0.0,0.0
1982-07-23,0.0,0.17209894334276515,0.15833102787534395,0.16521498560905457,46200,0.0,0.0
1982-07-26,0.0,0.19275091015375578,0.16521506584607637,0.17898298799991608,52200,0.0,0.0
1982-07-27,0.0,0.19963476061820987,0.18586684609281606,0.19963476061820984,27600,0.0,0.0
1982-07-28,0.0,0.21340273320674893,0.19275086699091604,0.21340273320674896,65400,0.0,0.0
1982-07-29,0.0,0.21340273320674893,0.19275086699091604,0.21340273320674896,38400,0.0,0.0
1982-07-30,0.0,0.21340280823655364,0.1996348967154821,0.20651885867118835,30000,0.0,0.0
1982-08-02,0.0,0.21340266275327108,0.19963476061820987,0.19963476061820984,11100,0.0,0.0
1982-08-03,0.0,0.19963477827884532,0.18586686253547668,0.18586686253547668,30900,0.0,0.0
1982-08-04,0.0,0.192750945687294,0.1858669833413192,0.192750945687294,16800,0.0,0.0
1982-08-05,0.0,0.20651885867118835,0.18586697280406952,0.20651885867118835,20100,0.0,0.0
1982-08-06,0.0,0.20651887037924357,0.192750945687294,0.192750945687294,33000,0.0,0.0
1982-08-09,0.0,0.18586694598197936,0.1720990240573883,0.1720990240573883,38400,0.0,0.0
1982-08-10,0.0,0.17898298501968382,0.1720990240573883,0.1720990240573883,18300,0.0,0.0
1982-08-12,0.0,0.18586686253547668,0.17209894679210805,0.18586686253547668,27000,0.0,0.0
1982-08-16,0.0,0.20651885867118835,0.18586697280406952,0.20651885867118835,6000,0.0,0.0
1982-08-17,0.0,0.20651871788090675,0.19963476061820987,0.19963476061820984,11700,0.0,0.0
1982-08-18,0.0,0.20651871788090675,0.19963476061820987,0.19963476061820984,14700,0.0,0.0
1982-08-19,0.0,0.192750945687294,0.1858669833413192,0.192750945687294,27000,0.0,0.0
1982-08-20,0.192750945687294,0.192750945687294,0.192750945687294,0.192750945687294,0,0.0,0.0
1982-08-23,0.0,0.20651871788090675,0.18586684609281606,0.19963476061820984,7800,0.0,0.0
1982-08-24,0.0,0.21340273320674893,0.19275086699091604,0.21340273320674896,16500,0.0,0.0
1982-08-25,0.0,0.22028670513247547,0.20651878606169574,0.21340273320674896,52200,0.0,0.0
1982-08-26,0.0,0.22717065227752867,0.21340273320674893,0.21340273320674896,47400,0.0,0.0
1982-08-27,0.0,0.21340273320674893,0.21340273320674893,0.21340273320674896,900,0.0,0.0
1982-08-30,0.0,0.21340273320674893,0.19275086699091604,0.21340273320674896,19800,0.0,0.0
1982-08-31,0.0,0.21340273320674893,0.21340273320674893,0.21340273320674896,5100,0.0,0.0
1982-09-01,0.0,0.20651885867118835,0.1996348967154821,0.20651885867118835,7800,0.0,0.0
1982-09-02,0.0,0.19963476061820987,0.19963476061820987,0.19963476061820984,300,0.0,0.0
1982-09-03,0.0,0.20651885867118835,0.20651885867118835,0.20651885867118835,300,0.0,0.0
1982-09-07,0.0,0.22717072069644925,0.20651884826071787,0.22717072069644928,33300,0.0,0.0
1982-09-08,0.0,0.22717072069644925,0.22028677147809905,0.22717072069644928,2400,0.0,0.0
1982-09-09,0.0,0.22028670513247547,0.21340273320674893,0.21340273320674896,22200,0.0,0.0
1982-09-10,0.21340273320674893,0.21340273320674893,0.21340273320674893,0.21340273320674896,0,0.0,0.0
1982-09-13,0.0,0.22028671205043793,0.2134027399085247,0.22028671205043793,33300,0.0,0.0
1982-09-14,0.0,0.22717065227752867,0.21340273320674893,0.21340273320674896,15900,0.0,0.0
1982-09-15,0.0,0.22028670513247547,0.21340273320674893,0.21340273320674896,27300,0.0,0.0
1982-09-16,0.0,0.22028670513247547,0.21340273320674893,0.21340273320674896,33300,0.0,0.0
1982-09-17,0.0,0.22028670513247547,0.20651878606169574,0.21340273320674896,25500,0.0,0.0
1982-09-20,0.0,0.21340273320674893,0.20651878606169574,0.21340273320674896,900,0.0,0.0
1982-09-22,0.0,0.20651885867118835,0.1996348967154821,0.20651885867118835,6000,0.0,0.0
1982-09-23,0.0,0.21340273320674893,0.1996348265263059,0.21340273320674896,19800,0.0,0.0
1982-09-27,0.0,0.22028671205043793,0.22028671205043793,0.22028671205043793,5100,0.0,0.0
1982-09-28,0.0,0.21340273320674893,0.20651878606169574,0.21340273320674896,8700,0.0,0.0
1982-09-29,0.0,0.22028671205043793,0.22028671205043793,0.22028671205043793,14700,0.0,0.0
1982-09-30,0.0,0.22028678258260093,0.20651885867118835,0.20651885867118835,8100,0.0,0.0
1982-10-04,0.0,0.21340273320674893,0.1996348265263059,0.21340273320674896,7500,0.0,0.0
1982-10-05,0.0,0.22028671205043793,0.2134027399085247,0.22028671205043793,7800,0.0,0.0
1982-10-08,0.0,0.22028670513247547,0.21340273320674893,0.21340273320674896,8700,0.0,0.0
1982-10-12,0.0,0.2615906140870518,0.22028683291541204,0.24782268702983856,203400,0.0,0.0
1982-10-13,0.0,0.25470663816810135,0.24782268702983853,0.24782268702983856,27600,0.0,0.0
1982-10-14,0.0,0.25470663816810135,0.24782268702983853,0.24782268702983856,29700,0.0,0.0
1982-10-15,0.0,0.2684744596481323,0.24782258957397352,0.2684744596481323,41400,0.0,0.0
1982-10-18,0.0,0.27535852789878845,0.2684745523109755,0.27535852789878845,74400,0.0,0.0
1982-10-19,0.0,0.3028942279296085,0.28224233636225277,0.29601025581359863,255900,0.0,0.0
1982-10-20,0.0,0.3441979725231105,0.2960102439795385,0.32354608178138733,146100,0.0,0.0
1982-10-21,0.0,0.33042998935865314,0.3097781026334033,0.316662073135376,99600,0.0,0.0
1982-10-22,0.0,0.32354608178138733,0.31666213472126165,0.32354608178138733,41700,0.0,0.0
1982-10-25,0.0,0.3166622473958725,0.30977827310562134,0.30977827310562134,24300,0.0,0.0
1982-10-26,0.0,0.30977827310562134,0.302894323596052,0.30977827310562134,98100,0.0,0.0
1982-10-27,0.0,0.3166622473958725,0.302894323596052,0.30977827310562134,11100,0.0,0.0
1982-10-28,0.0,0.30977827310562134,0.30977827310562134,0.30977827310562134,7800,0.0,0.0
1982-10-29,0.0,0.3166621473809544,0.29601025581359863,0.29601025581359863,30900,0.0,0.0
1982-11-01,0.0,0.3028942279296085,0.29601025581359863,0.29601025581359863,14700,0.0,0.0
1982-11-02,0.0,0.3166622473958725,0.2960103493058008,0.30977827310562134,18600,0.0,0.0
1982-11-03,0.0,0.3166622473958725,0.302894323596052,0.30977827310562134,159900,0.0,0.0
1982-11-04,0.0,0.3097783650234051,0.29601043713834957,0.3028944134712219,628800,0.0,0.0
1982-11-05,0.0,0.316662073135376,0.3097781026334033,0.316662073135376,50700,0.0,0.0
1982-11-08,0.0,0.32354601885668044,0.30289415691209876,0.316662073135376,79800,0.0,0.0
1982-11-09,0.0,0.32354601885668044,0.3097781026334033,0.316662073135376,33300,0.0,0.0
1982-11-10,0.0,0.3304300536221861,0.31666213472126165,0.32354608178138733,139800,0.0,0.0
1982-11-11,0.0,0.33042997121810913,0.3166620557506879,0.33042997121810913,18300,0.0,0.0
1982-11-12,0.0,0.3304300536221861,0.32354608178138733,0.32354608178138733,22500,0.0,0.0
1982-11-15,0.0,0.32354608178138733,0.31666213472126165,0.32354608178138733,17100,0.0,0.0
1982-11-16,0.0,0.31666234135627747,0.3028944134712219,0.3028944134712219,38400,0.0,0.0
1982-11-17,0.0,0.3097783650234051,0.3028944134712219,0.3028944134712219,17100,0.0,0.0
1982-11-18,0.0,0.30977827310562134,0.302894323596052,0.30977827310562134,7500,0.0,0.0
1982-11-22,0.0,0.32354601885668044,0.316662073135376,0.316662073135376,3600,0.0,0.0
1982-11-23,0.0,0.32354601885668044,0.316662073135376,0.316662073135376,10800,0.0,0.0
1982-11-24,0.0,0.32354601885668044,0.316662073135376,0.316662073135376,8100,0.0,0.0
1982-11-26,0.0,0.33042997121810913,0.33042997121810913,0.33042997121810913,10800,0.0,0.0
1982-11-29,0.0,0.33042998935865314,0.316662073135376,0.316662073135376,146100,0.0,0.0
1982-11-30,0.0,0.3373139165614863,0.32354600109406506,0.33042997121810913,56100,0.0,0.0
1982-12-01,0.0,0.35796597599983215,0.33043013169215274,0.35796597599983215,74400,0.0,0.0
1982-12-02,0.0,0.3648498804368553,0.3373140394687652,0.33731403946876526,41700,0.0,0.0
1982-12-03,0.0,0.3441980481147766,0.3441980481147766,0.3441980481147766,24300,0.0,0.0
1982-12-06,0.0,0.3510819971561432,0.34419804857498276,0.3510819971561432,14700,0.0,0.0
1982-12-07,0.0,0.3992698160665376,0.35108206725437235,0.385501891374588,257700,0.0,0.0
1982-12-08,0.0,0.385501891374588,0.3786179166382715,0.385501891374588,20100,0.0,0.0
1982-12-09,0.0,0.37861788272857666,0.364849959269707,0.37861788272857666,11700,0.0,0.0
1982-12-10,0.0,0.3786178468402523,0.35796597599983215,0.35796597599983215,30600,0.0,0.0
1982-12-13,0.0,0.35796597051798207,0.3510819971561432,0.3510819971561432,7500,0.0,0.0
1982-12-14,0.0,0.35796597051798207,0.3510819971561432,0.3510819971561432,18300,0.0,0.0
1982-12-15,0.0,0.3510819971561432,0.3510819971561432,0.3510819971561432,7500,0.0,0.0
1982-12-16,0.0,0.3441978866855303,0.33042997121810913,0.33042997121810913,27300,0.0,0.0
1982-12-17,0.0,0.3510819971561432,0.3373140752131438,0.3510819971561432,37800,0.0,0.0
1982-12-20,0.0,0.38550185684835214,0.35108203581083725,0.37861788272857666,123600,0.0,0.0
1982-12-21,0.0,0.3786178410421418,0.3510819971561432,0.3510819971561432,27600,0.0,0.0
1982-12-22,0.0,0.385501891374588,0.3579660419906889,0.385501891374588,87600,0.0,0.0
1982-12-23,0.0,0.37861788272857666,0.3717339333894824,0.37861788272857666,22200,0.0,0.0
1982-12-27,0.0,0.385501891374588,0.3717339666826384,0.385501891374588,11700,0.0,0.0
1982-12-28,0.0,0.385501891374588,0.36484999194632195,0.385501891374588,24300,0.0,0.0
1982-12-29,0.0,0.3923857808113098,0.3786178582428309,0.3923857808113098,34800,0.0,0.0
1982-12-30,0.0,0.3923858413302211,0.385501891374588,0.385501891374588,38100,0.0,0.0
1982-12-31,0.0,0.385501891374588,0.3717339666826384,0.385501891374588,67500,0.0,0.0
1983-01-03,0.0,0.38550166323614316,0.3648497760295868,0.3648497760295868,76800,0.0,0.0
1983-01-04,0.0,0.37861788272857666,0.3717339333894824,0.37861788272857666,8100,0.0,0.0
1983-01-05,0.0,0.38550164081432203,0.37173372507095337,0.37173372507095337,20100,0.0,0.0
1983-01-06,0.0,0.4061537660221706,0.3786179166382715,0.385501891374588,98100,0.0,0.0
1983-01-07,0.0,0.39926952123641973,0.37861763705799645,0.3992695212364197,30000,0.0,0.0
1983-01-10,0.0,0.4061536192893982,0.38550175210279974,0.4061536192893982,45000,0.0,0.0
1983-01-11,0.0,0.40615346610878406,0.3923855515833902,0.3992695212364197,77100,0.0,0.0
1983-01-12,0.0,0.39926952123641973,0.3923855515833902,0.3992695212364197,15900,0.0,0.0
1983-01-13,0.0,0.3923857808113098,0.38550183191741016,0.3923857808113098,116400,0.0,0.0
1983-01-14,0.0,0.3923857808113098,0.3786178582428309,0.3923857808113098,27600,0.0,0.0
1983-01-17,0.0,0.4199215637880298,0.3992696718207569,0.4061536192893982,112500,0.0,0.0
1983-01-18,0.0,0.4543414413928985,0.41303769652143574,0.45434144139289856,148800,0.0,0.0
1983-01-19,0.0,0.4887611299715721,0.44057342410087585,0.44057342410087585,243300,0.0,0.0
1983-01-20,0.0,0.4749933633899915,0.4474575169552291,0.45434144139289856,122400,0.0,0.0
1983-01-21,0.0,0.4818772878276609,0.4543414413928985,0.45434144139289856,91200,0.0,0.0
1983-01-24,0.0,0.44745738219067743,0.3992696530526118,0.4268054664134979,49500,0.0,0.0
1983-01-25,0.0,0.43368959081915454,0.40615374299632945,0.4130377173423767,29700,0.0,0.0
1983-01-26,0.0,0.44057341026495095,0.419921544049118,0.4268054664134979,36600,0.0,0.0
1983-01-27,0.0,0.46122506260871887,0.4336892372356413,0.46122506260871887,72600,0.0,0.0
1983-01-28,0.0,0.48876115038312046,0.4612253102268693,0.4818771779537201,181500,0.0,0.0
1983-01-31,0.0,0.5162970423698425,0.48187722632882496,0.5162970423698425,164100,0.0,0.0
1983-02-01,0.0,0.543832892508103,0.5094130760102676,0.5369489192962646,189600,0.0,0.0
1983-02-02,0.0,0.5369489121699109,0.509413069249368,0.5162970423698425,172800,0.0,0.0
1983-02-03,0.0,0.5507169317822166,0.5162971111554876,0.5438329577445984,200100,0.0,0.0
1983-02-04,0.0,0.5507169317822166,0.5300650592307239,0.5438329577445984,198000,0.0,0.0
1983-02-07,0.0,0.5713689329996428,0.543833080209764,0.5507170557975769,103500,0.0,0.0
1983-02-08,0.0,0.5782527090059382,0.523181022433944,0.5369489192962646,185100,0.0,0.0
1983-02-09,0.0,0.5782526670173936,0.5369488803069037,0.5713686943054199,136800,0.0,0.0
1983-02-10,0.0,0.5989047311652571,0.564484905926892,0.5851368308067322,145800,0.0,0.0
1983-02-11,0.0,0.5920205116271973,0.5507167780538337,0.5920205116271973,110700,0.0,0.0
1983-02-14,0.0,0.6057881612154415,0.5851363044734279,0.5989041924476624,131100,0.0,0.0
1983-02-15,0.0,0.5989044184759058,0.5713685825740096,0.5782525539398193,101700,0.0,0.0
1983-02-16,0.0,0.585136525305629,0.5644846112081999,0.5782525539398193,61500,0.0,0.0
1983-02-17,0.0,0.5644848302960911,0.5300650592307239,0.5438329577445984,116400,0.0,0.0
1983-02-18,0.0,0.5576006174087524,0.5369487059778089,0.5576006174087524,148800,0.0,0.0
1983-02-22,0.0,0.5989044184759058,0.5644846112081999,0.5782525539398193,173100,0.0,0.0
1983-02-23,0.0,0.5782524775608663,0.5644845366477966,0.5644845366477966,30600,0.0,0.0
1983-02-24,0.0,0.5713689329996428,0.5507170557975769,0.5507170557975769,52800,0.0,0.0
1983-02-25,0.0,0.5782524775608663,0.5507166452960631,0.5644845366477966,169500,0.0,0.0
1983-02-28,0.0,0.5989041924476624,0.5713683669378695,0.5989041924476624,40500,0.0,0.0
1983-03-01,0.0,0.633324494791745,0.5989046729018528,0.6195565462112427,356400,0.0,0.0
1983-03-02,0.0,0.6195565462112427,0.5989046729018528,0.6195565462112427,81900,0.0,0.0
1983-03-03,0.0,0.619556049189676,0.5989041924476624,0.5989041924476624,21900,0.0,0.0
1983-03-04,0.0,0.5920205628799887,0.5644847215934462,0.5713686943054199,33000,0.0,0.0
1983-03-07,0.0,0.6126723289489746,0.5507166890414738,0.6126723289489746,80100,0.0,0.0
1983-03-08,0.0,0.6126721299832207,0.5920202236798832,0.5989041924476624,66000,0.0,0.0
1983-03-09,0.0,0.6195565462112427,0.5989046729018528,0.6195565462112427,68700,0.0,0.0
1983-03-10,0.0,0.6264405205014939,0.6126726214823551,0.6195565462112427,90900,0.0,0.0
1983-03-11,0.0,0.6333246827125549,0.6057888269424438,0.6057888269424438,60300,0.0,0.0
1983-03-14,0.0,0.5989044184759058,0.5782525539398193,0.5782525539398193,117900,0.0,0.0
1983-03-15,0.0,0.5782524792783599,0.5507166469317712,0.5576006174087524,49500,0.0,0.0
1983-03-16,0.0,0.5713685071043314,0.5644845366477966,0.5644845366477966,27300,0.0,0.0
1983-03-17,0.0,0.5920205116271973,0.5713686448405155,0.5920205116271973,38100,0.0,0.0
1983-03-18,0.0,0.5920205116271973,0.5851365890725353,0.5920205116271973,23700,0.0,0.0
1983-03-21,0.0,0.585136525305629,0.5782525539398193,0.5782525539398193,30900,0.0,0.0
1983-03-22,0.0,0.5782524775608663,0.5644845366477966,0.5644845366477966,27600,0.0,0.0
1983-03-23,0.0,0.5989041924476624,0.5644843981700903,0.5989041924476624,57900,0.0,0.0
1983-03-24,0.0,0.5989044184759058,0.5782525539398193,0.5782525539398193,22200,0.0,0.0
1983-03-25,0.0,0.6057881612154415,0.5507165101958559,0.5989041924476624,96000,0.0,0.0
1983-03-28,0.0,0.6057887061252037,0.5851368308067322,0.5851368308067322,44400,0.0,0.0
1983-03-29,0.0,0.5989044184759058,0.5713685825740096,0.5782525539398193,82500,0.0,0.0
1983-03-30,0.0,0.5851368308067322,0.5713688808868387,0.5851368308067322,7500,0.0,0.0
1983-03-31,0.0,0.5920205116271973,0.5851365890725353,0.5920205116271973,13500,0.0,0.0
1983-04-04,0.0,0.5920207562053104,0.5782528558467854,0.5851368308067322,13500,0.0,0.0
1983-04-05,0.0,0.5851364497553411,0.5576006174087524,0.5576006174087524,32400,0.0,0.0
1983-04-06,0.0,0.5644848302960911,0.5438329577445984,0.5438329577445984,38400,0.0,0.0
1983-04-07,0.0,0.5576010313853899,0.536949104621951,0.5507170557975769,77700,0.0,0.0
1983-04-08,0.0,0.5713686943054199,0.5438328530188774,0.5713686943054199,40800,0.0,0.0
1983-04-11,0.0,0.5782525539398193,0.5576006894037329,0.5782525539398193,25500,0.0,0.0
1983-04-12,0.0,0.5920205116271973,0.5851365890725353,0.5920205116271973,50700,0.0,0.0
1983-04-13,0.0,0.592020447110096,0.5782525539398193,0.5782525539398193,39900,0.0,0.0
1983-04-14,0.0,0.6126721299832207,0.5851363044734279,0.5989041924476624,90900,0.0,0.0
1983-04-15,0.0,0.6264402213943414,0.5989043869422678,0.6126723289489746,98400,0.0,0.0
1983-04-18,0.0,0.6264402213943414,0.5851364944969009,0.6126723289489746,60000,0.0,0.0
1983-04-19,0.0,0.6195567300468102,0.5920208742766991,0.6057888269424438,52200,0.0,0.0
1983-04-20,0.0,0.605788455859217,0.5782526169565254,0.5920205116271973,14700,0.0,0.0
1983-04-21,0.0,0.5989041924476624,0.5989041924476624,0.5989041924476624,57000,0.0,0.0
1983-04-22,0.0,0.6126728032753161,0.5920208742766991,0.6057888269424438,87300,0.0,0.0
1983-04-25,0.0,0.612672427975227,0.5920205116271973,0.5920205116271973,96600,0.0,0.0
1983-04-26,0.0,0.6057888269424438,0.5851369475052051,0.6057888269424438,30000,0.0,0.0
1983-04-27,0.0,0.6126723289489746,0.5782525234935475,0.6126723289489746,84300,0.0,0.0
1983-04-28,0.0,0.7365836113769615,0.6126723723463122,0.6815119385719299,364500,0.0,0.0
1983-04-29,0.0,0.7641197395769288,0.688396172943486,0.7572357654571533,264900,0.0,0.0
1983-05-02,0.0,0.777887251890662,0.7365834798798887,0.7434674501419067,225000,0.0,0.0
1983-05-03,0.0,0.7434674933839903,0.7296995520591736,0.7296995520591736,95100,0.0,0.0
1983-05-04,0.0,0.7503514640463987,0.7228156309581028,0.7296995520591736,96000,0.0,0.0
1983-05-05,0.0,0.7572357654571533,0.7365838926591893,0.7572357654571533,192300,0.0,0.0
1983-05-06,0.0,0.7916556596755981,0.750351910261537,0.7916556596755981,183900,0.0,0.0
1983-05-09,0.0,0.826075183077428,0.7778874764549153,0.8123072385787964,99900,0.0,0.0
1983-05-10,0.0,0.8191915067806578,0.7503519081015934,0.771003782749176,110700,0.0,0.0
1983-05-11,0.0,0.7985395089717782,0.7710036638348203,0.7847715616226196,57000,0.0,0.0
1983-05-12,0.0,0.7985390424728395,0.7710032134220518,0.7985390424728394,62100,0.0,0.0
1983-05-13,0.0,0.7985393304141528,0.777887463569641,0.7778874635696411,20100,0.0,0.0
1983-05-16,0.0,0.771003538038302,0.7296997522912888,0.764119565486908,96600,0.0,0.0
1983-05-17,0.0,0.7572357654571533,0.7434678667789648,0.7572357654571533,36600,0.0,0.0
1983-05-18,0.0,0.771003782749176,0.7434679333652768,0.771003782749176,40800,0.0,0.0
1983-05-19,0.0,0.8260751866147845,0.7916553747821645,0.8054233193397522,222900,0.0,0.0
1983-05-20,0.0,0.826075009410641,0.7916552049615296,0.819191038608551,93300,0.0,0.0
1983-05-23,0.0,0.8673788905143738,0.7985393188430596,0.8673788905143738,132600,0.0,0.0
1983-05-24,0.0,0.949986000151839,0.8811464119384832,0.9224501252174377,169500,0.0,0.0
1983-05-25,0.0,0.9155668567848281,0.8880310599114272,0.9086828827857971,56700,0.0,0.0
1983-05-26,0.0,0.922450830783859,0.8880310599114272,0.9086828827857971,121500,0.0,0.0
1983-05-27,0.0,0.9431027723020742,0.894915052434151,0.936218798160553,56700,0.0,0.0
1983-05-31,0.0,0.9499864704981877,0.860494931776012,0.8811468482017517,101400,0.0,0.0
1983-06-01,0.0,0.8604949047527223,0.8329591161725095,0.8536109328269958,87600,0.0,0.0
1983-06-02,0.0,0.888030820343665,0.860494931776012,0.8811468482017517,62100,0.0,0.0
1983-06-03,0.0,0.9224508957177441,0.8604952244879562,0.9155669212341309,124200,0.0,0.0
1983-06-06,0.0,0.9692615866661073,0.9238274095225375,0.9692615866661072,87900,0.0,1.1
1983-06-07,0.0,0.9692620246509013,0.9162554441772981,0.9238278269767761,52200,0.0,0.0
1983-06-08,0.0,0.9238269472983393,0.8859651684761047,0.8859651684761047,27900,0.0,0.0
1983-06-09,0.0,0.8935375440650812,0.8632481408318233,0.8859651684761047,27000,0.0,0.0
1983-06-10,0.0,0.9616891741752625,0.9011103394848343,0.9616891741752625,93000,0.0,0.0
1983-06-13,0.0,0.9692615114682787,0.938971996307373,0.938971996307373,41700,0.0,0.0
1983-06-14,0.0,0.9465444087982179,0.9086826126217504,0.9465444087982178,77700,0.0,0.0
1983-06-15,0.0,0.9692615866661073,0.9389720691552622,0.9692615866661072,36300,0.0,0.0
1983-06-16,0.0,1.0071229421695853,0.9692612564263858,0.9919782876968384,156300,0.0,0.0
1983-06-17,0.0,1.0374125728700674,0.9995508790016174,0.9995508790016174,131100,0.0,0.0
1983-06-20,0.0,1.0222676957649963,0.9692612564263858,0.9919782876968384,52800,0.0,0.0
1983-06-21,0.0,0.9919786256765433,0.9692615866661073,0.9692615866661072,60600,0.0,0.0
1983-06-22,0.0,0.9692616213560421,0.9086826832889258,0.9313998222351074,52200,0.0,0.0
1983-06-23,0.0,0.9541167878580501,0.9389720297383857,0.9465444087982178,58200,0.0,0.0
1983-06-24,0.0,0.9616891741752625,0.9465444159413082,0.9616891741752625,21900,0.0,0.0
1983-06-27,0.0,0.9616896418514232,0.923827826976776,0.9238278269767761,11100,0.0,0.0
1983-06-28,0.0,0.9238273552019632,0.8935379385948181,0.8935379385948181,21600,0.0,0.0
1983-06-29,0.0,0.8935380522178007,0.848103871968292,0.878393292427063,56700,0.0,0.0
1983-06-30,0.0,0.9011104321131697,0.8708210116543986,0.878393292427063,37800,0.0,0.0
1983-07-01,0.0,0.878393292427063,0.878393292427063,0.878393292427063,1800,0.0,0.0
1983-07-05,0.0,0.8859651684761047,0.8632481408318233,0.8859651684761047,30600,0.0,0.0
1983-07-06,0.0,0.923827826976776,0.8708213456259155,0.9238278269767761,76500,0.0,0.0
1983-07-07,0.0,0.946544553346886,0.9011104702949524,0.9011104702949524,41400,0.0,0.0
1983-07-08,0.0,0.9086825973370447,0.8708209009201323,0.8935379385948181,33000,0.0,0.0
1983-07-11,0.0,0.8783933633927722,0.8481039404869081,0.848103940486908,38100,0.0,0.0
1983-07-12,0.0,0.8481038958082535,0.8329592347145082,0.8329592347145081,17100,0.0,0.0
1983-07-13,0.0,0.8178141954939842,0.7799524092869291,0.8102418184280396,87600,0.0,0.0
1983-07-14,0.0,0.8632484674453736,0.8178143454053028,0.8632484674453735,66000,0.0,0.0
1983-07-15,0.0,0.9313998222351074,0.8783932638167182,0.9313998222351074,93000,0.0,0.0
1983-07-18,0.0,0.9314000267194162,0.8632487931640049,0.9086828827857971,79800,0.0,0.0
1983-07-19,0.0,0.9162552640970034,0.9011106005973137,0.9086828827857971,27900,0.0,0.0
1983-07-20,0.0,0.9162552640970034,0.8935382192861073,0.9086828827857971,30000,0.0,0.0
1983-07-21,0.0,0.9238276454082098,0.9011106005973137,0.9086828827857971,11700,0.0,0.0
1983-07-22,0.0,0.9541167538878258,0.9086825802691574,0.938971996307373,138000,0.0,0.0
1983-07-25,0.0,0.9389722186956976,0.9086827954836659,0.9162551760673523,50700,0.0,0.0
1983-07-26,0.0,0.9162549762695039,0.8935379385948181,0.8935379385948181,123300,0.0,0.0
1983-07-27,0.0,0.9086827128858339,0.878393292427063,0.878393292427063,57000,0.0,0.0
1983-07-28,0.0,0.878393125230721,0.8632484674453736,0.8632484674453735,27000,0.0,0.0
1983-07-29,0.0,0.8783931514773282,0.8481037358788924,0.8556761145591736,65400,0.0,0.0
1983-08-01,0.0,0.8632484932394546,0.8481037358788924,0.8556761145591736,7500,0.0,0.0
1983-08-02,0.0,0.8481039404869081,0.8253868980881881,0.848103940486908,67800,0.0,0.0
1983-08-03,0.0,0.8556761145591736,0.8405314563213,0.8556761145591736,15900,0.0,0.0
1983-08-04,0.0,0.8632485668513712,0.8253867693440597,0.8405315279960632,52800,0.0,0.0
1983-08-05,0.0,0.8253865587515021,0.8178142309188843,0.8178142309188843,27000,0.0,0.0
1983-08-08,0.0,0.802669635844996,0.7723801716738053,0.7875248789787292,32400,0.0,0.0
1983-08-09,0.0,0.7875248805413028,0.7723801732063293,0.7723801732063293,33600,0.0,0.0
1983-08-10,0.0,0.8253867030143738,0.7648078715199875,0.8253867030143738,41700,0.0,0.0
1983-08-11,0.0,0.878393125230721,0.8178143454053028,0.8632484674453735,76800,0.0,0.0
1983-08-12,0.0,0.8708214163780212,0.8632490329633057,0.8708214163780212,5400,0.0,0.0
1983-08-15,0.0,0.8632484932394546,0.8556761145591736,0.8556761145591736,17100,0.0,0.0
1983-08-16,0.0,0.8632487015011964,0.8481039404869081,0.848103940486908,21600,0.0,0.0
1983-08-17,0.0,0.8481035550737608,0.8102418184280397,0.8102418184280396,21600,0.0,0.0
1983-08-18,0.0,0.8178141954939842,0.8026694909234289,0.8102418184280396,27000,0.0,0.0
1983-08-19,0.0,0.8102419733078546,0.7875248873289261,0.8026696443557739,74400,0.0,0.0
1983-08-22,0.0,0.8178142309188843,0.8026695256923124,0.8178142309188843,14700,0.0,0.0
1983-08-23,0.0,0.8178143518212786,0.802669644355774,0.8026696443557739,12600,0.0,0.0
1983-08-24,0.0,0.8329590817318443,0.8102419951407772,0.8253867030143738,22500,0.0,0.0
1983-08-25,0.0,0.832958936145456,0.8102418535249304,0.8178142309188843,27000,0.0,0.0
1983-08-26,0.0,0.8253867030143738,0.78752490854971,0.8253867030143738,27900,0.0,0.0
1983-08-29,0.0,0.8405316148227345,0.8253868546062818,0.8329592347145081,30000,0.0,0.0
1983-08-30,0.0,0.8632487015011964,0.8253868980881881,0.848103940486908,66900,0.0,0.0
1983-08-31,0.0,0.8556763209940522,0.8405316591024765,0.848103940486908,30000,0.0,0.0
1983-09-01,0.0,0.8405316148227345,0.8178145240594091,0.8329592347145081,32400,0.0,0.0
1983-09-02,0.0,0.8481039404869081,0.8329592785953323,0.848103940486908,27300,0.0,0.0
1983-09-06,0.0,0.8935379385948181,0.8481037641227545,0.8935379385948181,172200,0.0,0.0
1983-09-07,0.0,0.8935384674994172,0.8632490329633057,0.8708214163780212,35100,0.0,0.0
1983-09-08,0.0,0.9313998222351074,0.8708209832906925,0.9313998222351074,188700,0.0,0.0
1983-09-09,0.0,0.9465448762524673,0.923827826976776,0.9238278269767761,137700,0.0,0.0
1983-09-12,0.0,0.9465444824098604,0.9086826832889258,0.9313998222351074,63300,0.0,0.0
1983-09-13,0.0,0.931400209776254,0.9162554441772981,0.9238278269767761,33000,0.0,0.0
1983-09-14,0.0,0.923827826976776,0.9086830613778201,0.9238278269767761,43800,0.0,0.0
1983-09-15,0.0,0.9313998222351074,0.9162550629376529,0.9313998222351074,36300,0.0,0.0
1983-09-16,0.0,0.9616891669178823,0.9313997498012471,0.9465444087982178,56700,0.0,0.0
1983-09-19,0.0,0.9919788810200502,0.9541170735082516,0.9768341183662415,147300,0.0,0.0
1983-09-20,0.0,0.9768338332865223,0.9541167950582853,0.9616891741752625,57900,0.0,0.0
1983-09-21,0.0,0.9616891326780522,0.938971996307373,0.938971996307373,62100,0.0,0.0
1983-09-22,0.0,0.9616891741752625,0.9389720368243311,0.9616891741752625,33000,0.0,0.0
1983-09-23,0.0,0.9768338669211207,0.9465444485329735,0.9692615866661072,132300,0.0,0.0
1983-09-26,0.0,1.0146952867507935,0.9768335030870386,1.0146952867507935,124200,0.0,0.0
1983-09-27,0.0,0.9995506644945439,0.9692612564263858,0.9919782876968384,154200,0.0,0.0
1983-09-28,0.0,0.984406246298832,0.9389720691552622,0.9692615866661072,274800,0.0,0.0
1983-09-29,0.0,0.9692615532922396,0.9616891741752625,0.9616891741752625,27300,0.0,0.0
1983-09-30,0.0,0.9692616213560421,0.9313998222351074,0.9313998222351074,27300,0.0,0.0
1983-10-03,0.0,0.9616891741752625,0.9389720368243311,0.9616891741752625,22500,0.0,0.0
1983-10-04,0.0,0.9768344093560518,0.9541173577308654,0.9541173577308655,57000,0.0,0.0
1983-10-05,0.0,0.9616897413135118,0.9389725905655725,0.9541173577308655,412500,0.0,0.0
1983-10-06,0.0,0.9692615866661073,0.9541168279106848,0.9692615866661072,58200,0.0,0.0
1983-10-07,0.0,0.9692615866661073,0.9541168279106848,0.9692615866661072,21600,0.0,0.0
1983-10-10,0.0,0.9768338669211207,0.9692615866661073,0.9692615866661072,40500,0.0,0.0
1983-10-11,0.0,1.0222679151472245,0.9768337437333251,0.9995508790016174,189300,0.0,0.0
1983-10-12,0.0,1.0222676633080767,1.0071229101935104,1.0146952867507935,234300,0.0,0.0
1983-10-13,0.0,1.0374133586883545,1.0222686894937507,1.0374133586883545,77700,0.0,0.0
1983-10-14,0.0,1.0449850087059767,1.029840350151062,1.029840350151062,51300,0.0,0.0
1983-10-17,0.0,1.044985096164494,1.0222680568695068,1.0222680568695068,45000,0.0,0.0
1983-10-18,0.0,1.0449849512928315,0.9919785005788534,0.9995508790016174,45600,0.0,0.0
1983-10-19,0.0,0.9995506644945439,0.9768335341014274,0.9919782876968384,24300,0.0,0.0
1983-10-20,0.0,0.9919786256765433,0.9238274095225375,0.9692615866661072,54600,0.0,0.0
1983-10-21,0.0,0.9616892417073148,0.9238274425863802,0.9313998222351074,41700,0.0,0.0
1983-10-24,0.0,0.9238276454082098,0.908682882785797,0.9086828827857971,40800,0.0,0.0
1983-10-25,0.0,0.9238279020355288,0.8708214163780212,0.8708214163780212,252000,0.0,0.0
1983-10-26,0.0,0.9086825973370447,0.8708209009201323,0.8935379385948181,30600,0.0,0.0
1983-10-27,0.0,0.908682882785797,0.885965837974901,0.9086828827857971,36600,0.0,0.0
1983-10-28,0.0,0.9238273552019632,0.8935379385948181,0.8935379385948181,18300,0.0,0.0
1983-10-31,0.0,0.8783937006699861,0.8708214163780212,0.8708214163780212,10800,0.0,0.0
1983-11-01,0.0,0.8859651684761047,0.8632481408318233,0.8859651684761047,43500,0.0,0.0
1983-11-02,0.0,0.908682882785797,0.8783934566636946,0.9086828827857971,90900,0.0,0.0
1983-11-03,0.0,0.9389724934529894,0.9011107777010847,0.9238278269767761,39900,0.0,0.0
1983-11-04,0.0,0.9389721027611332,0.9162550629376529,0.9313998222351074,29700,0.0,0.0
1983-11-07,0.0,0.938971996307373,0.9238273378496102,0.938971996307373,48600,0.0,0.0
1983-11-08,0.0,0.938971996307373,0.9313997166398367,0.938971996307373,297600,0.0,0.0
1983-11-09,0.0,0.9389721731306608,0.8935380900787272,0.9011104702949524,129300,0.0,0.0
1983-11-10,0.0,0.9011103175272774,0.8935379385948181,0.8935379385948181,38100,0.0,0.0
1983-11-11,0.0,0.9086831352060977,0.8708214163780212,0.8708214163780212,50700,0.0,0.0
1983-11-14,0.0,0.878393292427063,0.8632486317590298,0.878393292427063,36600,0.0,0.0
1983-11-15,0.0,0.878393292427063,0.8708210116543986,0.878393292427063,21900,0.0,0.0
1983-11-16,0.0,0.8708210820083406,0.8329592785953323,0.848103940486908,33600,0.0,0.0
1983-11-17,0.0,0.8405316148227345,0.8329592347145082,0.8329592347145081,8100,0.0,0.0
1983-11-18,0.0,0.8481038958082535,0.8253868546062818,0.8329592347145081,444900,0.0,0.0
1983-11-21,0.0,0.8935379385948181,0.8405314843129872,0.8935379385948181,136500,0.0,0.0
1983-11-22,0.0,0.8935375440650812,0.8859651684761047,0.8859651684761047,44400,0.0,0.0
1983-11-23,0.0,0.8935375440650812,0.8708205164207999,0.8859651684761047,153000,0.0,0.0
1983-11-25,0.0,0.8859656723224318,0.878393292427063,0.878393292427063,18600,0.0,0.0
1983-11-28,0.0,0.878393125230721,0.8632484674453736,0.8632484674453735,52800,0.0,0.0
1983-11-29,0.0,0.878393125230721,0.8481037105373405,0.8632484674453735,195900,0.0,0.0
1983-11-30,0.0,0.8708209461773728,0.8405315279960632,0.8405315279960632,124200,0.0,0.0
1983-12-01,0.0,0.8481039404869081,0.8405316591024765,0.848103940486908,22500,0.0,0.0
1983-12-02,0.0,0.8481039404869081,0.8481039404869081,0.848103940486908,13500,0.0,0.0
1983-12-05,0.0,0.8632484674453736,0.8405314312060096,0.8632484674453735,13200,0.0,0.0
1983-12-06,0.0,0.8632487015011964,0.8481039404869081,0.848103940486908,27000,0.0,0.0
1983-12-07,0.0,0.8708214163780212,0.8481042661338745,0.8708214163780212,52200,0.0,0.0
1983-12-08,0.0,0.8708208458993901,0.8632484674453736,0.8632484674453735,52800,0.0,0.0
1983-12-09,0.0,0.8556763209940522,0.8481039404869081,0.848103940486908,11400,0.0,0.0
1983-12-12,0.0,0.8708208458993901,0.8405314312060096,0.8632484674453735,22200,0.0,0.0
1983-12-13,0.0,0.8556762759164799,0.8102421439511828,0.8329592347145081,34800,0.0,0.0
1983-12-14,0.0,0.832958936145456,0.8178142309188843,0.8178142309188843,73200,0.0,0.0
1983-12-15,0.0,0.8178143781807097,0.7875249127120805,0.795097291469574,62100,0.0,0.0
1983-12-16,0.0,0.8026696702270675,0.7875249127120805,0.795097291469574,33600,0.0,0.0
1983-12-19,0.0,0.7950972936931704,0.7799525856971741,0.7799525856971741,30600,0.0,0.0
1983-12-20,0.0,0.8026701877864091,0.7496636509895325,0.7496636509895325,40800,0.0,0.0
1983-12-21,0.0,0.7269463619488308,0.6890846022073199,0.7118016481399536,84300,0.0,0.0
1983-12-22,0.0,0.7875248789787292,0.6966566351491857,0.7875248789787292,87900,0.0,0.0
1983-12-23,0.0,0.8102418184280397,0.7950971138574844,0.8102418184280396,13200,0.0,0.0
1983-12-27,0.0,0.8178141954939842,0.8026694909234289,0.8102418184280396,29700,0.0,0.0
1983-12-28,0.0,0.802669644355774,0.7950972658423501,0.8026696443557739,2100,0.0,0.0
1983-12-29,0.0,0.8026696702270675,0.795097291469574,0.795097291469574,8700,0.0,0.0
1983-12-30,0.0,0.795097291469574,0.7648078755622898,0.795097291469574,77700,0.0,0.0
1984-01-03,0.0,0.8102418184280397,0.7875247367915399,0.8102418184280396,22200,0.0,0.0
1984-01-04,0.0,0.8329590817318443,0.8102419951407772,0.8253867030143738,61500,0.0,0.0
1984-01-05,0.0,0.8708214163780212,0.8405319818419096,0.8708214163780212,87300,0.0,0.0
1984-01-06,0.0,0.878393125230721,0.8632484674453736,0.8632484674453735,68700,0.0,0.0
1984-01-09,0.0,0.8935375440650812,0.8632481408318233,0.8859651684761047,29700,0.0,0.0
1984-01-10,0.0,0.9011103175272774,0.8935379385948181,0.8935379385948181,37800,0.0,0.0
1984-01-11,0.0,0.9011102875181717,0.8556761145591736,0.8556761145591736,39900,0.0,0.0
1984-01-12,0.0,0.8632484674453736,0.8481037105373405,0.8632484674453735,22500,0.0,0.0
1984-01-13,0.0,0.8859657438999163,0.8481039404869081,0.848103940486908,25500,0.0,0.0
1984-01-16,0.0,0.8481037171909446,0.802669644355774,0.8026696443557739,19800,0.0,0.0
1984-01-17,0.0,0.8178141954939842,0.8102418184280397,0.8102418184280396,43500,0.0,0.0
1984-01-18,0.0,0.8405316148227345,0.8178145240594091,0.8329592347145081,24300,0.0,0.0
1984-01-19,0.0,0.8632484932394546,0.8405314563213,0.8556761145591736,12600,0.0,0.0
1984-01-20,0.0,0.8632484932394546,0.8405314563213,0.8556761145591736,40500,0.0,0.0
1984-01-23,0.0,0.8556763209940522,0.8329592785953323,0.848103940486908,24300,0.0,0.0
1984-01-24,0.0,0.8481038081993677,0.8253867693440597,0.8405315279960632,15900,0.0,0.0
1984-01-25,0.0,0.8481039404869081,0.8405316591024765,0.848103940486908,8100,0.0,0.0
1984-01-26,0.0,0.8556763209940522,0.8481039404869081,0.848103940486908,8100,0.0,0.0
1984-01-27,0.0,0.8632484674453736,0.8481037105373405,0.8632484674453735,7500,0.0,0.0
1984-01-30,0.0,0.8935379850326808,0.8405315279960632,0.8405315279960632,47100,0.0,0.0
1984-01-31,0.0,0.8329590817318443,0.8253867030143738,0.8253867030143738,27300,0.0,0.0
1984-02-01,0.0,0.8405316148227345,0.8253868546062818,0.8329592347145081,38100,0.0,0.0
1984-02-02,0.0,0.8178143518212786,0.7875248873289261,0.8026696443557739,120600,0.0,0.0
1984-02-03,0.0,0.8026696724718411,0.7648078777011776,0.7799525856971741,67500,0.0,0.0
1984-02-06,0.0,0.7799527703196059,0.7648080587387085,0.7648080587387085,27000,0.0,0.0
1984-02-07,0.0,0.7648076018232148,0.7345181967570803,0.7420905232429504,45600,0.0,0.0
1984-02-08,0.0,0.7496628992901476,0.7345181967570803,0.7420905232429504,120600,0.0,0.0
1984-02-09,0.0,0.7269459083662786,0.6890841722488403,0.6890841722488403,37800,0.0,0.0
1984-02-10,0.0,0.6966565847396851,0.6663671723215543,0.6966565847396851,66000,0.0,0.0
1984-02-13,0.0,0.711801353658563,0.6663672310286134,0.6815119385719299,30000,0.0,0.0
1984-02-14,0.0,0.6815118184645035,0.6512224087159775,0.6663671135902405,16500,0.0,0.0
1984-02-15,0.0,0.666367295643614,0.6512225866317749,0.6512225866317749,25500,0.0,0.0
1984-02-16,0.0,0.6512225866317749,0.6209331686080969,0.6512225866317749,37800,0.0,0.0
1984-02-17,0.0,0.6512226235042129,0.6057884938962006,0.6436502933502197,167700,0.0,0.0
1984-02-21,0.0,0.6436500792418552,0.6360777020454407,0.6360777020454407,30900,0.0,0.0
1984-02-22,0.0,0.6436506666980026,0.6133611798286438,0.6133611798286438,123300,0.0,0.0
1984-02-23,0.0,0.6209335327148438,0.6057888148223537,0.6209335327148438,45000,0.0,0.0
1984-02-24,0.0,0.7193741912755213,0.6360782218517503,0.704229474067688,93300,0.0,0.0
1984-02-27,0.0,0.7420905232429504,0.7042287916909458,0.7420905232429504,87300,0.0,0.0
1984-02-28,0.0,0.7648080587387085,0.7420909665866842,0.7648080587387085,50700,0.0,0.0
1984-02-29,0.0,0.7648078225844832,0.7269460305423705,0.7345184087753296,41700,0.0,0.0
1984-03-01,0.0,0.7648083687084434,0.7269465496304777,0.7496636509895325,90600,0.0,0.0
1984-03-02,0.0,0.7950972574118625,0.7572354643688815,0.7875248789787292,60000,0.0,0.0
1984-03-05,0.0,0.795097291469574,0.7799525835159319,0.795097291469574,56700,0.0,0.0
1984-03-06,0.0,0.802669635844996,0.7799525501069386,0.7875248789787292,55200,0.0,0.0
1984-03-07,0.0,0.7799523043562822,0.7420905232429504,0.7420905232429504,60600,0.0,0.0
1984-03-08,0.0,0.7648078225844832,0.7269460305423705,0.7345184087753296,56100,0.0,0.0
1984-03-09,0.0,0.7496631156799064,0.7269460305423705,0.7345184087753296,32400,0.0,0.0
1984-03-12,0.0,0.7420910067073961,0.7269462943077089,0.7269462943077087,7500,0.0,0.0
1984-03-13,0.0,0.7496636509895325,0.7118018319115668,0.7496636509895325,76800,0.0,0.0
1984-03-14,0.0,0.7572357654571533,0.7193740069211131,0.7572357654571533,58200,0.0,0.0
1984-03-15,0.0,0.7799528602278674,0.7420910521304648,0.7572357654571533,67800,0.0,0.0
1984-03-16,0.0,0.7648081469011788,0.7572357654571533,0.7572357654571533,25500,0.0,0.0
1984-03-19,0.0,0.7648076018232148,0.7420905232429504,0.7420905232429504,19800,0.0,0.0
1984-03-20,0.0,0.7345187436339513,0.7118016481399536,0.7118016481399536,22200,0.0,0.0
1984-03-21,0.0,0.7269465250987504,0.6815123734752504,0.704229474067688,1457700,0.0,0.0
1984-03-22,0.0,0.7118016481399536,0.704229316016197,0.7118016481399536,307200,0.0,0.0
1984-03-23,0.0,0.7118016481399536,0.704229316016197,0.7118016481399536,16800,0.0,0.0
1984-03-26,0.0,0.7118016481399536,0.6966569343310764,0.7118016481399536,15900,0.0,0.0
1984-03-27,0.0,0.7118016481399536,0.704229316016197,0.7118016481399536,5700,0.0,0.0
1984-03-29,0.0,0.7193740298250741,0.704229316016197,0.7118016481399536,17100,0.0,0.0
1984-03-30,0.0,0.7193740298250741,0.704229316016197,0.7118016481399536,67500,0.0,0.0
1984-04-02,0.0,0.7193736433982849,0.7118012657808274,0.7193736433982849,5400,0.0,0.0
1984-04-03,0.0,0.7118018078909171,0.704229474067688,0.704229474067688,37800,0.0,0.0
1984-04-04,0.0,0.7118018078909171,0.704229474067688,0.704229474067688,5700,0.0,0.0
1984-04-05,0.0,0.7193740298250741,0.704229316016197,0.7118016481399536,16800,0.0,0.0
1984-04-06,0.0,0.7118016481399536,0.704229316016197,0.7118016481399536,2400,0.0,0.0
1984-04-09,0.0,0.7118016481399536,0.7118016481399536,0.7118016481399536,5700,0.0,0.0
1984-04-10,0.0,0.7193740298250741,0.704229316016197,0.7118016481399536,7800,0.0,0.0
1984-04-11,0.0,0.7193741912755213,0.704229474067688,0.704229474067688,13500,0.0,0.0
1984-04-12,0.0,0.7269462943077089,0.6966568695083342,0.7269462943077087,30000,0.0,0.0
1984-04-13,0.0,0.7269463619488308,0.7118016481399536,0.7118016481399536,2100,0.0,0.0
1984-04-16,0.0,0.7118016481399536,0.7118016481399536,0.7118016481399536,900,0.0,0.0
1984-04-17,0.0,0.7193736433982849,0.7118012657808274,0.7193736433982849,14700,0.0,0.0
1984-04-18,0.0,0.7118012909487504,0.6966565847396851,0.6966565847396851,15900,0.0,0.0
1984-04-19,0.0,0.7193736433982849,0.7118012657808274,0.7193736433982849,12600,0.0,0.0
1984-04-23,0.0,0.7193740298250741,0.7118016481399536,0.7118016481399536,7800,0.0,0.0
1984-04-24,0.0,0.7193740298250741,0.7118016481399536,0.7118016481399536,19800,0.0,0.0
1984-04-25,0.0,0.7193740298250741,0.7118016481399536,0.7118016481399536,25500,0.0,0.0
1984-04-26,0.0,0.7193736433982849,0.7118012657808274,0.7193736433982849,7500,0.0,0.0
1984-04-27,0.0,0.7193736433982849,0.7118012657808274,0.7193736433982849,3600,0.0,0.0
1984-04-30,0.0,0.7193740298250741,0.7118016481399536,0.7118016481399536,2400,0.0,0.0
1984-05-02,0.0,0.7193741912755213,0.704229474067688,0.704229474067688,11400,0.0,0.0
1984-05-03,0.0,0.7042289626248873,0.6966565847396851,0.6966565847396851,16500,0.0,0.0
1984-05-04,0.0,0.7118016481399536,0.6966569343310764,0.7118016481399536,11400,0.0,0.0
1984-05-07,0.0,0.7118016481399536,0.7118016481399536,0.7118016481399536,300,0.0,0.0
1984-05-08,0.0,0.7269462943077089,0.7042292504888575,0.7269462943077087,20100,0.0,0.0
1984-05-09,0.0,0.7193741912755213,0.704229474067688,0.704229474067688,16500,0.0,0.0
1984-05-10,0.0,0.6966564996477947,0.6815117952885528,0.6890841722488403,17100,0.0,0.0
1984-05-11,0.0,0.6966564996477947,0.6890841722488403,0.6890841722488403,11400,0.0,0.0
1984-05-14,0.0,0.68908431712426,0.6815119385719299,0.6815119385719299,8100,0.0,0.0
1984-05-15,0.0,0.6890841722488403,0.6815117952885528,0.6890841722488403,13500,0.0,0.0
1984-05-16,0.0,0.68908431712426,0.6815119385719299,0.6815119385719299,7500,0.0,0.0
1984-05-17,0.0,0.6815119385719299,0.6739396095809435,0.6815119385719299,5400,0.0,0.0
1984-05-18,0.0,0.68908431712426,0.6815119385719299,0.6815119385719299,13200,0.0,0.0
1984-05-21,0.0,0.68908431712426,0.6815119385719299,0.6815119385719299,7800,0.0,0.0
1984-05-22,0.0,0.6815118184645035,0.6663671135902405,0.6663671135902405,67800,0.0,0.0
1984-05-23,0.0,0.6739394908080394,0.6663671135902405,0.6663671135902405,18600,0.0,0.0
1984-05-24,0.0,0.6815120046554529,0.6512225866317749,0.6512225866317749,36600,0.0,0.0
1984-05-25,0.0,0.6436500792418552,0.628505324849026,0.6360777020454407,37800,0.0,0.0
1984-05-29,0.0,0.6360777020454407,0.6209329972139461,0.6360777020454407,18600,0.0,0.0
1984-05-30,0.0,0.6285058984826334,0.6133611798286438,0.6133611798286438,16500,0.0,0.0
1984-05-31,0.0,0.6133611798286438,0.605788845282339,0.6133611798286438,7800,0.0,0.0
1984-06-01,0.0,0.6360777020454407,0.6133606200175314,0.6360777020454407,13500,0.0,0.0
1984-06-04,0.0,0.6436506343342674,0.6209335327148438,0.6209335327148438,13200,0.0,0.0
1984-06-05,0.0,0.6285058668804,0.6209335327148438,0.6209335327148438,7500,0.0,0.0
1984-06-06,0.0,0.6360777020454407,0.6209329972139461,0.6360777020454407,19800,0.0,0.0
1984-06-07,0.0,0.6436502933502197,0.6285055339195312,0.6436502933502197,2100,0.0,0.0
1984-06-08,0.0,0.6360777020454407,0.6360777020454407,0.6360777020454407,300,0.0,0.0
1984-06-11,0.0,0.6360777020454407,0.6360777020454407,0.6360777020454407,2100,0.0,0.0
1984-06-12,0.0,0.6285058668804,0.6209335327148438,0.6209335327148438,22200,0.0,0.0
1984-06-13,0.0,0.6285054683685303,0.6209331390043055,0.6285054683685303,900,0.0,0.0
1984-06-14,0.0,0.6209335327148438,0.6209335327148438,0.6209335327148438,7800,0.0,0.0
1984-06-15,0.0,0.6209335639363285,0.6133611798286438,0.6133611798286438,18600,0.0,0.0
1984-06-18,0.0,0.6057888269424438,0.6057888269424438,0.6057888269424438,8100,0.0,0.0
1984-06-19,0.0,0.6057888269424438,0.6057888269424438,0.6057888269424438,7500,0.0,0.0
1984-06-20,0.0,0.5982160568237305,0.5906437273957744,0.5982160568237305,11400,0.0,0.0
1984-06-21,0.0,0.5906435376988592,0.48463061282620823,0.5073476433753967,194100,0.0,0.0
1984-06-22,0.0,0.4997754395008087,0.4846307322166232,0.4997754395008087,107400,0.0,0.0
1984-06-25,0.0,0.5300647257372416,0.5224923491477966,0.5224923491477966,112500,0.0,0.0
1984-06-26,0.0,0.5300649404525757,0.5224925607957592,0.5300649404525757,30000,0.0,0.0
1984-06-27,0.0,0.5300647257372416,0.5149200221196822,0.5224923491477966,27300,0.0,0.0
1984-06-28,0.0,0.5300649404525757,0.5149202307002936,0.5300649404525757,43800,0.0,0.0
1984-06-29,0.0,0.5300649404525757,0.5224925607957592,0.5300649404525757,11100,0.0,0.0
1984-07-02,0.0,0.5300647257372416,0.5224923491477966,0.5224923491477966,21900,0.0,0.0
1984-07-03,0.0,0.5300649404525757,0.5224925607957592,0.5300649404525757,18300,0.0,0.0
1984-07-05,0.0,0.5300647257372416,0.5224923491477966,0.5224923491477966,11400,0.0,0.0
1984-07-06,0.0,0.5224923491477966,0.5149200221196822,0.5224923491477966,22500,0.0,0.0
1984-07-09,0.0,0.5224928316771821,0.4543415776788698,0.47705867886543274,165000,0.0,0.0
1984-07-10,0.0,0.4846309170763625,0.4543414413928985,0.45434144139289856,178500,0.0,0.0
1984-07-11,0.0,0.46948615445394976,0.4543414413928985,0.45434144139289856,68700,0.0,0.0
1984-07-12,0.0,0.4694859981536865,0.4543412901345787,0.4694859981536865,18600,0.0,0.0
1984-07-13,0.0,0.4922032952308654,0.4770585807419788,0.4922032952308655,34800,0.0,0.0
1984-07-16,0.0,0.49220308496302073,0.4694859981536865,0.4694859981536865,20100,0.0,0.0
1984-07-17,0.0,0.48463079333305364,0.4770584139553424,0.4846307933330536,38100,0.0,0.0
1984-07-18,0.0,0.48463079333305364,0.4694860345776311,0.4846307933330536,16500,0.0,0.0
1984-07-19,0.0,0.48463075573413933,0.4694859981536865,0.4694859981536865,38400,0.0,0.0
1984-07-20,0.0,0.4619138227041049,0.44676910964305366,0.45434144139289856,66000,0.0,0.0
1984-07-23,0.0,0.4467689410693771,0.4316242337226868,0.43162423372268677,27300,0.0,0.0
1984-07-24,0.0,0.4391966462135315,0.4316243158795149,0.4391966462135315,153300,0.0,0.0
1984-07-25,0.0,0.4391965626153605,0.42405185526867023,0.43162423372268677,27600,0.0,0.0
1984-07-26,0.0,0.4316243280123531,0.3937625265939287,0.41647961735725403,65400,0.0,0.0
1984-07-27,0.0,0.44676896929740906,0.4240518820613772,0.44676896929740906,41400,0.0,0.0
1984-07-30,0.0,0.4391965626153605,0.4316242337226868,0.43162423372268677,11700,0.0,0.0
1984-07-31,0.0,0.424051795905346,0.40890711545944214,0.40890711545944214,24300,0.0,0.0
1984-08-01,0.0,0.44676896929740906,0.4089071985384777,0.44676896929740906,38400,0.0,0.0
1984-08-02,0.0,0.461913913488388,0.43919681465132543,0.46191391348838806,565200,0.0,0.0
1984-08-03,0.0,0.5073476433753967,0.4619135327156892,0.5073476433753967,90600,0.0,0.0
1984-08-06,0.0,0.530064883191791,0.49977546695927105,0.514920175075531,455700,0.0,0.0
1984-08-07,0.0,0.5224923469286327,0.5073476433753967,0.5073476433753967,24300,0.0,0.0
1984-08-08,0.0,0.5149201467849943,0.4846307322166232,0.4997754395008087,37800,0.0,0.0
1984-08-09,0.0,0.5073477683622302,0.4846307322166232,0.4997754395008087,36600,0.0,0.0
1984-08-10,0.0,0.5452099150931871,0.5149204808726072,0.5376375317573547,98400,0.0,0.0
1984-08-13,0.0,0.5679267048835754,0.5300649542948149,0.5679267048835754,39900,0.0,0.0
1984-08-14,0.0,0.6133611798286438,0.5527823052126859,0.6133611798286438,88500,0.0,0.0
1984-08-15,0.0,0.613360988469019,0.5906439423561096,0.5906439423561096,41700,0.0,0.0
1984-08-16,0.0,0.5906437948859133,0.5603543745903641,0.5679267048835754,27600,0.0,0.0
1984-08-17,0.0,0.5679267093788234,0.5452096687580278,0.5527819991111755,30000,0.0,0.0
1984-08-20,0.0,0.5527819991111755,0.5452096687580278,0.5527819991111755,11100,0.0,0.0
1984-08-21,0.0,0.5679267048835754,0.5527819947358008,0.5679267048835754,33000,0.0,0.0
1984-08-22,0.0,0.5679264403448364,0.5527817372514273,0.5603541135787964,55200,0.0,0.0
1984-08-23,0.0,0.5679266859068951,0.5452096462249756,0.5452096462249756,7800,0.0,0.0
1984-08-24,0.0,0.5452096462249756,0.5452096462249756,0.5452096462249756,300,0.0,0.0
1984-08-27,0.0,0.5527819762651653,0.5149202269415158,0.5452096462249756,93000,0.0,0.0
1984-08-28,0.0,0.5452096502048578,0.5300649404525757,0.5300649404525757,41700,0.0,0.0
1984-08-29,0.0,0.5300649404525757,0.5300649404525757,0.5300649404525757,45600,0.0,0.0
1984-08-30,0.0,0.5376372705480413,0.5300649404525757,0.5300649404525757,8700,0.0,0.0
1984-08-31,0.0,0.5452096462249756,0.5300649365832457,0.5452096462249756,900,0.0,0.0
1984-09-04,0.0,0.530064883191791,0.514920175075531,0.514920175075531,33300,0.0,0.0
1984-09-05,0.514920175075531,0.514920175075531,0.514920175075531,0.514920175075531,0,0.0,0.0
1984-09-06,0.0,0.5224923491477966,0.5224923491477966,0.5224923491477966,8700,0.0,0.0
1984-09-07,0.0,0.5376375317573547,0.5149204808726072,0.5376375317573547,30900,0.0,0.0
1984-09-10,0.0,0.5376375317573547,0.5376375317573547,0.5376375317573547,2100,0.0,0.0
1984-09-11,0.0,0.5376372705480413,0.5300649404525757,0.5300649404525757,3600,0.0,0.0
1984-09-12,0.0,0.5376372705480413,0.5300649404525757,0.5300649404525757,5400,0.0,0.0
1984-09-13,0.0,0.5603541135787964,0.5376370341580181,0.5603541135787964,21600,0.0,0.0
1984-09-14,0.0,0.5982160568237305,0.5830713484064719,0.5982160568237305,49500,0.0,0.0
1984-09-17,0.0,0.598216274539958,0.5754992284270486,0.5906439423561096,48600,0.0,0.0
1984-09-18,0.0,0.5906437995609713,0.5527819991111755,0.5527819991111755,22500,0.0,0.0
1984-09-19,0.0,0.5754988789558411,0.5452094694909372,0.5754988789558411,22200,0.0,0.0
1984-09-20,0.0,0.5906439423561096,0.5679268466818358,0.5906439423561096,33000,0.0,0.0
1984-09-21,0.0,0.598216274539958,0.5906439423561096,0.5906439423561096,36600,0.0,0.0
1984-09-24,0.0,0.5906439423561096,0.5754992284270486,0.5906439423561096,10800,0.0,0.0
1984-09-25,0.0,0.5982160568237305,0.5906437273957744,0.5982160568237305,57900,0.0,0.0
1984-09-26,0.0,0.5982160568237305,0.5906437273957744,0.5982160568237305,15900,0.0,0.0
1984-09-27,0.0,0.5906439423561096,0.5830715606108969,0.5906439423561096,5700,0.0,0.0
1984-09-28,0.0,0.5830712065413999,0.5754988789558411,0.5754988789558411,5100,0.0,0.0
1984-10-01,0.0,0.5754988789558411,0.552781797076496,0.5754988789558411,16800,0.0,0.0
1984-10-02,0.0,0.5679267048835754,0.5679267048835754,0.5679267048835754,300,0.0,0.0
1984-10-03,0.0,0.5679267093788234,0.5527819991111755,0.5527819991111755,10800,0.0,0.0
1984-10-04,0.0,0.5452096462249756,0.5300649365832457,0.5452096462249756,21900,0.0,0.0
1984-10-08,0.0,0.5376375317573547,0.5376375317573547,0.5376375317573547,600,0.0,0.0
1984-10-09,0.0,0.5527819991111755,0.5300649584903799,0.5527819991111755,11100,0.0,0.0
1984-10-10,0.0,0.5452096502048578,0.5224925607957592,0.5300649404525757,13500,0.0,0.0
1984-10-11,0.0,0.5300647257372416,0.5224923491477966,0.5224923491477966,8100,0.0,0.0
1984-10-12,0.0,0.5149202117212008,0.48463079333305364,0.4846307933330536,44400,0.0,0.0
1984-10-15,0.0,0.4997754395008087,0.4846307322166232,0.4997754395008087,2400,0.0,0.0
1984-10-16,0.0,0.5224923491477966,0.5073476455302371,0.5224923491477966,30600,0.0,0.0
1984-10-17,0.0,0.5376375317573547,0.5300651979828972,0.5376375317573547,17100,0.0,0.0
1984-10-18,0.0,0.5376372705480413,0.5224925607957592,0.5300649404525757,11100,0.0,0.0
1984-10-19,0.0,0.5376372705480413,0.5300649404525757,0.5300649404525757,5700,0.0,0.0
1984-10-22,0.0,0.5376375317573547,0.5149204808726072,0.5376375317573547,14700,0.0,0.0
1984-10-23,0.0,0.530064883191791,0.514920175075531,0.514920175075531,25200,0.0,0.0
1984-10-24,0.0,0.5376375317573547,0.5224928146470648,0.5376375317573547,16500,0.0,0.0
1984-10-25,0.0,0.5300649404525757,0.5300649404525757,0.5300649404525757,5700,0.0,0.0
1984-10-26,0.0,0.5300647257372416,0.5224923491477966,0.5224923491477966,16800,0.0,0.0
1984-10-29,0.0,0.5300647257372416,0.5224923491477966,0.5224923491477966,6000,0.0,0.0
1984-10-30,0.0,0.5224925043529883,0.514920175075531,0.514920175075531,19800,0.0,0.0
1984-10-31,0.0,0.5073476433753967,0.5073476433753967,0.5073476433753967,2400,0.0,0.0
1984-11-01,0.0,0.514920175075531,0.5073477962367283,0.514920175075531,1800,0.0,0.0
1984-11-02,0.0,0.5149200199326799,0.5073476433753967,0.5073476433753967,7800,0.0,0.0
1984-11-05,0.0,0.5073476433753967,0.49977531637944406,0.5073476433753967,5400,0.0,0.0
1984-11-06,0.0,0.4997754395008087,0.4997754395008087,0.4997754395008087,7800,0.0,0.0
1984-11-07,0.0,0.4922032952308654,0.4922032952308654,0.4922032952308655,300,0.0,0.0
1984-11-08,0.0,0.48463079333305364,0.48463079333305364,0.4846307933330536,1800,0.0,0.0
1984-11-09,0.0,0.4922032952308654,0.4694861987168524,0.4922032952308655,121200,0.0,0.0
1984-11-12,0.0,0.4922032952308654,0.4922032952308654,0.4922032952308655,5400,0.0,0.0
1984-11-13,0.0,0.49977567725599187,0.4922032952308654,0.4922032952308655,15900,0.0,0.0
1984-11-14,0.0,0.4922032952308654,0.4922032952308654,0.4922032952308655,8100,0.0,0.0
1984-11-15,0.0,0.49977567725599187,0.4922032952308654,0.4922032952308655,8700,0.0,0.0
1984-11-16,0.0,0.4997754395008087,0.4846307322166232,0.4997754395008087,20100,0.0,0.0
1984-11-19,0.0,0.48463079333305364,0.48463079333305364,0.4846307933330536,3600,0.0,0.0
1984-11-20,0.0,0.48463079333305364,0.4770584139553424,0.4846307933330536,15900,0.0,0.0
1984-11-21,0.0,0.4922032952308654,0.4770585807419788,0.4922032952308655,11700,0.0,0.0
1984-11-23,0.0,0.5073476433753967,0.48463061282620823,0.5073476433753967,16800,0.0,0.0
1984-11-26,0.0,0.5149200199326799,0.5073476433753967,0.5073476433753967,13200,0.0,0.0
1984-11-27,0.0,0.5073477683622302,0.4846307322166232,0.4997754395008087,41400,0.0,0.0
1984-11-28,0.0,0.492203123149416,0.4694860345776311,0.4846307933330536,14700,0.0,0.0
1984-11-29,0.48463079333305364,0.48463079333305364,0.48463079333305364,0.4846307933330536,0,0.0,0.0
1984-11-30,0.0,0.514920175075531,0.48463075884301104,0.514920175075531,126000,0.0,0.0
1984-12-03,0.0,0.5149202117212008,0.48463079333305364,0.4846307933330536,36300,0.0,0.0
1984-12-04,0.0,0.5073476433753967,0.48463061282620823,0.5073476433753967,2100,0.0,0.0
1984-12-05,0.0,0.49977567725599187,0.4922032952308654,0.4922032952308655,5100,0.0,0.0
1984-12-06,0.0,0.48463079333305364,0.48463079333305364,0.4846307933330536,8100,0.0,0.0
1984-12-07,0.0,0.48463079333305364,0.48463079333305364,0.4846307933330536,18300,0.0,0.0
1984-12-10,0.0,0.492203123149416,0.48463079333305364,0.4846307933330536,27900,0.0,0.0
1984-12-11,0.0,0.48463106244807913,0.46191396126151624,0.47705867886543274,35100,0.0,0.0
1984-12-12,0.0,0.48463079333305364,0.4770584139553424,0.4846307933330536,25200,0.0,0.0
1984-12-13,0.0,0.492203123149416,0.48463079333305364,0.4846307933330536,16800,0.0,0.0
1984-12-14,0.0,0.492203123149416,0.48463079333305364,0.4846307933330536,11100,0.0,0.0
1984-12-17,0.0,0.4997754395008087,0.4846307322166232,0.4997754395008087,33600,0.0,0.0
1984-12-18,0.0,0.5073480097197521,0.4922032952308654,0.4922032952308655,22200,0.0,0.0
1984-12-19,0.0,0.5224924756464158,0.4997754395008087,0.4997754395008087,80400,0.0,0.0
1984-12-20,0.0,0.4997754395008087,0.4997754395008087,0.4997754395008087,18300,0.0,0.0
1984-12-21,0.0,0.514920175075531,0.49977546695927105,0.514920175075531,23700,0.0,0.0
1984-12-24,0.0,0.5376375317573547,0.5149204808726072,0.5376375317573547,30000,0.0,0.0
1984-12-26,0.0,0.5376372705480413,0.5300649404525757,0.5300649404525757,16800,0.0,0.0
1984-12-27,0.0,0.537637052765356,0.5073476455302371,0.5224923491477966,299100,0.0,0.0
1984-12-28,0.0,0.5376375317573547,0.5224928146470648,0.5376375317573547,25200,0.0,0.0
1984-12-31,0.0,0.5376375317573547,0.5224928146470648,0.5376375317573547,66900,0.0,0.0
1985-01-02,0.0,0.5527819991111755,0.5300649584903799,0.5527819991111755,16800,0.0,0.0
1985-01-03,0.0,0.5603543558667055,0.5452096462249756,0.5452096462249756,13500,0.0,0.0
1985-01-04,0.0,0.5603541135787964,0.5376370341580181,0.5603541135787964,18300,0.0,0.0
1985-01-07,0.0,0.5679264403448364,0.5603541135787964,0.5603541135787964,33600,0.0,0.0
1985-01-08,0.0,0.5679267048835754,0.5603543745903641,0.5679267048835754,6000,0.0,0.0
1985-01-09,0.0,0.6133611798286438,0.57549940797436,0.6133611798286438,80100,0.0,0.0
1985-01-10,0.0,0.6133611612595007,0.5982164430640086,0.6057888269424438,32400,0.0,0.0
1985-01-11,0.0,0.6057888269424438,0.5982164430640086,0.6057888269424438,14700,0.0,0.0
1985-01-14,0.0,0.6133611612595007,0.5982164430640086,0.6057888269424438,30000,0.0,0.0
1985-01-15,0.0,0.6057888269424438,0.5982164430640086,0.6057888269424438,17100,0.0,0.0
1985-01-16,0.0,0.6057884358130329,0.5982160568237305,0.5982160568237305,10800,0.0,0.0
1985-01-17,0.0,0.6057888269424438,0.5982164430640086,0.6057888269424438,900,0.0,0.0
1985-01-18,0.0,0.5982160568237305,0.5906437273957744,0.5982160568237305,8100,0.0,0.0
1985-01-21,0.0,0.5982160568237305,0.5906437273957744,0.5982160568237305,12600,0.0,0.0
1985-01-22,0.0,0.6057888269424438,0.6057888269424438,0.6057888269424438,66300,0.0,0.0
1985-01-23,0.0,0.598216274539958,0.5754992284270486,0.5906439423561096,22200,0.0,0.0
1985-01-24,0.0,0.5982160568237305,0.5906437273957744,0.5982160568237305,22200,0.0,0.0
1985-01-25,0.0,0.598216274539958,0.5830715606108969,0.5906439423561096,49800,0.0,0.0
1985-01-28,0.0,0.5906439423561096,0.5754992284270486,0.5906439423561096,11100,0.0,0.0
1985-01-29,0.0,0.6057888269424438,0.5906441087469516,0.6057888269424438,32400,0.0,0.0
1985-01-30,0.0,0.6360777020454407,0.6057882923824515,0.6360777020454407,117600,0.0,0.0
1985-01-31,0.0,0.6512225866317749,0.6209331686080969,0.6512225866317749,63600,0.0,0.0
1985-02-01,0.0,0.6966565847396851,0.6436501377886258,0.6966565847396851,105600,0.0,0.0
1985-02-04,0.0,0.7193735809673242,0.6890841722488403,0.6890841722488403,351900,0.0,0.0
1985-02-05,0.0,0.7042290246675764,0.6815119385719299,0.6815119385719299,29700,0.0,0.0
1985-02-06,0.0,0.6739394908080394,0.6663671135902405,0.6663671135902405,27300,0.0,0.0
1985-02-07,0.0,0.6966565847396851,0.6739395502067566,0.6966565847396851,29700,0.0,0.0
1985-02-08,0.0,0.6890844755242997,0.6739397644996643,0.6739397644996643,33600,0.0,0.0
1985-02-11,0.0,0.6815118184645035,0.6663671135902405,0.6663671135902405,52800,0.0,0.0
1985-02-12,0.0,0.6966564996477947,0.6663670909293109,0.6890841722488403,44400,0.0,0.0
1985-02-13,0.0,0.6966564996477947,0.6739394678895984,0.6890841722488403,50700,0.0,0.0
1985-02-14,0.0,0.6890844755242997,0.6663673842066692,0.6739397644996643,48600,0.0,0.0
1985-02-15,0.0,0.6815119385719299,0.6739396095809435,0.6815119385719299,23700,0.0,0.0
1985-02-19,0.0,0.6815120952313046,0.6739397644996643,0.6739397644996643,10800,0.0,0.0
1985-02-20,0.0,0.7118016481399536,0.6815122205221993,0.7118016481399536,125700,0.0,0.0
1985-02-21,0.0,0.7118018078909171,0.704229474067688,0.704229474067688,20100,0.0,0.0
1985-02-22,0.0,0.704229474067688,0.6966570906830837,0.704229474067688,25200,0.0,0.0
1985-02-25,0.0,0.7042289626248873,0.6890842564158219,0.6966565847396851,17100,0.0,0.0
1985-02-26,0.0,0.6966564996477947,0.6890841722488403,0.6890841722488403,14700,0.0,0.0
1985-02-27,0.0,0.6966564996477947,0.6890841722488403,0.6890841722488403,18600,0.0,0.0
1985-02-28,0.0,0.7042288766080822,0.6890841722488403,0.6890841722488403,33000,0.0,0.0
1985-03-01,0.0,0.704229474067688,0.6966570906830837,0.704229474067688,11100,0.0,0.0
1985-03-04,0.0,0.704229474067688,0.6815123734752504,0.704229474067688,33300,0.0,0.0
1985-03-05,0.0,0.7042288766080822,0.6815117952885528,0.6890841722488403,11400,0.0,0.0
1985-03-06,0.0,0.6966566461152465,0.6815119385719299,0.6815119385719299,23700,0.0,0.0
1985-03-07,0.0,0.6739394908080394,0.6663671135902405,0.6663671135902405,33300,0.0,0.0
1985-03-08,0.0,0.666367295643614,0.6285054983333422,0.6512225866317749,38400,0.0,0.0
1985-03-11,0.0,0.666367295643614,0.6436502569065295,0.6512225866317749,43800,0.0,0.0
1985-03-12,0.0,0.6587953567504883,0.6512229729715575,0.6587953567504883,5400,0.0,0.0
1985-03-13,0.0,0.666367295643614,0.6512225866317749,0.6512225866317749,22200,0.0,0.0
1985-03-14,0.0,0.6587953567504883,0.6512229729715575,0.6587953567504883,7500,0.0,0.0
1985-03-15,0.0,0.6966565847396851,0.6587948439976912,0.6966565847396851,45600,0.0,0.0
1985-03-18,0.0,0.7118012909487504,0.6966565847396851,0.6966565847396851,138000,0.0,0.0
1985-03-19,0.0,0.704229474067688,0.666367656267417,0.704229474067688,98400,0.0,0.0
1985-03-20,0.0,0.7042289626248873,0.6815118785306197,0.6966565847396851,93300,0.0,0.0
1985-03-21,0.0,0.7042288766080822,0.6890841722488403,0.6890841722488403,22500,0.0,0.0
1985-03-22,0.0,0.7269462943077089,0.6966568695083342,0.7269462943077087,109500,0.0,0.0
1985-03-25,0.0,0.7496628992901476,0.7269458207098831,0.7420905232429504,87900,0.0,0.0
1985-03-26,0.0,0.7496628992901476,0.7269458207098831,0.7420905232429504,19800,0.0,0.0
1985-03-27,0.0,0.7420910067073961,0.7269462943077089,0.7269462943077087,27300,0.0,0.0
1985-03-28,0.0,0.7407033153631095,0.7254310846328735,0.7254310846328735,21600,0.0146,0.0
1985-03-29,0.0,0.7254308723682273,0.7025225079866408,0.71015864610672,35100,0.0,0.0
1985-04-01,0.0,0.7712479088109545,0.7177950671181532,0.7483395338058472,230400,0.0,0.0
1985-04-02,0.0,0.7636120350359733,0.7407037019729614,0.7407037019729614,38400,0.0,0.0
1985-04-03,0.0,0.7559756636619568,0.7483395221199406,0.7559756636619568,37800,0.0,0.0
1985-04-04,0.0,0.7636116743087769,0.7559755835545965,0.7636116743087769,18600,0.0,0.0
1985-04-08,0.0,0.7712478041648865,0.7636116635397289,0.7712478041648865,47400,0.0,0.0
1985-04-09,0.0,0.839972984682615,0.763611767908796,0.8323368430137634,145800,0.0,0.0
1985-04-10,0.0,0.8552453987888988,0.8170648300804068,0.8399732112884521,128700,0.0,0.0
1985-04-11,0.0,0.8476088420840452,0.8094282465019802,0.8247004747390747,71100,0.0,0.0
1985-04-12,0.0,0.8323365638682932,0.8094282465019802,0.8247004747390747,60300,0.0,0.0
1985-04-15,0.0,0.8247006645624042,0.8170645236968994,0.8170645236968994,11400,0.0,0.0
1985-04-16,0.0,0.81706449797983,0.7712478041648865,0.7712478041648865,58200,0.0,0.0
1985-04-17,0.0,0.801792094297785,0.733067043364073,0.7941559553146362,48600,0.0,0.0
1985-04-18,0.0,0.8094282332809337,0.7941559553146363,0.7941559553146362,22500,0.0,0.0
1985-04-19,0.0,0.8094285130500793,0.7941562298051025,0.8094285130500793,11700,0.0,0.0
1985-04-22,0.0,0.8017921134149486,0.7865198850631714,0.7865198850631714,12600,0.0,0.0
1985-04-23,0.0,0.801792094297785,0.7865198663101441,0.7941559553146362,14700,0.0,0.0
1985-04-24,0.0,0.7941559742497311,0.7788837458979538,0.7865198850631714,30900,0.0,0.0
1985-04-25,0.0,0.7865198850631714,0.7788837458979538,0.7865198850631714,65400,0.0,0.0
1985-04-26,0.0,0.7941559742497311,0.7788837458979538,0.7865198850631714,13200,0.0,0.0
1985-04-29,0.0,0.7941559553146363,0.7941559553146363,0.7941559553146362,22200,0.0,0.0
1985-04-30,0.0,0.7941561260830245,0.7712478041648865,0.7712478041648865,21600,0.0,0.0
1985-05-01,0.0,0.786520129872675,0.7559756636619568,0.7559756636619568,11700,0.0,0.0
1985-05-02,0.0,0.7712478041648865,0.7407033416215907,0.7712478041648865,29700,0.0,0.0
1985-05-03,0.0,0.7788842916488647,0.7712481971118241,0.7788842916488647,11100,0.0,0.0
1985-05-06,0.0,0.7865198850631714,0.7712476567113942,0.7865198850631714,20100,0.0,0.0
1985-05-07,0.0,0.7865198850631714,0.7712476567113942,0.7865198850631714,12600,0.0,0.0
1985-05-08,0.0,0.7712478150416253,0.7636116743087769,0.7636116743087769,10800,0.0,0.0
1985-05-09,0.0,0.7788838948113768,0.7712478041648865,0.7712478041648865,25200,0.0,0.0
1985-05-10,0.0,0.7941559553146363,0.7712476383225033,0.7941559553146362,15900,0.0,0.0
1985-05-13,0.0,0.8094282842392799,0.7865199158262718,0.8017921447753906,41700,0.0,0.0
1985-05-14,0.0,0.8247004747390747,0.8017921073941043,0.8247004747390747,12600,0.0,0.0
1985-05-15,0.0,0.8247004747390747,0.8170643356311987,0.8247004747390747,15900,0.0,0.0
1985-05-16,0.0,0.8399732112884521,0.8247009738093177,0.8399732112884521,25200,0.0,0.0
1985-05-17,0.0,0.8476088643074036,0.8399727249993165,0.8476088643074036,30900,0.0,0.0
1985-05-20,0.0,0.8552449345588685,0.8476088949322026,0.8552449345588684,63600,0.0,0.0
1985-05-21,0.0,0.8705174326896667,0.8552451496802279,0.8705174326896667,47400,0.0,0.0
1985-05-22,0.0,0.8628810741428554,0.8552449345588685,0.8552449345588684,7800,0.0,0.0
1985-05-23,0.0,0.9086978536319723,0.8781533938435133,0.9010617136955261,156300,0.0,0.0
1985-05-24,0.0,0.9086980457552151,0.8934257626533508,0.8934257626533508,73200,0.0,0.0
1985-05-28,0.0,0.908698028202139,0.8781535625457765,0.8781535625457764,17100,0.0,0.0
1985-05-29,0.0,0.9010617342037982,0.8781534138303893,0.8857894539833069,16800,0.0,0.0
1985-05-30,0.0,0.9163340330123901,0.8857895685772218,0.9163340330123901,30000,0.0,0.0
1985-05-31,0.0,0.9621514081954956,0.9086985855037701,0.9621514081954956,114600,0.0,0.0
1985-06-03,0.0,0.9545148465665341,0.9392426609992981,0.9392426609992981,22500,0.0,0.0
1985-06-04,0.0,0.9468783637619254,0.9239700436592102,0.9239700436592102,33300,0.0,0.0
1985-06-05,0.0,0.9621507636595613,0.9163340177892939,0.9545146226882935,55200,0.0,0.0
1985-06-06,0.0,0.9697869770616002,0.9468785524368285,0.9468785524368286,23700,0.0,0.0
1985-06-07,0.0,0.9621508355200097,0.9468785524368285,0.9468785524368286,45000,0.0,0.0
1985-06-10,0.0,0.9468785524368285,0.9392425108525847,0.9468785524368286,20100,0.0,0.0
1985-06-11,0.0,0.9468783637619254,0.9239700436592102,0.9239700436592102,30000,0.0,0.0
1985-06-12,0.0,0.9316061836792242,0.9163339036391963,0.9239700436592102,8700,0.0,0.0
1985-06-13,0.0,0.9316067742223322,0.9010622947375372,0.9086984395980835,19800,0.0,0.0
1985-06-14,0.0,0.9163340330123901,0.8934257096753491,0.9163340330123901,23700,0.0,0.0
1985-06-17,0.0,0.9163340330123901,0.8857895685772218,0.9163340330123901,30600,0.0,0.0
1985-06-18,0.0,0.9316062331199646,0.901061771376228,0.9316062331199646,16800,0.0,0.0
1985-06-19,0.0,0.9316061836792242,0.9239700436592102,0.9239700436592102,17100,0.0,0.0
1985-06-20,0.0,0.9239700436592102,0.9239700436592102,0.9239700436592102,600,0.0,0.0
1985-06-21,0.0,0.9392426609992981,0.9239703754746995,0.9392426609992981,7500,0.0,0.0
1985-06-24,0.0,0.9468784974475585,0.9163340330123901,0.9163340330123901,13200,0.0,0.0
1985-06-25,0.0,0.9086984395980835,0.893426149876991,0.9086984395980835,38100,0.0,0.0
1985-06-26,0.0,0.9086980457552151,0.8934257626533508,0.8934257626533508,14700,0.0,0.0
1985-06-27,0.0,0.9303442239761353,0.9072778665386662,0.9303442239761353,24300,0.0146,0.0
1985-06-28,0.0,0.9380331039428711,0.9226554642264253,0.9380331039428711,16800,0.0,0.0
1985-07-01,0.0,0.9457212686538695,0.9303436395902571,0.9457212686538696,7800,0.0,0.0
1985-07-02,0.0,0.9380331039428711,0.9303442840846482,0.9380331039428711,7500,0.0,0.0
1985-07-03,0.93226669628293,0.9610996246337891,0.9226556195190525,0.9610996246337891,33600,0.0,1.25
1985-07-05,0.9707104402155688,1.0091544389724731,0.9707104402155688,1.0091544389724731,36600,0.0,0.0
1985-07-08,1.0091540617155104,1.0091540617155104,0.9899321198463439,0.989932119846344,13500,0.0,0.0
1985-07-09,0.9899326536315725,0.9899326536315725,0.9610996246337891,0.9610996246337891,15000,0.0,0.0
1985-07-10,0.9610996246337891,0.970710600750742,0.9610996246337891,0.9610996246337891,5700,0.0,0.0
1985-07-11,0.9610994816838507,0.9707104563713074,0.9610994816838507,0.9707104563713074,18300,0.0,0.0
1985-07-12,0.9610996246337891,0.9610996246337891,0.9610996246337891,0.9610996246337891,8100,0.0,0.0
1985-07-15,0.9610994816838507,0.9707104563713074,0.9610994816838507,0.9707104563713074,11700,0.0,0.0
1985-07-16,0.989932489917475,1.0283764886743794,0.989932489917475,1.0091544389724731,109500,0.0,0.0
1985-07-17,1.0091544109080348,1.037987434335598,1.0091544109080348,1.0283764600753784,125700,0.0,0.0
1985-07-18,1.028376505789866,1.028376505789866,0.9707104563713074,0.9707104563713074,41700,0.0,0.0
1985-07-19,0.9899328084290513,0.9995437860488893,0.9899328084290513,0.9995437860488892,5100,0.0,0.0
1985-07-22,0.999543464444974,1.0091544389724731,0.999543464444974,1.0091544389724731,1800,0.0,0.0
1985-07-23,1.0091546058654786,1.0091546058654786,0.9610996246337891,0.9610996246337891,34800,0.0,0.0
1985-07-24,0.9610996246337891,0.9610996246337891,0.9418776723998831,0.9610996246337891,21600,0.0,0.0
1985-07-25,0.9707104563713074,0.9899325063931301,0.9707104563713074,0.9707104563713074,16500,0.0,0.0
1985-07-26,0.970710600750742,0.970710600750742,0.9610996246337891,0.9610996246337891,15900,0.0,0.0
1985-07-29,0.9610995239090798,0.9707104990187878,0.9034335726039178,0.9226555228233337,42000,0.0,0.0
1985-07-30,0.9034333668546599,0.9034333668546599,0.8842114210128784,0.8842114210128784,27900,0.0,0.0
1985-07-31,0.8938225974942098,0.9226555228233339,0.8938225974942098,0.9226555228233337,8100,0.0,0.0
1985-08-01,0.9226553403100707,0.9322664141654969,0.9034333938930065,0.9322664141654968,8100,0.0,0.0
1985-08-02,0.93226637054151,0.9514883160591125,0.9226552971358194,0.9514883160591125,7800,0.0,0.0
1985-08-05,0.9514885789450934,0.9514885789450934,0.9322666281166742,0.9418776035308838,10800,0.0,0.0
1985-08-06,0.9322664141654969,0.9322664141654969,0.9322664141654969,0.9322664141654968,1800,0.0,0.0
1985-08-07,0.9226554504316884,0.9226554504316884,0.9034335017204286,0.9034335017204285,41400,0.0,0.0
1985-08-08,0.9034333938930065,0.9322664141654969,0.9034333938930065,0.9322664141654968,31200,0.0,0.0
1985-08-09,0.9322664141654969,0.9322664141654969,0.9322664141654969,0.9322664141654968,147300,0.0,0.0
1985-08-12,0.9322665254342244,0.9707104228567441,0.9034335017204286,0.9034335017204285,283200,0.0,0.0
1985-08-13,0.9034335017204286,0.9514884741454842,0.8938225273647986,0.9034335017204285,111000,0.0,0.0
1985-08-14,0.9034333668546599,0.9034333668546599,0.8842114210128784,0.8842114210128784,41400,0.0,0.0
1985-08-15,0.8649895673524925,0.8649895673524925,0.8361565918387674,0.845767617225647,47700,0.0,0.0
1985-08-16,0.8457678131008699,0.8457678131008699,0.7977128260075691,0.8361567854881287,57900,0.0,0.0
1985-08-19,0.8361566468918243,0.8457676729114996,0.8169346451759338,0.8169346451759338,25200,0.0,0.0
1985-08-20,0.8169344531528787,0.8265454769134521,0.8169344531528787,0.8265454769134521,21600,0.0,0.0
1985-08-21,0.8265456711956092,0.8265456711956092,0.8169346451759338,0.8169346451759338,7800,0.0,0.0
1985-08-22,0.8265454769134521,0.8361564503505773,0.8265454769134521,0.8265454769134521,18600,0.0,0.0
1985-08-23,0.8265457842425655,0.8265457842425655,0.797712802886963,0.7977128028869629,16500,0.0,0.0
1985-08-26,0.7977126937835035,0.8169346451759338,0.7977126937835035,0.8169346451759338,27600,0.0,0.0
1985-08-27,0.8169347805861147,0.8361567854881287,0.7977128260075691,0.8361567854881287,25200,0.0,0.0
1985-08-28,0.8553785292953728,0.9034335017204286,0.8553785292953728,0.9034335017204285,91200,0.0,0.0
1985-08-29,0.9034335017204286,0.9034335017204286,0.8842115530091686,0.9034335017204285,18600,0.0,0.0
1985-08-30,0.9034335017204286,0.9034335017204286,0.8746004780066327,0.9034335017204285,42000,0.0,0.0
1985-09-03,0.9034335017204286,0.9034335017204286,0.8842115530091686,0.9034335017204285,10800,0.0,0.0
1985-09-04,0.9034335017204286,0.9034335017204286,0.8746004780066327,0.9034335017204285,29700,0.0,0.0
1985-09-05,0.8938223719596863,0.8938223719596863,0.8938223719596863,0.8938223719596863,300,0.0,0.0
1985-09-06,0.8842115688211688,0.8842115688211688,0.8649895191192627,0.8649895191192627,24300,0.0,0.0
1985-09-09,0.8649893745242059,0.8842114210128784,0.8649893745242059,0.8842114210128784,13200,0.0,0.0
1985-09-10,0.8842114210128784,0.8938223939337692,0.8649893745242059,0.8842114210128784,71400,0.0,0.0
1985-09-11,0.8842115449813468,0.8842115449813468,0.8746004700660704,0.8746004700660706,5700,0.0,0.0
1985-09-12,0.8649894826905464,0.8649894826905464,0.8553785085678101,0.8553785085678101,695100,0.0,0.0
1985-09-13,0.8553785215293281,0.8746004700660704,0.8553785215293281,0.8746004700660706,357300,0.0,0.0
1985-09-16,0.8649895191192627,0.8649895191192627,0.8553785445917635,0.8649895191192627,90600,0.0,0.0
1985-09-17,0.864989420985401,0.864989420985401,0.8265454769134521,0.8265454769134521,73500,0.0,0.0
1985-09-18,0.8169347569083868,0.8169347569083868,0.7881017755527842,0.7977128028869629,95100,0.0,0.0
1985-09-19,0.797712802886963,0.797712802886963,0.7688797712078934,0.7977128028869629,54900,0.0,0.0
1985-09-20,0.797712802886963,0.797712802886963,0.7688797712078934,0.7977128028869629,43500,0.0,0.0
1985-09-23,0.7977126937835035,0.8265456711956092,0.7977126937835035,0.8169346451759338,42000,0.0,0.0
1985-09-24,0.8169347569083868,0.8169347569083868,0.7881017755527842,0.7977128028869629,45600,0.0,0.0
1985-09-25,0.797712802886963,0.8169347569083868,0.7688797712078934,0.7977128028869629,34800,0.0,0.0
1985-09-26,0.7977124318736687,0.7977124318736687,0.7688794136047363,0.7688794136047363,39900,0.0,0.0
1985-09-30,0.7688795331944129,0.7881015315889636,0.7304355867287631,0.7400465607643127,57900,0.0,0.0
1985-10-01,0.7400464456592474,0.7688794136047363,0.7400464456592474,0.7688794136047363,45000,0.0,0.0
1985-10-02,0.7688797712078934,0.797712802886963,0.7688797712078934,0.7977128028869629,43500,0.0,0.0
1985-10-03,0.7881014090095434,0.7881014090095434,0.7688794136047363,0.7688794136047363,15000,0.0,0.0
1985-10-04,0.7766399383544922,0.7766399383544922,0.7669319594576102,0.7766399383544922,32400,0.0182,0.0
1985-10-07,0.7766399383544922,0.7960559469796291,0.7669319594576102,0.7766399383544922,14700,0.0,0.0
1985-10-08,0.7766400888020766,0.7766400888020766,0.7475160956382753,0.7475160956382751,48600,0.0,0.0
1985-10-09,0.7475159508324734,0.7766399383544922,0.7475159508324734,0.7766399383544922,14700,0.0,0.0
1985-10-10,0.7766399383544922,0.7766399383544922,0.7669319594576102,0.7766399383544922,18600,0.0,0.0
1985-10-11,0.7766399795895788,0.8057640194892883,0.7766399795895788,0.8057640194892883,51600,0.0,0.0
1985-10-14,0.8057640194892883,0.8057640194892883,0.7960559892455933,0.8057640194892883,33000,0.0,0.0
1985-10-15,0.8057640194892883,0.8251799783139274,0.8057640194892883,0.8057640194892883,80700,0.0,0.0
1985-10-16,0.8057644668026659,0.864012477275228,0.8057644668026659,0.8543044924736023,205500,0.0,0.0
1985-10-17,0.8543037575867346,0.8640117340373911,0.844595730304718,0.844595730304718,116100,0.0,0.0
1985-10-18,0.8445964568405727,0.8737204620768538,0.8445964568405727,0.8543044924736023,236100,0.0,0.0
1985-10-21,0.8543037575867346,0.8737197104880476,0.844595730304718,0.844595730304718,77700,0.0,0.0
1985-10-22,0.8543044924736022,0.864012477275228,0.8543044924736022,0.8543044924736023,34800,0.0,0.0
1985-10-23,0.8543042002776563,0.8640121817588806,0.8445961679650456,0.8640121817588806,37800,0.0,0.0
1985-10-24,0.8640117340373911,0.8640117340373911,0.8348877538540616,0.844595730304718,63600,0.0,0.0
1985-10-25,0.8445964568405727,0.8543044924736022,0.834888472038947,0.8543044924736023,51600,0.0,0.0
1985-10-28,0.8543040514303806,0.8543040514303806,0.8348880410194397,0.8348880410194397,22200,0.0,0.0
1985-10-29,0.8348877538540616,0.8543037575867346,0.8348877538540616,0.844595730304718,47700,0.0,0.0
1985-10-30,0.8445964568405727,0.8543044924736022,0.834888472038947,0.8543044924736023,33000,0.0,0.0
1985-10-31,0.864011833867177,0.9028438458192573,0.864011833867177,0.8737198114395142,87300,0.0,0.0
1985-11-01,0.873720163240105,0.8834281447213295,0.8640121817588806,0.8640121817588806,30000,0.0,0.0
1985-11-04,0.864012477275228,0.8737204620768538,0.8543044924736022,0.8543044924736023,22200,0.0,0.0
1985-11-05,0.864011833867177,0.8737198114395142,0.864011833867177,0.8737198114395142,15000,0.0,0.0
1985-11-06,0.8737198114395142,0.8737198114395142,0.864011833867177,0.8737198114395142,48600,0.0,0.0
1985-11-07,0.873720163240105,0.873720163240105,0.8640121817588806,0.8640121817588806,33300,0.0,0.0
1985-11-08,0.864011833867177,0.8834277890118513,0.864011833867177,0.8737198114395142,42000,0.0,0.0
1985-11-11,0.8737201450958961,0.9125521718771566,0.8737201450958961,0.9028441905975342,114900,0.0,0.0
1985-11-12,0.902844209346551,0.9125521908277754,0.8640121817588806,0.8640121817588806,127500,0.0,0.0
1985-11-13,0.8640117268000502,0.8931357575707841,0.8640117268000502,0.8834276795387268,49800,0.0,0.0
1985-11-14,0.8834281447213295,0.8931362278653265,0.8640121817588806,0.8640121817588806,49800,0.0,0.0
1985-11-15,0.8640121817588806,0.8834281447213295,0.8543042002776563,0.8640121817588806,42000,0.0,0.0
1985-11-18,0.864011833867177,0.8931358682469202,0.864011833867177,0.8737198114395142,37800,0.0,0.0
1985-11-19,0.8737204620768538,0.8834284468784795,0.8543044924736022,0.8543044924736023,99600,0.0,0.0
1985-11-20,0.864011833867177,0.8737198114395142,0.864011833867177,0.8737198114395142,18300,0.0,0.0
1985-11-21,0.873720163240105,0.873720163240105,0.8251801541712104,0.8640121817588806,332400,0.0,0.0
1985-11-22,0.8737197031693885,0.8931357575707841,0.8737197031693885,0.8834276795387268,107100,0.0,0.0
1985-11-25,0.8834282476167196,0.9125522971153259,0.8834282476167196,0.9125522971153259,93000,0.0,0.0
1985-11-26,0.9125521032779033,0.9513841271400452,0.9125521032779033,0.9513841271400452,134400,0.0,0.0
1985-11-27,0.951384120311711,0.951384120311711,0.9125520967282766,0.941676139831543,48600,0.0,0.0
1985-11-29,0.941676139831543,0.941676139831543,0.9319680576886128,0.941676139831543,36600,0.0,0.0
1985-12-02,0.9416763466139323,0.9416763466139323,0.9125522971153259,0.9125522971153259,47400,0.0,0.0
1985-12-03,0.9125520144983398,0.9319679737091064,0.9125520144983398,0.9319679737091064,16800,0.0,0.0
1985-12-04,0.9319682623392073,0.9319682623392073,0.9125522971153259,0.9125522971153259,31200,0.0,0.0
1985-12-05,0.9125521718771566,0.9125521718771566,0.9028441905975342,0.9028441905975342,72600,0.0,0.0
1985-12-06,0.9028443145033853,0.9125522971153259,0.8931363318914446,0.9125522971153259,9300,0.0,0.0
1985-12-09,0.9125522971153259,0.9125522971153259,0.9125522971153259,0.9125522971153259,47700,0.0,0.0
1985-12-10,0.9125520144983398,0.9319679737091064,0.9125520144983398,0.9319679737091064,42000,0.0,0.0
1985-12-11,0.9319682623392073,0.9319682623392073,0.9125522971153259,0.9125522971153259,63300,0.0,0.0
1985-12-12,0.9125521718771566,0.9416762173787948,0.9028441905975342,0.9028441905975342,45600,0.0,0.0
1985-12-13,0.9028443145033853,0.9125522971153259,0.9028443145033853,0.9125522971153259,57900,0.0,0.0
1985-12-16,0.9125517103094607,0.9125517103094607,0.8737197031693885,0.8834276795387268,127500,0.0,0.0
1985-12-17,0.8834280024986452,0.8931360840797424,0.8543040627436221,0.8931360840797424,67800,0.0,0.0
1985-12-18,0.8931357575707841,0.8931357575707841,0.8737197031693885,0.8834276795387268,27600,0.0,0.0
1985-12-19,0.8834277890118513,0.8931358682469202,0.8737198114395142,0.8737198114395142,93000,0.0,0.0
1985-12-20,0.8737198114395142,0.8931358682469202,0.8737198114395142,0.8737198114395142,23400,0.0,0.0
1985-12-23,0.8737198114395142,0.8834277890118513,0.8737198114395142,0.8737198114395142,43500,0.0,0.0
1985-12-24,0.8737201450958961,0.9028441905975342,0.8737201450958961,0.9028441905975342,24300,0.0,0.0
1985-12-26,0.9028440639980835,0.9028440639980835,0.8834280024986452,0.8931360840797424,8100,0.0,0.0
1985-12-27,0.8834276795387267,0.8834276795387267,0.8737197031693885,0.8834276795387268,20100,0.0,0.0
1985-12-30,0.8834277890118513,0.8931358682469202,0.864011833867177,0.8737198114395142,111000,0.0,0.0
1985-12-31,0.873720163240105,0.8834281447213295,0.8543042002776563,0.8640121817588806,19800,0.0,0.0
1986-01-02,0.864012477275228,0.8834284468784795,0.8543044924736022,0.8543044924736023,27900,0.0,0.0
1986-01-03,0.8543044924736022,0.8737204620768538,0.8445964568405727,0.8543044924736023,49500,0.0,0.0
1986-01-06,0.8621360603095606,0.8719330400096028,0.8425420496120916,0.8523390293121338,34800,0.0182,0.0
1986-01-07,0.8523390293121338,0.8621360603095606,0.8131510592145803,0.8523390293121338,90600,0.0,0.0
1986-01-08,0.8523387402617089,0.8719327443143371,0.8523387402617089,0.8621357679367065,96900,0.0,0.0
1986-01-09,0.8523387818356352,0.8523387818356352,0.7837597899550908,0.8131508231163025,150300,0.0,0.0
1986-01-10,0.8131508234827937,0.8327447772026062,0.8131508234827937,0.8327447772026062,20100,0.0,0.0
1986-01-13,0.8327446677712689,0.8523386702135949,0.8131507166263059,0.8425416946411133,89700,0.0,0.0
1986-01-14,0.8523387415483833,0.8817297220230101,0.8523387415483833,0.8817297220230103,80400,0.0,0.0
1986-01-15,0.8817296295008119,0.9405115842819213,0.8817296295008119,0.9405115842819214,228600,0.0,0.0
1986-01-16,0.9405116622346207,0.9601057171821594,0.9405116622346207,0.9601057171821594,187200,0.0,0.0
1986-01-17,0.960106069356313,0.989497008666341,0.9503090895863038,0.9797000288963318,162300,0.0,0.0
1986-01-20,0.9797000288963317,0.989497008666341,0.9699030491263224,0.9797000288963318,245100,0.0,0.0
1986-01-21,0.9797000918574439,0.9797000918574439,0.9699031114578247,0.9699031114578247,62100,0.0,0.0
1986-01-22,0.9699025099731313,0.9699025099731313,0.9503085613250734,0.9503085613250732,123600,0.0,0.0
1986-01-23,0.9503091506585865,0.9699031114578247,0.9405120676641908,0.9699031114578247,56100,0.0,0.0
1986-01-24,0.9699019687246343,1.0090899467468262,0.9601049998677502,1.0090899467468262,125700,0.0,0.0
1986-01-27,1.0090899467468262,1.0286838844605943,0.9894959064384024,1.0090899467468262,154500,0.0,0.0
1986-01-28,1.018887890515245,1.0776698624960803,1.018887890515245,1.0482789278030396,314700,0.0,0.0
1986-01-29,1.0482791596716665,1.0482791596716665,1.0090911354848682,1.0188881158828735,548700,0.0,0.0
1986-01-30,1.0188870498942826,1.0286840200424194,1.0188870498942826,1.0286840200424194,117000,0.0,0.0
1986-01-31,1.0286840200424194,1.0482780629333621,1.0286840200424194,1.0286840200424194,43800,0.0,0.0
1986-02-03,1.0286840200424194,1.058075033081499,1.0188870498942826,1.0286840200424194,172800,0.0,0.0
1986-02-04,1.0286850962808791,1.0482791596716665,1.0090911354848682,1.0188881158828735,239700,0.0,0.0
1986-02-05,1.0188881158828735,1.0482791596716665,1.0188881158828735,1.0188881158828735,179700,0.0,0.0
1986-02-06,1.0188870498942826,1.0482780629333621,1.0188870498942826,1.0286840200424194,156900,0.0,0.0
1986-02-07,1.0286850962808791,1.0286850962808791,1.0090911354848682,1.0188881158828735,74700,0.0,0.0
1986-02-10,1.0188881158828735,1.0188881158828735,0.9894970720940808,1.0188881158828735,299400,0.0,0.0
1986-02-11,1.0188881158828735,1.0188881158828735,0.9894970720940808,1.0188881158828735,294300,0.0,0.0
1986-02-12,1.0188881158828735,1.0286850962808791,1.0188881158828735,1.0188881158828735,74700,0.0,0.0
1986-02-13,1.0188870498942826,1.0286840200424194,1.0188870498942826,1.0286840200424194,105000,0.0,0.0
1986-02-14,1.0286850962808791,1.0286850962808791,0.9894970720940808,1.0188881158828735,96600,0.0,0.0
1986-02-18,1.0188881158828735,1.0188881158828735,0.9894970720940808,1.0188881158828735,111000,0.0,0.0
1986-02-19,1.0188876795127921,1.0286846557149403,0.989496648311615,0.989496648311615,156600,0.0,0.0
1986-02-20,0.989497008666341,1.0090910708011296,0.9797000288963317,0.9797000288963318,82500,0.0,0.0
1986-02-21,0.989496648311615,1.0090907033106438,0.989496648311615,0.989496648311615,145500,0.0,0.0
1986-02-24,0.9894960368552029,1.0286840200424194,0.9894960368552029,1.0286840200424194,127500,0.0,0.0
1986-02-25,1.0286840200424194,1.0482780629333621,1.0188870498942826,1.0286840200424194,104100,0.0,0.0
1986-02-26,1.0482783360986656,1.0776692542019,1.0482783360986656,1.0580753087997437,199800,0.0,0.0
1986-02-27,1.0580756895733658,1.1364516019821167,1.0580756895733658,1.1364516019821167,173100,0.0,0.0
1986-02-28,1.1364515985998902,1.1364515985998902,1.0972636938095093,1.0972636938095093,85200,0.0,0.0
1986-03-03,1.0972636938095093,1.1266546224022949,1.0776696388195866,1.0972636938095093,205200,0.0,0.0
1986-03-04,1.1168575519891186,1.1658425314395648,1.1168575519891186,1.1560455560684204,96900,0.0,0.0
1986-03-05,1.1560456553402636,1.1560456553402636,1.116857647895813,1.116857647895813,47100,0.0,0.0
1986-03-06,1.1168576677913697,1.1658426523208618,1.1168576677913697,1.1658426523208618,106800,0.0,0.0
1986-03-07,1.1658426523208618,1.1658426523208618,1.1364516205652728,1.1658426523208618,136500,0.0,0.0
1986-03-10,1.1658426332571064,1.1658426332571064,1.1364516019821167,1.1364516019821167,49500,0.0,0.0
1986-03-11,1.1364516205652728,1.1854366050947651,1.1364516205652728,1.1658426523208618,312600,0.0,0.0
1986-03-12,1.1658426523208618,1.195233684076451,1.1364516205652728,1.1658426523208618,356700,0.0,0.0
1986-03-13,1.1658426523208618,1.1658426523208618,1.1364516205652728,1.1658426523208618,123600,0.0,0.0
1986-03-14,1.1658426332571064,1.1658426332571064,1.0972636970751077,1.1364516019821167,72600,0.0,0.0
1986-03-17,1.1364516218234417,1.1854366064071655,1.1364516218234417,1.1854366064071655,89700,0.0,0.0
1986-03-18,1.1854366050947651,1.1854366050947651,1.1560456759339104,1.1658426523208618,82500,0.0,0.0
1986-03-19,1.1658426523208618,1.1854366050947651,1.1560456759339104,1.1658426523208618,88500,0.0,0.0
1986-03-20,1.1658420942717336,1.205030083656311,1.1658420942717336,1.205030083656311,137700,0.0,0.0
1986-03-21,1.2050307152504214,1.3127976655960083,1.185436658990935,1.3127976655960083,349200,0.0,0.0
1986-03-24,1.3127976465089235,1.3127976465089235,1.234421627799985,1.2442187070846558,140400,0.0,0.0
1986-03-25,1.2442187070846558,1.2736096371544543,1.2442187070846558,1.2442187070846558,91200,0.0,0.0
1986-03-26,1.2442187070846558,1.2736096371544543,1.2442187070846558,1.2442187070846558,85200,0.0,0.0
1986-03-27,1.244218447253241,1.244218447253241,1.2050304460824421,1.2246243953704834,43500,0.0,0.0
1986-03-31,1.2246246132373058,1.2344215896242572,1.1658426523208618,1.1658426523208618,68700,0.0,0.0
1986-04-01,1.1658424449116436,1.2246243953704834,1.1658424449116436,1.2246243953704834,80400,0.0,0.0
1986-04-02,1.2050305590124664,1.2050305590124664,1.1658425541691446,1.1952335834503174,83700,0.0,0.0
1986-04-03,1.195233111958838,1.224624027051257,1.195233111958838,1.205030083656311,74700,0.0,0.0
1986-04-04,1.2129139178179045,1.2129139178179045,1.1438862368698999,1.1734695434570312,65400,0.0182,0.0
1986-04-07,1.173469258779017,1.173469258779017,1.1340248939871573,1.163608193397522,60600,0.0,0.0
1986-04-08,1.163608316224294,1.2129137516021729,1.1340250136912107,1.2129137516021729,47100,0.0,0.0
1986-04-09,1.1931916790045156,1.1931916790045156,1.1734695434570312,1.1734695434570312,31200,0.0,0.0
1986-04-10,1.1734695434570312,1.2030528500441624,1.163608475683289,1.1734695434570312,49500,0.0,0.0
1986-04-11,1.1734695434570312,1.2129139178179045,1.1734695434570312,1.1734695434570312,72600,0.0,0.0
1986-04-14,1.173469258779017,1.173469258779017,1.163608193397522,1.163608193397522,15000,0.0,0.0
1986-04-15,1.1636080346395823,1.1636080346395823,1.134024739265442,1.134024739265442,37800,0.0,0.0
1986-04-16,1.1438862368698999,1.2030528500441624,1.1438862368698999,1.1734695434570312,81900,0.0,0.0
1986-04-17,1.1734693826466918,1.2129137516021729,1.1734693826466918,1.2129137516021729,81900,0.0,0.0
1986-04-18,1.2129139178179045,1.2129139178179045,1.1734695434570312,1.1734695434570312,47700,0.0,0.0
1986-04-21,1.1734691282810423,1.24249668154104,1.1734691282810423,1.2326356172561646,83700,0.0,0.0
1986-04-22,1.2326358435010547,1.272080211146266,1.2326358435010547,1.252358078956604,96600,0.0,0.0
1986-04-23,1.252358120557654,1.252358120557654,1.2129137516021729,1.2129137516021729,285300,0.0,0.0
1986-04-24,1.2129137113113928,1.252358078956604,1.2129137113113928,1.252358078956604,41400,0.0,0.0
1986-04-25,1.252358078956604,1.252358078956604,1.2326358435010547,1.252358078956604,36600,0.0,0.0
1986-04-28,1.2523581371344894,1.2523581371344894,1.2326359007627503,1.2424969673156738,27900,0.0,0.0
1986-04-29,1.24249668154104,1.24249668154104,1.2326356172561646,1.2326356172561646,27600,0.0,0.0
1986-04-30,1.232635884446968,1.2424969508693657,1.2129137516021729,1.2129137516021729,44400,0.0,0.0
1986-05-01,1.2129137516021729,1.2129137516021729,1.2030526851797751,1.2129137516021729,39900,0.0,0.0
1986-05-02,1.2129141867586486,1.2129141867586486,1.1931919435722256,1.2030531167984009,41400,0.0,0.0
1986-05-05,1.2030526851797751,1.2129137516021729,1.2030526851797751,1.2129137516021729,25200,0.0,0.0
1986-05-06,1.2129137516021729,1.2129137516021729,1.2129137516021729,1.2129137516021729,18300,0.0,0.0
1986-05-07,1.2129137113113928,1.252358078956604,1.2030526452165617,1.252358078956604,136800,0.0,0.0
1986-05-08,1.252358120557654,1.252358120557654,1.2129137516021729,1.2129137516021729,52800,0.0,0.0
1986-05-09,1.2129134886864132,1.24249668154104,1.2129134886864132,1.2326356172561646,45600,0.0,0.0
1986-05-12,1.232635884446968,1.252358120557654,1.2129137516021729,1.2129137516021729,31200,0.0,0.0
1986-05-13,1.2129137516021729,1.2424969508693657,1.2129137516021729,1.2129137516021729,14700,0.0,0.0
1986-05-14,1.2326356172561646,1.2523578490917842,1.2326356172561646,1.2326356172561646,82500,0.0,0.0
1986-05-15,1.2326358435010547,1.252358078956604,1.2326358435010547,1.252358078956604,122400,0.0,0.0
1986-05-16,1.2523578490917842,1.2523578490917842,1.2326356172561646,1.2326356172561646,34800,0.0,0.0
1986-05-19,1.2326358435010547,1.252358078956604,1.2326358435010547,1.252358078956604,45000,0.0,0.0
1986-05-20,1.252358078956604,1.252358078956604,1.2326358435010547,1.252358078956604,33000,0.0,0.0
1986-05-21,1.2523575136918463,1.2819406986236572,1.2424963487820688,1.2819406986236572,107400,0.0,0.0
1986-05-22,1.2819406986236572,1.3016629251773717,1.2523575136918463,1.2819406986236572,69600,0.0,0.0
1986-05-23,1.2819406986236572,1.3016629251773717,1.2720796369797203,1.2819406986236572,63300,0.0,0.0
1986-05-27,1.2819412103762626,1.311524510383606,1.2720801447957755,1.311524510383606,82500,0.0,0.0
1986-05-28,1.3115247041989975,1.3213857712367403,1.2819413998198725,1.3016636371612549,105000,0.0,0.0
1986-05-29,1.3016630204558932,1.321385145187378,1.2819407924585602,1.321385145187378,73500,0.0,0.0
1986-05-30,1.3213855759640931,1.3213855759640931,1.311524510383606,1.311524510383606,24300,0.0,0.0
1986-06-02,1.3115247041989975,1.3213857712367403,1.2819413998198725,1.3016636371612549,39900,0.0,0.0
1986-06-03,1.3016629251773717,1.3016629251773717,1.2720796369797203,1.2819406986236572,33000,0.0,0.0
1986-06-04,1.2819406986236572,1.2819406986236572,1.2720796369797203,1.2819406986236572,16800,0.0,0.0
1986-06-05,1.2819406986236572,1.2819406986236572,1.2720796369797203,1.2819406986236572,21600,0.0,0.0
1986-06-06,1.2819413998198725,1.3016636371612549,1.2819413998198725,1.3016636371612549,7800,0.0,0.0
1986-06-09,1.3016636059072706,1.321385739509212,1.242496998569658,1.2720803022384644,78000,0.0,0.0
1986-06-10,1.272080211146266,1.272080211146266,1.252358078956604,1.252358078956604,57000,0.0,0.0
1986-06-11,1.252358078956604,1.252358078956604,1.252358078956604,1.252358078956604,36600,0.0,0.0
1986-06-12,1.252358078956604,1.252358078956604,1.2424969095958858,1.252358078956604,22500,0.0,0.0
1986-06-13,1.252358078956604,1.252358078956604,1.2424969095958858,1.252358078956604,74700,0.0,0.0
1986-06-16,1.252358078956604,1.252358078956604,1.252358078956604,1.252358078956604,24300,0.0,0.0
1986-06-17,1.252358168636523,1.2720803022384644,1.252358168636523,1.2720803022384644,37800,0.0,0.0
1986-06-18,1.2720796369797203,1.3016629251773717,1.2523575136918463,1.2819406986236572,54600,0.0,0.0
1986-06-19,1.3016636371612549,1.3115247041989975,1.3016636371612549,1.3016636371612549,27600,0.0,0.0
1986-06-20,1.3016629251773717,1.3115239868213087,1.2523575136918463,1.2819406986236572,120600,0.0,0.0
1986-06-23,1.2819406986236572,1.3016629251773717,1.2720796369797203,1.2819406986236572,101400,0.0,0.0
1986-06-24,1.311524510383606,1.3213855759640931,1.311524510383606,1.311524510383606,22500,0.0,0.0
1986-06-25,1.3115246727082412,1.321385739509212,1.2720803022384644,1.2720803022384644,42000,0.0,0.0
1986-06-26,1.272080211146266,1.281941277241097,1.252358078956604,1.252358078956604,68700,0.0,0.0
1986-06-27,1.2523575136918463,1.2819406986236572,1.2523575136918463,1.2819406986236572,34800,0.0,0.0
1986-06-30,1.2819406986236572,1.2819406986236572,1.2720796369797203,1.2819406986236572,24300,0.0,0.0
1986-07-01,1.2819413690394348,1.2819413690394348,1.2720803022384644,1.2720803022384644,41700,0.0,0.0
1986-07-02,1.2720803022384644,1.2819413690394348,1.252358168636523,1.2720803022384644,56100,0.0,0.0
1986-07-03,1.291869878768921,1.3139531416301002,1.2808282998967555,1.291869878768921,45300,0.051717,1.1
1986-07-07,1.291869878768921,1.3139531416301002,1.291869878768921,1.291869878768921,20400,0.0,0.0
1986-07-08,1.291869482465637,1.291869482465637,1.2366613948071479,1.2477030754089355,81300,0.0,0.0
1986-07-09,1.247703458163411,1.291869878768921,1.247703458163411,1.291869878768921,32400,0.0,0.0
1986-07-10,1.291869878768921,1.291869878768921,1.2808282998967555,1.291869878768921,15000,0.0,0.0
1986-07-11,1.2918704930338885,1.336037039756775,1.2918704930338885,1.336037039756775,27600,0.0,0.0
1986-07-14,1.3360360607919497,1.3470777419404574,1.3139528036117554,1.3139528036117554,136800,0.0,0.0
1986-07-15,1.3139531416301002,1.3360364044912794,1.2808282998967555,1.291869878768921,73200,0.0,0.0
1986-07-16,1.2918699944383754,1.2918699944383754,1.2587451497391497,1.2697868347167969,43800,0.0,0.0
1986-07-17,1.2697863314956943,1.2808279069806656,1.2477030754089355,1.2477030754089355,34500,0.0,0.0
1986-07-18,1.2477039570425081,1.258745540329515,1.2366622686386108,1.2366622686386108,18600,0.0,0.0
1986-07-21,1.2366613681855116,1.2366613681855116,1.2035365373268603,1.2256197929382324,72600,0.0,0.0
1986-07-22,1.2256203050399244,1.2697868347167969,1.2145786200622772,1.2697868347167969,34500,0.0,0.0
1986-07-23,1.2697867210245903,1.291869878768921,1.247703458163411,1.291869878768921,54900,0.0,0.0
1986-07-24,1.291869546431561,1.3139528036117554,1.291869546431561,1.3139528036117554,62700,0.0,0.0
1986-07-25,1.3139530560620962,1.3139530560620962,1.258744955062866,1.2587449550628662,22200,0.0,0.0
1986-07-28,1.258744955062866,1.2808282164859264,1.258744955062866,1.2587449550628662,65400,0.0,0.0
1986-07-29,1.2587451497391497,1.2808284145775861,1.2477035698783605,1.2697868347167969,49500,0.0,0.0
1986-07-30,1.269787486470407,1.2808290719985962,1.2366625196520167,1.2808290719985962,36600,0.0,0.0
1986-07-31,1.2808284145775861,1.2808284145775861,1.2477035698783605,1.2697868347167969,22200,0.0,0.0
1986-08-01,1.2697868347167969,1.2808284145775861,1.2587451497391497,1.2697868347167969,9300,0.0,0.0
1986-08-04,1.2477040684291734,1.2477040684291734,1.181454247442121,1.2145791053771973,35100,0.0,0.0
1986-08-05,1.2145784322167454,1.2697866383328171,1.2145784322167454,1.2587449550628662,87900,0.0,0.0
1986-08-06,1.2587451497391497,1.2808284145775861,1.2587451497391497,1.2697868347167969,57900,0.0,0.0
1986-08-07,1.269787486470407,1.2808290719985962,1.2477042102971174,1.2808290719985962,70500,0.0,0.0
1986-08-08,1.2808282998967555,1.3139531416301002,1.2808282998967555,1.291869878768921,18000,0.0,0.0
1986-08-11,1.291869546431561,1.3139528036117554,1.291869546431561,1.3139528036117554,82500,0.0,0.0
1986-08-12,1.3139528036117554,1.3470777419404574,1.3139528036117554,1.3139528036117554,167400,0.0,0.0
1986-08-13,1.3139528036117554,1.3470777419404574,1.291869546431561,1.3139528036117554,154500,0.0,0.0
1986-08-14,1.3139531416301002,1.3139531416301002,1.291869878768921,1.291869878768921,42000,0.0,0.0
1986-08-15,1.291869878768921,1.3139531416301002,1.291869878768921,1.291869878768921,18600,0.0,0.0
1986-08-18,1.291869878768921,1.291869878768921,1.291869878768921,1.291869878768921,27300,0.0,0.0
1986-08-19,1.2808290719985962,1.2808290719985962,1.2808290719985962,1.2808290719985962,13200,0.0,0.0
1986-08-20,1.2808282164859264,1.2808282164859264,1.258744955062866,1.2587449550628662,34800,0.0,0.0
1986-08-21,1.2697868347167969,1.2918699944383754,1.2697868347167969,1.2697868347167969,15000,0.0,0.0
1986-08-22,1.2697867210245903,1.291869878768921,1.2587450370355764,1.291869878768921,36600,0.0,0.0
1986-08-25,1.2808282164859264,1.2808282164859264,1.258744955062866,1.2587449550628662,18000,0.0,0.0
1986-08-26,1.258744955062866,1.2808282164859264,1.2477033769097567,1.2587449550628662,38100,0.0,0.0
1986-08-27,1.2587451497391497,1.2808284145775861,1.2477035698783605,1.2697868347167969,27300,0.0,0.0
1986-08-28,1.269787486470407,1.2808290719985962,1.269787486470407,1.2808290719985962,13200,0.0,0.0
1986-08-29,1.2808284145775861,1.2808284145775861,1.2697868347167969,1.2697868347167969,22200,0.0,0.0
1986-09-02,1.2697868347167969,1.2697868347167969,1.2477035698783605,1.2697868347167969,87300,0.0,0.0
1986-09-03,1.2587458366442033,1.2587458366442033,1.1814544200897217,1.1814544200897217,58500,0.0,0.0
1986-09-04,1.1814537753630516,1.2808284145775861,1.1814537753630516,1.2697868347167969,99600,0.0,0.0
1986-09-05,1.2366620755285918,1.2366620755285918,1.1814539574807583,1.2035372257232666,197400,0.0,0.0
1986-09-08,1.1814544200897217,1.1814544200897217,1.1372879714278143,1.1814544200897217,176700,0.0,0.0
1986-09-09,1.1814544200897217,1.1814544200897217,1.1593711432003104,1.1814544200897217,18600,0.0,0.0
1986-09-10,1.1372879628623829,1.1372879628623829,1.0489548559700146,1.0931214094161987,70500,0.0,0.0
1986-09-11,1.0710377557989976,1.0710377557989976,1.0047879489427762,1.0489544868469238,165600,0.0,0.0
1986-09-12,1.0489549088080066,1.0489549088080066,1.0158300446132589,1.0379133224487305,135300,0.0,0.0
1986-09-15,1.0379133224487305,1.0710381866434782,1.0158300446132589,1.0379133224487305,47400,0.0,0.0
1986-09-16,1.0379129049293256,1.0710377557989976,1.0047879489427762,1.0489544868469238,51600,0.0,0.0
1986-09-17,1.0489537995786329,1.0710370540618896,1.0489537995786329,1.0710370540618896,44400,0.0,0.0
1986-09-18,1.0710370540618896,1.0931203085451464,1.0710370540618896,1.0710370540618896,8100,0.0,0.0
1986-09-19,1.0710384176053638,1.1262465715408325,1.0158302636698953,1.1262465715408325,51600,0.0,0.0
1986-09-22,1.1262451377116274,1.1262451377116274,1.0489537995786329,1.0710370540618896,23700,0.0,0.0
1986-09-23,1.0710377557989976,1.1262458756207432,1.0489544868469238,1.0489544868469238,38400,0.0,0.0
1986-09-24,1.0710370540618896,1.0931203085451464,1.0710370540618896,1.0710370540618896,3900,0.0,0.0
1986-09-25,1.0710381326931067,1.1152046861392908,1.0710381326931067,1.0931214094161987,75000,0.0,0.0
1986-09-26,1.1152041129385823,1.1372873783111572,1.1152041129385823,1.1372873783111572,23700,0.0,0.0
1986-09-29,1.1262461573573226,1.1262461573573226,1.1152045726776123,1.1152045726776123,42000,0.0,0.0
1986-09-30,1.1152045726776123,1.1372878471539367,1.1152045726776123,1.1152045726776123,15000,0.0,0.0
1986-10-02,1.1152041129385823,1.1372873783111572,1.1152041129385823,1.1372873783111572,83700,0.0,0.0
1986-10-03,1.1262461573573226,1.1262461573573226,1.1152045726776123,1.1152045726776123,27600,0.0,0.0
1986-10-06,1.1262465715408325,1.1372882653980916,1.1262465715408325,1.1262465715408325,18000,0.0,0.0
1986-10-07,1.1262456930664395,1.1372873783111572,1.1262456930664395,1.1372873783111572,21600,0.0,0.0
1986-10-08,1.1262465715408325,1.1262465715408325,1.1262465715408325,1.1262465715408325,43800,0.0,0.0
1986-10-09,1.1262456930664395,1.1372873783111572,1.1262456930664395,1.1372873783111572,19800,0.0,0.0
1986-10-10,1.1372882653980916,1.1372882653980916,1.1262465715408325,1.1262465715408325,37800,0.0,0.0
1986-10-13,1.1262465715408325,1.1262465715408325,1.1262465715408325,1.1262465715408325,1500,0.0,0.0
1986-10-14,1.1262457205159027,1.1262457205159027,1.1041624546051025,1.1041624546051025,42000,0.0,0.0
1986-10-15,1.1041618832283706,1.1041618832283706,1.0710370540618896,1.0710370540618896,13500,0.0,0.0
1986-10-16,1.0710377557989976,1.0931210247510714,1.0489544868469238,1.0489544868469238,6000,0.0,0.0
1986-10-17,1.0489544868469238,1.0710377557989976,0.9827047851075799,1.0489544868469238,70800,0.0,0.0
1986-10-20,1.0489549088080066,1.0489549088080066,1.0047883531370632,1.0379133224487305,40200,0.0,0.0
1986-10-21,1.0379133224487305,1.0489549088080066,0.9827051804185112,1.0379133224487305,53100,0.0,0.0
1986-10-22,1.0379127087087443,1.0379127087087443,1.0158294439315796,1.0158294439315796,10800,0.0,0.0
1986-10-23,1.0158294439315796,1.0158294439315796,0.9937461791544148,1.0158294439315796,35100,0.0,0.0
1986-10-24,1.0158302788535591,1.037913561781215,0.9937469959259033,0.9937469959259033,107100,0.0,0.0
1986-10-27,0.9937461791544148,1.0379127087087443,0.9937461791544148,1.0158294439315796,38400,0.0,0.0
1986-10-28,1.0379132701669258,1.1041629952192875,1.0379132701669258,1.0931214094161987,43800,0.0,0.0
1986-10-29,1.1041632889432567,1.1372882653980916,1.1041632889432567,1.1262465715408325,30900,0.0,0.0
1986-10-30,1.1262461573573226,1.1372878471539367,1.1152045726776123,1.1152045726776123,25800,0.0,0.0
1986-10-31,1.1263367992934374,1.1486405140566052,1.1151848888287512,1.137488603591919,93300,0.025,0.0
1986-11-03,1.137488248805864,1.1486401557922363,1.1151845409992909,1.1486401557922363,21600,0.0,0.0
1986-11-04,1.1486405140566052,1.1709441226535684,1.1151848888287512,1.137488603591919,42000,0.0,0.0
1986-11-05,1.1374883750073717,1.1486402832310205,1.1151846647262573,1.1151846647262573,2400,0.0,0.0
1986-11-06,1.115184676280367,1.115184676280367,1.0594254530829672,1.1040328741073608,78300,0.0,0.0
1986-11-07,1.104032519378359,1.1151843179682583,1.0817288160324097,1.0817288160324097,15300,0.0,0.0
1986-11-10,1.0594253540039062,1.0594253540039062,1.025969844447513,1.0594253540039062,34800,0.0,0.0
1986-11-11,1.0594256192903595,1.0594256192903595,1.0259701013565063,1.0259701013565063,62700,0.0,0.0
1986-11-12,1.0259697380621273,1.0482734441757202,1.0259697380621273,1.0482734441757202,74700,0.0,0.0
1986-11-13,1.0482734441757202,1.059425244149435,1.0259697380621273,1.0482734441757202,71400,0.0,0.0
1986-11-14,1.0482735528738334,1.0594253540039062,1.025969844447513,1.0594253540039062,101700,0.0,0.0
1986-11-17,1.0594253540039062,1.0594253540039062,1.025969844447513,1.0594253540039062,13500,0.0,0.0
1986-11-18,1.0594251126864604,1.0817288160324097,1.0594251126864604,1.0817288160324097,30000,0.0,0.0
1986-11-19,1.0817290624302265,1.0817290624302265,1.0594253540039062,1.0594253540039062,54900,0.0,0.0
1986-11-20,1.0594254530829672,1.1040328741073608,1.0482736509099608,1.1040328741073608,87900,0.0,0.0
1986-11-21,1.104032519378359,1.104032519378359,1.0817288160324097,1.0817288160324097,22500,0.0,0.0
1986-11-24,1.081729163595164,1.1040328741073608,1.081729163595164,1.1040328741073608,35100,0.0,0.0
1986-11-25,1.1040323968467245,1.1374878950694964,1.1040323968467245,1.1263360977172852,60300,0.0,0.0
1986-11-26,1.1263360977172852,1.1263360977172852,1.0817286959761636,1.1263360977172852,43800,0.0,0.0
1986-11-28,1.1263362227243081,1.1374880213142076,1.0817288160324097,1.0817288160324097,32400,0.0,0.0
1986-12-01,1.081729163595164,1.115184676280367,1.081729163595164,1.1040328741073608,13200,0.0,0.0
1986-12-02,1.1040330845302697,1.137488603591919,1.1040330845302697,1.137488603591919,64200,0.0,0.0
1986-12-03,1.137488603591919,1.1486405140566052,1.1151848888287512,1.137488603591919,27000,0.0,0.0
1986-12-04,1.1374883750073717,1.1486402832310205,1.1151846647262573,1.1151846647262573,22500,0.0,0.0
1986-12-05,1.115184676280367,1.1263365846195577,1.1040328741073608,1.1040328741073608,19800,0.0,0.0
1986-12-08,1.104032519378359,1.1151843179682583,1.0817288160324097,1.0817288160324097,55200,0.0,0.0
1986-12-09,1.1040328741073608,1.1040328741073608,1.1040328741073608,1.1040328741073608,22500,0.0,0.0
1986-12-10,1.1040328626687916,1.1151846647262573,1.1040328626687916,1.1151846647262573,42000,0.0,0.0
1986-12-11,1.115184676280367,1.115184676280367,1.1040328741073608,1.1040328741073608,50700,0.0,0.0
1986-12-12,1.1040328741073608,1.115184676280367,1.1040328741073608,1.1040328741073608,55200,0.0,0.0
1986-12-15,1.1040328626687916,1.1151846647262573,1.1040328626687916,1.1151846647262573,25800,0.0,0.0
1986-12-16,1.1151846647262573,1.1263365729499062,1.1040328626687916,1.1151846647262573,63600,0.0,0.0
1986-12-17,1.1151846647262573,1.1151846647262573,1.1040328626687916,1.1151846647262573,53100,0.0,0.0
1986-12-18,1.115184676280367,1.1263365846195577,1.1040328741073608,1.1040328741073608,45300,0.0,0.0
1986-12-19,1.1040330845302697,1.137488603591919,1.1040330845302697,1.137488603591919,138600,0.0,0.0
1986-12-22,1.137488248805864,1.1486401557922363,1.10403274017909,1.1486401557922363,121200,0.0,0.0
1986-12-23,1.1486402951317545,1.1486402951317545,1.1040328741073608,1.1040328741073608,22200,0.0,0.0
1986-12-24,1.1151846647262573,1.1374883750073717,1.1151846647262573,1.1151846647262573,30900,0.0,0.0
1986-12-26,1.1040328741073608,1.1040328741073608,1.1040328741073608,1.1040328741073608,2100,0.0,0.0
1986-12-29,1.1040328626687916,1.1151846647262573,1.1040328626687916,1.1151846647262573,51000,0.0,0.0
1986-12-30,1.104032519378359,1.104032519378359,1.0817288160324097,1.0817288160324097,82500,0.0,0.0
1986-12-31,1.0817288160324097,1.104032519378359,1.0817288160324097,1.0817288160324097,90900,0.0,0.0
1987-01-02,1.0817288160324097,1.104032519378359,1.0817288160324097,1.0817288160324097,40500,0.0,0.0
1987-01-05,1.0929774009694293,1.149316430091858,1.0929774009694293,1.149316430091858,56100,0.025,0.0
1987-01-06,1.126780608936302,1.126780608936302,1.1155128479003906,1.1155128479003906,30900,0.0,0.0
1987-01-07,1.1155129859370938,1.1380486180676619,1.1155129859370938,1.1267807483673096,61500,0.0,0.0
1987-01-08,1.126780608936302,1.1380484772423365,1.1155128479003906,1.1155128479003906,43800,0.0,0.0
1987-01-09,1.1267804791757534,1.1605839729309082,1.1267804791757534,1.1605839729309082,82500,0.0,0.0
1987-01-12,1.1605844115418245,1.205655574798584,1.149316540275021,1.205655574798584,49800,0.0,0.0
1987-01-13,1.205655574798584,1.2281912100620396,1.205655574798584,1.205655574798584,15900,0.0,0.0
1987-01-14,1.2056554592142867,1.2056554592142867,1.149316430091858,1.149316430091858,27600,0.0,0.0
1987-01-15,1.1493166109446995,1.205655648932462,1.1380488462552103,1.1831200122833252,81900,0.0,0.0
1987-01-16,1.1831199395351284,1.2507268453254952,1.1605844115418245,1.205655574798584,67500,0.0,0.0
1987-01-19,1.2056556204071789,1.239459020946031,1.1831199842912257,1.2281912565231323,30900,0.0,0.0
1987-01-20,1.2281912855815984,1.250726922230735,1.1831200122833252,1.1831200122833252,62100,0.0,0.0
1987-01-21,1.1831200122833252,1.205655648932462,1.1831200122833252,1.1831200122833252,7200,0.0,0.0
1987-01-22,1.183119826111287,1.2056554592142867,1.1267807969888581,1.149316430091858,38400,0.0,0.0
1987-01-23,1.149316430091858,1.2394588552337158,1.1267807969888581,1.149316430091858,123600,0.0,0.0
1987-01-26,1.1493161059224863,1.1605839729309082,1.1493161059224863,1.1605839729309082,43800,0.0,0.0
1987-01-27,1.1831199842912257,1.239459020946031,1.1831199842912257,1.2281912565231323,46200,0.0,0.0
1987-01-28,1.2281912100620396,1.2281912100620396,1.1831199395351284,1.205655574798584,81300,0.0,0.0
1987-01-29,1.2056556204071789,1.2619946570619844,1.2056556204071789,1.2281912565231323,63600,0.0,0.0
1987-01-30,1.2281912855815984,1.250726922230735,1.1831200122833252,1.1831200122833252,30900,0.0,0.0
1987-02-02,1.307065861951097,1.3634048957031966,1.307065861951097,1.318333625793457,314100,0.0,0.0
1987-02-03,1.318333007043298,1.3408686314212337,1.3070652484893799,1.3070652484893799,143400,0.0,0.0
1987-02-04,1.3070652484893799,1.318333007043298,1.2957974899354618,1.3070652484893799,59700,0.0,0.0
1987-02-05,1.3070649779095824,1.340868353843689,1.2957972216882396,1.340868353843689,100200,0.0,0.0
1987-02-06,1.340868353843689,1.374671837047873,1.340868353843689,1.340868353843689,65400,0.0,0.0
1987-02-09,1.340868353843689,1.340868353843689,1.340868353843689,1.340868353843689,34500,0.0,0.0
1987-02-10,1.340868353843689,1.340868353843689,1.3183327341309254,1.340868353843689,30900,0.0,0.0
1987-02-11,1.3408692607483268,1.3408692607483268,1.318333625793457,1.318333625793457,59700,0.0,0.0
1987-02-12,1.3183327341309254,1.340868353843689,1.3183327341309254,1.340868353843689,25500,0.0,0.0
1987-02-13,1.340868353843689,1.340868353843689,1.3183327341309254,1.340868353843689,27900,0.0,0.0
1987-02-17,1.3408692607483268,1.3408692607483268,1.307065861951097,1.318333625793457,38100,0.0,0.0
1987-02-18,1.3183329839447409,1.3408686079278294,1.2845296016051573,1.2957974672317505,99600,0.0,0.0
1987-02-19,1.295797560556926,1.3859399557113647,1.295797560556926,1.3859399557113647,124200,0.0,0.0
1987-02-20,1.3859408320454585,1.4310121117564214,1.363405192189977,1.40847647190094,157800,0.0,0.0
1987-02-23,1.40847647190094,1.4310121117564214,1.3746730657528046,1.40847647190094,124200,0.0,0.0
1987-02-24,1.3972091233482749,1.3972091233482749,1.3408700561748972,1.363405704498291,111300,0.0,0.0
1987-02-25,1.363405704498291,1.4084770011450785,1.3408700561748972,1.363405704498291,70500,0.0,0.0
1987-02-26,1.3634039735564525,1.3634039735564525,1.340868353843689,1.340868353843689,37800,0.0,0.0
1987-02-27,1.3408685666747602,1.3746720552444458,1.318332943385001,1.3746720552444458,49800,0.0,0.0
1987-03-02,1.3746730657528046,1.40847647190094,1.3746730657528046,1.40847647190094,80400,0.0,0.0
1987-03-03,1.408475926450768,1.4310115575790405,1.397208057251566,1.4310115575790405,75000,0.0,0.0
1987-03-04,1.431011206923637,1.431011206923637,1.3746721965433495,1.3859399557113647,61500,0.0,0.0
1987-03-05,1.3859399557113647,1.4084755813175007,1.3859399557113647,1.3859399557113647,65400,0.0,0.0
1987-03-06,1.3859408320454585,1.40847647190094,1.363405192189977,1.40847647190094,62700,0.0,0.0
1987-03-09,1.40847647190094,1.4310121117564214,1.3972085983381124,1.40847647190094,42300,0.0,0.0
1987-03-10,1.408475926450768,1.4310115575790405,1.397208057251566,1.4310115575790405,27300,0.0,0.0
1987-03-11,1.4310115575790405,1.4310115575790405,1.408475926450768,1.4310115575790405,45600,0.0,0.0
1987-03-12,1.4310121117564214,1.4310121117564214,1.40847647190094,1.40847647190094,27300,0.0,0.0
1987-03-13,1.40847647190094,1.4310121117564214,1.40847647190094,1.40847647190094,22500,0.0,0.0
1987-03-16,1.40847647190094,1.4310121117564214,1.40847647190094,1.40847647190094,19800,0.0,0.0
1987-03-17,1.408475926450768,1.4535471887073128,1.408475926450768,1.4310115575790405,65400,0.0,0.0
1987-03-18,1.4310115575790405,1.4535471887073128,1.4310115575790405,1.4310115575790405,34800,0.0,0.0
1987-03-19,1.4310115575790405,1.4535471887073128,1.4310115575790405,1.4310115575790405,47100,0.0,0.0
1987-03-20,1.4310121117564214,1.4535477516119026,1.40847647190094,1.40847647190094,222000,0.0,0.0
1987-03-23,1.408475926450768,1.4310115575790405,1.408475926450768,1.4310115575790405,70800,0.0,0.0
1987-03-24,1.431012311557371,1.476083490291093,1.431012311557371,1.4535479545593262,38100,0.0,0.0
1987-03-25,1.4535479545593264,1.476083490291093,1.4535479545593264,1.4535479545593262,30900,0.0,0.0
1987-03-26,1.4535469244301424,1.476082444190979,1.4535469244301424,1.476082444190979,39900,0.0,0.0
1987-03-27,1.476082444190979,1.4873503113415096,1.4535469244301424,1.476082444190979,34800,0.0,0.0
1987-03-30,1.4874172795463176,1.4874172795463176,1.4420000314712524,1.4420000314712524,62700,0.025,0.0
1987-03-31,1.4420000314712524,1.4420000314712524,1.4192913533868,1.4420000314712524,27900,0.0,0.0
1987-04-01,1.4420000314712524,1.4420000314712524,1.4192913533868,1.4420000314712524,43800,0.0,0.0
1987-04-02,1.4420000314712524,1.4647087095557048,1.4420000314712524,1.4420000314712524,19800,0.0,0.0
1987-04-03,1.4419996824301606,1.4987713098525999,1.4419996824301606,1.4987713098526,45300,0.0,0.0
1987-04-06,1.498771996520223,1.521480679512024,1.4874176009773914,1.521480679512024,34500,0.0,0.0
1987-04-07,1.521480837296695,1.5328351259231567,1.4987721519498975,1.5328351259231567,37800,0.0,0.0
1987-04-08,1.5328351259231567,1.5328351259231567,1.5101264405763593,1.5328351259231567,46200,0.0,0.0
1987-04-09,1.5328342646873008,1.5328342646873008,1.4987713098525999,1.4987713098526,34500,0.0,0.0
1987-04-10,1.4987713098525999,1.5101255920995624,1.487416919511824,1.4987713098526,10800,0.0,0.0
1987-04-13,1.4987720143487713,1.4987720143487713,1.4647090435028076,1.4647090435028076,58500,0.0,0.0
1987-04-14,1.4647082953311577,1.4647082953311577,1.3284562653569862,1.3511649370193481,178200,0.0,0.0
1987-04-15,1.3511653241616755,1.3852283954620361,1.3511653241616755,1.3852283954620361,43800,0.0,0.0
1987-04-16,1.3852283954620361,1.3852283954620361,1.3284566459927147,1.3852283954620361,134400,0.0,0.0
1987-04-20,1.3965829937170162,1.4647090435028076,1.3965829937170162,1.4647090435028076,74400,0.0,0.0
1987-04-21,1.4420000314712524,1.4420000314712524,1.4192913533868,1.4420000314712524,11100,0.0,0.0
1987-04-22,1.4419996824301606,1.5101255920995624,1.4419996824301606,1.4987713098526,74400,0.0,0.0
1987-04-23,1.4987713098525999,1.5214799824403384,1.464708355017899,1.4987713098526,47400,0.0,0.0
1987-04-24,1.4987721519498975,1.5328351259231567,1.4987721519498975,1.5328351259231567,63600,0.0,0.0
1987-04-27,1.5328349153277545,1.5328349153277545,1.4987719460343891,1.5101262331008911,67800,0.0,0.0
1987-04-28,1.5101262331008911,1.578252279781481,1.4987719460343891,1.5101262331008911,63600,0.0,0.0
1987-04-29,1.5214802659379734,1.57825190393868,1.5214802659379734,1.5668975114822388,57900,0.0,0.0
1987-04-30,1.566897539411016,1.6577322483062742,1.5555432548460264,1.6577322483062744,90600,0.0,0.0
1987-05-01,1.6577321509149014,1.7485667463798134,1.623669083033459,1.6917951107025146,177600,0.0,0.0
1987-05-04,1.6917954949743976,1.725858462499022,1.657732527449773,1.6690868139266968,51000,0.0,0.0
1987-05-05,1.6690866459988472,1.7258582888593421,1.6577323606642853,1.7145040035247803,93300,0.0,0.0
1987-05-06,1.7145037865922,1.7485667463798134,1.6690864348128296,1.6917951107025146,51600,0.0,0.0
1987-05-07,1.6917951107025146,1.6917951107025146,1.6690864348128296,1.6917951107025146,21600,0.0,0.0
1987-05-08,1.6917954949743976,1.6917954949743976,1.657732527449773,1.6690868139266968,22500,0.0,0.0
1987-05-11,1.6690868139266968,1.6917954949743976,1.6690868139266968,1.6690868139266968,9900,0.0,0.0
1987-05-12,1.6690868139266968,1.6690868139266968,1.657732527449773,1.6690868139266968,18000,0.0,0.0
1987-05-13,1.6690868139266968,1.6917954949743976,1.6690868139266968,1.6690868139266968,47400,0.0,0.0
1987-05-14,1.6690855207233062,1.6690855207233062,1.6236681938171387,1.6236681938171387,57900,0.0,0.0
1987-05-15,1.6236687144312192,1.6463773851656245,1.5782514810562134,1.5782514810562134,34800,0.0,0.0
1987-05-18,1.5668972195220017,1.5668972195220017,1.464708355017899,1.4987713098526,78300,0.0,0.0
1987-05-19,1.4987719460343891,1.5328349153277545,1.4874175508740277,1.5101262331008911,36600,0.0,0.0
1987-05-20,1.5101262331008911,1.5214806282612525,1.4874175508740277,1.5101262331008911,15000,0.0,0.0
1987-05-21,1.510126283969192,1.5328349669609929,1.510126283969192,1.521480679512024,8100,0.0,0.0
1987-05-22,1.5214806282612525,1.5214806282612525,1.4987719460343891,1.5101262331008911,15900,0.0,0.0
1987-05-26,1.5101264405763593,1.5328351259231567,1.4987721519498975,1.5328351259231567,40200,0.0,0.0
1987-05-27,1.5328349669609929,1.5328349669609929,1.521480679512024,1.521480679512024,18600,0.0,0.0
1987-05-28,1.5214806976107018,1.5214806976107018,1.4647090435028076,1.4647090435028076,35100,0.0,0.0
1987-05-29,1.4647090435028076,1.5101263019328046,1.4647090435028076,1.4647090435028076,26400,0.0,0.0
1987-06-01,1.4647090435028076,1.5214806976107018,1.4647090435028076,1.4647090435028076,506100,0.0,0.0
1987-06-02,1.4647090435028076,1.4987720143487713,1.4647090435028076,1.4647090435028076,5700,0.0,0.0
1987-06-03,1.4987719460343891,1.5328349153277545,1.4987719460343891,1.5101262331008911,18600,0.0,0.0
1987-06-04,1.5101262331008911,1.5101262331008911,1.5101262331008911,1.5101262331008911,300,0.0,0.0
1987-06-05,1.5101262331008911,1.5328349153277545,1.5101262331008911,1.5101262331008911,2400,0.0,0.0
1987-06-08,1.5101264405763593,1.5328351259231567,1.5101264405763593,1.5328351259231567,11700,0.0,0.0
1987-06-09,1.5328349669609929,1.5328349669609929,1.4874176009773914,1.521480679512024,31500,0.0,0.0
1987-06-10,1.5214806282612525,1.555543597554618,1.4987719460343891,1.5101262331008911,34800,0.0,0.0
1987-06-11,1.5101262331008911,1.5101262331008911,1.4874175508740277,1.5101262331008911,23700,0.0,0.0
1987-06-12,1.510126283969192,1.5555436499527937,1.498771996520223,1.521480679512024,51600,0.0,0.0
1987-06-15,1.521480837296695,1.578252496616752,1.521480837296695,1.5328351259231567,46200,0.0,0.0
1987-06-16,1.5328351259231567,1.5668980998964162,1.4987721519498975,1.5328351259231567,43800,0.0,0.0
1987-06-17,1.5328351259231567,1.578252496616752,1.521480837296695,1.5328351259231567,42300,0.0,0.0
1987-06-18,1.5328349669609929,1.5782523329445945,1.521480679512024,1.521480679512024,59700,0.0,0.0
1987-06-19,1.4987713098525999,1.4987713098525999,1.464708355017899,1.4987713098526,123300,0.0,0.0
1987-06-22,1.4987719740699579,1.4987719740699579,1.442000321487776,1.4874175786972046,114600,0.0,0.0
1987-06-23,1.487417618670874,1.5101263019328046,1.4647090435028076,1.4647090435028076,191400,0.0,0.0
1987-06-24,1.4647089767410237,1.5101262331008911,1.4647089767410237,1.5101262331008911,11700,0.0,0.0
1987-06-25,1.510126283969192,1.521480679512024,1.4874176009773914,1.521480679512024,16500,0.0,0.0
1987-06-26,1.5214604139328003,1.5214604139328003,1.4985812927683355,1.5214604139328003,4500,0.025,0.0
1987-06-29,1.5214609583584418,1.5443400877097642,1.5100214481353762,1.510021448135376,18000,0.0,0.0
1987-06-30,1.5278608979299375,1.551010322170058,1.469987392425537,1.469987392425537,45600,0.0386,0.0
1987-07-01,1.469987392425537,1.4931368166656576,1.469987392425537,1.469987392425537,40200,0.0,0.0
1987-07-02,1.4699872558926355,1.4699872558926355,1.4236884117126465,1.4236884117126465,186900,0.0,0.0
1987-07-06,1.4121140241622925,1.4121140241622925,1.3310910865432788,1.4121140241622925,190200,0.0,0.0
1987-07-07,1.4121132730063441,1.4931361675262451,1.3773890966465627,1.4931361675262451,174300,0.0,0.0
1987-07-08,1.4931368166656576,1.4931368166656576,1.469987392425537,1.469987392425537,30600,0.0,0.0
1987-07-09,1.469987392425537,1.469987392425537,1.469987392425537,1.469987392425537,11700,0.0,0.0
1987-07-10,1.4699872041347106,1.4699872041347106,1.4468377828598022,1.4468377828598022,38400,0.0,0.0
1987-07-13,1.4468379681854167,1.469987392425537,1.4468379681854167,1.469987392425537,13200,0.0,0.0
1987-07-14,1.4699867533503086,1.4931361675262451,1.446837339174372,1.4931361675262451,10800,0.0,0.0
1987-07-15,1.469987392425537,1.469987392425537,1.469987392425537,1.469987392425537,134400,0.0,0.0
1987-07-16,1.4699877135607067,1.4699877135607067,1.4005394256685941,1.4352635145187378,35100,0.0,0.0
1987-07-17,1.4352630171264542,1.4699872041347106,1.4352630171264542,1.4468377828598022,182100,0.0,0.0
1987-07-20,1.4468379681854167,1.469987392425537,1.4468379681854167,1.469987392425537,27000,0.0,0.0
1987-07-21,1.469987392425537,1.469987392425537,1.4468379681854167,1.469987392425537,7500,0.0,0.0
1987-07-22,1.4699872041347106,1.4699872041347106,1.4468377828598022,1.4468377828598022,42300,0.0,0.0
1987-07-23,1.4468379681854167,1.469987392425537,1.4468379681854167,1.469987392425537,77700,0.0,0.0
1987-07-24,1.469987392425537,1.469987392425537,1.469987392425537,1.469987392425537,22200,0.0,0.0
1987-07-27,1.4699872963005916,1.5973089560077742,1.4699872963005916,1.5625848770141602,54900,0.0,0.0
1987-07-28,1.608883500099182,1.666756993820302,1.608883500099182,1.6088835000991821,80400,0.0,0.0
1987-07-29,1.6088837224668417,1.6436078014604556,1.5625848770141602,1.5625848770141602,27000,0.0,0.0
1987-07-30,1.5625849075386065,1.5857343307171616,1.5394354843600513,1.551010251045227,23700,0.0,0.0
1987-07-31,1.551010220746887,1.5625848770141602,1.5394354542878195,1.5625848770141602,13500,0.0,0.0
1987-08-03,1.5510096478702096,1.5510096478702096,1.4931361675262451,1.4931361675262451,25500,0.0,0.0
1987-08-04,1.4931361675262451,1.4931361675262451,1.4699867533503086,1.4931361675262451,19800,0.0,0.0
1987-08-05,1.4931367032210638,1.5162860155105589,1.4931367032210638,1.516286015510559,4500,0.0,0.0
1987-08-06,1.5162854715104281,1.5162854715104281,1.4931361675262451,1.4931361675262451,5700,0.0,0.0
1987-08-07,1.5278607980205463,1.5625848770141602,1.5278607980205463,1.5625848770141602,26400,0.0,0.0
1987-08-10,1.5510102727138877,1.5510102727138877,1.5162860823650364,1.5394355058670044,21600,0.0,0.0
1987-08-11,1.5394355058670046,1.5510102727138877,1.5278608492119194,1.5394355058670044,19800,0.0,0.0
1987-08-12,1.527860233694273,1.527860233694273,1.4931361675262451,1.4931361675262451,30600,0.0,0.0
1987-08-13,1.4931361675262451,1.4931361675262451,1.4699867533503086,1.4931361675262451,42000,0.0,0.0
1987-08-14,1.4931366254096192,1.4931366254096192,1.4468377828598022,1.4468377828598022,150600,0.0,0.0
1987-08-17,1.4468377828598022,1.4699872041347106,1.412113706043333,1.4468377828598022,36600,0.0,0.0
1987-08-18,1.4468382842633358,1.4468382842633358,1.4352635145187378,1.4352635145187378,53100,0.0,0.0
1987-08-19,1.4352630171264542,1.4699872041347106,1.4352630171264542,1.4468377828598022,22500,0.0,0.0
1987-08-20,1.4468377828598022,1.4699872041347106,1.4468377828598022,1.4468377828598022,14700,0.0,0.0
1987-08-21,1.4468377828598022,1.4699872041347106,1.4468377828598022,1.4468377828598022,18300,0.0,0.0
1987-08-24,1.4468377828598022,1.4468377828598022,1.4468377828598022,1.4468377828598022,13500,0.0,0.0
1987-08-25,1.4468379681854167,1.469987392425537,1.4468379681854167,1.469987392425537,60300,0.0,0.0
1987-08-26,1.4699872041347106,1.4931366254096192,1.4468377828598022,1.4468377828598022,86100,0.0,0.0
1987-08-27,1.4468377828598022,1.4699872041347106,1.4468377828598022,1.4468377828598022,57900,0.0,0.0
1987-08-28,1.4468377828598022,1.4699872041347106,1.4468377828598022,1.4468377828598022,114600,0.0,0.0
1987-08-31,1.4468377828598022,1.4699872041347106,1.4468377828598022,1.4468377828598022,15900,0.0,0.0
1987-09-01,1.4468377828598022,1.4699872041347106,1.4468377828598022,1.4468377828598022,22200,0.0,0.0
1987-09-02,1.4468377828598022,1.4699872041347106,1.4468377828598022,1.4468377828598022,49800,0.0,0.0
1987-09-03,1.4468382842633358,1.4468382842633358,1.4352635145187378,1.4352635145187378,91500,0.0,0.0
1987-09-04,1.4352630171264542,1.4468377828598022,1.4352630171264542,1.4468377828598022,47400,0.0,0.0
1987-09-08,1.4352633404604573,1.4352633404604573,1.4121140241622925,1.4121140241622925,93300,0.0,0.0
1987-09-09,1.4121128455714356,1.4236874940599764,1.4005380868911745,1.4005380868911743,29700,0.0,0.0
1987-09-10,1.4005380868911745,1.4121128455714356,1.3773886797223724,1.4005380868911743,145800,0.0,0.0
1987-09-11,1.3773899654677426,1.3773899654677426,1.3426658773966778,1.3542405366897583,71100,0.0,0.0
1987-09-14,1.3542405366897583,1.3773899654677426,1.3542405366897583,1.3542405366897583,20100,0.0,0.0
1987-09-15,1.3542401284102044,1.3773895502090454,1.3542401284102044,1.3773895502090454,11700,0.0,0.0
1987-09-16,1.3773895502090454,1.4005389720078867,1.3773895502090454,1.3773895502090454,64200,0.0,0.0
1987-09-17,1.3773886797223724,1.4005380868911745,1.3773886797223724,1.4005380868911743,3600,0.0,0.0
1987-09-18,1.4005389720078867,1.4005389720078867,1.3773895502090454,1.3773895502090454,24300,0.0,0.0
1987-09-21,1.3773895502090454,1.4005389720078867,1.3773895502090454,1.3773895502090454,70800,0.0,0.0
1987-09-22,1.3542405366897583,1.3542405366897583,1.3542405366897583,1.3542405366897583,3900,0.0,0.0
1987-09-23,1.3542401284102044,1.3773895502090454,1.3542401284102044,1.3773895502090454,25800,0.0,0.0
1987-09-24,1.3773895502090454,1.3773895502090454,1.3542401284102044,1.3773895502090454,14700,0.0,0.0
1987-09-25,1.3773886797223724,1.4005380868911745,1.3773886797223724,1.4005380868911743,19800,0.0,0.0
1987-09-28,1.4121895835267972,1.4238606360980162,1.3888475894927979,1.3888475894927979,18000,0.025,0.0
1987-09-29,1.3888475894927979,1.3888475894927979,1.3888475894927979,1.3888475894927979,30000,0.0,0.0
1987-09-30,1.3888472151236166,1.5055571538339945,1.3888472151236166,1.482215166091919,74400,0.0,0.0
1987-10-01,1.482215166091919,1.482215166091919,1.4588731783498432,1.482215166091919,7200,0.0,0.0
1987-10-02,1.4588732719421387,1.4588732719421387,1.4472022217681542,1.4588732719421387,2100,0.0,0.0
1987-10-05,1.4472023102761487,1.4472023102761487,1.4238604307174683,1.4238604307174683,3900,0.0,0.0
1987-10-06,1.4238606360980162,1.4238606360980162,1.3655055954587987,1.3888475894927979,71400,0.0,0.0
1987-10-07,1.3888475894927979,1.4355315775607966,1.3888475894927979,1.3888475894927979,26400,0.0,0.0
1987-10-08,1.3888479602151051,1.4121899604797363,1.3888479602151051,1.4121899604797363,8100,0.0,0.0
1987-10-09,1.3888475894927979,1.3888475894927979,1.3888475894927979,1.3888475894927979,6000,0.0,0.0
1987-10-12,1.3888475894927979,1.4121895835267972,1.3888475894927979,1.3888475894927979,38400,0.0,0.0
1987-10-13,1.3888475894927979,1.4238606360980162,1.3888475894927979,1.3888475894927979,18300,0.0,0.0
1987-10-14,1.3888475894927979,1.3888475894927979,1.3888475894927979,1.3888475894927979,74700,0.0,0.0
1987-10-15,1.388847569837384,1.388847569837384,1.365505576133728,1.365505576133728,63600,0.0,0.0
1987-10-16,1.3655052799704945,1.3655052799704945,1.3071503639221191,1.3071503639221191,114600,0.0,0.0
1987-10-19,1.2254538301399707,1.2254538301399707,1.015376091003418,1.015376091003418,202200,0.0,0.0
1987-10-20,1.0153763779704583,1.0153763779704583,0.8403114718072873,0.992034375667572,311100,0.0,0.0
1987-10-21,1.0153757907158578,1.1320856236213004,1.0153757907158578,1.073730707168579,110400,0.0,0.0
1987-10-22,1.0620602714677538,1.0620602714677538,0.9920343756675719,0.992034375667572,71400,0.0,0.0
1987-10-23,0.992033937058658,0.992033937058658,0.9453499530933196,0.9686919450759888,41400,0.0,0.0
1987-10-26,0.9336791800838415,0.9336791800838415,0.8753241896629333,0.8753241896629333,46200,0.0,0.0
1987-10-27,0.8753241896629333,0.945350122613799,0.8753241896629333,0.8753241896629333,37800,0.0,0.0
1987-10-28,0.8519825339317323,0.8519825339317323,0.8403115319450418,0.8519825339317322,34500,0.0,0.0
1987-10-29,0.8519825339317323,0.8753244823508703,0.8403115319450418,0.8519825339317322,19800,0.0,0.0
1987-10-30,0.8753239134534377,1.073730707168579,0.8753239134534377,1.073730707168579,62700,0.0,0.0
1987-11-02,1.0737309197346445,1.0737309197346445,1.0153759917294223,1.0387179851531982,25500,0.0,0.0
1987-11-03,1.0387183802733448,1.0503893258705495,0.9920343756675719,0.992034375667572,13200,0.0,0.0
1987-11-04,0.9920343756675719,0.9920343756675719,0.9920343756675719,0.992034375667572,8100,0.0,0.0
1987-11-05,0.992033937058658,0.992033937058658,0.9686919450759889,0.9686919450759888,15000,0.0,0.0
1987-11-06,0.9686919450759889,0.992033937058658,0.9453499530933196,0.9686919450759888,18000,0.0,0.0
1987-11-09,0.9686919450759889,0.992033937058658,0.9686919450759889,0.9686919450759888,1500,0.0,0.0
1987-11-10,0.9686919450759889,0.992033937058658,0.9453499530933196,0.9686919450759888,13200,0.0,0.0
1987-11-11,0.9686919450759889,1.0153759290413273,0.9686919450759889,0.9686919450759888,10800,0.0,0.0
1987-11-12,0.9686923733646854,0.9920343756675719,0.9453503710617989,0.992034375667572,24300,0.0,0.0
1987-11-13,0.9920343756675719,0.9920343756675719,0.9686923733646854,0.992034375667572,5700,0.0,0.0
1987-11-16,0.9920340952974795,1.015376091003418,0.9920340952974795,1.015376091003418,15300,0.0,0.0
1987-11-17,1.0153757907158578,1.0970726959713502,1.0153757907158578,1.073730707168579,26400,0.0,0.0
1987-11-18,1.0620598793029785,1.0620598793029785,1.0620598793029785,1.0620598793029785,300,0.0,0.0
1987-11-19,1.0620599713068484,1.097073020419979,1.015376091003418,1.015376091003418,26400,0.0,0.0
1987-11-20,1.015376091003418,1.015376091003418,1.015376091003418,1.015376091003418,4500,0.0,0.0
1987-11-23,1.015376091003418,1.0387180867093562,1.015376091003418,1.015376091003418,10800,0.0,0.0
1987-11-24,1.015376091003418,1.0387180867093562,0.9920340952974795,1.015376091003418,44400,0.0,0.0
1987-11-25,1.0387179851531982,1.0387179851531982,1.0387179851531982,1.0387179851531982,9300,0.0,0.0
1987-11-27,1.0387179851531982,1.0387179851531982,1.0153759917294223,1.0387179851531982,15000,0.0,0.0
1987-11-30,1.0153763779704583,1.0153763779704583,0.9686923733646854,0.992034375667572,21600,0.0,0.0
1987-12-01,0.9920340952974795,1.015376091003418,0.9686920995915412,1.015376091003418,34800,0.0,0.0
1987-12-02,0.9920343756675719,0.9920343756675719,0.9920343756675719,0.992034375667572,3600,0.0,0.0
1987-12-03,0.9686919450759889,0.9686919450759889,0.9686919450759889,0.9686919450759888,18000,0.0,0.0
1987-12-04,0.9686919450759889,0.9686919450759889,0.9686919450759889,0.9686919450759888,35100,0.0,0.0
1987-12-07,0.9686919450759889,0.9686919450759889,0.9686919450759889,0.9686919450759888,20100,0.0,0.0
1987-12-08,0.9686923733646854,0.9920343756675719,0.9686923733646854,0.992034375667572,15000,0.0,0.0
1987-12-09,0.9920343756675719,1.0153763779704583,0.9686923733646854,0.992034375667572,25800,0.0,0.0
1987-12-10,0.9920343756675719,1.0503893258705495,0.9920343756675719,0.992034375667572,44400,0.0,0.0
1987-12-11,0.9686919450759889,0.9686919450759889,0.9686919450759889,0.9686919450759888,47400,0.0,0.0
1987-12-14,0.968691984248141,0.9920339771747182,0.9220080539492029,0.9453499913215637,35100,0.0,0.0
1987-12-15,0.9453499530933196,0.992033937058658,0.9336790126561992,0.9686919450759888,34800,0.0,0.0
1987-12-16,0.968691984248141,0.968691984248141,0.9336790504124916,0.9453499913215637,24300,0.0,0.0
1987-12-17,0.945350266099506,0.945350266099506,0.8986663222312927,0.8986663222312927,30900,0.0,0.0
1987-12-18,0.8986660610226257,0.968691984248141,0.8986660610226257,0.9453499913215637,60300,0.0,0.0
1987-12-21,0.9453502868271724,0.96869228705019,0.9336793422698975,0.9336793422698975,69600,0.0,0.0
1987-12-22,0.9336790126561992,0.9686919450759889,0.9336790126561992,0.9686919450759888,34500,0.0,0.0
1987-12-23,0.968691984248141,0.9920339771747182,0.9453499913215637,0.9453499913215637,20400,0.0,0.0
1987-12-24,0.9453499913215637,0.968691984248141,0.9453499913215637,0.9453499913215637,44400,0.0,0.0
1987-12-28,0.9453499530933196,0.9686919450759889,0.9453499530933196,0.9686919450759888,23700,0.0,0.0
1987-12-29,0.9686919450759889,0.9686919450759889,0.9686919450759889,0.9686919450759888,11700,0.0,0.0
1987-12-30,0.9686919450759889,1.0153759290413273,0.9453499530933196,0.9686919450759888,45300,0.0,0.0
1987-12-31,0.968691984248141,0.968691984248141,0.9453499913215637,0.9453499913215637,57000,0.0,0.0
1988-01-04,0.9453501038856028,1.015376091003418,0.9453501038856028,1.015376091003418,51000,0.0,0.0
1988-01-05,1.015376091003418,1.015376091003418,0.9920340952974795,1.015376091003418,16500,0.0,0.0
1988-01-06,1.038717779518629,1.073730707168579,1.038717779518629,1.073730707168579,10800,0.0,0.0
1988-01-07,1.0737307389173054,1.108743667602539,1.0737307389173054,1.108743667602539,13200,0.0,0.0
1988-01-08,1.1087438605620448,1.1087438605620448,1.0503889322280884,1.0503889322280884,10800,0.0,0.0
1988-01-11,1.0387183802733448,1.0387183802733448,0.9920343756675719,0.992034375667572,35100,0.0,0.0
1988-01-12,0.9920339771747182,0.9920339771747182,0.9453499913215637,0.9453499913215637,43800,0.0,0.0
1988-01-13,0.9453499913215637,0.968691984248141,0.9453499913215637,0.9453499913215637,9300,0.0,0.0
1988-01-14,0.9453499913215637,0.9453499913215637,0.9453499913215637,0.9453499913215637,300,0.0,0.0
1988-01-15,0.9453499913215637,0.9920339771747182,0.9453499913215637,0.9453499913215637,56100,0.0,0.0
1988-01-18,0.9686919450759889,0.9686919450759889,0.9686919450759889,0.9686919450759888,5400,0.0,0.0
1988-01-19,0.980484366416931,0.980484366416931,0.980484366416931,0.9804843664169312,42300,0.025,0.0
1988-01-20,0.980484366416931,0.980484366416931,0.980484366416931,0.9804843664169312,5700,0.0,0.0
1988-01-21,0.9804840592161869,0.9804840592161869,0.956857919692993,0.9568579196929932,23700,0.0,0.0
1988-01-22,0.9568583915820128,1.0041106939315796,0.9568583915820128,1.0041106939315796,7500,0.0,0.0
1988-01-25,1.0041105753542645,1.063175890085572,1.0041105753542645,1.0513628721237183,10800,0.0,0.0
1988-01-26,1.0513624577701992,1.0868016101498197,1.0513624577701992,1.0749884843826294,15000,0.0,0.0
1988-01-27,1.086802363395691,1.086802363395691,1.086802363395691,1.086802363395691,3600,0.0,0.0
1988-01-28,1.086802363395691,1.086802363395691,1.086802363395691,1.086802363395691,3900,0.0,0.0
1988-01-29,1.0868016101498197,1.0868016101498197,1.0749884843826294,1.0749884843826294,14700,0.0,0.0
1988-02-01,1.086802363395691,1.1104285188440184,1.086802363395691,1.086802363395691,41400,0.0,0.0
1988-02-02,1.0868017150905847,1.1104278564453125,1.0868017150905847,1.1104278564453125,34500,0.0,0.0
1988-02-03,1.1104278564453125,1.1222408708921834,1.0868017150905847,1.1104278564453125,27300,0.0,0.0
1988-02-04,1.1104285188440184,1.1104285188440184,1.086802363395691,1.086802363395691,7500,0.0,0.0
1988-02-05,1.1104278564453125,1.1222408708921834,1.1104278564453125,1.1104278564453125,24300,0.0,0.0
1988-02-08,1.1104285188440184,1.1104285188440184,1.086802363395691,1.086802363395691,11700,0.0,0.0
1988-02-09,1.086802363395691,1.086802363395691,1.086802363395691,1.086802363395691,0,0.0,0.0
1988-02-10,1.2167459012354254,1.4057548793724963,1.2167459012354254,1.2876242399215698,192900,0.0,0.0
1988-02-11,1.2876239380409245,1.3585023725708023,1.2167456159720493,1.2639977931976318,241800,0.0,0.0
1988-02-12,1.2639981637098456,1.2639981637098456,1.204932840518464,1.2167459726333618,53400,0.0,0.0
1988-02-16,1.2167459726333618,1.2639981637098456,1.204932840518464,1.2167459726333618,29700,0.0,0.0
1988-02-17,1.2167459726333618,1.240372011941086,1.2167459726333618,1.2167459726333618,15900,0.0,0.0
1988-02-18,1.2167462553506525,1.2403723001480103,1.2167462553506525,1.2403723001480103,71400,0.0,0.0
1988-02-19,1.2403723001480103,1.2403723001480103,1.2403723001480103,1.2403723001480103,11100,0.0,0.0
1988-02-22,1.2403723001480103,1.2403723001480103,1.1931200980922327,1.2403723001480103,61500,0.0,0.0
1988-02-23,1.2167459726333618,1.2167459726333618,1.1813066887497041,1.2167459726333618,70800,0.0,0.0
1988-02-24,1.2167462553506525,1.2403723001480103,1.2167462553506525,1.2403723001480103,21600,0.0,0.0
1988-02-25,1.240372011941086,1.240372011941086,1.1931198208646019,1.2167459726333618,40500,0.0,0.0
1988-02-26,1.2167462553506525,1.2403723001480103,1.2049331204909117,1.2403723001480103,38400,0.0,0.0
1988-02-29,1.2403719391567876,1.2876242399215698,1.2403719391567876,1.2876242399215698,71400,0.0,0.0
1988-03-01,1.2876240332092066,1.3466893434524534,1.2639978866197057,1.3466893434524536,74400,0.0,0.0
1988-03-02,1.346689559647033,1.346689559647033,1.2876242399215698,1.2876242399215698,73200,0.0,0.0
1988-03-03,1.2876242399215698,1.2876242399215698,1.2639980895391787,1.2876242399215698,7500,0.0,0.0
1988-03-04,1.2639977931976318,1.2639977931976318,1.2639977931976318,1.2639977931976318,2100,0.0,0.0
1988-03-07,1.2639977931976318,1.2876239380409245,1.2403716483543392,1.2639977931976318,16500,0.0,0.0
1988-03-08,1.263997650596177,1.2994368076324463,1.263997650596177,1.2994368076324463,18600,0.0,0.0
1988-03-09,1.2994376370635288,1.2994376370635288,1.2403723001480103,1.2403723001480103,10800,0.0,0.0
1988-03-10,1.2639980895391787,1.2994372588822507,1.2639980895391787,1.2876242399215698,47400,0.0,0.0
1988-03-11,1.26399845740643,1.26399845740643,1.2403723001480103,1.2403723001480103,13500,0.0,0.0
1988-03-14,1.2639977931976318,1.2639977931976318,1.2639977931976318,1.2639977931976318,2400,0.0,0.0
1988-03-15,1.2639977931976318,1.2876239380409245,1.2639977931976318,1.2639977931976318,7500,0.0,0.0
1988-03-16,1.263997650596177,1.2994368076324463,1.2403715084183342,1.2994368076324463,21600,0.0,0.0
1988-03-17,1.2876239380409245,1.2876239380409245,1.2639977931976318,1.2639977931976318,4500,0.0,0.0
1988-03-18,1.2639980863544098,1.3585026876458608,1.2639980863544098,1.334876537322998,143400,0.0,0.0
1988-03-21,1.3348765996529777,1.3348765996529777,1.3112504482269287,1.3112504482269287,8100,0.0,0.0
1988-03-22,1.3112504482269287,1.3230634677094362,1.3112504482269287,1.3112504482269287,7500,0.0,0.0
1988-03-23,1.3112499349518627,1.323062949810289,1.28762379277402,1.2994368076324463,10800,0.0,0.0
1988-03-24,1.2994368076324463,1.3112499349518627,1.28762379277402,1.2994368076324463,26400,0.0,0.0
1988-03-25,1.3113374420866393,1.335179959604914,1.2994162400729727,1.3232587575912476,34500,0.025,0.0
1988-03-28,1.3113375062314423,1.3113375062314423,1.2755737849500985,1.2994163036346436,42300,0.0,0.0
1988-03-29,1.2994162481349512,1.3232587658011523,1.27557373046875,1.27557373046875,18000,0.0,0.0
1988-03-30,1.2994163036346436,1.2994163036346436,1.2994163036346436,1.2994163036346436,2100,0.0,0.0
1988-03-31,1.2994162481349512,1.3113374502225805,1.27557373046875,1.27557373046875,14700,0.0,0.0
1988-04-04,1.2755737849500985,1.3113375062314423,1.2755737849500985,1.2994163036346436,33300,0.0,0.0
1988-04-05,1.299416150606138,1.3232586664828183,1.299416150606138,1.3113373517990112,13500,0.0,0.0
1988-04-06,1.3113375062314423,1.3113375062314423,1.2755737849500985,1.2994163036346436,13200,0.0,0.0
1988-04-07,1.2994167975201782,1.3709443807601929,1.2994167975201782,1.3709443807601929,51000,0.0,0.0
1988-04-08,1.3709443807601929,1.3828655878880334,1.3471018530135213,1.3709443807601929,45600,0.0,0.0
1988-04-11,1.3947861143605014,1.4424711465835571,1.3947861143605014,1.4424711465835571,138600,0.0,0.0
1988-04-12,1.466314126883894,1.490156650543213,1.466314126883894,1.490156650543213,136800,0.0,0.0
1988-04-13,1.4901559944933858,1.4901559944933858,1.454392281495075,1.4663134813308716,53100,0.0,0.0
1988-04-14,1.4663134813308716,1.4901559944933858,1.4424709681683574,1.4663134813308716,480600,0.0,0.0
1988-04-15,1.4663134813308716,1.4901559944933858,1.4424709681683574,1.4663134813308716,32400,0.0,0.0
1988-04-18,1.46631336664856,1.5139983892440796,1.4543921677451361,1.5139983892440796,26400,0.0,0.0
1988-04-19,1.5139982725197418,1.609368196867158,1.5139982725197418,1.561683177947998,174300,0.0,0.0
1988-04-20,1.5616832983486868,1.5616832983486868,1.4901558779463198,1.5139983892440796,51000,0.0,0.0
1988-04-21,1.5139989627819526,1.5378414831118112,1.478235125541687,1.478235125541687,11700,0.0,0.0
1988-04-22,1.490156650543213,1.490156650543213,1.490156650543213,1.490156650543213,18300,0.0,0.0
1988-04-25,1.7405026336739613,1.8120300769805908,1.7405026336739613,1.8120300769805908,1515300,0.0,0.0
1988-04-26,1.8120300769805908,1.8358725959131168,1.7762663553272762,1.8120300769805908,466500,0.0,0.0
1988-04-27,1.8120300769805908,1.8120300769805908,1.800108874259802,1.8120300769805908,230400,0.0,0.0
1988-04-28,1.8120302325605604,1.8120302325605604,1.8001090288162234,1.8001090288162231,171600,0.0,0.0
1988-04-29,1.800108874259802,1.8120300769805908,1.800108874259802,1.8120300769805908,122100,0.0,0.0
1988-05-02,1.8120300769805908,1.8120300769805908,1.800108874259802,1.8120300769805908,153300,0.0,0.0
1988-05-03,1.8120300769805908,1.8120300769805908,1.800108874259802,1.8120300769805908,131400,0.0,0.0
1988-05-04,1.8120299361046206,1.8120299361046206,1.7762662172317505,1.7762662172317505,222900,0.0,0.0
1988-05-05,1.4901564424520939,1.4901564424520939,1.3947863611326592,1.478235125541687,1182300,0.0,0.0
1988-05-06,1.4782346811666682,1.4901559944933858,1.4424709681683574,1.4663134813308716,102600,0.0,0.0
1988-05-09,1.4543922806775016,1.4543922806775016,1.4186284542083742,1.418628454208374,242100,0.0,0.0
1988-05-10,1.4186284542083742,1.4663134805065967,1.394785941059263,1.418628454208374,270000,0.0,0.0
1988-05-11,1.4186288781538903,1.4186288781538903,1.3709439510963422,1.3947863578796387,126900,0.0,0.0
1988-05-12,1.3947863578796387,1.4186288781538903,1.3828651544879904,1.3947863578796387,87300,0.0,0.0
1988-05-13,1.394785941059263,1.4186284542083742,1.3709435414010724,1.418628454208374,93300,0.0,0.0
1988-05-16,1.4186286304720293,1.4424711465835571,1.3947861143605014,1.4424711465835571,105900,0.0,0.0
1988-05-17,1.4424710003644123,1.4543923139572144,1.4186284866697316,1.4543923139572144,41400,0.0,0.0
1988-05-18,1.4543923139572144,1.4543923139572144,1.4186284866697316,1.4543923139572144,51000,0.0,0.0
1988-05-19,1.4543922806775016,1.4543922806775016,1.4186284542083742,1.418628454208374,47400,0.0,0.0
1988-05-20,1.4186286304720293,1.4543924613847887,1.4186286304720293,1.4424711465835571,34800,0.0,0.0
1988-05-23,1.4424713984281416,1.4424713984281416,1.3947863578796387,1.3947863578796387,47100,0.0,0.0
1988-05-24,1.394785941059263,1.4186284542083742,1.394785941059263,1.418628454208374,51600,0.0,0.0
1988-05-25,1.4186284542083742,1.4186284542083742,1.394785941059263,1.418628454208374,58500,0.0,0.0
1988-05-26,1.4186284542083742,1.4186284542083742,1.394785941059263,1.418628454208374,242100,0.0,0.0
1988-05-27,1.4424711465835571,1.4424711465835571,1.4424711465835571,1.4424711465835571,113400,0.0,1.1
1988-05-31,1.4424715754174973,1.45558500289917,1.4424715754174973,1.45558500289917,29700,0.0,0.0
1988-06-01,1.45558500289917,1.45558500289917,1.45558500289917,1.45558500289917,40500,0.0,0.0
1988-06-02,1.4555845701667247,1.4555845701667247,1.4424711465835571,1.4424711465835571,22200,0.0,0.0
1988-06-03,1.4424715754174973,1.45558500289917,1.4162448339451206,1.45558500289917,236700,0.0,0.0
1988-06-06,1.45558500289917,1.45558500289917,1.4424715754174973,1.45558500289917,18900,0.0,0.0
1988-06-07,1.4555850366519203,1.5080385208129883,1.4555850366519203,1.5080385208129883,65400,0.0,0.0
1988-06-08,1.5080383230266796,1.5604918003082278,1.5080383230266796,1.5604918003082275,176400,0.0,0.0
1988-06-09,1.5604916126181723,1.5736050371068042,1.5473783016204832,1.5473783016204834,200100,0.0,0.0
1988-06-10,1.5604921328121386,1.7178527116775513,1.5604921328121386,1.7178527116775513,240300,0.0,0.0
1988-06-13,1.7178527116775513,1.7571928847666496,1.6916259674484793,1.7178527116775513,60000,0.0,0.0
1988-06-14,1.717852558330229,1.7440793002181219,1.6653990745544436,1.6653990745544434,76800,0.0,0.0
1988-06-15,1.6785123233071402,1.7571926593940161,1.6785123233071402,1.7440792322158813,200400,0.0,0.0
1988-06-16,1.744078703287912,1.744078703287912,1.6916252374649046,1.6916252374649048,35100,0.0,0.0
1988-06-17,1.6916259728561387,1.7178527171690503,1.626059055328369,1.6260590553283691,56400,0.0,0.0
1988-06-20,1.6260584831545242,1.6522852182388306,1.6260584831545242,1.6522852182388306,6000,0.0,0.0
1988-06-21,1.652284340184447,1.7047377824783325,1.652284340184447,1.7047377824783325,98100,0.0,0.0
1988-06-22,1.7047389547969225,1.7178523811337039,1.6785122156143186,1.6785122156143188,51300,0.0,0.0
1988-06-23,1.678511814263687,1.6916252374649046,1.6522850813521832,1.6916252374649048,81900,0.0,0.0
1988-06-24,1.6916256419511,1.6916256419511,1.6785122156143186,1.6785122156143188,25800,0.0,0.0
1988-06-27,1.691753653009115,1.7049705284672398,1.6653200164791309,1.6785368919372559,69600,0.0276,0.0
1988-06-28,1.67853710156586,1.6917538642883299,1.67853710156586,1.69175386428833,17100,0.0,0.0
1988-06-29,1.691753653009115,1.691753653009115,1.6785368919372556,1.6785368919372559,14700,0.0,0.0
1988-06-30,1.7049713701803397,1.7314050197601318,1.7049713701803397,1.7314050197601318,109800,0.0,0.0
1988-07-01,1.7314050197601318,1.7314050197601318,1.7049713701803397,1.7314050197601318,9900,0.0,0.0
1988-07-05,1.7314050197601318,1.7314050197601318,1.6785377206005474,1.7314050197601318,58200,0.0,0.0
1988-07-06,1.7314039676866733,1.7314039676866733,1.704970334169062,1.7181870937347412,31200,0.0,0.0
1988-07-07,1.7181870937347412,1.7181870937347412,1.6917534602171302,1.7181870937347412,49800,0.0,0.0
1988-07-08,1.7181870937347412,1.7181870937347412,1.704970334169062,1.7181870937347412,94800,0.0,0.0
1988-07-11,1.7181870937347412,1.7314039676866733,1.7181870937347412,1.7181870937347412,29100,0.0,0.0
1988-07-12,1.7181876001001832,1.7314044779472486,1.704970836639404,1.7049708366394043,109800,0.0,0.0
1988-07-13,1.704970836639404,1.7181876001001832,1.6917539587923387,1.7049708366394043,113100,0.0,0.0
1988-07-14,1.704970836639404,1.704970836639404,1.6917539587923387,1.7049708366394043,103800,0.0,0.0
1988-07-15,1.704970334169062,1.7181870937347412,1.678536700651451,1.7181870937347412,42000,0.0,0.0
1988-07-18,1.7181866784371924,1.757837176322937,1.7049699220660943,1.757837176322937,64200,0.0,0.0
1988-07-19,1.7842708826065063,1.7974877539501661,1.7842708826065063,1.7842708826065063,107100,0.0,0.0
1988-07-20,1.7842708826065063,1.7842708826065063,1.7710541256490766,1.7842708826065063,38100,0.0,0.0
1988-07-21,1.7842713603049196,1.8503555059432983,1.7710545998090004,1.8503555059432983,125700,0.0,0.0
1988-07-22,1.8503555059432983,1.8635723808254783,1.8371386310611184,1.8503555059432983,241800,0.0,0.0
1988-07-25,1.8503557210847514,1.8635725975036619,1.8503557210847514,1.863572597503662,60600,0.0,0.0
1988-07-26,1.8503555059432983,1.8503555059432983,1.8503555059432983,1.8503555059432983,31200,0.0,0.0
1988-07-27,1.850355313073254,1.850355313073254,1.8239216804504395,1.8239216804504395,81900,0.0,0.0
1988-07-28,1.7842708826065063,1.7842708826065063,1.7710541256490766,1.7842708826065063,29700,0.0,0.0
1988-07-29,1.7842708034513586,1.7974876742086816,1.7314035491945157,1.757837176322937,30000,0.0,0.0
1988-08-01,1.7710541256490766,1.7842708826065063,1.7710541256490766,1.7842708826065063,16500,0.0,0.0
1988-08-02,1.7842708826065063,1.7842708826065063,1.7710541256490766,1.7842708826065063,27600,0.0,0.0
1988-08-03,1.7842719866934287,1.7842719866934287,1.7710552215576172,1.7710552215576172,11700,0.0,0.0
1988-08-04,1.7842708826065063,1.7974877539501661,1.7842708826065063,1.7842708826065063,9900,0.0,0.0
1988-08-05,1.7842708826065063,1.7842708826065063,1.7710541256490766,1.7842708826065063,11700,0.0,0.0
1988-08-08,1.7842708826065063,1.7842708826065063,1.7842708826065063,1.7842708826065063,6000,0.0,0.0
1988-08-09,1.7842708826065063,1.7974877539501661,1.7842708826065063,1.7842708826065063,78000,0.0,0.0
1988-08-10,1.7842708826065063,1.7974877539501661,1.7842708826065063,1.7842708826065063,75000,0.0,0.0
1988-08-11,1.7842708826065063,1.7974877539501661,1.7842708826065063,1.7842708826065063,47700,0.0,0.0
1988-08-12,1.7842708826065063,1.7974877539501661,1.7842708826065063,1.7842708826065063,36900,0.0,0.0
1988-08-15,1.7842708826065063,1.7974877539501661,1.7842708826065063,1.7842708826065063,40500,0.0,0.0
1988-08-16,1.7842716928677007,1.8239222105182706,1.7842716928677007,1.7974885702133179,49500,0.0,0.0
1988-08-17,1.797488047827625,1.8239216804504395,1.7842711743230932,1.8239216804504395,40500,0.0,0.0
1988-08-18,1.8239222105182706,1.8503558508232232,1.7974885702133179,1.7974885702133179,30900,0.0,0.0
1988-08-19,1.7974885702133179,1.7974885702133179,1.7842716928677007,1.7974885702133179,104100,0.0,0.0
1988-08-22,1.7974885702133179,1.8239222105182706,1.7974885702133179,1.7974885702133179,36900,0.0,0.0
1988-08-23,1.7974885702133179,1.7974885702133179,1.7974885702133179,1.7974885702133179,13200,0.0,0.0
1988-08-24,1.7974877539501661,1.7974877539501661,1.7842708826065063,1.7842708826065063,66000,0.0,0.0
1988-08-25,1.7842708826065063,1.7842708826065063,1.7842708826065063,1.7842708826065063,5700,0.0,0.0
1988-08-26,1.7842708826065063,1.7842708826065063,1.7842708826065063,1.7842708826065063,94800,0.0,0.0
1988-08-29,1.7842716928677007,1.7974885702133179,1.7710549299083653,1.7974885702133179,80400,0.0,0.0
1988-08-30,1.7974885702133179,1.7974885702133179,1.7974885702133179,1.7974885702133179,21900,0.0,0.0
1988-08-31,1.8239216804504395,1.8371384395687222,1.8239216804504395,1.8239216804504395,40500,0.0,0.0
1988-09-01,1.8239216637406377,1.9032225608825684,1.8239216637406377,1.9032225608825684,56400,0.0,0.0
1988-09-02,1.9560896158218384,2.0486072566268105,1.9560896158218384,1.9560896158218384,84300,0.0,0.0
1988-09-06,1.9560896701309787,1.995740056037903,1.9428727985711824,1.9957400560379028,123900,0.0,0.0
1988-09-07,1.9957409488098037,1.9957409488098037,1.9560905451657244,1.9693074226379395,20100,0.0,0.0
1988-09-08,1.9693074226379395,1.9957409488098037,1.9693074226379395,1.9693074226379395,225900,0.0,0.0
1988-09-09,1.9693074226379395,1.9957409488098037,1.9693074226379395,1.9693074226379395,42000,0.0,0.0
1988-09-12,1.9693065416907747,1.995740056037903,1.9693065416907747,1.9957400560379028,38400,0.0,0.0
1988-09-13,1.9957409488098037,1.9957409488098037,1.9693074226379395,1.9693074226379395,24000,0.0,0.0
1988-09-14,1.9693073184667451,2.048608121560099,1.9693073184667451,2.022174596786499,58800,0.0,0.0
1988-09-15,2.022174703754234,2.048608229926098,1.9693074226379395,1.9693074226379395,27300,0.0,0.0
1988-09-16,1.9693065416907747,1.995740056037903,1.9693065416907747,1.9957400560379028,44100,0.0,0.0
1988-09-19,1.995740056037903,1.995740056037903,1.995740056037903,1.9957400560379028,36900,0.0,0.0
1988-09-20,1.995740056037903,1.995740056037903,1.9693065416907747,1.9957400560379028,53400,0.0,0.0
1988-09-21,1.995740056037903,2.0221737991574953,1.995740056037903,1.9957400560379028,44100,0.0,0.0
1988-09-22,1.995740056037903,1.995740056037903,1.9693065416907747,1.9957400560379028,22200,0.0,0.0
1988-09-23,2.022174596786499,2.022174596786499,2.022174596786499,2.022174596786499,22500,0.0,0.0
1988-09-26,2.0486085809133185,2.1146927508240005,2.0486085809133185,2.088259220123291,80100,0.0,0.0
1988-09-27,2.1014745235443115,2.1675586510794114,2.1014745235443115,2.1014745235443115,133200,0.0,0.0
1988-09-28,2.1014751962893383,2.1146920717819673,2.0618247985839844,2.0618247985839844,33300,0.0,0.0
1988-09-29,2.0618247985839844,2.1014751962893383,2.0618247985839844,2.0618247985839844,34800,0.0,0.0
1988-09-30,2.061824702010796,2.114691972732544,2.061824702010796,2.114691972732544,18600,0.0,0.0
1988-10-03,2.128018016479692,2.2477190227124817,2.128018016479692,2.221118927001953,111000,0.0276,0.0
1988-10-04,2.221118927001953,2.2477190227124817,2.221118927001953,2.221118927001953,42300,0.0,0.0
1988-10-05,2.2211185794643944,2.234418510131541,2.141317844390869,2.141317844390869,127500,0.0,0.0
1988-10-06,2.141317844390869,2.1679181661534206,2.1280176835095936,2.141317844390869,11400,0.0,0.0
1988-10-07,2.14131674951111,2.221117443781627,2.14131674951111,2.194517135620117,125400,0.0,0.0
1988-10-10,2.194517907696834,2.2344181537628174,2.194517907696834,2.2344181537628174,100200,0.0,0.0
1988-10-11,2.2344181537628174,2.2344181537628174,2.194517907696834,2.2344181537628174,15000,0.0,0.0
1988-10-12,2.194517135620117,2.194517135620117,2.194517135620117,2.194517135620117,24300,0.0,0.0
1988-10-13,2.194517135620117,2.23441736764837,2.1812169815393627,2.194517135620117,51300,0.0,0.0
1988-10-14,2.194518257701843,2.194518257701843,2.141317844390869,2.141317844390869,31200,0.0,0.0
1988-10-17,2.141317844390869,2.1812180968205674,2.07481727019862,2.141317844390869,81600,0.0,0.0
1988-10-18,2.1413174258105925,2.181217670440674,2.1413174258105925,2.181217670440674,16500,0.0,0.0
1988-10-19,2.181218136168299,2.181218136168299,2.1679182052612305,2.1679182052612305,600,0.0,0.0
1988-10-20,2.141317844390869,2.141317844390869,2.1280176835095936,2.141317844390869,13500,0.0,0.0
1988-10-21,2.1280159423579854,2.1280159423579854,2.1014158725738525,2.1014158725738525,13200,0.0,0.0
1988-10-24,2.101417101774966,2.1280171871185303,2.074816786217326,2.1280171871185303,20100,0.0,0.0
1988-10-25,2.1280171871185303,2.1280171871185303,2.1280171871185303,2.1280171871185303,55200,0.0,0.0
1988-10-26,2.1280171871185303,2.1280171871185303,2.1280171871185303,2.1280171871185303,74400,0.0,0.0
1988-10-27,2.1280171871185303,2.1280171871185303,2.074816786217326,2.1280171871185303,24000,0.0,0.0
1988-10-28,2.1280171871185303,2.1413173448973497,2.1147170293397104,2.1280171871185303,24000,0.0,0.0
1988-10-31,2.128017721897625,2.181218136168299,2.128017721897625,2.1679182052612305,13500,0.0,0.0
1988-11-01,2.1679182052612305,2.181218136168299,2.1679182052612305,2.1679182052612305,29100,0.0,0.0
1988-11-02,2.141317844390869,2.141317844390869,2.141317844390869,2.141317844390869,600,0.0,0.0
1988-11-03,2.1679182052612305,2.181218136168299,2.1679182052612305,2.1679182052612305,31200,0.0,0.0
1988-11-04,2.1679182052612305,2.1679182052612305,2.1147175607764233,2.1679182052612305,96300,0.0,0.0
1988-11-07,2.1413173448973497,2.1413173448973497,2.1280171871185303,2.1280171871185303,34800,0.0,0.0
1988-11-08,2.1280171871185303,2.1679176604549895,2.1280171871185303,2.1280171871185303,13500,0.0,0.0
1988-11-09,2.128016444565458,2.128016444565458,2.1147162914276123,2.1147162914276123,73200,0.0,0.0
1988-11-10,2.1147157923589486,2.1147157923589486,2.1014158725738525,2.1014158725738525,53100,0.0,0.0
1988-11-11,2.0748167037963867,2.0748167037963867,2.0748167037963867,2.0748167037963867,9900,0.0,0.0
1988-11-14,2.0748155725757784,2.1014158725738525,2.0748155725757784,2.1014158725738525,44100,0.0,0.0
1988-11-15,2.0748167037963867,2.0748167037963867,2.0748167037963867,2.0748167037963867,5400,0.0,0.0
1988-11-16,2.0615168055741124,2.0615168055741124,1.9285157918930054,1.9285157918930054,31500,0.0,0.0
1988-11-17,1.9152153730392454,1.9152153730392454,1.9152153730392454,1.9152153730392456,9900,0.0,0.0
1988-11-18,1.8753150462260004,1.8753150462260004,1.8487147332082041,1.862014889717102,67800,0.0,0.0
1988-11-21,1.8354149434784517,1.8354149434784517,1.7955145835876463,1.7955145835876465,40500,0.0,0.0
1988-11-22,1.8354146918063328,1.8620148897171023,1.8354146918063328,1.862014889717102,30900,0.0,0.0
1988-11-23,1.8753155831241708,1.9019157886505127,1.8753155831241708,1.9019157886505127,4200,0.0,0.0
1988-11-25,1.901915589156784,1.955115994629227,1.901915589156784,1.9285157918930054,38400,0.0,0.0
1988-11-28,1.9285159876539277,1.9817165136337282,1.9285159876539277,1.981716513633728,22500,0.0,0.0
1988-11-29,1.9817154866574416,2.0083155632019043,1.9817154866574416,2.0083155632019043,5700,0.0,0.0
1988-11-30,2.0083155632019043,2.0083155632019043,1.9817154866574416,2.0083155632019043,2100,0.0,0.0
1988-12-01,1.9817165136337282,1.9817165136337282,1.9817165136337282,1.981716513633728,600,0.0,0.0
1988-12-02,1.9817165136337282,2.0083166039630393,1.9817165136337282,1.981716513633728,3900,0.0,0.0
1988-12-05,1.9817165136337282,2.0083166039630393,1.9817165136337282,1.981716513633728,4200,0.0,0.0
1988-12-06,1.9817165136337282,2.0083166039630393,1.9817165136337282,1.981716513633728,5400,0.0,0.0
1988-12-07,2.0083155632019043,2.0083155632019043,2.0083155632019043,2.0083155632019043,600,0.0,0.0
1988-12-08,2.0083166039630393,2.0083166039630393,1.9817165136337282,1.981716513633728,12600,0.0,0.0
1988-12-09,1.9817154866574416,2.0083155632019043,1.9817154866574416,2.0083155632019043,1800,0.0,0.0
1988-12-12,2.0083155632019043,2.034915869960366,2.0083155632019043,2.0083155632019043,22500,0.0,0.0
1988-12-13,2.008316557814395,2.034916877746582,2.008316557814395,2.034916877746582,5400,0.0,0.0
1988-12-14,2.0349164622590177,2.0748167037963867,2.0349164622590177,2.0748167037963867,16500,0.0,0.0
1988-12-15,2.0748167037963867,2.0748167037963867,2.0748167037963867,2.0748167037963867,132900,0.0,0.0
1988-12-16,2.0748167037963867,2.0748167037963867,2.0748167037963867,2.0748167037963867,40200,0.0,0.0
1988-12-19,2.0748159605917973,2.0748159605917973,2.0615158081054688,2.0615158081054688,114900,0.0,0.0
1988-12-20,2.034915869960366,2.034915869960366,2.0083155632019043,2.0083155632019043,15000,0.0,0.0
1988-12-21,2.008316557814395,2.034916877746582,2.008316557814395,2.034916877746582,33000,0.0,0.0
1988-12-22,2.0349157333467955,2.0748159605917973,2.0349157333467955,2.0615158081054688,46200,0.0,0.0
1988-12-23,2.0615158081054688,2.0615158081054688,2.0615158081054688,2.0615158081054688,0,0.0,0.0
1988-12-27,2.074816062228071,2.1147162914276123,2.074816062228071,2.1147162914276123,7800,0.0,0.0
1988-12-28,2.1147162914276123,2.128016444565458,2.1014163685037617,2.1147162914276123,9300,0.0,0.0
1988-12-29,2.1014158725738525,2.1014158725738525,2.1014158725738525,2.1014158725738525,1800,0.0,0.0
1988-12-30,2.118549346923828,2.118549346923828,2.051506628444648,2.118549346923828,24300,0.0352,0.0
1989-01-03,2.1185496165566757,2.1185496165566757,2.0783238410949707,2.0783238410949707,11400,0.0,0.0
1989-01-04,2.0783238410949707,2.091732432915539,2.0783238410949707,2.0783238410949707,29700,0.0,0.0
1989-01-05,2.078323639407458,2.131957769393921,2.0515066904597017,2.131957769393921,158700,0.0,0.0
1989-01-06,2.1319580762518866,2.145366668701172,2.1319580762518866,2.145366668701172,35100,0.0,0.0
1989-01-09,2.145367684466319,2.15877628326416,2.0917335213660477,2.15877628326416,43800,0.0,0.0
1989-01-10,2.15877628326416,2.15877628326416,2.145367684466319,2.15877628326416,24300,0.0,0.0
1989-01-11,2.15877628326416,2.15877628326416,2.145367684466319,2.15877628326416,64200,0.0,0.0
1989-01-12,2.158775716913593,2.239227056503296,2.1453671216334698,2.239227056503296,102600,0.0,0.0
1989-01-13,2.239227056503296,2.252635419692385,2.2124098659430502,2.239227056503296,30900,0.0,0.0
1989-01-16,2.239226237526588,2.266043186187744,2.239226237526588,2.266043186187744,9000,0.0,0.0
1989-01-17,2.26604398560885,2.3330867290496826,2.26604398560885,2.3330867290496826,136200,0.0,0.0
1989-01-18,2.3464947437813555,2.400128878850116,2.3464947437813555,2.359903335571289,107400,0.0,0.0
1989-01-19,2.359903335571289,2.359903335571289,2.3464947437813555,2.359903335571289,12600,0.0,0.0
1989-01-20,2.359903335571289,2.359903335571289,2.3330861519914223,2.359903335571289,54600,0.0,0.0
1989-01-23,2.359903335571289,2.359903335571289,2.3464947437813555,2.359903335571289,22500,0.0,0.0
1989-01-24,2.359903335571289,2.359903335571289,2.359903335571289,2.359903335571289,18600,0.0,0.0
1989-01-25,2.359903335571289,2.359903335571289,2.359903335571289,2.359903335571289,2100,0.0,0.0
1989-01-26,2.359903335571289,2.359903335571289,2.359903335571289,2.359903335571289,318000,0.0,0.0
1989-01-27,2.3599034659594835,2.426946196522388,2.3599034659594835,2.3867204189300537,124200,0.0,0.0
1989-01-30,2.386721672339192,2.41353887148405,2.3599047052854414,2.400130271911621,91200,0.0,0.0
1989-01-31,2.400128878850116,2.413537470640049,2.359903335571289,2.359903335571289,138600,0.0,0.0
1989-02-01,2.3599047652391016,2.413538932800293,2.3599047652391016,2.413538932800293,84000,0.0,0.0
1989-02-02,2.41353887148405,2.41353887148405,2.400130271911621,2.400130271911621,22200,0.0,0.0
1989-02-03,2.400130271911621,2.41353887148405,2.400130271911621,2.400130271911621,36600,0.0,0.0
1989-02-06,2.400130271911621,2.41353887148405,2.400130271911621,2.400130271911621,47700,0.0,0.0
1989-02-07,2.4001303328872163,2.413538932800293,2.4001303328872163,2.413538932800293,13500,0.0,0.0
1989-02-08,2.413538932800293,2.426947532713369,2.413538932800293,2.413538932800293,49500,0.0,0.0
1989-02-09,2.413537570830939,2.467171708126162,2.413537570830939,2.4269461631774902,54900,0.0,0.0
1989-02-10,2.4269463592268252,2.4671719074249268,2.4269463592268252,2.4671719074249268,20400,0.0,0.0
1989-02-13,2.4671719745192533,2.4805805683135986,2.4269464252272246,2.4805805683135986,49800,0.0,0.0
1989-02-14,2.480580500854628,2.480580500854628,2.4671719074249268,2.4671719074249268,117000,0.0,0.0
1989-02-15,2.4671719745192533,2.4805805683135986,2.4671719745192533,2.4805805683135986,22200,0.0,0.0
1989-02-16,2.4805805255439872,2.520806074142456,2.4805805255439872,2.520806074142456,44100,0.0,0.0
1989-02-17,2.52080661542595,2.534215211868286,2.4805810581899963,2.534215211868286,38400,0.0,0.0
1989-02-21,2.5342146424824303,2.5342146424824303,2.4671719074249268,2.4671719074249268,20700,0.0,0.0
1989-02-22,2.4537631494929584,2.4537631494929584,2.319677688367149,2.3867204189300537,118800,0.0,0.0
1989-02-23,2.3867204189300537,2.3867204189300537,2.3599034659594835,2.3867204189300537,13200,0.0,0.0
1989-02-24,2.3867202870601827,2.3867202870601827,2.359903335571289,2.359903335571289,15300,0.0,0.0
1989-02-27,2.3599034659594835,2.41353760399161,2.3599034659594835,2.3867204189300537,20400,0.0,0.0
1989-02-28,2.386720578937722,2.4671719074249268,2.386720578937722,2.4671719074249268,20100,0.0,0.0
1989-03-01,2.4671719074249268,2.480580500854628,2.4671719074249268,2.4671719074249268,69600,0.0,0.0
1989-03-02,2.4671719745192533,2.5208061176056273,2.4671719745192533,2.4805805683135986,93000,0.0,0.0
1989-03-03,2.4805805683135986,2.4805805683135986,2.453763380724908,2.4805805683135986,40500,0.0,0.0
1989-03-06,2.480580500854628,2.480580500854628,2.4671719074249268,2.4671719074249268,58500,0.0,0.0
1989-03-07,2.467171708126162,2.4805803004727136,2.4269461631774902,2.4269461631774902,23700,0.0,0.0
1989-03-08,2.4269461631774902,2.467171708126162,2.413537570830939,2.4269461631774902,31200,0.0,0.0
1989-03-09,2.4269461631774902,2.467171708126162,2.4269461631774902,2.4269461631774902,5700,0.0,0.0
1989-03-10,2.4537633139952257,2.4671719074249268,2.4537633139952257,2.4671719074249268,9000,0.0,0.0
1989-03-13,2.4537631157796107,2.4537631157796107,2.4269461631774902,2.4269461631774902,6000,0.0,0.0
1989-03-14,2.4269461631774902,2.4537631157796107,2.4269461631774902,2.4269461631774902,6000,0.0,0.0
1989-03-15,2.453763723373413,2.467172319040162,2.453763723373413,2.453763723373413,9000,0.0,0.0
1989-03-16,2.4537631157796107,2.4537631157796107,2.4269461631774902,2.4269461631774902,16800,0.0,0.0
1989-03-17,2.4269461631774902,2.4269461631774902,2.413537570830939,2.4269461631774902,53100,0.0,0.0
1989-03-20,2.4269461631774902,2.4537631157796107,2.4269461631774902,2.4269461631774902,437400,0.0,0.0
1989-03-21,2.46717193198083,2.561031622740925,2.46717193198083,2.520806074142456,100200,0.0,0.0
1989-03-22,2.52080661542595,2.534215211868286,2.4805810581899963,2.534215211868286,60000,0.0,0.0
1989-03-23,2.5342146677056134,2.561031622740925,2.520806074142456,2.520806074142456,100200,0.0,0.0
1989-03-27,2.52080661542595,2.534215211868286,2.52080661542595,2.534215211868286,1800,0.0,0.0
1989-03-28,2.534215211868286,2.534215211868286,2.52080661542595,2.534215211868286,18600,0.0,0.0
1989-03-29,2.534215211868286,2.5610321726619043,2.534215211868286,2.534215211868286,96900,0.0,0.0
1989-03-30,2.534215211868286,2.534215211868286,2.534215211868286,2.534215211868286,38400,0.0,0.0
1989-03-31,2.534215211868286,2.534215211868286,2.52080661542595,2.534215211868286,35100,0.0,0.0
1989-04-03,2.534215211868286,2.5610321726619043,2.52080661542595,2.534215211868286,171000,0.0,0.0
1989-04-04,2.551464080810547,2.551464080810547,2.5379642201686865,2.551464080810547,45300,0.0352,0.0
1989-04-05,2.5514651640724004,2.5514651640724004,2.5379652976989746,2.5379652976989746,29700,0.0,0.0
1989-04-06,2.5379652976989746,2.5379652976989746,2.5379652976989746,2.5379652976989746,31500,0.0,0.0
1989-04-07,2.5379653797170025,2.5784647464752197,2.5379653797170025,2.5784647464752197,16500,0.0,0.0
1989-04-10,2.5919642053356897,2.645963430404663,2.5919642053356897,2.645963430404663,89100,0.0,0.0
1989-04-11,2.645963452760074,2.6729631823580915,2.6054640920338765,2.6189639568328857,71400,0.0,0.0
1989-04-12,2.6189639568328853,2.6189639568328853,2.5919642272348677,2.6189639568328857,20400,0.0,0.0
1989-04-13,2.6189642155260757,2.6459637141201915,2.591964483261108,2.5919644832611084,58500,0.0,0.0
1989-04-14,2.591964483261108,2.605464349393592,2.591964483261108,2.5919644832611084,189300,0.0,0.0
1989-04-17,2.591964483261108,2.591964483261108,2.5514651185345087,2.5919644832611084,20700,0.0,0.0
1989-04-18,2.591964354584705,2.6054642200469966,2.5514649918686705,2.605464220046997,31500,0.0,0.0
1989-04-19,2.605464480094607,2.605464480094607,2.5784647464752197,2.5784647464752197,13200,0.0,0.0
1989-04-20,2.57846356842351,2.5919634290653706,2.551464080810547,2.551464080810547,9900,0.0,0.0
1989-04-21,2.5514652465266963,2.5784647464752197,2.5514652465266963,2.5784647464752197,5700,0.0,0.0
1989-04-24,2.5784646171286245,2.591964483261108,2.5514651185345087,2.5919644832611084,27300,0.0,0.0
1989-04-25,2.5919634290653706,2.5919634290653706,2.551464080810547,2.551464080810547,288900,0.0,0.0
1989-04-26,2.5514646069794074,2.5514646069794074,2.4299663034885217,2.470465660095215,29100,0.0,0.0
1989-04-27,2.4704658812356404,2.5244651061018346,2.443466385637956,2.4974656105041504,66000,0.0,0.0
1989-04-28,2.497464780189999,2.497464780189999,2.4839649200439453,2.4839649200439453,158400,0.0,0.0
1989-05-01,2.4839649200439453,2.497464780189999,2.4839649200439453,2.4839649200439453,51300,0.0,0.0
1989-05-02,2.4974656105041504,2.4974656105041504,2.4974656105041504,2.4974656105041504,2100,0.0,0.0
1989-05-03,2.4974659322495527,2.5514651640724004,2.4974659322495527,2.5379652976989746,33000,0.0,0.0
1989-05-04,2.5379651882859466,2.578464551989419,2.524465322494507,2.524465322494507,44100,0.0,0.0
1989-05-05,2.4974656105041504,2.4974656105041504,2.4974656105041504,2.4974656105041504,29700,0.0,0.0
1989-05-08,2.4839649200439453,2.4839649200439453,2.470465059897892,2.4839649200439453,74400,0.0,0.0
1989-05-09,2.483965523521048,2.483965523521048,2.4704656600952153,2.470465660095215,218100,0.0,0.0
1989-05-10,2.4839649200439453,2.4839649200439453,2.4839649200439453,2.4839649200439453,107100,0.0,0.0
1989-05-11,2.5919642272348677,2.645963452760074,2.5919642272348677,2.6189639568328857,259500,0.0,0.0
1989-05-12,2.6189639568328853,2.645963452760074,2.6054640920338765,2.6189639568328857,96900,0.0,0.0
1989-05-15,2.5919646132849135,2.5919646132849135,2.5784647464752197,2.5784647464752197,76800,0.0,0.0
1989-05-16,2.591964354584705,2.6459635827630317,2.591964354584705,2.605464220046997,84000,0.0,0.0
1989-05-17,2.6054640700206395,2.672963159774563,2.5919642053356897,2.645963430404663,89400,0.0,0.0
1989-05-18,2.645962233149163,2.672961950302124,2.645962233149163,2.672961950302124,22200,0.0,0.0
1989-05-19,2.672962856286668,2.7539618015289307,2.672962856286668,2.7539618015289307,118800,0.0,0.0
1989-05-22,2.7539616889246563,2.7539616889246563,2.713462101124076,2.740461826324463,51000,0.0,0.0
1989-05-23,2.7404615988750245,2.7404615988750245,2.7134618759155273,2.7134618759155273,46200,0.0,0.0
1989-05-24,2.7134618759155273,2.7134618759155273,2.6999620144357785,2.7134618759155273,34500,0.0,0.0
1989-05-25,2.7134618759155273,2.7134618759155273,2.6999620144357785,2.7134618759155273,42300,0.0,0.0
1989-05-26,2.7134618759155273,2.7134618759155273,2.7134618759155273,2.7134618759155273,56700,0.0,0.0
1989-05-30,2.7134618759155273,2.7134618759155273,2.6999620144357785,2.7134618759155273,44100,0.0,0.0
1989-05-31,2.7134612923608445,2.7134612923608445,2.672961950302124,2.672961950302124,81900,0.0,0.0
1989-06-01,2.672961940490766,2.7134612824008295,2.672961940490766,2.6999614238739014,60600,0.0,0.0
1989-06-02,2.6999620144357785,2.7134618759155273,2.6999620144357785,2.7134618759155273,41700,0.0,0.0
1989-06-05,2.713462101124076,2.740461826324463,2.699962238523883,2.740461826324463,22200,0.0,0.0
1989-06-06,2.7404619383767534,2.7539618015289307,2.699962348920222,2.7539618015289307,42000,0.0,0.0
1989-06-07,2.7539618015289307,2.7539618015289307,2.7404619383767534,2.7539618015289307,54900,0.0,0.0
1989-06-08,2.753961908310013,2.7674615383148193,2.740462044634397,2.7674615383148193,13200,0.0,0.0
1989-06-09,2.7674615383148193,2.780961401990435,2.753961908310013,2.7674615383148193,30000,0.0,0.0
1989-06-12,2.7674614310103074,2.7674614310103074,2.7404619383767534,2.7539618015289307,29700,0.0,0.0
1989-06-13,2.753962114213437,2.753962114213437,2.645963430404663,2.645963430404663,92700,0.0,0.0
1989-06-14,2.6459628021875554,2.7134618759155273,2.6459628021875554,2.7134618759155273,113100,0.0,0.0
1989-06-15,2.699961423873902,2.699961423873902,2.672961940490766,2.6999614238739014,22500,0.0,0.0
1989-06-16,2.699961433784364,2.7134612923608445,2.672961950302124,2.672961950302124,6000,0.0,0.0
1989-06-19,2.672961950302124,2.672961950302124,2.645962233149163,2.672961950302124,7500,0.0,0.0
1989-06-20,2.672961950302124,2.699961433784364,2.672961950302124,2.672961950302124,48900,0.0,0.0
1989-06-21,2.672961950302124,2.699961433784364,2.672961950302124,2.672961950302124,18600,0.0,0.0
1989-06-22,2.6729625251470526,2.7134618759155273,2.6729625251470526,2.7134618759155273,84000,0.0,0.0
1989-06-23,2.7404625791010258,2.861960908535512,2.7404625791010258,2.834961175918579,100200,0.0,0.0
1989-06-26,2.8349611759185795,2.8349611759185795,2.821461543280968,2.834961175918579,34800,0.0,0.0
1989-06-27,2.834961310831314,2.834961310831314,2.7809620766985392,2.8214616775512695,20400,0.0,0.0
1989-06-28,2.8214606105179536,2.8349602386926445,2.7674611631360793,2.8079607486724854,20700,0.0,0.0
1989-06-29,2.767461768609495,2.767461768609495,2.6189639568328853,2.6189639568328857,113100,0.0,0.0
1989-06-30,2.6189627400537745,2.699961423873902,2.5514636810898548,2.6999614238739014,89400,0.0,0.0
1989-07-03,2.699962348920222,2.7539618015289307,2.699962348920222,2.7539618015289307,7800,0.0,0.0
1989-07-05,2.7539610743406784,2.7809605598449707,2.7539610743406784,2.7809605598449707,7500,0.0,0.0
1989-07-06,2.780961401990435,2.807961129341667,2.7674615383148193,2.7674615383148193,14700,0.0,0.0
1989-07-07,2.7674615383148193,2.7674615383148193,2.7674615383148193,2.7674615383148193,7500,0.0,0.0
1989-07-10,2.7674615383148193,2.7674615383148193,2.7674615383148193,2.7674615383148193,30000,0.0,0.0
1989-07-11,2.767461317854059,2.767461317854059,2.713462101124076,2.740461826324463,345600,0.0,0.0
1989-07-12,2.740462044634397,2.7674615383148193,2.7134623172831653,2.7674615383148193,27600,0.0,0.0
1989-07-13,2.767461317854059,2.767461317854059,2.699962238523883,2.740461826324463,36600,0.0,0.0
1989-07-14,2.7674611097051787,2.9429588429664113,2.7674611097051787,2.915959119796753,288600,0.0,0.0
1989-07-17,2.915959067520105,3.0779567026214782,2.915959067520105,3.0239574909210205,132900,0.0,0.0
1989-07-18,3.010457428226426,3.010457428226426,2.9429585933685307,2.9429585933685303,31200,0.0,0.0
1989-07-19,2.969958418587061,2.9834582805633545,2.969958418587061,2.9834582805633545,22200,0.0,0.0
1989-07-20,2.9834579410174187,3.010457428226426,2.9159588724887695,2.9429585933685303,53400,0.0,0.0
1989-07-21,2.9429588429664113,2.9429588429664113,2.8889593966270946,2.915959119796753,162000,0.0,0.0
1989-07-24,2.9193348547738784,2.96995917482227,2.8855853080749507,2.885585308074951,57300,0.0,1.25
1989-07-25,2.8855853080749507,2.96995917482227,2.8855853080749507,2.885585308074951,36900,0.0,0.0
1989-07-26,2.885584163058439,2.919333696365356,2.885584163058439,2.9193336963653564,15000,0.0,0.0
1989-07-27,2.936208578065032,3.003707647323608,2.936208578065032,3.0037076473236084,74700,0.0,0.0
1989-07-28,3.037458527607809,3.1893315007223713,3.037458527607809,3.1555819511413574,21000,0.0,0.0
1989-07-31,3.1555813656118477,3.273704767227173,3.1218318222931836,3.273704767227173,96300,0.0,0.0
1989-08-01,3.273703310675379,3.307452838978041,3.2399537823727167,3.256828546524048,67200,0.0,0.0
1989-08-02,3.2568311566118733,3.2737059342869794,3.189332045911449,3.2399563789367676,16500,0.0,0.0
1989-08-03,3.2399537823727167,3.256828546524048,3.1893294899187237,3.256828546524048,19200,0.0,0.0
1989-08-04,3.273702270236435,3.408700340542373,3.273702270236435,3.3412013053894043,38700,0.0,0.0
1989-08-07,3.341204132158771,3.4087032244182076,3.273705039899334,3.3074545860290527,45000,0.0,0.0
1989-08-08,3.3074517878129197,3.3749508229658884,3.3074517878129197,3.3412013053894043,8700,0.0,0.0
1989-08-09,3.3412038538645015,3.3412038538645015,3.273704767227173,3.273704767227173,12600,0.0,0.0
1989-08-10,3.2737059342869794,3.3074554896371917,3.189332045911449,3.2399563789367676,23100,0.0,0.0
1989-08-11,3.239954928353626,3.3074540088335596,3.2230801582336426,3.2230801582336426,18600,0.0,0.0
1989-08-14,3.2230801582336426,3.2568296984736094,3.189330617993676,3.2230801582336426,37800,0.0,0.0
1989-08-15,3.2230801582336426,3.239954928353626,3.189330617993676,3.2230801582336426,7800,0.0,0.0
1989-08-16,3.2230793948409278,3.2230793948409278,3.1893298625946045,3.1893298625946045,13500,0.0,0.0
1989-08-17,3.223081601261661,3.2568311566118733,3.223081601261661,3.2399563789367676,36600,0.0,0.0
1989-08-18,3.239954928353626,3.2568296984736094,3.2230801582336426,3.2230801582336426,11700,0.0,0.0
1989-08-21,3.2230801582336426,3.2230801582336426,3.189330617993676,3.2230801582336426,167400,0.0,0.0
1989-08-22,3.2230804522491763,3.273704767227173,3.189330908930512,3.273704767227173,36900,0.0,0.0
1989-08-23,3.273705039899334,3.3074545860290527,3.273705039899334,3.3074545860290527,19200,0.0,0.0
1989-08-24,3.2737044685935928,3.2737044685935928,3.2230801582336426,3.2230801582336426,35100,0.0,0.0
1989-08-25,3.2230801582336426,3.2737044685935928,3.189330617993676,3.2230801582336426,7200,0.0,0.0
1989-08-28,3.2230793948409278,3.2230793948409278,3.1893298625946045,3.1893298625946045,10800,0.0,0.0
1989-08-29,3.189330617993676,3.2737044685935928,3.189330617993676,3.2230801582336426,12600,0.0,0.0
1989-08-30,3.2568285426490426,3.4087014198303223,3.2568285426490426,3.4087014198303223,45000,0.0,0.0
1989-08-31,3.4593270916480097,3.6112000396481023,3.4593270916480097,3.5605757236480713,149700,0.0,0.0
1989-09-01,3.5605741389234833,3.577448903412948,3.459325551986695,3.4593255519866943,15300,0.0,0.0
1989-09-05,3.459325551986695,3.493075080965624,3.425576256678482,3.4593255519866943,24300,0.0,0.0
1989-09-06,3.4593252641030032,3.4593252641030032,3.4255759716033936,3.4255759716033936,2100,0.0,0.0
1989-09-07,3.459325551986695,3.493075080965624,3.459325551986695,3.4593255519866943,5700,0.0,0.0
1989-09-08,3.4593277279295593,3.493077278137207,3.4593277279295593,3.493077278137207,5400,0.0,0.0
1989-09-11,3.4930747902733104,3.4930747902733104,3.3918264454330864,3.4255759716033936,13200,0.0,0.0
1989-09-12,3.4255761839615757,3.4255761839615757,3.3918266556990693,3.4087014198303223,600,0.0,0.0
1989-09-13,3.408703636288952,3.493077278137207,3.391828861185128,3.493077278137207,67200,0.0,0.0
1989-09-14,3.493075655064672,3.543699956853345,3.45932612053889,3.526825189590454,36300,0.0,0.0
1989-09-15,3.526824316443618,3.5436990795287713,3.4255759716033936,3.4255759716033936,8700,0.0,0.0
1989-09-18,3.4593277279295593,3.493077278137207,3.4593277279295593,3.493077278137207,9300,0.0,0.0
1989-09-19,3.493077278137207,3.493077278137207,3.4593277279295593,3.493077278137207,5700,0.0,0.0
1989-09-20,3.493075080965624,3.493075080965624,3.459325551986695,3.4593255519866943,5400,0.0,0.0
1989-09-21,3.459325551986695,3.493075080965624,3.459325551986695,3.4593255519866943,7800,0.0,0.0
1989-09-22,3.4593254785533705,3.4593254785533705,3.4087014198303223,3.4087014198303223,102300,0.0,0.0
1989-09-25,3.408704029292428,3.4255788063418144,3.391829252243042,3.391829252243042,9000,0.0,0.0
1989-09-26,3.3918255817541305,3.3918255817541305,3.3412013053894043,3.3412013053894043,15000,0.0,0.0
1989-09-27,3.3412013053894043,3.3412013053894043,3.3074517878129197,3.3412013053894043,2100,0.0,0.0
1989-09-28,3.3412013053894043,3.3412013053894043,3.3074517878129197,3.3412013053894043,31200,0.0,0.0
1989-09-29,3.341203019808901,3.374952554702759,3.341203019808901,3.374952554702759,22200,0.0,0.0
1989-10-02,3.3939762115478516,3.3939762115478516,3.3600364400328573,3.3939762115478516,12600,0.0386,0.0
1989-10-03,3.3600343780674256,3.3600343780674256,3.3260946273803706,3.326094627380371,24600,0.0,0.0
1989-10-04,3.360033750534058,3.360033750534058,3.360033750534058,3.3600337505340576,28200,0.0,0.0
1989-10-05,3.3600343780674256,3.3939741287544805,3.3260946273803706,3.326094627380371,46500,0.0,0.0
1989-10-06,3.3260940061857256,3.360033750534058,3.3260940061857256,3.3600337505340576,38700,0.0,0.0
1989-10-09,3.360033750534058,3.39397349488239,3.360033750534058,3.3600337505340576,22500,0.0,0.0
1989-10-10,3.3600364400328573,3.3939762115478516,3.3600364400328573,3.3939762115478516,5400,0.0,0.0
1989-10-11,3.39397349488239,3.4448831114048883,3.360033750534058,3.3600337505340576,66300,0.0,0.0
1989-10-12,3.360035261874058,3.360035261874058,3.2751858628380655,3.2921557426452637,20100,0.0,0.0
1989-10-13,3.2921546342560446,3.2921546342560446,3.054576396942139,3.0545763969421387,39900,0.0,0.0
1989-10-16,3.054577193568196,3.105486829126852,2.9866976794899878,3.0885169506073,38100,0.0,0.0
1989-10-17,3.088517266920231,3.1394269076928385,3.088517266920231,3.1224570274353027,114000,0.0,0.0
1989-10-18,3.1224570274353027,3.1394269076928385,3.1224570274353027,3.1224570274353027,3900,0.0,0.0
1989-10-19,3.1224584889509317,3.1394283771514893,3.1054886007503737,3.1394283771514893,14700,0.0,0.0
1989-10-20,3.1394272591533716,3.1733670234680176,3.1394272591533716,3.1733670234680176,16500,0.0,0.0
1989-10-23,3.1733681535526053,3.1733681535526053,3.1394283771514893,3.1394283771514893,7800,0.0,0.0
1989-10-24,3.1224570323304492,3.1224570323304492,2.9866979900573307,3.0206377506256104,49500,0.0,0.0
1989-10-25,2.9866980737446136,2.9866980737446136,2.901848669946434,2.952758312225342,27900,0.0,0.0
1989-10-26,2.901849440406603,2.901849440406603,2.8170000140803415,2.8679096698760986,43500,0.0,0.0
1989-10-27,2.8679095662176284,2.9018493355214052,2.8169999122619633,2.816999912261963,52200,0.0,0.0
1989-10-30,2.816999449811355,2.816999449811355,2.6982102767490717,2.7151801586151123,29700,0.0,0.0
1989-10-31,2.749120540902549,2.8339699693239724,2.749120540902549,2.783060312271118,96000,0.0,0.0
1989-11-01,2.783058923746686,2.800028800964355,2.783058923746686,2.8000288009643555,10800,0.0,0.0
1989-11-02,2.8169987616532706,2.8509385170942876,2.8169987616532706,2.8339686393737793,27900,0.0,0.0
1989-11-03,2.8339686393737793,2.8509385170942876,2.8339686393737793,2.8339686393737793,300,0.0,0.0
1989-11-06,2.8339697969138515,2.85093968156574,2.8169999122619633,2.816999912261963,15600,0.0,0.0
1989-11-07,2.8169987616532706,2.867908394814796,2.783059006212254,2.8339686393737793,15300,0.0,0.0
1989-11-08,2.8339697969138515,2.85093968156574,2.7830601429581865,2.816999912261963,78000,0.0,0.0
1989-11-09,2.800030197955403,2.800030197955403,2.783060312271118,2.783060312271118,1800,0.0,0.0
1989-11-10,2.783060312271118,2.783060312271118,2.749120540902549,2.783060312271118,29700,0.0,0.0
1989-11-13,2.783061451212695,2.783061451212695,2.74912166595459,2.74912166595459,4500,0.0,0.0
1989-11-14,2.7491202659878096,2.7491202659878096,2.562451777115604,2.647301197052002,52800,0.0,0.0
1989-11-15,2.6473008661387905,2.7151801586151123,2.5963912205406694,2.7151801586151123,120000,0.0,0.0
1989-11-16,2.7151794012874038,2.7151794012874038,2.681239882009697,2.698209524154663,27900,0.0,0.0
1989-11-17,2.698208621329329,2.715178492783921,2.4436607844981464,2.6303293704986572,173400,0.0,0.0
1989-11-20,2.6303302398906983,2.6642699940178467,2.562450731636401,2.59639048576355,30900,0.0,0.0
1989-11-21,2.6303320838371445,2.6982114046892307,2.6303320838371445,2.681241750717163,127800,0.0,0.0
1989-11-22,2.681241750717163,2.681241750717163,2.6473019727971505,2.681241750717163,57300,0.0,0.0
1989-11-24,2.6642704010009766,2.6642704010009766,2.6642704010009766,2.6642704010009766,1800,0.0,0.0
1989-11-27,2.6642704010009766,2.6642704010009766,2.6473005213451524,2.6642704010009766,31200,0.0,0.0
1989-11-28,2.6642704010009766,2.6982099253248153,2.6473005213451524,2.6642704010009766,30300,0.0,0.0
1989-11-29,2.6642704010009766,2.6812402806568008,2.6473005213451524,2.6642704010009766,66600,0.0,0.0
1989-11-30,2.6642704010009766,2.6982099253248153,2.6473005213451524,2.6642704010009766,27600,0.0,0.0
1989-12-01,2.6642704010009766,2.7151798049806395,2.6642704010009766,2.6642704010009766,41400,0.0,0.0
1989-12-04,2.681239882009697,2.7151794012874038,2.681239882009697,2.698209524154663,28800,0.0,0.0
1989-12-05,2.6982102767490717,2.749119922347193,2.6982102767490717,2.7151801586151123,96300,0.0,0.0
1989-12-06,2.7151801586151123,2.7151801586151123,2.6982102767490717,2.7151801586151123,6600,0.0,0.0
1989-12-07,2.7151801586151123,2.7151801586151123,2.6982102767490717,2.7151801586151123,29100,0.0,0.0
1989-12-11,2.715181293649237,2.715181293649237,2.664271861757157,2.681241750717163,31200,0.0,0.0
1989-12-12,2.681239882009697,2.698209524154663,2.6642700048769563,2.698209524154663,33000,0.0,0.0
1989-12-13,2.6982114046892307,2.715181293649237,2.681241750717163,2.681241750717163,27900,0.0,0.0
1989-12-14,2.681241750717163,2.6982114046892307,2.681241750717163,2.681241750717163,12300,0.0,0.0
1989-12-15,2.6812402806568008,2.6812402806568008,2.6473005213451524,2.6642704010009766,69600,0.0,0.0
1989-12-18,2.6642699940178467,2.6642699940178467,2.59639048576355,2.59639048576355,281100,0.0,0.0
1989-12-19,2.59639048576355,2.6303302398906983,2.59639048576355,2.59639048576355,14700,0.0,0.0
1989-12-20,2.5963908835178366,2.5963908835178366,2.5454812445280077,2.562451124191284,116700,0.0,0.0
1989-12-21,2.562451124191284,2.562451124191284,2.4436619665483503,2.562451124191284,191700,0.0,0.0
1989-12-22,2.562451124191284,2.562451124191284,2.5454812445280077,2.562451124191284,127500,0.0,0.0
1989-12-26,2.562450731636401,2.59639048576355,2.562450731636401,2.59639048576355,186900,0.0,0.0
1989-12-27,2.59639048576355,2.59639048576355,2.59639048576355,2.59639048576355,36900,0.0,0.0
1989-12-28,2.59639048576355,2.59639048576355,2.562450731636401,2.59639048576355,25500,0.0,0.0
1989-12-29,2.615553379058838,2.615553379058838,2.615553379058838,2.615553379058838,18900,0.0386,0.0
1990-01-02,2.615553379058838,2.615553379058838,2.581363129526482,2.615553379058838,14700,0.0,0.0
1990-01-03,2.615552366999188,2.649742603302002,2.615552366999188,2.649742603302002,142200,0.0,0.0
1990-01-04,2.615553379058838,2.615553379058838,2.581363129526482,2.615553379058838,143700,0.0,0.0
1990-01-05,2.615553379058838,2.615553379058838,2.581363129526482,2.615553379058838,13500,0.0,0.0
1990-01-08,2.5813634395599365,2.5813634395599365,2.5813634395599365,2.5813634395599365,329400,0.0,0.0
1990-01-09,2.581363129526482,2.615553379058838,2.581363129526482,2.615553379058838,31200,0.0,0.0
1990-01-10,2.615553379058838,2.615553379058838,2.581363129526482,2.615553379058838,13800,0.0,0.0
1990-01-11,2.5813637176810174,2.5813637176810174,2.5642685890197754,2.5642685890197754,12600,0.0,0.0
1990-01-12,2.5300785765293874,2.5300785765293874,2.461698055267334,2.461698055267334,31200,0.0,0.0
1990-01-15,2.427506446838379,2.427506446838379,2.410411326014403,2.427506446838379,30300,0.0,0.0
1990-01-16,2.393316205190427,2.427506446838379,2.393316205190427,2.427506446838379,15000,0.0,0.0
1990-01-17,2.4104126643207935,2.461698055267334,2.4104126643207935,2.461698055267334,14400,0.0,0.0
1990-01-18,2.4616964163124186,2.4616964163124186,2.4275061784446614,2.44460129737854,7500,0.0,0.0
1990-01-19,2.4275061784446614,2.44460129737854,2.4275061784446614,2.44460129737854,25800,0.0,0.0
1990-01-22,2.4446015676623545,2.4446015676623545,2.427506446838379,2.427506446838379,11100,0.0,0.0
1990-01-23,2.427506446838379,2.427506446838379,2.410411326014403,2.427506446838379,21900,0.0,0.0
1990-01-24,2.393318414499633,2.393318414499633,2.2394621850567873,2.30784273147583,162300,0.0,0.0
1990-01-25,2.256557321661548,2.30784273147583,2.2223670484520266,2.30784273147583,31800,0.0,0.0
1990-01-26,2.2736513614654545,2.2736513614654545,2.239461104749184,2.273651361465454,55500,0.0,0.0
1990-01-29,2.2907459035387685,2.3249361515045166,2.2907459035387685,2.3249361515045166,48300,0.0,0.0
1990-01-30,2.3249375368058156,2.4104132076503957,2.3249375368058156,2.3420326709747314,16500,0.0,0.0
1990-01-31,2.34203127548739,2.34203127548739,2.3249361515045166,2.3249361515045166,51600,0.0,0.0
1990-02-01,2.3249360824714422,2.3591263294219975,2.3249360824714422,2.359126329421997,17100,0.0,0.0
1990-02-02,2.3420326709747314,2.3420326709747314,2.3420326709747314,2.3420326709747314,10800,0.0,0.0
1990-02-05,2.3249375368058156,2.3420326709747314,2.3078424026368998,2.3420326709747314,63600,0.0,0.0
1990-02-06,2.3420326709747314,2.3420326709747314,2.3420326709747314,2.3420326709747314,900,0.0,0.0
1990-02-07,2.3762213843572937,2.410411630321662,2.3762213843572937,2.3933165073394775,114900,0.0,0.0
1990-02-08,2.3933165763725524,2.3933165763725524,2.3591263294219975,2.359126329421997,190200,0.0,0.0
1990-02-09,2.3591267685604542,2.3762218952178955,2.3591267685604542,2.3762218952178955,120600,0.0,0.0
1990-02-12,2.3591263294219975,2.3591263294219975,2.3591263294219975,2.359126329421997,37800,0.0,0.0
1990-02-13,2.376222526000223,2.4104127883911133,2.376222526000223,2.4104127883911133,5700,0.0,0.0
1990-02-14,2.410411326014403,2.427506446838379,2.410411326014403,2.427506446838379,600,0.0,0.0
1990-02-15,2.427507018529202,2.495887517929077,2.427507018529202,2.495887517929077,7800,0.0,0.0
1990-02-16,2.49588815270677,2.5300784111022945,2.49588815270677,2.530078411102295,72600,0.0,0.0
1990-02-20,2.547173339424179,2.547173339424179,2.512983083724975,2.5129830837249756,62100,0.0,0.0
1990-02-21,2.5129832819045324,2.5642686694978196,2.5129832819045324,2.530078411102295,44700,0.0,0.0
1990-02-22,2.547173339424179,2.547173339424179,2.512983083724975,2.5129830837249756,31800,0.0,0.0
1990-02-23,2.4787931855828473,2.4958883158983607,2.461698055267334,2.461698055267334,16800,0.0,0.0
1990-02-26,2.4616972682291394,2.495887517929077,2.4616972682291394,2.495887517929077,23100,0.0,0.0
1990-02-27,2.495887517929077,2.495887517929077,2.4616972682291394,2.495887517929077,41400,0.0,0.0
1990-02-28,2.495887794130677,2.495887794130677,2.478792667388916,2.478792667388916,5100,0.0,0.0
1990-03-01,2.4958883158983607,2.4958883158983607,2.4446029249518206,2.461698055267334,20400,0.0,0.0
1990-03-02,2.4616972682291394,2.495887517929077,2.427507018529202,2.495887517929077,73500,0.0,0.0
1990-03-05,2.4958879558753737,2.530078211574577,2.46169770017617,2.5129830837249756,36600,0.0,0.0
1990-03-06,2.5300767762421525,2.649742603302002,2.5300767762421525,2.649742603302002,88500,0.0,0.0
1990-03-07,2.649742603302002,2.666837721453409,2.649742603302002,2.649742603302002,15900,0.0,0.0
1990-03-08,2.6839349269866943,2.7010300584335307,2.6839349269866943,2.6839349269866943,8400,0.0,0.0
1990-03-09,2.7181258189130046,2.8036015033721924,2.7181258189130046,2.8036015033721924,13800,0.0,0.0
1990-03-12,2.837790409804699,2.906170924423817,2.837790409804699,2.871980667114258,139200,0.0,0.0
1990-03-13,2.8719820509395424,2.88907718783138,2.7694112295885174,2.8036015033721924,31200,0.0,0.0
1990-03-14,2.786504745483399,2.786504745483399,2.769409618536331,2.7865047454833984,11400,0.0,0.0
1990-03-15,2.7694112295885174,2.82069664026403,2.7694112295885174,2.8036015033721924,105900,0.0,0.0
1990-03-16,2.786503492784393,2.820693731307983,2.786503492784393,2.8206937313079834,17400,0.0,0.0
1990-03-19,2.786506366480355,2.8036015033721924,2.786506366480355,2.8036015033721924,15900,0.0,0.0
1990-03-20,2.8035998724304663,2.8035998724304663,2.7523144915892637,2.7865047454833984,20400,0.0,0.0
1990-03-21,2.75231609269668,2.8036015033721924,2.75231609269668,2.8036015033721924,23100,0.0,0.0
1990-03-22,2.769411325454712,2.7865064629383163,2.769411325454712,2.769411325454712,18600,0.0,0.0
1990-03-23,2.837788850569778,2.837788850569778,2.769408373522598,2.8206937313079834,63000,0.0,0.0
1990-03-26,2.8206949993775337,2.8206949993775337,2.786504745483399,2.7865047454833984,23100,0.0,0.0
1990-03-27,2.7694112295885174,2.8036015033721924,2.7694112295885174,2.8036015033721924,12000,0.0,0.0
1990-03-28,2.8035997232068577,2.854885101318359,2.7865045971696905,2.8548851013183594,18600,0.0,0.0
1990-03-29,2.8377895998568703,2.923265218734741,2.8377895998568703,2.923265218734741,85800,0.0,0.0
1990-03-30,2.8890771389406695,2.923267412145756,2.8890771389406695,2.906172275543213,2400,0.0,0.0
1990-04-02,2.906170517401744,2.906170517401744,2.837790012359619,2.837790012359619,24300,0.0,0.0
1990-04-03,2.8890753533926934,2.8890753533926934,2.8377899752811917,2.8548851013183594,20400,0.0,0.0
1990-04-04,2.8548855384594787,2.8719806671142583,2.837790409804699,2.871980667114258,38700,0.0,0.0
1990-04-05,2.889075795769038,2.9232660530785965,2.8719806671142583,2.871980667114258,15600,0.0,0.0
1990-04-06,2.8815856148640653,2.9158902168273926,2.8644333138824014,2.9158902168273926,63000,0.01928,0.0
1990-04-09,2.8815841674804683,2.915888752213033,2.8472795827479036,2.8815841674804688,88500,0.0,0.0
1990-04-10,2.8815844214388324,2.915889009194712,2.8815844214388324,2.8987367153167725,18000,0.0,0.0
1990-04-11,2.8987379158457287,2.9158902168273926,2.8987379158457287,2.9158902168273926,72600,0.0,0.0
1990-04-12,2.915889009194712,2.915889009194712,2.8987367153167725,2.8987367153167725,2400,0.0,0.0
1990-04-16,2.9158902168273926,2.9158902168273926,2.9158902168273926,2.9158902168273926,1800,0.0,0.0
1990-04-17,2.915888752213033,2.915888752213033,2.8815841674804683,2.8815841674804688,20400,0.0,0.0
1990-04-18,2.881583430788215,2.881583430788215,2.830126566844591,2.864431142807007,13200,0.0,0.0
1990-04-19,2.8301260471344,2.864430616797296,2.8301260471344,2.8301260471343994,23700,0.0,0.0
1990-04-20,2.8472810129007375,2.9158902168273926,2.8472810129007375,2.9158902168273926,29100,0.0,0.0
1990-04-23,2.898736459846751,2.915888752213033,2.8815841674804683,2.8815841674804688,43500,0.0,0.0
1990-04-24,2.8987367153167725,2.915889009194712,2.8987367153167725,2.8987367153167725,76800,0.0,0.0
1990-04-25,2.915889009194712,2.915889009194712,2.8987367153167725,2.8987367153167725,89700,0.0,0.0
1990-04-26,2.8815856148640653,2.9158902168273926,2.8815856148640653,2.9158902168273926,84900,0.0,0.0
1990-04-27,2.9158902168273926,2.9158902168273926,2.9158902168273926,2.9158902168273926,117000,0.0,0.0
1990-04-30,2.915888619232073,2.9844977855682373,2.915888619232073,2.9844977855682373,29100,0.0,0.0
1990-05-01,2.984498999376674,3.018803596496582,2.9673467008167203,3.018803596496582,13200,0.0,0.0
1990-05-02,3.0188024564102935,3.0702593326568604,2.9844978722459157,3.0702593326568604,25800,0.0,0.0
1990-05-03,3.0702600742971824,3.104564666748047,3.0531077780717504,3.104564666748047,41100,0.0,0.0
1990-05-04,3.104564666748047,3.104564666748047,3.087412370522615,3.104564666748047,41700,0.0,0.0
1990-05-07,3.104564666748047,3.173173851649776,3.104564666748047,3.104564666748047,25200,0.0,0.0
1990-05-08,3.1560191583759636,3.1560191583759636,3.1217145919799805,3.1217145919799805,4800,0.0,0.0
1990-05-09,3.1045623087819894,3.1217145919799805,3.1045623087819894,3.1217145919799805,1800,0.0,0.0
1990-05-10,3.121716208903427,3.121716208903427,3.0702593326568604,3.0702593326568604,16500,0.0,0.0
1990-05-11,3.0702593326568604,3.0702593326568604,3.0359547484924825,3.0702593326568604,103200,0.0,0.0
1990-05-14,3.0702578766758757,3.0702578766758757,3.0359533087794466,3.053105592727661,11700,0.0,0.0
1990-05-15,3.053105592727661,3.053105592727661,3.0188010248312325,3.053105592727661,23100,0.0,0.0
1990-05-16,3.0531070405746714,3.1045639168212382,3.0531070405746714,3.0702593326568604,68700,0.0,0.0
1990-05-17,3.1217170275164148,3.19032621383667,3.1217170275164148,3.19032621383667,262800,0.0,0.0
1990-05-18,3.207478560956577,3.2589354515075684,3.207478560956577,3.2589354515075684,27900,0.0,0.0
1990-05-21,3.258934800232467,3.32754397392273,3.258934800232467,3.3275439739227295,123900,0.0,0.0
1990-05-22,3.3618481875189823,3.464761936628387,3.3618481875189823,3.430457353591919,89700,0.0,0.0
1990-05-23,3.430455390816546,3.4990645176339648,3.396150827407837,3.396150827407837,45600,0.0,0.0
1990-05-24,3.3961527705554504,3.4819142281466213,3.3961527705554504,3.430457353591919,10800,0.0,0.0
1990-05-25,3.4133045261519053,3.4304568149770645,3.378999948501587,3.378999948501587,18900,0.0,0.0
1990-05-29,3.396151734821207,3.396151734821207,3.3618471622467037,3.361847162246704,9900,0.0,0.0
1990-05-30,3.344694875959452,3.396151734821207,3.3275425896722,3.361847162246704,23400,0.0,0.0
1990-05-31,3.396153826310212,3.396153826310212,3.2589354515075684,3.2589354515075684,32400,0.0,0.0
1990-06-01,3.2417817907144677,3.3103909492492676,3.2417817907144677,3.3103909492492676,9300,0.0,0.0
1990-06-04,3.310391680500164,3.361848560767861,3.2760870936550326,3.3275439739227295,40200,0.0,0.0
1990-06-05,3.3103923420585595,3.3103923420585595,3.2589354515075684,3.2589354515075684,13500,0.0,0.0
1990-06-06,3.2932400578414214,3.2932400578414214,3.258935464009165,3.276087760925293,82500,0.0,0.0
1990-06-07,3.310391169022544,3.310391169022544,3.293238878250122,3.293238878250122,67500,0.0,0.0
1990-06-08,3.2932400578414214,3.2932400578414214,3.276087760925293,3.276087760925293,8700,0.0,0.0
1990-06-11,3.3018157635154974,3.3018157635154974,3.264080762863159,3.264080762863159,8700,0.0,1.1
1990-06-12,3.301814910521122,3.3584172781200268,3.264079919617282,3.3206822872161865,61800,0.0,0.0
1990-06-13,3.320682045986573,3.35841703414917,3.320682045986573,3.35841703414917,158400,0.0,0.0
1990-06-14,3.3395496588247187,3.35841703414917,3.3395496588247187,3.35841703414917,9900,0.0,0.0
1990-06-15,3.35841703414917,3.35841703414917,3.35841703414917,3.35841703414917,3600,0.0,0.0
1990-06-18,3.3584172781200268,3.3584172781200268,3.3206822872161865,3.3206822872161865,34800,0.0,0.0
1990-06-19,3.2829472963123463,3.3206822872161865,3.2829472963123463,3.3206822872161865,44700,0.0,0.0
1990-06-20,3.3395495414733887,3.3395495414733887,3.3395495414733887,3.3395495414733887,68400,0.0,0.0
1990-06-21,3.3395495414733887,3.3395495414733887,3.3395495414733887,3.3395495414733887,2400,0.0,0.0
1990-06-22,3.3584173888313567,3.415019995809896,3.3584173888313567,3.3772850036621094,144600,0.0,0.0
1990-06-25,3.3395496588247187,3.35841703414917,3.3395496588247187,3.35841703414917,24900,0.0,0.0
1990-06-26,3.358416916134843,3.358416916134843,3.3395495414733887,3.3395495414733887,8400,0.0,0.0
1990-06-27,3.358418071323511,3.4527556896209712,3.358418071323511,3.4527556896209717,183600,0.0,0.0
1990-06-28,3.490490418615642,3.5659604072570805,3.471622802698416,3.56596040725708,15000,0.0,0.0
1990-06-29,3.5954791994590325,3.746867895126343,3.5954791994590325,3.7468678951263428,34500,0.02121,0.0
1990-07-02,3.7468697118460628,3.803640530024823,3.7090225791334097,3.784716844558716,79500,0.0,0.0
1990-07-03,3.784716844558716,3.822563977271369,3.784716844558716,3.784716844558716,64500,0.0,0.0
1990-07-05,3.7847146138426804,3.8225617242481937,3.7657911777496333,3.765791177749634,124500,0.0,0.0
1990-07-06,3.7279442188356375,3.746867895126343,3.7279442188356375,3.7468678951263428,17400,0.0,0.0
1990-07-09,3.7090227801018565,3.7090227801018565,3.6522519588470455,3.652251958847046,7500,0.0,0.0
1990-07-10,3.633326446738348,3.652249884261164,3.6144027709960933,3.6144027709960938,86700,0.0,0.0
1990-07-11,3.633328491266793,3.7279462085625594,3.633328491266793,3.7090227603912354,81000,0.0,0.0
1990-07-12,3.6711736555667467,3.709020769817005,3.6711736555667467,3.6900970935821533,9300,0.0,0.0
1990-07-13,3.690099093610395,3.765793601356668,3.6522519588470455,3.652251958847046,68100,0.0,0.0
1990-07-16,3.690099093610395,3.7279462283737446,3.6522519588470455,3.652251958847046,12000,0.0,0.0
1990-07-17,3.6900971044736712,3.7847150094883095,3.6900971044736712,3.7468678951263428,99600,0.0,0.0
1990-07-18,3.7468675034371666,3.8604088346537075,3.7468675034371666,3.765791177749634,186600,0.0,0.0
1990-07-19,3.746867092647919,3.765790764885682,3.6900963141540246,3.7279434204101562,123300,0.0,0.0
1990-07-20,3.746867895126343,3.746867895126343,3.746867895126343,3.7468678951263428,51600,0.0,0.0
1990-07-23,3.746867092647919,3.746867092647919,3.6900963141540246,3.7279434204101562,70200,0.0,0.0
1990-07-24,3.709020769817005,3.727944207832412,3.6711736555667467,3.6900970935821533,25800,0.0,0.0
1990-07-25,3.6900970935821538,3.6900970935821538,3.6900970935821538,3.6900970935821533,3600,0.0,0.0
1990-07-26,3.6711740493774414,3.6711740493774414,3.6711740493774414,3.6711740493774414,3900,0.0,0.0
1990-07-27,3.652249979331895,3.6900970935821538,3.652249979331895,3.6900970935821533,2700,0.0,0.0
1990-07-30,3.6522519588470455,3.690099093610395,3.6522519588470455,3.652251958847046,18300,0.0,0.0
1990-07-31,3.652249884261164,3.652249884261164,3.6144027709960933,3.6144027709960938,73200,0.0,0.0
1990-08-01,3.633326446738348,3.6711735600034183,3.6144027709960933,3.6144027709960938,26700,0.0,0.0
1990-08-02,3.595479155159475,3.595479155159475,3.4819378134725083,3.519784927368164,50100,0.0,0.0
1990-08-03,3.481937939389003,3.481937939389003,3.3305492401123047,3.3305492401123047,35700,0.0,0.0
1990-08-06,3.2927019341575967,3.2927019341575967,3.1791605949401855,3.1791605949401855,84900,0.0,0.0
1990-08-07,3.25485483378559,3.273778509505384,3.21700772056544,3.235931158065796,51900,0.0,0.0
1990-08-08,3.235931643092929,3.3873203568843095,3.235931643092929,3.349473237991333,114000,0.0,0.0
1990-08-09,3.3873203568843095,3.406244035440535,3.349473237991333,3.349473237991333,3300,0.0,0.0
1990-08-10,3.3683963553766167,3.3683963553766167,3.3305492401123047,3.3305492401123047,94800,0.0,0.0
1990-08-13,3.3683950319912843,3.425165801693204,3.3305479315964566,3.4062423706054688,38700,0.0,0.0
1990-08-14,3.4062423706054688,3.4062423706054688,3.4062423706054688,3.4062423706054688,60600,0.0,0.0
1990-08-15,3.4062441170524576,3.4062441170524576,3.368396759033203,3.368396759033203,74700,0.0,0.0
1990-08-16,3.368395210742195,3.368395210742195,3.1980831308178272,3.292701005935669,159900,0.0,0.0
1990-08-17,3.217006930517351,3.217006930517351,3.0277711726705943,3.0656182765960693,89700,0.0,0.0
1990-08-20,3.0466946955533283,3.1602360018071627,3.0466946955533283,3.0845417976379395,46800,0.0,0.0
1990-08-21,3.06561893460745,3.06561893460745,2.838536024093628,2.838536024093628,49500,0.0,0.0
1990-08-22,2.800689458847046,2.800689458847046,2.7628423394087647,2.800689458847046,9300,0.0,0.0
1990-08-23,2.724995801647411,2.724995801647411,2.5357599258422856,2.535759925842285,95700,0.0,0.0
1990-08-24,2.6493000984191895,2.6493000984191895,2.573605646542483,2.6493000984191895,30900,0.0,0.0
1990-08-27,2.743917148552965,2.8953057811033363,2.743917148552965,2.876382350921631,31200,0.0,0.0
1990-08-28,2.876383862349737,2.8953073024749756,2.876383862349737,2.8953073024749756,44100,0.0,0.0
1990-08-29,2.876382350921631,2.876382350921631,2.876382350921631,2.876382350921631,6900,0.0,0.0
1990-08-30,2.8385365782853267,2.8385365782853267,2.800689458847046,2.800689458847046,10200,0.0,0.0
1990-08-31,2.800689458847046,2.800689458847046,2.800689458847046,2.800689458847046,6000,0.0,0.0
1990-09-04,2.7628423394087647,2.800689458847046,2.7628423394087647,2.800689458847046,2400,0.0,0.0
1990-09-05,2.838535014119529,2.876382350921631,2.838535014119529,2.876382350921631,13500,0.0,0.0
1990-09-06,2.8574606643054072,2.8574606643054072,2.76284273311681,2.781766414642334,28500,0.0,0.0
1990-09-07,2.7817664146423335,2.800689857948347,2.7817664146423335,2.781766414642334,12300,0.0,0.0
1990-09-10,2.800689458847046,2.8385365782853267,2.800689458847046,2.800689458847046,17700,0.0,0.0
1990-09-11,2.8196132166199446,2.8196132166199446,2.7628424167633057,2.7628424167633057,36900,0.0,0.0
1990-09-12,2.800689857948347,2.800689857948347,2.743919051591286,2.781766414642334,6900,0.0,0.0
1990-09-13,2.8006901855563653,2.819613869295469,2.7439193725585938,2.7439193725585938,5700,0.0,0.0
1990-09-14,2.7439185762890768,2.7439185762890768,2.7249951362609868,2.7249951362609863,1200,0.0,0.0
1990-09-17,2.7249952962653743,2.8006895372612366,2.7249952962653743,2.7628424167633057,13800,0.0,0.0
1990-09-18,2.7628430562976973,2.8006901855563653,2.7439193725585938,2.7439193725585938,73500,0.0,0.0
1990-09-19,2.7249951362609868,2.7249951362609868,2.7249951362609868,2.7249951362609863,1500,0.0,0.0
1990-09-20,2.7439191410018213,2.7439191410018213,2.6682248888722526,2.6871485710144043,10500,0.0,0.0
1990-09-21,2.724995697079189,2.724995697079189,2.6871485710144043,2.6871485710144043,3900,0.0,0.0
1990-09-24,2.687149479627974,2.7060729299492476,2.611454963684082,2.611454963684082,7800,0.0,0.0
1990-09-25,2.5736064099649854,2.5736064099649854,2.554682970046997,2.554682970046997,3900,0.0,0.0
1990-09-26,2.554682970046997,2.554682970046997,2.554682970046997,2.554682970046997,3300,0.0,0.0
1990-09-27,2.554683124655877,2.554683124655877,2.422218084335327,2.422218084335327,25800,0.0,0.0
1990-09-28,2.403294405052613,2.422218084335327,2.3843709639893818,2.422218084335327,10200,0.0,0.0
1990-10-01,2.4328609492684463,2.4328609492684463,2.4138541221618652,2.4138541221618652,26700,0.02121,0.0
1990-10-02,2.4328624316467367,2.489882469177246,2.4328624316467367,2.489882469177246,49500,0.0,0.0
1990-10-03,2.527894720518181,2.6229281425476074,2.527894720518181,2.6229281425476074,11100,0.0,0.0
1990-10-04,2.5849143994902484,2.5849143994902484,2.546900987625122,2.546900987625122,20100,0.0,0.0
1990-10-05,2.527894973754883,2.527894973754883,2.527894973754883,2.527894973754883,300,0.0,0.0
1990-10-08,2.5469004564735087,2.5469004564735087,2.5088870525360107,2.5088870525360107,3600,0.0,0.0
1990-10-09,2.5088870525360107,2.5088870525360107,2.5088870525360107,2.5088870525360107,1800,0.0,0.0
1990-10-10,2.5088874815590567,2.5088874815590567,2.470874071121216,2.470874071121216,4800,0.0,0.0
1990-10-11,2.4898798757528144,2.4898798757528144,2.4328598976135254,2.4328598976135254,25500,0.0,0.0
1990-10-12,2.4328609492684463,2.4328609492684463,2.4138541221618652,2.4138541221618652,3900,0.0,0.0
1990-10-15,2.413853078723042,2.451866477237928,2.413853078723042,2.4328598976135254,22200,0.0,0.0
1990-10-16,2.432860021269737,2.432860021269737,2.3188195806626064,2.356832981109619,35100,0.0,0.0
1990-10-17,2.337827014955695,2.470874071121216,2.337827014955695,2.470874071121216,24000,0.0,0.0
1990-10-18,2.5088869265636817,2.6609407739450965,2.5088869265636817,2.584913730621338,44700,0.0,0.0
1990-10-19,2.584914750194901,2.7939889027181835,2.584914750194901,2.7559752464294434,37500,0.0,0.0
1990-10-22,2.755974629795537,2.8890219185051467,2.755974629795537,2.8320016860961914,33900,0.0,0.0
1990-10-23,2.88902268856177,2.9270361072113396,2.870015859603882,2.870015859603882,9300,0.0,0.0
1990-10-24,2.870015523578735,2.9080289377776443,2.870015523578735,2.8890223503112793,66300,0.0,0.0
1990-10-25,2.9080292782534514,2.9080292782534514,2.8510090306459936,2.870015859603882,51900,0.0,0.0
1990-10-26,2.8510090306459936,2.870015859603882,2.812995611996424,2.870015859603882,99000,0.0,0.0
1990-10-29,2.908027920960266,2.9270347410469095,2.7939877182386907,2.8510076999664307,23700,0.0,0.0
1990-10-30,2.8510089086188994,2.8510089086188994,2.7369686575512704,2.7559752464294434,30900,0.0,0.0
1990-10-31,2.7559742749685023,2.7559742749685023,2.6609408855438232,2.6609408855438232,11400,0.0,0.0
1990-11-01,2.6989547260849758,2.736968135861839,2.6989547260849758,2.717961311340332,11400,0.0,0.0
1990-11-02,2.7559752464294434,2.7559752464294434,2.7559752464294434,2.7559752464294434,11400,0.0,0.0
1990-11-05,2.736968994140625,2.755975585356207,2.736968994140625,2.736968994140625,10200,0.0,0.0
1990-11-06,2.736969440624378,2.736969440624378,2.69895601272583,2.69895601272583,130500,0.0,0.0
1990-11-07,2.69895601272583,2.69895601272583,2.69895601272583,2.69895601272583,900,0.0,0.0
1990-11-08,2.698955572443234,2.755975585356207,2.698955572443234,2.736968994140625,43800,0.0,0.0
1990-11-09,2.7559752862618208,2.7939889430999756,2.7559752862618208,2.7939889430999756,7800,0.0,0.0
1990-11-12,2.7559752464294434,2.7939889027181835,2.7559752464294434,2.7559752464294434,7500,0.0,0.0
1990-11-13,2.7369686971089435,2.8890226066629627,2.7369686971089435,2.7939889430999756,71100,0.0,0.0
1990-11-14,2.8890214384729083,3.0980952702117253,2.8510077970057566,3.0790884494781494,68700,0.0,0.0
1990-11-15,3.1171027717431734,3.1171027717431734,3.0410759449005127,3.0410759449005127,13500,0.0,0.0
1990-11-16,2.9650491787090982,2.9650491787090982,2.8510086968461907,2.8890223503112793,30900,0.0,0.0
1990-11-19,2.8510086968461907,2.8890223503112793,2.8510086968461907,2.8890223503112793,9300,0.0,0.0
1990-11-20,2.8510076999664307,2.8510076999664307,2.8510076999664307,2.8510076999664307,163500,0.0,0.0
1990-11-21,2.8510074002062917,2.8510074002062917,2.8129940032958984,2.8129940032958984,4500,0.0,0.0
1990-11-23,2.8129940032958984,2.8129940032958984,2.8129940032958984,2.8129940032958984,0,0.0,0.0
1990-11-26,2.7939874244737366,2.8129940032958984,2.7749806063855047,2.8129940032958984,21300,0.0,0.0
1990-11-27,2.8129940032958984,2.8320008213841303,2.8129940032958984,2.8129940032958984,67200,0.0,0.0
1990-11-28,2.832002844035717,2.9270365238189697,2.8129960123725697,2.9270365238189697,18900,0.0,0.0
1990-11-29,2.9650486029934546,3.1171022302652425,2.9650486029934546,3.0030620098114014,104100,0.0,0.0
1990-11-30,2.9650501482901666,3.0410770015490147,2.9650501482901666,3.0220704078674316,28200,0.0,0.0
1990-12-03,3.0220694108774433,3.041075998288695,2.946042343433901,2.984055757522583,5700,0.0,0.0
1990-12-04,3.0790884494781494,3.0790884494781494,3.041075047277101,3.0790884494781494,310500,0.0,0.0
1990-12-05,3.060082239671388,3.060082239671388,2.9650486029934546,3.0030620098114014,82800,0.0,0.0
1990-12-06,3.0410752143722912,3.0790886186620274,2.9460415840148926,2.9460415840148926,87300,0.0,0.0
1990-12-07,2.965047597885132,2.984054175218084,2.9460407812861287,2.965047597885132,36300,0.0,0.0
1990-12-10,2.927035764510189,2.927035764510189,2.8510086968461907,2.8890223503112793,12300,0.0,0.0
1990-12-11,2.8510074002062917,2.8510074002062917,2.7749806063855047,2.8129940032958984,14700,0.0,0.0
1990-12-12,2.793988277578936,2.851008270721748,2.793988277578936,2.8320016860961914,10500,0.0,0.0
1990-12-13,2.8320024409543123,2.88902268856177,2.8320024409543123,2.870015859603882,44100,0.0,0.0
1990-12-14,2.8890223503112793,2.9080289377776443,2.8890223503112793,2.8890223503112793,67500,0.0,0.0
1990-12-17,2.889023099758917,2.9460431162158756,2.889023099758917,2.9270365238189697,35400,0.0,0.0
1990-12-18,2.9270351961755074,3.0030620098114014,2.8890217893575607,3.0030620098114014,68700,0.0,0.0
1990-12-19,2.984054824342477,3.0790884494781494,2.9460414221414286,3.0790884494781494,50700,0.0,0.0
1990-12-20,3.0410765590997086,3.0790899801985216,3.0030631380008956,3.0600833892822266,20700,0.0,0.0
1990-12-21,3.0410754166293485,3.0410754166293485,3.0030620098114014,3.0030620098114014,14400,0.0,0.0
1990-12-24,3.0410770015490147,3.0410770015490147,3.0030635749195906,3.0220704078674316,2100,0.0,0.0
1990-12-26,3.0220704078674316,3.0220704078674316,3.0220704078674316,3.0220704078674316,9000,0.0,0.0
1990-12-27,3.041075998288695,3.041075998288695,2.984055757522583,2.984055757522583,32400,0.0,0.0
1990-12-28,2.9756600856781006,2.994734691284891,2.9756600856781006,2.9756600856781006,35700,0.02121,0.0
1990-12-31,3.013811179998033,3.109184980392456,3.013811179998033,3.109184980392456,34800,0.0,0.0
1991-01-02,3.0901102947165136,3.0901102947165136,2.9375123977661133,2.9375123977661133,28800,0.0,0.0
1991-01-03,2.89936171359185,2.89936171359185,2.8612120151519775,2.8612120151519775,2100,0.0,0.0
1991-01-04,2.8612118763581718,2.8612118763581718,2.8230624198913574,2.8230624198913574,2400,0.0,0.0
1991-01-07,2.7849140776369605,2.8039889335632324,2.7467646059069772,2.8039889335632324,18900,0.0,0.0
1991-01-08,2.765838569793685,2.765838569793685,2.6132407188415527,2.6132407188415527,30300,0.0,0.0
1991-01-09,2.613241732232167,2.7276901648282936,2.613241732232167,2.6323163509368896,27900,0.0,0.0
1991-01-10,2.651391209764209,2.651391209764209,2.6323163509368896,2.6323163509368896,1200,0.0,0.0
1991-01-11,2.6323168819384697,2.6704666072888252,2.6323168819384697,2.6513917446136475,10800,0.0,0.0
1991-01-14,2.6323163509368896,2.6323163509368896,2.6323163509368896,2.6323163509368896,8400,0.0,0.0
1991-01-15,2.6323153301493174,2.6323153301493174,2.6132407188415527,2.6132407188415527,69900,0.0,0.0
1991-01-16,2.6132416129703913,2.746764898300171,2.6132416129703913,2.746764898300171,112500,0.0,0.0
1991-01-17,2.82306300425002,2.82306300425002,2.746764075522929,2.7849135398864746,30300,0.0,0.0
1991-01-18,2.8039892320479582,2.8039892320479582,2.746764898300171,2.746764898300171,28500,0.0,0.0
1991-01-21,2.746763878662189,2.746763878662189,2.7086144170328175,2.727689027786255,27600,0.0,0.0
1991-01-22,2.7658395161343763,2.784914374091167,2.746764898300171,2.746764898300171,30300,0.0,0.0
1991-01-23,2.7467637421877185,2.7467637421877185,2.632315122863551,2.6895394325256348,55200,0.0,0.0
1991-01-24,2.6704659467181786,2.784914374091167,2.6704659467181786,2.746764898300171,31500,0.0,0.0
1991-01-25,2.7276893092289556,2.7276893092289556,2.6704652309417725,2.6704652309417725,73200,0.0,0.0
1991-01-28,2.7086161822998607,2.784915155284387,2.7086161822998607,2.7658402919769287,24900,0.0,0.0
1991-01-29,2.7849142085868976,2.994736433029175,2.7849142085868976,2.994736433029175,67200,0.0,0.0
1991-01-30,3.051959414793413,3.1091837198544674,3.051959414793413,3.090108871459961,293700,0.0,0.0
1991-01-31,3.0901101242645463,3.128259596397803,3.0901101242645463,3.109184980392456,240000,0.0,0.0
1991-02-01,3.185483502656595,3.185483502656595,3.109184568497913,3.1282591819763184,60900,0.0,0.0
1991-02-04,3.147334035577254,3.16640888917819,3.0901097148969776,3.1282591819763184,173400,0.0,0.0
1991-02-05,3.1091860973483323,3.1854850690247796,3.1091860973483323,3.166410446166992,24300,0.0,0.0
1991-02-06,3.1473327367513697,3.242706485152615,2.9756600856781006,2.9756600856781006,43200,0.0,0.0
1991-02-07,2.9756609739360305,2.9756609739360305,2.8612123456417584,2.9565861225128174,324000,0.0,0.0
1991-02-08,2.9565868914120004,2.994736364057194,2.899362802505493,2.899362802505493,100800,0.0,0.0
1991-02-11,2.899362802505493,2.97566174779588,2.899362802505493,2.899362802505493,241200,0.0,0.0
1991-02-12,2.9184381157585815,3.0710362829059585,2.9184381157585815,3.0519614219665527,146100,0.0,0.0
1991-02-13,3.0519614219665527,3.0519614219665527,2.9947370792709584,3.0519614219665527,64200,0.0,0.0
1991-02-14,3.0519607633761856,3.0519607633761856,2.994736433029175,2.994736433029175,17100,0.0,0.0
1991-02-15,3.013810384686403,3.1473336219787598,3.013810384686403,3.1473336219787598,171600,0.0,0.0
1991-02-19,3.1282603854789297,3.1473352464183355,3.0519614219665527,3.0519614219665527,96900,0.0,0.0
1991-02-20,3.013809958126865,3.1091837198544674,3.013809958126865,3.090108871459961,75000,0.0,0.0
1991-02-21,3.1091837198544674,3.1473331765210153,3.0710342631879195,3.090108871459961,16800,0.0,0.0
1991-02-22,3.0901093621077993,3.0901093621077993,2.9375115112121075,2.9565861225128174,198300,0.0,0.0
1991-02-25,2.918438196182251,2.9565876789897283,2.8993635748398274,2.918438196182251,63600,0.0,0.0
1991-02-26,2.918437418766807,2.9565868914120004,2.8802879461216135,2.899362802505493,351300,0.0,0.0
1991-02-27,2.8993623725293878,2.8993623725293878,2.8421380519866943,2.8421380519866943,197100,0.0,0.0
1991-02-28,2.8421372681859967,2.8421372681859967,2.8039878117191823,2.8230624198913574,67200,0.0,0.0
1991-03-01,2.8230624198913574,2.8230624198913574,2.8039878117191823,2.8230624198913574,112200,0.0,0.0
1991-03-04,2.8230624198913574,2.8230624198913574,2.765838115129904,2.8230624198913574,196200,0.0,0.0
1991-03-05,2.765838115129904,2.8230624198913574,2.765838115129904,2.8230624198913574,208200,0.0,0.0
1991-03-06,2.8230636170925405,2.918437418766807,2.7849141444473466,2.899362802505493,172800,0.0,0.0
1991-03-07,2.9184381157585815,3.0519614219665527,2.9184381157585815,3.0519614219665527,107100,0.0,0.0
1991-03-08,3.0138095370141125,3.0519589883501244,2.9756600856781006,2.9756600856781006,47100,0.0,0.0
1991-03-11,2.9756609739360305,2.9756609739360305,2.9184366597888944,2.9565861225128174,48300,0.0,0.0
1991-03-12,2.9375122751506866,2.9565868914120004,2.899362802505493,2.899362802505493,15300,0.0,0.0
1991-03-13,2.899363701639476,2.899363701639476,2.88028883934021,2.88028883934021,76200,0.0,0.0
1991-03-14,2.899362802505493,2.899362802505493,2.8802879461216135,2.899362802505493,324000,0.0,0.0
1991-03-15,2.899363701639476,2.899363701639476,2.88028883934021,2.88028883934021,49500,0.0,0.0
1991-03-18,2.89936171359185,2.89936171359185,2.8612120151519775,2.8612120151519775,24600,0.0,0.0
1991-03-19,2.8612126654192385,2.8612126654192385,2.82306319843162,2.8421380519866943,158700,0.0,0.0
1991-03-20,2.823062556834581,2.8802868643719135,2.823062556834581,2.8612120151519775,113100,0.0,0.0
1991-03-21,2.8421374060545173,2.8612120151519775,2.8421374060545173,2.8612120151519775,252300,0.0,0.0
1991-03-22,2.8612118763581718,2.8612118763581718,2.8230624198913574,2.8230624198913574,95100,0.0,0.0
1991-03-25,2.8421380519866943,2.8421380519866943,2.82306319843162,2.8421380519866943,109800,0.0,0.0
1991-03-26,2.8230636170925405,2.899362802505493,2.8230636170925405,2.899362802505493,186000,0.0,0.0
1991-03-27,2.9375123428047356,3.013811289852369,2.9375123428047356,2.994736433029175,61500,0.0,0.0
1991-03-28,3.0328860361259427,3.109184980392456,2.9947363238701232,3.109184980392456,47100,0.0,0.0
1991-04-01,3.109184568497913,3.16640888917819,3.109184568497913,3.1282591819763184,50400,0.0,0.0
1991-04-02,3.1664080249155218,3.1664080249155218,3.090108871459961,3.090108871459961,18600,0.0,0.0
1991-04-03,3.0710351014185724,3.1282591819763184,3.0519602478176364,3.1282591819763184,53400,0.0,0.0
1991-04-04,3.1282607202061197,3.204559932005216,3.1282607202061197,3.166410446166992,25800,0.0,0.0
1991-04-05,3.166408131488181,3.2045575894387355,3.166408131488181,3.1854827404022217,122100,0.0,0.0
1991-04-08,3.1770632891765196,3.2536189556121826,3.1770632891765196,3.2536189556121826,27900,0.02121,0.0
1991-04-09,3.2344799352157803,3.2727577686309814,3.21534113897343,3.2727577686309814,80700,0.0,0.0
1991-04-10,3.2727577686309814,3.291896805803833,3.2727577686309814,3.2727577686309814,11700,0.0,0.0
1991-04-11,3.253617808255928,3.291895627975464,3.2153399885363925,3.291895627975464,21300,0.0,0.0
1991-04-12,3.291895627975464,3.3110346583004393,3.2727565976504884,3.291895627975464,23100,0.0,0.0
1991-04-15,3.291895066515446,3.406728506088257,3.291895066515446,3.406728506088257,14400,0.0,0.0
1991-04-16,3.445005385969806,3.4832831861136473,3.387588565288898,3.4258663654327393,27000,0.0,0.0
1991-04-17,3.4450060201048163,3.4450060201048163,3.330172357605143,3.368450164794922,51300,0.0,0.0
1991-04-18,3.368450164794922,3.483283827294595,3.368450164794922,3.368450164794922,126900,0.0,0.0
1991-04-19,3.3301740791911323,3.445007801055908,3.3301740791911323,3.445007801055908,40500,0.0,0.0
1991-04-22,3.464145682917558,3.502423499827582,3.4258678660075335,3.4832847118377686,24600,0.0,0.0
1991-04-23,3.445006216016151,3.50242280960083,3.445006216016151,3.50242280960083,22200,0.0,0.0
1991-04-24,3.5024229949555346,3.5024229949555346,3.4641451835632324,3.4641451835632324,2400,0.0,0.0
1991-04-25,3.483283827294595,3.5024226104243166,3.368450164794922,3.368450164794922,20400,0.0,0.0
1991-04-26,3.368452455265677,3.368452455265677,3.2536189556121826,3.2536189556121826,89400,0.0,0.0
1991-04-29,3.2727577686309814,3.2727577686309814,3.2536189723886317,3.2727577686309814,14400,0.0,0.0
1991-04-30,3.2536169939468107,3.272755778551352,3.215339183807373,3.215339183807373,132900,0.0,0.0
1991-05-01,3.1387826560774235,3.2344772815704346,3.1387826560774235,3.2344772815704346,30600,0.0,0.0
1991-05-02,3.215341122394351,3.2536189556121826,3.215341122394351,3.2536189556121826,56700,0.0,0.0
1991-05-03,3.253617808255928,3.3110346583004393,3.2344787779309527,3.291895627975464,39600,0.0,0.0
1991-05-06,3.291895627975464,3.291895627975464,3.291895627975464,3.291895627975464,24600,0.0,0.0
1991-05-07,3.2918942267232505,3.311033248901367,3.2918942267232505,3.311033248901367,42900,0.0,0.0
1991-05-08,3.311033248901367,3.311033248901367,3.2536164232973297,3.311033248901367,56100,0.0,0.0
1991-05-09,3.33017174460799,3.445005385969806,3.33017174460799,3.4258663654327393,69300,0.0,0.0
1991-05-10,3.464146471482044,3.598118981629295,3.445007679135552,3.5598411560058594,63000,0.0,0.0
1991-05-13,3.5981166993881244,3.636394500732422,3.578977919181126,3.636394500732422,183300,0.0,0.0
1991-05-14,3.6363954007689183,3.6746734525176343,3.5981175899505615,3.5981175899505615,18600,0.0,0.0
1991-05-15,3.617257191488052,3.6938128253081004,3.445006894927744,3.4832847118377686,91200,0.0,0.0
1991-05-16,3.4832847118377686,3.502423499827582,3.4832847118377686,3.4832847118377686,4800,0.0,0.0
1991-05-17,3.445006775324889,3.445006775324889,3.36845090323229,3.387589931488037,14700,0.0,0.0
1991-05-20,3.3875897199579756,3.406728506088257,3.3875897199579756,3.406728506088257,8400,0.0,0.0
1991-05-21,3.445006216016151,3.50242280960083,3.425867190867691,3.50242280960083,31800,0.0,0.0
1991-05-22,3.5215633303824236,3.5598411560058594,3.5215633303824236,3.5598411560058594,5400,0.0,0.0
1991-05-23,3.540700405953843,3.6938116237901335,3.540700405953843,3.674672842025757,48600,0.0,0.0
1991-05-24,3.636395905827279,3.6746739628924274,3.6172571182250977,3.6172571182250977,40500,0.0,0.0
1991-05-28,3.655534019673734,3.808645486831665,3.655534019673734,3.808645486831665,101700,0.0,0.0
1991-05-29,3.846922559365136,4.019172776469639,3.827783539273397,3.942617177963257,144000,0.0,0.0
1991-05-30,3.942617177963257,3.980894977216448,3.942617177963257,3.942617177963257,69900,0.0,0.0
1991-05-31,3.9426174489238495,3.9808952508077233,3.8852006256328875,3.9617562294006348,44700,0.0,0.0
1991-06-03,3.9617562294006348,3.9808952508077233,3.9426174489238495,3.9617562294006348,59700,0.0,0.0
1991-06-04,3.961755957124709,3.980894977216448,3.923478157871518,3.942617177963257,12000,0.0,0.0
1991-06-05,3.9426177455943012,4.000034332275391,3.9234787227470576,4.000034332275391,115800,0.0,0.0
1991-06-06,4.038312137039558,4.038312137039558,3.980895550358468,4.000034332275391,49800,0.0,0.0
1991-06-07,3.980895757675171,4.019173564432766,3.9617567338312067,3.980895757675171,98100,0.0,0.0
1991-06-10,3.980895550358468,4.000034332275391,3.980895550358468,4.000034332275391,21000,0.0,0.0
1991-06-11,3.9617575604889934,3.9617575604889934,3.866062903162254,3.885201930999756,35700,0.0,0.0
1991-06-12,3.846923828125,3.846923828125,3.808646016247345,3.846923828125,104700,0.0,0.0
1991-06-13,3.827784776687622,3.846923802966465,3.8086459913391435,3.827784776687622,28800,0.0,0.0
1991-06-14,3.7895069650603004,3.846923802966465,3.7703679387814577,3.827784776687622,28200,0.0,0.0
1991-06-17,3.789506549448194,3.8660621643066406,3.789506549448194,3.8660621643066406,33600,0.0,0.0
1991-06-18,3.82778651647958,3.9043421745300293,3.82778651647958,3.9043421745300293,57600,0.0,0.0
1991-06-19,3.8660621643066406,3.8852011884864215,3.846923381057198,3.8660621643066406,17100,0.0,0.0
1991-06-20,3.8660626135986447,3.9043404254762994,3.846923828125,3.846923828125,83400,0.0,0.0
1991-06-21,3.8660627172168027,3.96175736994093,3.846923931230201,3.9234795570373535,36900,0.0,0.0
1991-06-24,3.9617562294006348,3.9808952508077233,3.904339406109673,3.9617562294006348,86700,0.0,0.0
1991-06-25,3.9426177455943012,4.038312137039558,3.9426177455943012,4.000034332275391,43500,0.0,0.0
1991-06-26,3.9808967843455374,4.0574524176043685,3.9808967843455374,4.038313388824463,23400,0.0,0.0
1991-06-27,4.038313906073703,4.076591968536377,4.019175115772793,4.076591968536377,23400,0.0,0.0
1991-06-28,4.068147420464479,4.1065263748168945,3.9913899948905716,4.1065263748168945,20400,0.02121,0.0
1991-07-01,4.1065263748168945,4.144904846038386,4.0105792305013175,4.1065263748168945,67500,0.0,0.0
1991-07-02,4.06814573330839,4.164092596267076,4.029767036437988,4.029767036437988,38700,0.0,0.0
1991-07-03,3.991390229221491,4.087337137604562,3.9530115141813575,4.068147659301758,73800,0.0,0.0
1991-07-05,4.1065255366445035,4.125714526773172,4.08733606338501,4.08733606338501,21900,0.0,0.0
1991-07-08,4.068146590125516,4.08733606338501,4.068146590125516,4.08733606338501,6600,0.0,0.0
1991-07-09,4.106525312979463,4.125714302062988,4.087335840765139,4.125714302062988,23400,0.0,0.0
1991-07-10,4.125715733909672,4.125715733909672,4.010579585361448,4.0489583015441895,9300,0.0,0.0
1991-07-11,4.0105792305013175,4.125715368862179,4.0105792305013175,4.1065263748168945,50100,0.0,0.0
1991-07-12,4.1065263748168945,4.144904846038386,4.087336897640687,4.1065263748168945,16800,0.0,0.0
1991-07-15,4.125715368862179,4.144904846038386,4.1065263748168945,4.1065263748168945,84300,0.0,0.0
1991-07-16,4.125713325422099,4.298417568206787,4.125713325422099,4.298417568206787,138000,0.0,0.0
1991-07-17,4.298420312596813,4.394367229083777,4.240852355957031,4.240852355957031,97500,0.0,0.0
1991-07-18,4.24085270903054,4.279231672072976,4.221663227509323,4.260042190551758,26700,0.0,0.0
1991-07-19,4.260039115993903,4.298417568206787,4.2216601806503355,4.298417568206787,61800,0.0,0.0
1991-07-22,4.242769435945142,4.474960637067703,4.242769435945142,4.453852653503418,38700,0.0,1.1
1991-07-23,4.496069103762763,4.580502487412228,4.432744186808358,4.453852653503418,31500,0.0,0.0
1991-07-24,4.453852653503418,4.474960637067703,4.432744186808358,4.453852653503418,15000,0.0,0.0
1991-07-25,4.432743549346924,4.45385201300643,4.411635085687418,4.432743549346924,30300,0.0,0.0
1991-07-26,4.45385201300643,4.47495999353523,4.432743549346924,4.432743549346924,108900,0.0,0.0
1991-07-29,4.474963213298194,4.517180170992561,4.390530264171565,4.411638259887695,101400,0.0,0.0
1991-07-30,4.432742462796713,4.474958896636963,4.432742462796713,4.474958896636963,9300,0.0,0.0
1991-07-31,4.4960684571947365,4.517176920854244,4.411635085687418,4.432743549346924,74700,0.0,0.0
1991-08-01,4.474958896636963,4.517175813607799,4.432742462796713,4.474958896636963,49800,0.0,0.0
1991-08-02,4.517180096995262,4.6016130447387695,4.474963139992464,4.6016130447387695,91200,0.0,0.0
1991-08-05,4.622721523240169,4.622721523240169,4.6016130447387695,4.6016130447387695,15300,0.0,0.0
1991-08-06,4.62271896053898,4.643827427338458,4.580502510070801,4.580502510070801,14700,0.0,0.0
1991-08-07,4.622721523240169,4.664937997111923,4.6016130447387695,4.6016130447387695,34500,0.0,0.0
1991-08-08,4.622721175889711,4.728262594204254,4.622721175889711,4.686046123504639,111000,0.0,0.0
1991-08-09,4.6860429503421885,4.728259392454864,4.643826508229513,4.707151412963867,21600,0.0,0.0
1991-08-12,4.686046720655097,4.770480155944824,4.686046720655097,4.770480155944824,89100,0.0,0.0
1991-08-13,4.749371676339624,4.8549131081034815,4.728263196734425,4.770480155944824,240900,0.0,0.0
1991-08-14,4.770476317698221,4.770476317698221,4.6860429503421885,4.707151412963867,8100,0.0,0.0
1991-08-15,4.728261613192869,4.89712842721716,4.686045151252251,4.8760199546813965,116700,0.0,0.0
1991-08-16,4.89712679813204,4.89712679813204,4.728260040283203,4.728260040283203,20700,0.0,0.0
1991-08-19,4.64382629251102,4.64382629251102,4.559392929077148,4.559392929077148,17400,0.0,0.0
1991-08-20,4.517177104949951,4.517177104949951,4.348310355053217,4.517177104949951,47400,0.0,0.0
1991-08-21,4.559394522254441,4.728260824998032,4.559394522254441,4.64382791519165,64200,0.0,0.0
1991-08-22,4.643827144489533,4.770476971310787,4.643827144489533,4.728260040283203,11700,0.0,0.0
1991-08-23,4.728263196734425,4.876021587708681,4.728263196734425,4.770480155944824,28500,0.0,0.0
1991-08-26,4.770479359801262,4.7915873527526855,4.770479359801262,4.7915873527526855,6300,0.0,0.0
1991-08-27,4.791586547669251,4.8760199546813965,4.791586547669251,4.8760199546813965,21300,0.0,0.0
1991-08-28,4.89712872180429,5.044886589050293,4.89712872180429,5.044886589050293,75900,0.0,0.0
1991-08-29,5.087100982666016,5.171533869236519,5.087100982666016,5.087100982666016,84600,0.0,0.0
1991-08-30,5.087103536661384,5.087103536661384,5.023778598375685,5.044886589050293,97200,0.0,0.0
1991-09-03,5.00267012457014,5.108211527335991,5.00267012457014,5.044886589050293,102300,0.0,0.0
1991-09-04,5.044885133742449,5.044885133742449,4.854910373687744,4.854910373687744,20700,0.0,0.0
1991-09-05,4.854908854903392,5.044883555527402,4.854908854903392,5.023775577545166,30600,0.0,0.0
1991-09-06,4.918235780802422,5.002669176899189,4.918235780802422,4.981560707092285,47100,0.0,0.0
1991-09-09,4.9815608639401034,5.023777804883139,4.960452876599447,5.002669334411621,76200,0.0,0.0
1991-09-10,5.00266982363416,5.00266982363416,4.8760199546813965,4.8760199546813965,44700,0.0,0.0
1991-09-11,4.876018841404088,4.897127309120433,4.812693921385853,4.854910373687744,97800,0.0,0.0
1991-09-12,4.854910373687744,4.876018841404088,4.833802389102198,4.854910373687744,50100,0.0,0.0
1991-09-13,4.854909867104457,4.854909867104457,4.728260040283203,4.728260040283203,15300,0.0,0.0
1991-09-16,4.770477763032051,4.770477763032051,4.601610977157631,4.64382791519165,28500,0.0,0.0
1991-09-17,4.64382950308155,4.6860459724200485,4.64382950308155,4.664937496185303,136500,0.0,0.0
1991-09-18,4.6860459386025966,4.7915873527526855,4.664937462520183,4.7915873527526855,49200,0.0,0.0
1991-09-19,4.770478242589254,4.981561021455349,4.770478242589254,4.960453033447266,72600,0.0,0.0
1991-09-20,4.960454001481781,4.960454001481781,4.897129058837891,4.897129058837891,33900,0.0,0.0
1991-09-23,4.876018841404088,4.876018841404088,4.812693921385853,4.854910373687744,9000,0.0,0.0
1991-09-24,4.876018841404088,4.876018841404088,4.812693921385853,4.854910373687744,27900,0.0,0.0
1991-09-25,4.833802389102198,4.897127309120433,4.833802389102198,4.854910373687744,23100,0.0,0.0
1991-09-26,4.8760199546813965,4.8760199546813965,4.812695020205014,4.8760199546813965,44100,0.0,0.0
1991-09-27,4.87602011706356,4.897128590302282,4.812695180478319,4.833803653717041,58500,0.0,0.0
1991-09-30,4.866810715647415,4.887970924377441,4.8244907825024095,4.887970924377441,10500,0.02333,0.0
1991-10-01,4.887970841737588,4.909131050109863,4.845650909308076,4.909131050109863,36900,0.0,0.0
1991-10-02,4.8456501960754395,4.909130327533568,4.8456501960754395,4.8456501960754395,33000,0.0,0.0
1991-10-03,4.8456501960754395,4.86680991701817,4.8244899908177405,4.8456501960754395,28800,0.0,0.0
1991-10-04,4.8456501960754395,4.8456501960754395,4.8456501960754395,4.8456501960754395,7200,0.0,0.0
1991-10-07,4.845652846075407,4.845652846075407,4.782172679901123,4.782172679901123,48000,0.0,0.0
1991-10-08,4.803332412415729,4.803332412415729,4.7610124630712845,4.782172679901123,17700,0.0,0.0
1991-10-09,4.782171334534069,4.782171334534069,4.739850912780384,4.761011123657227,30000,0.0,0.0
1991-10-10,4.761008814352199,4.761008814352199,4.718688897440689,4.739848613739014,60300,0.0,0.0
1991-10-11,4.739848276171697,4.739848276171697,4.69752836227417,4.69752836227417,26100,0.0,0.0
1991-10-14,4.718688897440689,4.739848613739014,4.697528696827503,4.739848613739014,62700,0.0,0.0
1991-10-15,4.803331126304953,4.887971486646287,4.803331126304953,4.866811275482178,145800,0.0,0.0
1991-10-16,4.909131510981721,5.0360918045043945,4.8668110902641075,5.0360918045043945,132600,0.0,0.0
1991-10-17,5.0360884032324975,5.226528714896986,5.0360884032324975,5.205368518829346,180600,0.0,0.0
1991-10-18,5.205372989878935,5.395813465118408,5.205372989878935,5.395813465118408,90600,0.0,0.0
1991-10-21,5.353493609109922,5.374653339385986,5.332333394518676,5.374653339385986,74700,0.0,0.0
1991-10-22,5.416972403440207,5.416972403440207,5.332332050720575,5.353492259979248,36900,0.0,0.0
1991-10-23,5.374652069112017,5.374652069112017,5.311171924656698,5.332332134246826,78300,0.0,0.0
1991-10-24,5.353493609109922,5.395813553977232,5.332333394518676,5.374653339385986,38700,0.0,0.0
1991-10-25,5.374652069112017,5.395812278702146,5.332332134246826,5.332332134246826,17100,0.0,0.0
1991-10-28,5.332332050720575,5.416972403440207,5.332332050720575,5.353492259979248,30300,0.0,0.0
1991-10-29,5.353493609109922,5.395813553977232,5.332333394518676,5.374653339385986,31200,0.0,0.0
1991-10-30,5.33233040325849,5.416970729827881,5.33233040325849,5.416970729827881,37500,0.0,0.0
1991-10-31,5.41697286549808,5.480453014373779,5.374652443370879,5.480453014373779,14700,0.0,0.0
1991-11-01,5.4381303787231445,5.48045078362435,5.395810458136843,5.4381303787231445,44400,0.0,0.0
1991-11-04,5.395811324895814,5.459291458129883,5.2688510584276775,5.459291458129883,112200,0.0,0.0
1991-11-05,5.501608578761451,5.586248874664307,5.438128477912993,5.586248874664307,76500,0.0,0.0
1991-11-06,5.607409069718704,5.628568780458367,5.522768773815849,5.586248874664307,92100,0.0,0.0
1991-11-07,5.628570850095622,5.670891255765719,5.543931007385254,5.543931007385254,110400,0.0,0.0
1991-11-08,5.565093206054183,5.586253418319527,5.522773265838623,5.522773265838623,56400,0.0,0.0
1991-11-11,5.522772952185878,5.522772952185878,5.395812654434479,5.480453014373779,95400,0.0,0.0
1991-11-12,5.501613658303097,5.501613658303097,5.22653329019281,5.374653339385986,250200,0.0,0.0
1991-11-13,5.290013449651366,5.395813553977232,5.290013449651366,5.374653339385986,66300,0.0,0.0
1991-11-14,5.3323319829612235,5.353492191951008,5.247691631317139,5.247691631317139,198900,0.0,0.0
1991-11-15,5.247691803664793,5.268852013349533,5.07841157913208,5.07841157913208,26100,0.0,0.0
1991-11-18,5.099568507120661,5.2476884266498685,5.07840831105302,5.205368518829346,70200,0.0,0.0
1991-11-19,5.2053750974716895,5.29001550439749,5.1418949133561815,5.226535320281982,137400,0.0,0.0
1991-11-20,5.247693358224269,5.290013790130615,5.226533626586309,5.290013790130615,123000,0.0,0.0
1991-11-21,5.247691631317139,5.290012049296708,5.247691631317139,5.247691631317139,180300,0.0,0.0
1991-11-22,5.247688698861336,5.268848896026611,5.247688698861336,5.268848896026611,9600,0.0,0.0
1991-11-25,5.268848896026611,5.268848896026611,5.247688698861336,5.268848896026611,57300,0.0,0.0
1991-11-26,5.268851989791507,5.332332134246826,5.268851989791507,5.332332134246826,61500,0.0,0.0
1991-11-27,5.29001085809294,5.332330782227863,5.29001085809294,5.31117057800293,9000,0.0,0.0
1991-11-29,5.31117057800293,5.31117057800293,5.31117057800293,5.31117057800293,8100,0.0,0.0
1991-12-02,5.290013449651366,5.374653339385986,5.290013449651366,5.374653339385986,11100,0.0,0.0
1991-12-03,5.374648913223423,5.374648913223423,5.268848896026611,5.268848896026611,31800,0.0,0.0
1991-12-04,5.29001550439749,5.332335465702706,5.226535320281982,5.226535320281982,58200,0.0,0.0
1991-12-05,5.247693358224269,5.290013790130615,5.226533626586309,5.290013790130615,78900,0.0,0.0
1991-12-06,5.29001550439749,5.29001550439749,5.163055136166474,5.226535320281982,41700,0.0,0.0
1991-12-09,5.2053750974716895,5.247695058776905,5.2053750974716895,5.226535320281982,24600,0.0,0.0
1991-12-10,5.205368518829346,5.205368518829346,5.099568507120661,5.205368518829346,55800,0.0,0.0
1991-12-11,5.163048611008823,5.205368518829346,5.163048611008823,5.205368518829346,46800,0.0,0.0
1991-12-12,5.226531670184791,5.247691393902219,5.184211254119873,5.184211254119873,72600,0.0,0.0
1991-12-13,5.1842148746613965,5.226535320281982,5.1842148746613965,5.226535320281982,76800,0.0,0.0
1991-12-16,5.205368518829346,5.226528714896986,5.184208322761706,5.205368518829346,45000,0.0,0.0
1991-12-17,5.184211254119873,5.184211254119873,5.141891322369987,5.184211254119873,32100,0.0,0.0
1991-12-18,5.205370525508152,5.31117057800293,5.205370525508152,5.31117057800293,142500,0.0,0.0
1991-12-19,5.268848896026611,5.3534892003729295,5.268848896026611,5.268848896026611,23100,0.0,0.0
1991-12-20,5.311175242892413,5.332335465702706,5.226535320281982,5.226535320281982,93000,0.0,0.0
1991-12-23,5.31117317992743,5.395813553977232,5.290013449651366,5.374653339385986,105000,0.0,0.0
1991-12-24,5.416970660587445,5.48045078362435,5.416970660587445,5.4381303787231445,214500,0.0,0.0
1991-12-26,5.4381303787231445,5.4381303787231445,5.416970660587445,5.4381303787231445,208200,0.0,0.0
1991-12-27,5.407594717434101,5.450007063230943,5.3651823716372595,5.386388301849365,14400,0.02333,0.0
1991-12-30,5.471212804389743,5.5348315579291585,5.45000639141908,5.513625144958496,111300,0.0,0.0
1991-12-31,5.4924196214492085,5.5560383796691895,5.471213206918347,5.5560383796691895,124500,0.0,0.0
1992-01-02,5.534828747399141,5.534828747399141,5.450003623962402,5.450003623962402,66900,0.0,0.0
1992-01-03,5.534829572230279,5.640860628298298,5.513623166867717,5.577241897583008,111900,0.0,0.0
1992-01-06,5.6196578195554645,5.768101283159922,5.598451402452257,5.725688934326172,217500,0.0,0.0
1992-01-07,5.768099143289319,5.91654303719618,5.725686810189853,5.895336627960205,103500,0.0,0.0
1992-01-08,5.895333617317223,6.128602543669174,5.874127704283218,6.0861897468566895,103500,0.0,0.0
1992-01-09,6.192220635524077,6.616345163715083,6.192220635524077,6.277045249938965,216000,0.0,0.0
1992-01-10,6.234637406038663,6.340668492649836,6.12860631942749,6.12860631942749,142200,0.0,0.0
1992-01-13,6.0225737615364405,6.171017646789551,6.0225737615364405,6.171017646789551,136500,0.0,0.0
1992-01-14,6.192226381416678,6.234638727979399,6.064988856355873,6.213432312011719,82800,0.0,0.0
1992-01-15,6.277045249938965,6.361870349726042,6.17101423923426,6.277045249938965,146400,0.0,0.0
1992-01-16,6.277048720752257,6.785998630147642,6.277048720752257,6.552730083465576,238200,0.0,0.0
1992-01-17,6.53152573790734,6.616350911382602,6.4467010498046875,6.4467010498046875,92100,0.0,0.0
1992-01-20,6.40428587972075,6.425492286682129,6.361873551170425,6.425492286682129,54900,0.0,0.0
1992-01-21,6.383084862654998,6.383084862654998,6.298259655005404,6.340672016143799,39600,0.0,0.0
1992-01-22,6.340670837283836,6.4679083824157715,6.27705206471787,6.4679083824157715,88200,0.0,0.0
1992-01-23,6.595141860366522,6.67996699993427,6.5739359395038965,6.6163482666015625,85800,0.0,0.0
1992-01-24,6.658763509882071,6.67996992540439,6.595144748687744,6.595144748687744,96600,0.0,0.0
1992-01-27,6.637555990065049,6.764793481980849,6.637555990065049,6.701174736022949,45300,0.0,0.0
1992-01-28,6.658762001395471,6.658762001395471,6.57393732926777,6.637556076049805,28200,0.0,0.0
1992-01-29,6.658762178971954,6.658762178971954,6.489112344819796,6.510318756103516,36000,0.0,0.0
1992-01-30,6.467906979144046,6.510319808567982,6.4467010498046875,6.4467010498046875,36600,0.0,0.0
1992-01-31,6.361875876329425,6.4467010498046875,6.2982571175661315,6.4467010498046875,51000,0.0,0.0
1992-02-03,6.446702448475593,6.531527154981738,6.446702448475593,6.4679083824157715,28800,0.0,0.0
1992-02-04,6.46790240368039,6.764790058135986,6.46790240368039,6.764790058135986,101100,0.0,0.0
1992-02-05,7.549424051768939,7.549424051768939,6.828411950460061,6.913236618041992,434700,0.0,0.0
1992-02-06,6.785998499371899,6.785998499371899,6.658761024475098,6.658761024475098,252600,0.0,0.0
1992-02-07,6.658761915136008,6.807205817495278,6.552730833663679,6.701174736022949,73500,0.0,0.0
1992-02-10,6.658765434032326,6.892034616066579,6.510321938599004,6.849621772766113,118800,0.0,0.0
1992-02-11,6.892030693832756,6.998061770996416,6.870824284251026,6.913236618041992,96600,0.0,0.0
1992-02-12,6.934440674605193,6.9556470769910925,6.870821952819824,6.870821952819824,73800,0.0,0.0
1992-02-13,6.849617874669297,6.913236618041992,6.849617874669297,6.913236618041992,106800,0.0,0.0
1992-02-14,6.934445314423473,6.998064078775982,6.892032966646018,6.976857662200928,165600,0.0,0.0
1992-02-18,6.998060115371479,7.27374143322236,6.998060115371479,7.104091167449951,239400,0.0,0.0
1992-02-19,7.040475809557065,7.061682224273682,6.955651121435818,7.061682224273682,78300,0.0,0.0
1992-02-20,7.06168203016298,7.188919544219971,7.06168203016298,7.188919544219971,213300,0.0,0.0
1992-02-21,7.1889203274287805,7.316157855347874,7.1889203274287805,7.294951438903809,97800,0.0,0.0
1992-02-24,7.316153356182614,7.485803127288818,7.316153356182614,7.485803127288818,120300,0.0,0.0
1992-02-25,7.485803647470255,7.528216457223296,7.4221849182130795,7.4433913230896,258600,0.0,0.0
1992-02-26,7.507014147226514,7.507014147226514,7.252539091388327,7.294951438903809,88500,0.0,0.0
1992-02-27,7.337359759585521,7.507009530691725,7.294946952779706,7.485803127288818,75600,0.0,0.0
1992-02-28,7.507009029388428,7.5494213479896795,7.485802627401642,7.507009029388428,43800,0.0,0.0
1992-03-02,7.549423694610596,7.549423694610596,7.485804954247663,7.549423694610596,136500,0.0,0.0
1992-03-03,7.507012161043285,7.655456066131592,7.464599824749135,7.655456066131592,62400,0.0,0.0
1992-03-04,7.655453142252465,7.782690587911109,7.655453142252465,7.719071865081787,190200,0.0,0.0
1992-03-05,7.76148410748366,7.888721551868637,7.719071787812777,7.803896427154541,199800,0.0,0.0
1992-03-06,7.846310027106549,8.079578536987304,7.846310027106549,7.952341079711914,269100,0.0,0.0
1992-03-09,7.931133604083175,8.079577445983887,7.825102565795418,8.079577445983887,201900,0.0,0.0
1992-03-10,8.037168502807617,8.121993174909493,7.909931009282285,8.037168502807617,175800,0.0,0.0
1992-03-11,8.015962725980273,8.079581477773768,7.888725222393285,7.931137561798096,136800,0.0,0.0
1992-03-12,7.93113891815245,8.058376443499135,7.825107808821093,7.9735517501831055,135900,0.0,0.0
1992-03-13,7.973550084098179,8.18561274382273,7.973550084098179,8.143199920654297,87900,0.0,0.0
1992-03-16,8.185612503450256,8.334055924063081,8.1219932705658,8.312849998474121,123600,0.0,0.0
1992-03-17,8.35526180267334,8.482499296981791,8.334055877203612,8.35526180267334,322500,0.0,0.0
1992-03-18,8.355262003982167,8.355262003982167,8.164405757921063,8.206818580627441,130800,0.0,0.0
1992-03-19,8.121993224898684,8.376468698888111,8.100787299428957,8.35526180267334,73800,0.0,0.0
1992-03-20,8.312851776650033,8.397676467895508,8.249233015529612,8.397676467895508,131700,0.0,0.0
1992-03-23,8.524913716083423,8.694564063865831,8.482500886451517,8.567326545715332,125100,0.0,0.0
1992-03-24,8.630946235695673,8.652152167426216,8.482501801345885,8.588533401489258,120600,0.0,0.0
1992-03-25,8.630941642735102,8.630941642735102,8.418878555297852,8.418878555297852,93900,0.0,0.0
1992-03-26,8.39767523674124,8.39767523674124,7.931137561798096,7.931137561798096,61500,0.0,0.0
1992-03-27,7.952343390935684,7.952343390935684,7.422187003082464,7.655456066131592,263400,0.0,0.0
1992-03-30,7.613044167068255,7.676662921905518,7.528219484200291,7.676662921905518,50100,0.0,0.0
1992-03-31,7.676664573129617,7.952346065180088,7.676664573129617,7.825108528137207,57000,0.0,0.0
1992-04-01,7.867518511549633,8.143199920654297,7.867518511549633,8.143199920654297,191400,0.0,0.0
1992-04-02,8.185612654646786,8.270437329314476,8.185612654646786,8.206818580627441,123300,0.0,0.0
1992-04-03,8.24923140333382,8.270437329314476,8.185612654646786,8.206818580627441,49800,0.0,0.0
1992-04-06,8.154994941531777,8.154994941531777,7.7727295536474745,8.112521171569824,225300,0.02333,0.0
1992-04-07,8.0488095104945,8.218705060310365,7.98509861855411,8.006335258483887,97500,0.0,0.0
1992-04-08,7.96386501828178,7.96386501828178,7.517888577258001,7.772732257843018,105900,0.0,0.0
1992-04-09,7.7302601165594105,7.963866711401917,7.687785836714701,7.921392917633057,77700,0.0,0.0
1992-04-10,7.942625290652213,8.070047089358267,7.921388648251595,7.963862419128418,78900,0.0,0.0
1992-04-13,7.900151349608908,8.154994941531777,7.857677579646956,8.112521171569824,133200,0.0,0.0
1992-04-14,8.112525909305216,8.516028660854897,8.112525909305216,8.409843444824219,168600,0.0,0.0
1992-04-15,9.131894384698287,9.216842890554808,9.068183491381435,9.195605278015137,526800,0.0,0.0
1992-04-16,9.216844540041212,9.238081184230403,9.068185114263104,9.131896018981934,348000,0.0,0.0
1992-04-20,9.301795957651589,9.76900912919084,9.216848373413086,9.216848373413086,382800,0.0,0.0
1992-04-21,9.174370556641653,9.365503276571687,9.153133911810967,9.280555725097656,122700,0.0,0.0
1992-04-22,9.259321679456507,9.280559304629877,9.195610748239714,9.216848373413086,123600,0.0,0.0
1992-04-23,9.216845060966682,9.280555969286379,9.195607443425908,9.259318351745605,131700,0.0,0.0
1992-04-24,9.259321679456507,9.323032610673298,9.195610748239714,9.216848373413086,123600,0.0,0.0
1992-04-27,9.174370183419777,9.174370183419777,8.834579019195386,8.877052307128906,121200,0.0,0.0
1992-04-28,8.770872401607145,8.834583336795207,8.409843444824219,8.409843444824219,89700,0.0,0.0
1992-04-29,8.431078907984622,8.77087116241455,8.431078907984622,8.77087116241455,182400,0.0,0.0
1992-04-30,8.834577662595727,9.068183626812301,8.813340049738878,9.004472732543945,93600,0.0,0.0
1992-05-01,9.025714165739645,9.15313600821055,8.962003244504192,9.089425086975098,88800,0.0,0.0
1992-05-04,9.131903072663164,9.450457842315972,9.131903072663164,9.344273567199707,174900,0.0,0.0
1992-05-05,9.365507560042243,9.684062238955244,9.365507560042243,9.662825584411621,147600,0.0,0.0
1992-05-06,9.662821657789099,10.108798027038574,9.662821657789099,10.108798027038574,192600,0.0,0.0
1992-05-07,10.066322630133127,10.2362186947765,10.066322630133127,10.214981079101562,186000,0.0,0.0
1992-05-08,10.17251084609411,10.363643611643989,9.726534393144389,9.93890380859375,161400,0.0,0.0
1992-05-11,9.96013947581856,9.981377095774238,9.747770081321718,9.769006729125977,221700,0.0,0.0
1992-05-12,9.726534393144389,9.93890380859375,9.62034919934395,9.93890380859375,128700,0.0,0.0
1992-05-13,9.89642742660186,10.087560151399865,9.89642742660186,10.045086860656738,45300,0.0,0.0
1992-05-14,9.98137808054423,10.00261473044371,9.896429536643272,9.93890380859375,87600,0.0,0.0
1992-05-15,10.06632491591929,10.06632491591929,9.832717895507812,9.832717895507812,66300,0.0,0.0
1992-05-18,9.68406246854749,9.790247688086533,9.662825813500381,9.726536750793457,59400,0.0,0.0
1992-05-19,9.76900525458321,9.81147951593204,9.620346798089209,9.641583442687988,67500,0.0,0.0
1992-05-20,9.662822517953268,9.83271764469017,9.599111602389073,9.769006729125977,102300,0.0,0.0
1992-05-21,9.769006729125977,9.811480996885914,9.62034825019333,9.769006729125977,34200,0.0,0.0
1992-05-22,9.705298660348772,9.705298660348772,9.599114418029785,9.599114418029785,44700,0.0,0.0
1992-05-26,9.620355295267483,9.620355295267483,9.216852858589537,9.323037147521973,77700,0.0,0.0
1992-05-27,9.280558354949777,9.323031656646902,9.259320731949654,9.30179500579834,57000,0.0,0.0
1992-05-28,9.259322120584251,9.599114418029785,9.259322120584251,9.599114418029785,83700,0.0,0.0
1992-05-29,9.811481269301883,10.066324938634398,9.811481269301883,10.00261402130127,130500,0.0,0.0
1992-06-01,10.066324938634398,10.066324938634398,10.00261402130127,10.00261402130127,90900,0.0,0.0
1992-06-02,10.002612853166825,10.193745582845173,9.98137620725301,10.108798027038574,130500,0.0,0.0
1992-06-03,10.278694780350609,10.363643321876406,9.620348930358887,9.620348930358887,191400,0.0,0.0
1992-06-04,9.577879083247735,9.59911671451377,9.089429118559975,9.1531400680542,157200,0.0,0.0
1992-06-05,9.110663164001213,9.280559304629877,8.898293717329127,9.216848373413086,112500,0.0,0.0
1992-06-08,9.238084081101091,9.344269279647026,9.174373156403842,9.30179500579834,99300,0.0,0.0
1992-06-09,9.280558354949777,9.344269279647026,9.238084081101091,9.30179500579834,34200,0.0,0.0
1992-06-10,9.301792369928343,9.344266631741002,9.280555725097656,9.280555725097656,31800,0.0,0.0
1992-06-11,9.280556901273789,9.280556901273789,9.089424157120447,9.174371719360352,67200,0.0,0.0
1992-06-12,9.174378559725284,9.344274783030166,9.089430934148908,9.323037147521973,46800,0.0,0.0
1992-06-15,9.323035934454849,9.42922118172312,9.323035934454849,9.344273567199707,47100,0.0,0.0
1992-06-16,9.344274783030166,9.344274783030166,9.301800484165913,9.323037147521973,63000,0.0,0.0
1992-06-17,9.280556901273789,9.280556901273789,9.131897452164695,9.174371719360352,120000,0.0,0.0
1992-06-18,9.174368637626548,9.195605278015137,9.174368637626548,9.195605278015137,74700,0.0,0.0
1992-06-19,9.216842890554808,9.238079530943399,9.174368637626548,9.195605278015137,17700,0.0,0.0
1992-06-22,9.174374844165559,9.195611498920918,8.940767753249652,8.98324203491211,30600,0.0,0.0
1992-06-23,8.940765610848237,8.96200323266634,8.685921926243047,8.91952896118164,103800,0.0,0.0
1992-06-24,8.919527982949184,8.940764630286692,8.770869507283832,8.834580421447754,53400,0.0,0.0
1992-06-25,8.834582098720885,8.834582098720885,8.685922622680664,8.685922622680664,56400,0.0,0.0
1992-06-26,8.685921898928427,8.685921898928427,8.6434485997288,8.664685249328613,36300,0.0,0.0
1992-06-29,8.657032681881626,8.657032681881626,8.125273775294497,8.42305850982666,220800,0.02667,0.0
1992-06-30,8.337977435297283,8.508139584356037,8.316706436405433,8.42305850982666,236400,0.0,0.0
1992-07-01,8.444326841407227,8.976086128182006,8.444326841407227,8.933545112609863,118200,0.0,0.0
1992-07-02,8.95481622455933,8.95481622455933,8.550679935263355,8.57194995880127,89700,0.0,0.0
1992-07-06,8.593217674362647,8.593217674362647,8.337973594665527,8.337973594665527,131700,0.0,0.0
1992-07-07,8.33797332943568,8.33797332943568,7.912566218912996,7.955106735229492,140400,0.0,0.0
1992-07-08,7.912566890100996,7.933837393483242,7.678593300254177,7.89129638671875,219900,0.0,0.0
1992-07-09,7.933836554527224,8.29543215275199,7.891295552261189,8.061458587646484,70500,0.0,0.0
1992-07-10,8.06145788361144,8.35924243927002,8.06145788361144,8.35924243927002,54600,0.0,0.0
1992-07-13,8.380512533870956,8.401783520194272,8.16780948638916,8.16780948638916,74700,0.0,0.0
1992-07-14,8.146537122571317,8.189077624964412,7.976374626159668,7.976374626159668,65700,0.0,0.0
1992-07-15,8.082735294435444,8.231627951970669,7.976383674390183,8.146546363830566,126900,0.0,0.0
1992-07-16,8.189082082086886,8.550678253173828,8.189082082086886,8.550678253173828,153600,0.0,0.0
1992-07-17,8.635763881105056,8.742115981596752,8.465601688733848,8.486871719360352,110100,0.0,0.0
1992-07-20,8.486866215869147,8.486866215869147,8.380514184343717,8.465596199035645,54300,0.0,0.0
1992-07-21,8.465600508641856,8.593222621969726,8.423059479639415,8.508140563964844,278100,0.0,0.0
1992-07-22,8.57194995880127,8.593220956018449,8.50813891450826,8.57194995880127,111600,0.0,0.0
1992-07-23,8.550678253173828,8.550678253173828,8.508137240787402,8.550678253173828,59700,0.0,0.0
1992-07-24,8.550679935263355,8.57194995880127,8.50813891450826,8.57194995880127,88500,0.0,0.0
1992-07-27,8.57194995880127,8.57194995880127,8.52940991172544,8.57194995880127,57900,0.0,0.0
1992-07-28,8.571942212879174,8.67829418182373,8.550672208561616,8.67829418182373,95400,0.0,0.0
1992-07-29,8.678299445983162,8.827191513879098,8.55067739530694,8.720840454101562,158100,0.0,0.0
1992-07-30,8.720842341967153,8.720842341967153,8.486868207184298,8.635760307312012,169800,0.0,0.0
1992-07-31,8.65703229833868,8.805924415588379,8.59322125184891,8.805924415588379,152100,0.0,0.0
1992-08-03,8.976085490725588,9.103707554699511,8.93354447817459,9.082436561584473,173700,0.0,0.0
1992-08-04,9.082434131493844,9.103705118917631,9.018623116580121,9.039894104003906,128400,0.0,0.0
1992-08-05,9.039894884299065,9.039894884299065,8.784650802612305,8.784650802612305,139500,0.0,0.0
1992-08-06,8.7633821810567,8.784653176063562,8.720842138401306,8.742112159729004,14700,0.0,0.0
1992-08-07,8.84846495144475,8.869734974545784,8.742112888581095,8.763382911682129,36000,0.0,0.0
1992-08-10,8.891004139427974,9.146248286719487,8.805923081557186,9.01862621307373,52600,0.0,2.0
1992-08-11,9.01862485565817,9.146246910095215,9.01862485565817,9.146246910095215,28600,0.0,0.0
1992-08-12,9.14624740233992,9.188788414001465,9.061166352695889,9.188788414001465,46200,0.0,0.0
1992-08-13,9.188788414001465,9.273869463645497,9.103707364357433,9.188788414001465,71800,0.0,0.0
1992-08-14,9.146248286719487,9.188789302494456,9.01862621307373,9.01862621307373,62200,0.0,0.0
1992-08-17,8.976083182275405,9.018623210206972,8.805920149512652,8.848461151123047,40600,0.0,0.0
1992-08-18,8.848457137399343,8.848457137399343,8.550672208561616,8.67829418182373,49800,0.0,0.0
1992-08-19,8.720840454101562,8.805921496659385,8.59321840342534,8.720840454101562,60400,0.0,0.0
1992-08-20,8.678300316654035,8.678300316654035,8.508137240787402,8.550678253173828,56400,0.0,0.0
1992-08-21,8.508140563964844,8.550681592967285,8.337978395313986,8.508140563964844,65400,0.0,0.0
1992-08-24,8.508137585167802,8.508137585167802,8.252893447875977,8.252893447875977,17500,0.0,0.0
1992-08-25,8.167811365420928,8.167811365420928,7.955107782166593,8.12527084350586,45300,0.0,0.0
1992-08-26,8.125270314497948,8.125270314497948,7.9551072642374026,8.040188789367676,47400,0.0,0.0
1992-08-27,8.125273221829172,8.167813756196148,8.040191666255582,8.082732200622559,40300,0.0,0.0
1992-08-28,8.16781128887803,8.295433340266749,7.9976487159729,7.9976487159729,63300,0.0,0.0
1992-08-31,7.997646951035847,8.16780948638916,7.955105952067981,8.16780948638916,288700,0.0,0.0
1992-09-01,8.16781128887803,8.16781128887803,7.9551077076170005,7.9976487159729,144600,0.0,0.0
1992-09-02,7.955106735229492,8.082728771018411,7.955106735229492,7.955106735229492,23200,0.0,0.0
1992-09-03,8.082730851961278,8.423056530630232,7.997649797423708,8.252893447875977,41200,0.0,0.0
1992-09-04,8.252893975441944,8.423057069073868,8.210353932293344,8.380516052246094,30600,0.0,0.0
1992-09-08,8.380512533870956,8.465594531806687,8.125268974260678,8.16780948638916,74500,0.0,0.0
1992-09-09,8.12527084350586,8.167811365420928,8.040189312836226,8.12527084350586,69400,0.0,0.0
1992-09-10,8.125276608628146,8.125276608628146,7.784950731317909,7.827491283416748,143100,0.0,0.0
1992-09-11,7.955107551144779,7.955107551144779,7.657322932708176,7.742404460906982,115200,0.0,0.0
1992-09-14,7.8700257025965,8.040188254701915,7.784944183124077,7.955106735229492,203700,0.0,0.0
1992-09-15,7.912565439939499,8.16780948638916,7.827483928843151,8.16780948638916,72900,0.0,0.0
1992-09-16,7.912568029810171,7.912568029810171,7.657323899816294,7.784945964813232,128400,0.0,0.0
1992-09-17,7.784944849499201,7.827485369457078,7.529700756072998,7.529700756072998,183000,0.0,0.0
1992-09-18,7.402082917902812,7.402082917902812,6.678890746402505,7.3170013427734375,736300,0.0,0.0
1992-09-21,7.657323387468947,8.082730080048496,7.657323387468947,7.699863910675049,264100,0.0,0.0
1992-09-22,7.827491283416748,7.827491283416748,7.699869140280389,7.827491283416748,300100,0.0,0.0
1992-09-23,7.912572874454268,7.955113426553107,7.742410179219069,7.827491283416748,103300,0.0,0.0
1992-09-24,7.997646951035847,8.16780948638916,7.870024927811016,8.16780948638916,173800,0.0,0.0
1992-09-25,8.252891323123826,8.295432326279753,7.955106735229492,7.955106735229492,181900,0.0,0.0
1992-09-28,7.968749072092907,8.01136302947998,7.926135602380152,8.01136302947998,79600,0.02667,0.0
1992-09-29,7.968746132981235,8.011360074651014,7.798291829324538,7.926132678985596,111400,0.0,0.0
1992-09-30,7.9261300724657975,8.139198247724483,7.9261300724657975,8.09658432006836,64600,0.0,0.0
1992-10-01,8.09658432006836,8.139198247724483,7.883516632483651,8.09658432006836,117000,0.0,0.0
1992-10-02,8.09658432006836,8.139198247724483,8.053970880086213,8.09658432006836,148000,0.0,0.0
1992-10-05,8.053975991212896,8.053975991212896,7.414771547465841,7.968748569488525,148900,0.0,0.0
1992-10-06,7.883515357971191,7.926128791064106,7.7130606502517285,7.883515357971191,67800,0.0,0.0
1992-10-07,7.926135602380152,8.053976499192736,7.798294705567569,8.01136302947998,95200,0.0,0.0
1992-10-08,8.011361793196022,8.224430084228516,8.011361793196022,8.224430084228516,49000,0.0,0.0
1992-10-09,8.352265087040678,8.565332740545273,8.18181037902832,8.18181037902832,69900,0.0,0.0
1992-10-12,8.224430084228516,8.224430084228516,8.13920267028067,8.224430084228516,69700,0.0,0.0
1992-10-13,8.267037245360598,8.309651166200638,8.18181037902832,8.18181037902832,129000,0.0,0.0
1992-10-14,8.011363389228155,8.011363389228155,7.499999779015174,7.840908527374268,558400,0.0,0.0
1992-10-15,7.840905419275229,7.926132816418423,7.627837657928467,7.627837657928467,338200,0.0,0.0
1992-10-16,7.627840681568419,7.840908527374268,7.627840681568419,7.840908527374268,179800,0.0,0.0
1992-10-19,7.926135887394666,7.968749358639751,7.75568151473999,7.75568151473999,245800,0.0,0.0
1992-10-20,7.75568151473999,7.840908457230159,7.75568151473999,7.75568151473999,36900,0.0,0.0
1992-10-21,7.755676333073887,7.926130591845903,7.713062402625375,7.798289775848389,159700,0.0,0.0
1992-10-22,7.755676216183204,7.7982896583154515,7.670448844244706,7.713062286376953,149400,0.0,0.0
1992-10-23,7.713067624821022,7.926135958301211,7.713067624821022,7.840908527374268,196000,0.0,0.0
1992-10-26,7.840908457230159,7.840908457230159,7.713067555820568,7.75568151473999,49500,0.0,0.0
1992-10-27,7.713062896852366,7.713062896852366,7.329540424284999,7.457381248474121,218400,0.0,0.0
1992-10-28,7.457385819714531,7.840908527374268,7.372158876461929,7.840908527374268,114700,0.0,0.0
1992-10-29,7.926131414988684,8.181813073536706,7.926131414988684,8.053972244262695,389700,0.0,0.0
1992-10-30,8.096585970340447,8.394881086362892,7.968745136663103,8.267040252685547,80100,0.0,0.0
1992-11-02,8.224427450511513,8.650562920766207,8.181813513346773,8.394881248474121,126600,0.0,0.0
1992-11-03,8.352268125369214,8.480108959046559,8.181813355350037,8.267040252685547,42600,0.0,0.0
1992-11-04,8.30965418902738,8.437495022704725,8.181813355350037,8.267040252685547,76500,0.0,0.0
1992-11-05,8.26704128929798,8.437496080690654,8.181814381275785,8.352269172668457,38700,0.0,0.0
1992-11-06,8.26704128929798,8.437496080690654,8.053973531568351,8.352269172668457,164700,0.0,0.0
1992-11-09,8.352269377708152,8.650564050782808,8.309655434976786,8.522723197937012,121000,0.0,0.0
1992-11-10,8.43749543227789,8.693177112043886,8.43749543227789,8.607950210571289,170200,0.0,0.0
1992-11-11,8.56533714066838,8.650564050782808,8.522723197937012,8.522723197937012,87900,0.0,0.0
1992-11-12,8.607948484759104,8.863630113263355,8.522720625025682,8.73578929901123,105600,0.0,0.0
1992-11-13,8.73578965175978,9.03408424682778,8.73578965175978,8.991471290588379,87300,0.0,0.0
1992-11-16,9.034086011089977,9.24715473528926,8.778404322329429,8.863632202148438,112200,0.0,0.0
1992-11-17,8.69317536914452,8.778402253529933,8.565334554892393,8.73578929901123,103000,0.0,0.0
1992-11-18,8.65056037902832,8.821015102255501,8.65056037902832,8.65056037902832,56500,0.0,0.0
1992-11-19,8.65056037902832,8.778401177611732,8.607947429732443,8.65056037902832,94300,0.0,0.0
1992-11-20,8.607947429732443,8.693174303672087,8.565333505088674,8.65056037902832,65400,0.0,0.0
1992-11-23,8.650561439277807,8.991470927515481,8.650561439277807,8.73578929901123,49300,0.0,0.0
1992-11-24,8.778406299450788,8.948861122131348,8.693179375784737,8.948861122131348,42300,0.0,0.0
1992-11-25,8.906246357171819,9.119315109851144,8.863633386914648,9.076701164245605,48100,0.0,0.0
1992-11-27,9.332384077383063,9.332384077383063,9.24715715065098,9.289770126342773,46500,0.0,0.0
1992-11-30,9.289770126342773,9.289770126342773,9.119316272878608,9.289770126342773,158200,0.0,0.0
1992-12-01,9.204543113708496,9.33238399028778,9.119316187771801,9.204543113708496,267100,0.0,0.0
1992-12-02,9.33237812866843,9.33237812866843,9.119310459979172,9.1619234085083,180000,0.0,0.0
1992-12-03,9.076702237129211,9.247157064351086,9.076702237129211,9.204543113708496,103000,0.0,0.0
1992-12-04,9.332376849051096,9.6306723245933,9.289762931017142,9.54544448852539,122800,0.0,0.0
1992-12-07,9.588060697076571,9.801128387451172,9.588060697076571,9.801128387451172,90100,0.0,0.0
1992-12-08,9.84374231566528,9.886356243879389,9.715901506370926,9.801128387451172,107500,0.0,0.0
1992-12-09,9.758517265319824,9.886358098597603,9.673289392902536,9.758517265319824,143700,0.0,0.0
1992-12-10,9.801131290790996,9.843745231628418,9.67329044362699,9.843745231628418,134700,0.0,0.0
1992-12-11,9.758520848888114,9.758520848888114,9.417611184724876,9.502839088439941,102700,0.0,0.0
1992-12-14,9.502838817509655,9.502838817509655,9.119316187771801,9.204543113708496,154300,0.0,0.0
1992-12-15,9.374992825958662,9.673287391662598,9.332378898566121,9.673287391662598,75700,0.0,0.0
1992-12-16,9.673288962616438,9.673288962616438,9.374994348469096,9.417607307434082,60900,0.0,0.0
1992-12-17,9.460223054232662,9.460223054232662,9.332382202148438,9.332382202148438,23800,0.0,0.0
1992-12-18,9.374996185302734,9.374996185302734,9.289768299977927,9.374996185302734,70300,0.0,0.0
1992-12-21,9.374996040174041,9.374996040174041,9.204541247511438,9.24715518951416,57600,0.0,0.0
1992-12-22,9.374996185302734,9.374996185302734,9.204541390001422,9.374996185302734,48900,0.0,0.0
1992-12-23,9.374995341952976,9.460222244262695,9.247154500814291,9.460222244262695,97900,0.0,0.0
1992-12-24,9.460217627805221,9.673285267279516,9.460217627805221,9.54544448852539,37900,0.0,0.0
1992-12-28,9.601780546496201,9.815153121948242,9.601780546496201,9.815153121948242,73900,0.02667,0.0
1992-12-29,10.028532316134596,10.028532316134596,9.729809761047363,9.729809761047363,50500,0.0,0.0
1992-12-30,9.72980200913894,9.72980200913894,9.559103402695719,9.687127113342285,38100,0.0,0.0
1992-12-31,9.687131756585398,9.687131756585398,9.60178290082601,9.644457817077637,44100,0.0,0.0
1993-01-04,9.64445155374531,9.81514915440907,9.516427864875872,9.772475242614746,72300,0.0,0.0
1993-01-05,9.729805339466441,9.90050400433657,9.687130429062975,9.857829093933105,86400,0.0,0.0
1993-01-06,9.900505616840032,10.241902025440071,9.900505616840032,10.11387825012207,211000,0.0,0.0
1993-01-07,10.241900785469715,10.7539958247432,10.241900785469715,10.369924545288086,679300,0.0,0.0
1993-01-08,10.924696937466166,10.924696937466166,10.45527572876158,10.54062557220459,240300,0.0,0.0
1993-01-11,10.497951166970388,10.882022551127843,10.455276243149326,10.753998756408691,88000,0.0,0.0
1993-01-12,10.71132330560263,10.79667314904564,10.156554206943014,10.54062557220459,104200,0.0,0.0
1993-01-13,10.625972238895816,10.924694675610697,10.58329732600975,10.796670913696289,125500,0.0,0.0
1993-01-14,10.796670771145834,11.138067139495472,10.796670771145834,11.095392227172852,123900,0.0,0.0
1993-01-15,11.13806830069656,11.180743217468262,11.052719443897036,11.180743217468262,70300,0.0,0.0
1993-01-18,11.266090899719558,11.308765812042179,10.967368466948765,11.095392227172852,53700,0.0,0.0
1993-01-19,11.180743217468262,11.351440931067309,11.010044527125336,11.180743217468262,116800,0.0,0.0
1993-01-20,11.223417157496085,11.266092074267785,11.13806830069656,11.180743217468262,67900,0.0,0.0
1993-01-21,11.223417157496085,11.266092074267785,11.09539338392486,11.180743217468262,27700,0.0,0.0
1993-01-22,11.180743217468262,11.223417157496085,11.13806830069656,11.180743217468262,58000,0.0,0.0
1993-01-25,11.223418547608116,11.43679218115081,11.223418547608116,11.351442337036133,271300,0.0,0.0
1993-01-26,11.43679227776452,11.43679227776452,11.308768487255007,11.39411735534668,138700,0.0,0.0
1993-01-27,11.394114768368073,11.436789681096782,11.052718396769768,11.138067245483398,36700,0.0,0.0
1993-01-28,11.138067245483398,11.180742158212105,11.052718396769768,11.138067245483398,22300,0.0,0.0
1993-01-29,11.180744602294777,11.394117259093472,11.138069680237438,11.351442337036133,108000,0.0,0.0
1993-02-01,11.35143827623051,11.522136926651001,11.26608943939209,11.26608943939209,58500,0.0,0.0
1993-02-02,11.308766991039487,11.351440931067309,11.180743217468262,11.180743217468262,32400,0.0,0.0
1993-02-03,11.18074138617318,11.948883901786365,11.095391566609235,11.906208992004395,514900,0.0,0.0
1993-02-04,11.94887802730442,12.503646698007989,11.94887802730442,12.460972785949707,256600,0.0,0.0
1993-02-05,12.375629871489634,12.717027217743766,12.332955935765703,12.5463285446167,185400,0.0,0.0
1993-02-08,12.631676692690311,12.631676692690311,12.119581678436058,12.29028034210205,133200,0.0,0.0
1993-02-09,12.418307635658666,12.418307635658666,12.119585133274546,12.162260055541992,83800,0.0,0.0
1993-02-10,12.162254449210682,12.247603277659046,12.076905620762318,12.20492935180664,67300,0.0,0.0
1993-02-11,12.247599318685346,12.460972785949707,12.247599318685346,12.460972785949707,67300,0.0,0.0
1993-02-12,12.546321586809508,12.71702016527235,12.418297897148188,12.460972785949707,75900,0.0,0.0
1993-02-16,12.54632750015183,12.631676341238299,11.351438841222805,11.820859909057617,251400,0.0,0.0
1993-02-17,11.906209414767236,12.546328200507409,11.863534503469973,12.418304443359375,132100,0.0,0.0
1993-02-18,12.418307635658666,12.802379005833677,12.076911187751103,12.162260055541992,141400,0.0,0.0
1993-02-19,12.247605431999622,12.418304095665613,12.204931498640917,12.29028034210205,53100,0.0,0.0
1993-02-22,12.54632564234365,12.54632564234365,12.162254449210682,12.20492935180664,57100,0.0,0.0
1993-02-23,12.204933694994637,12.24760763603278,12.034235000610352,12.034235000610352,94300,0.0,0.0
1993-02-24,12.076905014837957,12.076905014837957,11.479460315443836,11.991555213928223,95500,0.0,0.0
1993-02-25,11.948884816358907,12.24760627746582,11.820861053957717,12.24760627746582,139000,0.0,0.0
1993-02-26,12.418304095665613,12.418304095665613,12.119581678436058,12.29028034210205,50700,0.0,0.0
1993-03-01,12.290278180255005,12.503650739747691,12.20492935180664,12.20492935180664,114400,0.0,0.0
1993-03-02,12.119579546614723,12.332953082850963,12.119579546614723,12.20492935180664,18400,0.0,0.0
1993-03-03,12.29028068621134,12.546328200507409,12.29028068621134,12.418304443359375,140100,0.0,0.0
1993-03-04,12.418305626001603,12.503654479980469,12.375630710640246,12.503654479980469,72300,0.0,0.0
1993-03-05,12.589007584397967,12.759705336744611,12.589007584397967,12.674356460571289,77400,0.0,0.0
1993-03-08,12.759705724627185,12.887729531151018,12.759705724627185,12.84505558013916,97000,0.0,0.0
1993-03-09,12.887729935492247,13.05842867512759,12.802381054046657,13.015753746032715,147600,0.0,0.0
1993-03-10,13.101091804891988,13.101091804891988,12.887718328333857,12.93039321899414,114000,0.0,0.0
1993-03-11,12.973068109654422,13.015742023571423,12.887718328333857,12.93039321899414,49000,0.0,0.0
1993-03-12,12.930400409644912,12.930400409644912,12.674352876780658,12.7597017288208,44500,0.0,0.0
1993-03-15,12.84505155760477,12.84505155760477,12.71702779117264,12.7597017288208,31800,0.0,0.0
1993-03-16,12.887720534184002,12.887720534184002,12.588999178663002,12.717022895812988,81400,0.0,0.0
1993-03-17,13.14377498626709,13.31447369252177,12.97307725675638,13.14377498626709,218400,0.0,0.0
1993-03-18,13.143767968483973,13.143767968483973,12.717022895812988,12.717022895812988,71800,0.0,0.0
1993-03-19,12.887728876545365,13.143776476587618,12.887728876545365,12.973078727722168,84700,0.0,0.0
1993-03-22,12.887728876545365,12.973078727722168,12.845054927701042,12.973078727722168,31600,0.0,0.0
1993-03-23,13.229122023644805,13.570518387045837,13.143772200236727,13.527843475341797,78400,0.0,0.0
1993-03-24,13.527844091962676,13.570519005611906,13.314471477204135,13.399820327758789,82900,0.0,0.0
1993-03-25,13.485167995477527,13.655865669250488,13.399818181847394,13.655865669250488,109000,0.0,0.0
1993-03-26,13.655868445300259,14.125289585461879,13.61319450655382,13.997265815734863,161800,0.0,0.0
1993-03-29,14.167963181998505,14.594709396362305,14.167963181998505,14.594709396362305,343200,0.0,0.0
1993-03-30,14.76540363085603,14.76540363085603,14.552030099559646,14.722728729248047,204600,0.0,0.0
1993-03-31,14.722733927232499,14.936106557118343,14.680059010557779,14.8934326171875,158800,0.0,0.0
1993-04-01,14.93611172659956,15.021461589489117,14.594715205273971,14.63739013671875,326500,0.0,0.0
1993-04-02,14.552030190981888,14.552030190981888,14.38133253696462,14.424006462097168,104400,0.0,0.0
1993-04-05,14.480397440039594,14.736687660217285,14.394967692536897,14.736687660217285,107400,0.02667,0.0
1993-04-06,14.907545757545144,15.4628404943372,14.907545757545144,15.249265670776367,164500,0.0,0.0
1993-04-07,15.249269780132632,15.291985147423468,15.206554412841797,15.206554412841797,98100,0.0,0.0
1993-04-08,15.29198061705575,15.46284008026123,15.24926526241967,15.46284008026123,31200,0.0,0.0
1993-04-12,15.37741756439209,15.505562710762025,15.291987792702093,15.37741756439209,222400,0.0,0.0
1993-04-13,16.060849171911794,16.060849171911794,15.590983261339064,15.76184368133545,684900,0.0,0.0
1993-04-14,15.84728210941443,15.889997482299805,15.377416918354651,15.889997482299805,136800,0.0,0.0
1993-04-15,15.889986371237134,16.188991817015722,15.804556662872889,16.146276473999023,103800,0.0,0.0
1993-04-16,16.188995509730734,16.188995509730734,15.71912956237793,15.71912956237793,124000,0.0,0.0
1993-04-19,15.975418473078953,15.975418473078953,15.505553540175523,15.76184368133545,117600,0.0,0.0
1993-04-20,15.847275338977694,15.847275338977694,15.29198061705575,15.46284008026123,152200,0.0,0.0
1993-04-21,15.291987792702093,15.462847336082087,15.249272418022157,15.37741756439209,130200,0.0,0.0
1993-04-22,15.29198143678367,15.505556266073928,15.29198143678367,15.334695816040039,73300,0.0,0.0
1993-04-23,15.291984752116157,15.590989382413417,15.291984752116157,15.548274993896484,55000,0.0,0.0
1993-04-26,15.590992482452021,15.590992482452021,15.37741756439209,15.37741756439209,64000,0.0,0.0
1993-04-27,15.462844565165907,15.590989688572447,14.907549682184039,15.078409194946289,184000,0.0,0.0
1993-04-28,15.121122423356079,15.121122423356079,14.565826641241284,14.82211685180664,124600,0.0,0.0
1993-04-29,15.121119219903667,15.163834571838379,14.480393829229783,15.163834571838379,177600,0.0,0.0
1993-04-30,15.24926526241967,15.548270789533392,15.24926526241967,15.46284008026123,72000,0.0,0.0
1993-05-03,15.505555565832594,15.590985298156738,15.505555565832594,15.590985298156738,129700,0.0,0.0
1993-05-04,15.548270106676343,15.761844915138015,15.548270106676343,15.71912956237793,97200,0.0,0.0
1993-05-05,15.804556662872889,16.146276473999023,15.804556662872889,16.146276473999023,61000,0.0,0.0
1993-05-06,16.317148208618164,16.787013397675892,16.317148208618164,16.317148208618164,147300,0.0,0.0
1993-05-07,16.359859858414886,16.48800595502167,16.231714739477773,16.445289611816406,198700,0.0,0.0
1993-05-10,16.44528454253113,16.488000872569017,16.188995361328125,16.188995361328125,89800,0.0,0.0
1993-05-11,16.359857153215636,16.359857153215636,16.231712055468073,16.27442741394043,35800,0.0,0.0
1993-05-12,16.27442741394043,16.359857153215636,16.231712055468073,16.27442741394043,52900,0.0,0.0
1993-05-13,16.274425231933595,16.274425231933595,16.01813507080078,16.01813507080078,23400,0.0,0.0
1993-05-14,15.932710356566977,15.932710356566977,15.505559627709868,15.548274993896484,90300,0.0,0.0
1993-05-17,15.719131095364185,15.889991545398075,15.334695816040039,15.334695816040039,126600,0.0,0.0
1993-05-18,15.37741034865849,15.804560962011033,15.37741034865849,15.46284008026123,192000,0.0,0.0
1993-05-19,15.462843704563324,15.63370418548584,15.462843704563324,15.63370418548584,43800,0.0,0.0
1993-05-20,15.804560123019563,16.359854815463464,15.804560123019563,16.188995361328125,219900,0.0,0.0
1993-05-21,16.359851837158203,16.359851837158203,16.103561724943354,16.359851837158203,65200,0.0,0.0
1993-05-24,16.402568945685314,16.402568945685314,16.231708526611328,16.231708526611328,70200,0.0,0.0
1993-05-25,16.231712222479157,16.231712222479157,16.01813738325888,16.103567123413086,88500,0.0,0.0
1993-05-26,16.14628081688514,16.65886116027832,16.14628081688514,16.65886116027832,68400,0.0,0.0
1993-05-27,16.70157187320612,17.086007046415506,16.70157187320612,16.787002563476562,83100,0.0,0.0
1993-05-28,16.8724365234375,16.95786527492468,16.616146358298394,16.8724365234375,67600,0.0,0.0
1993-06-01,16.915150384833343,17.555875778198242,16.915150384833343,17.555875778198242,77500,0.0,0.0
1993-06-02,17.513160560171325,17.55587493255859,17.12872534267004,17.3850154876709,94600,0.0,0.0
1993-06-03,17.12872603090064,17.47044493440626,17.12872603090064,17.427730560302734,69000,0.0,0.0
1993-06-04,17.55588218284837,17.983031949142728,17.55588218284837,17.598596572875977,163000,0.0,0.0
1993-06-07,17.555873560022423,17.598587929070238,17.171438372576677,17.299583435058594,48100,0.0,0.0
1993-06-08,17.1714410643202,17.214155440063788,16.829720192355126,16.8724365234375,79500,0.0,0.0
1993-06-09,16.701579257828282,16.701579257828282,16.488005370727844,16.530719757080078,147100,0.0,0.0
1993-06-10,16.530723116795343,16.530723116795343,16.274432835914794,16.317148208618164,122700,0.0,0.0
1993-06-11,16.359855634075828,16.65886116027832,16.359855634075828,16.65886116027832,51900,0.0,0.0
1993-06-14,16.744296488264123,16.957870386700513,16.701580144305346,16.82972526550293,49000,0.0,0.0
1993-06-15,16.82971813925889,16.915148835662965,16.74428939819336,16.74428939819336,37500,0.0,0.0
1993-06-16,16.74429093376393,17.086009840041196,16.74429093376393,16.95786476135254,56100,0.0,0.0
1993-06-17,17.04330062866211,17.04330062866211,16.915155511153372,17.04330062866211,33300,0.0,0.0
1993-06-18,17.04330062866211,17.04330062866211,16.744296006254828,17.04330062866211,49800,0.0,0.0
1993-06-21,17.427724387115855,18.025735189433483,17.38501002814246,17.98301887512207,194500,0.0,0.0
1993-06-22,17.983032911488014,19.05091031737953,17.854887779208195,19.008193969726562,151900,0.0,0.0
1993-06-23,19.008189464587133,19.008189464587133,18.75189926077095,18.96547508239746,71400,0.0,0.0
1993-06-24,18.922755898053058,18.922755898053058,18.45288999185139,18.666465759277344,89800,0.0,0.0
1993-06-25,18.58104463643006,18.83733490727737,18.58104463643006,18.794620513916016,45600,0.0,0.0
1993-06-28,18.936533093814283,19.1502624037707,18.936533093814283,18.979278564453125,90400,0.02667,0.0
1993-06-29,18.893781996198047,19.107513221398282,18.893781996198047,19.02202033996582,76800,0.0,0.0
1993-06-30,19.064775747396506,19.492236420145478,19.022028310387746,19.19301414489746,190900,0.0,0.0
1993-07-01,19.36399668216926,19.44948959350586,19.193012816258584,19.44948959350586,79200,0.0,0.0
1993-07-02,19.44947448085383,19.492219924926758,19.27848879104012,19.492219924926758,78700,0.0,0.0
1993-07-06,19.492230733235676,19.534976201010675,19.235754013061523,19.235754013061523,83800,0.0,0.0
1993-07-07,18.295346886966197,18.380837854582474,18.124361038208008,18.124361038208008,193900,0.0,0.0
1993-07-08,18.038858328883855,18.038858328883855,16.92745886243005,17.996110916137695,372000,0.0,0.0
1993-07-09,18.03885819237947,18.63730239868164,17.996110779956794,18.63730239868164,51700,0.0,0.0
1993-07-12,18.72279930114746,18.893783117397106,18.72279930114746,18.72279930114746,94900,0.0,0.0
1993-07-13,18.72280519753178,18.97928198105961,18.72280519753178,18.808298110961914,136200,0.0,0.0
1993-07-14,18.893789067629477,18.893789067629477,18.72280519753178,18.808298110961914,131400,0.0,0.0
1993-07-15,19.150259099168572,19.962436598491283,19.064768172643355,19.919689178466797,99600,0.0,0.0
1993-07-16,19.919700259296487,20.04793867718201,19.577732449443747,19.748716354370117,205800,0.0,0.0
1993-07-19,19.74871014814014,20.13342528089612,19.53497886657715,19.53497886657715,112500,0.0,0.0
1993-07-20,19.5777209773277,19.70595932006836,19.406735215832278,19.70595932006836,148300,0.0,0.0
1993-07-21,19.68459103542304,20.45402130390863,19.68459103542304,20.389902114868164,134500,0.0,1.5
1993-07-22,20.261657883316182,20.454015394866655,20.19753871279936,20.325777053833008,114500,0.0,0.0
1993-07-23,20.197538034603618,20.389895539695083,20.069299697875977,20.069299697875977,100200,0.0,0.0
1993-07-26,20.197546474269178,20.197546474269178,19.363996937235846,19.556354522705078,43300,0.0,0.0
1993-07-27,19.556339069416648,19.556339069416648,18.979266769007634,19.492219924926758,93900,0.0,0.0
1993-07-28,19.62047576904297,19.684594970902587,19.492237365323735,19.62047576904297,58300,0.0,0.0
1993-07-29,19.684594970902587,19.684594970902587,19.492237365323735,19.62047576904297,156800,0.0,0.0
1993-07-30,19.62046551932923,20.197538034603618,19.49222718260159,20.069299697875977,48000,0.0,0.0
1993-08-02,20.19754469581532,20.83873659092057,20.19754469581532,20.454021453857422,56500,0.0,0.0
1993-08-03,20.51813213641827,20.838727951049805,20.454012973491963,20.838727951049805,30800,0.0,0.0
1993-08-04,20.966977217487088,20.966977217487088,20.51814284280082,20.58226203918457,55100,0.0,0.0
1993-08-05,20.582254831607525,20.646374005537766,19.87694391837487,20.00518226623535,102500,0.0,0.0
1993-08-06,20.069306316794272,20.58225983287847,20.069306316794272,20.454021453857422,76900,0.0,0.0
1993-08-09,20.389902264346897,20.774617401410044,20.389902264346897,20.454021453857422,66000,0.0,0.0
1993-08-10,20.389900975183068,20.71049690246582,20.197543418813417,20.71049690246582,71600,0.0,0.0
1993-08-11,20.71049967942629,21.223453231857903,20.71049967942629,21.09521484375,77200,0.0,0.0
1993-08-12,21.09521084953757,22.185236942066865,21.09521084953757,21.800521850585938,168500,0.0,0.0
1993-08-13,21.608169696740145,21.992884884219198,21.608169696740145,21.67228889465332,50500,0.0,0.0
1993-08-16,21.73640203475952,21.80052121480306,21.47992531458537,21.544044494628906,20200,0.0,0.0
1993-08-17,21.544053768683334,21.544053768683334,21.35169614574866,21.415815353393555,45000,0.0,0.0
1993-08-18,21.47992531458537,21.80052121480306,21.223448594411213,21.544044494628906,55600,0.0,0.0
1993-08-19,21.672287852265114,22.249360605727794,21.54404946260674,22.057003021240234,53300,0.0,0.0
1993-08-20,22.249353736724416,22.954664662096086,22.249353736724416,22.377592086791992,58400,0.0,0.0
1993-08-23,22.377595593675068,22.441714778757234,21.928761298099925,22.249357223510742,102000,0.0,0.0
1993-08-24,22.313477908863742,22.89055061340332,22.249358719470454,22.89055061340332,31100,0.0,0.0
1993-08-25,23.018783569335938,23.403498615063,22.826426046472406,23.018783569335938,94800,0.0,0.0
1993-08-26,23.018794880232996,23.21115249761656,22.954675674438477,22.954675674438477,34100,0.0,0.0
1993-08-27,22.890553580390083,22.890553580390083,22.313480801052517,22.50583839416504,43500,0.0,0.0
1993-08-30,21.9287640406795,22.698194357896323,21.9287640406795,22.634075164794922,83800,0.0,0.0
1993-08-31,22.18523456169063,22.890545487062298,22.18523456169063,22.377592086791992,103300,0.0,0.0
1993-09-01,22.249360605727794,23.018790943678034,21.80052624192349,22.057003021240234,98900,0.0,0.0
1993-09-02,21.92876901455268,22.121126637487354,21.415815353393555,21.415815353393555,73800,0.0,0.0
1993-09-03,21.80052624192349,22.121122216069423,21.80052624192349,22.057003021240234,72700,0.0,0.0
1993-09-07,21.99287986755371,22.377594967277684,21.99287986755371,21.99287986755371,53700,0.0,0.0
1993-09-08,21.99288445088401,21.99288445088401,21.351692484385932,21.479930877685547,33800,0.0,0.0
1993-09-09,21.479934561038444,21.73641139161801,21.415815353393555,21.415815353393555,48300,0.0,0.0
1993-09-10,21.544050074335356,21.544050074335356,21.351692484385932,21.479930877685547,29900,0.0,0.0
1993-09-13,21.415819047807574,21.479938266513585,21.15934217298353,21.351699829101562,97800,0.0,0.0
1993-09-14,21.15933403780395,21.223453231857903,20.902857261588146,21.09521484375,74600,0.0,0.0
1993-09-15,20.966979952501763,21.864648818969727,20.83874154300634,21.864648818969727,58100,0.0,0.0
1993-09-16,21.86464196133476,22.24935706915883,21.86464196133476,22.185237884521484,97900,0.0,0.0
1993-09-17,22.249351671372334,22.56994751678116,22.18523250229057,22.3134708404541,83300,0.0,0.0
1993-09-20,22.37759305389834,23.018784831947006,22.37759305389834,22.76230812072754,58400,0.0,0.0
1993-09-21,22.762318057054912,23.275271703411082,22.762318057054912,22.954675674438477,78900,0.0,0.0
1993-09-22,22.954664395048095,23.018783569335938,22.698187697896717,23.018783569335938,41200,0.0,0.0
1993-09-23,22.954672778094256,23.01879197579843,22.37759999875669,22.50583839416504,56200,0.0,0.0
1993-09-24,22.505832514081682,22.505832514081682,22.249355790274482,22.441713333129883,75900,0.0,0.0
1993-09-27,22.392940300098363,22.457103452820707,22.136287689208984,22.136287689208984,43800,0.03,0.0
1993-09-28,22.200460515937696,22.5212764193472,22.200460515937696,22.3929500579834,42100,0.0,0.0
1993-09-29,22.457109564762277,22.777925415687452,22.457109564762277,22.649599075317383,37100,0.0,0.0
1993-09-30,22.649599113033318,23.034578134784592,22.649599113033318,22.713762283325195,41300,0.0,0.0
1993-10-01,22.71377006991879,23.35540199279785,22.649606877630884,23.35540199279785,74600,0.0,0.0
1993-10-04,23.35539109656151,24.253675369506187,23.35539109656151,24.125349044799805,117800,0.0,0.0
1993-10-05,24.189519957492227,25.151967701159027,24.189519957492227,24.382009506225586,135600,0.0,0.0
1993-10-06,24.51033790865093,25.34445935580397,24.51033790865093,24.766990661621094,78100,0.0,0.0
1993-10-07,24.638654436383927,24.638654436383927,23.99702281043643,24.25367546081543,79700,0.0,0.0
1993-10-08,24.317838531859376,24.44616485656576,23.932859557740233,24.125349044799805,64700,0.0,0.0
1993-10-11,24.253679415318352,24.510332107543945,24.189516242261956,24.510332107543945,37800,0.0,0.0
1993-10-12,24.51032801891895,24.638654343625333,24.125349044799805,24.125349044799805,54000,0.0,0.0
1993-10-13,24.125360593472074,24.895318910285013,24.125360593472074,24.57450294494629,106900,0.0,0.0
1993-10-14,24.51034146661628,24.51034146661628,23.16291431792795,23.419567108154297,194400,0.0,0.0
1993-10-15,23.419568999696175,23.419568999696175,22.970426580523917,23.227079391479492,83000,0.0,0.0
1993-10-18,23.16291413361999,23.16291413361999,22.328792572021484,22.328792572021484,242300,0.0,0.0
1993-10-19,22.32879056428608,22.71376971194619,21.943811416625977,21.943811416625977,153100,0.0,0.0
1993-10-20,21.94380955363429,22.20046229695165,21.81548318197561,22.07213592529297,119600,0.0,0.0
1993-10-21,22.072139625777744,22.072139625777744,21.43050765991211,21.43050765991211,127400,0.0,0.0
1993-10-22,21.366336788039607,21.558826308652577,20.724705052663044,21.302173614501953,257900,0.0,0.0
1993-10-25,21.302173259095376,21.687152293898304,19.120625395212112,20.660541534423828,550400,0.0,0.0
1993-10-26,20.78887166976929,21.173850774765015,20.01891345977783,20.53221893310547,192900,0.0,0.0
1993-10-27,20.468056196324966,21.81548309326172,20.468056196324966,21.81548309326172,197700,0.0,0.0
1993-10-28,21.81549072265625,22.84210205078125,21.81549072265625,22.264633178710938,106800,0.0,0.0
1993-10-29,22.200466177929407,22.457118966113562,22.136302980883368,22.328792572021484,44900,0.0,0.0
1993-11-01,22.585435942741437,23.034578134784592,22.52127277244956,22.713762283325195,59900,0.0,0.0
1993-11-02,22.649610535482342,22.90626334608271,22.52128413018216,22.842100143432617,60100,0.0,0.0
1993-11-03,22.84210205078125,22.906265258789062,22.200469970703125,22.264633178710938,33500,0.0,0.0
1993-11-04,22.200464130502887,22.328790512760126,21.75132179260254,21.75132179260254,44600,0.0,0.0
1993-11-05,21.879648225349293,22.072137799179345,21.81548503407261,21.943811416625977,28700,0.0,0.0
1993-11-08,21.81548683943149,21.81548683943149,21.23801807015242,21.43050765991211,87500,0.0,0.0
1993-11-09,21.494669028088055,21.81548498373116,21.494669028088055,21.75132179260254,34900,0.0,0.0
1993-11-10,21.751321689502614,21.815484880327105,21.366342544555664,21.366342544555664,100500,0.0,0.0
1993-11-11,21.109682123588794,21.55882429643111,21.109682123588794,21.173845291137695,66700,0.0,0.0
1993-11-12,21.173854804620508,21.173854804620508,20.917202019109958,21.045528411865234,76900,0.0,0.0
1993-11-15,20.917205810546875,21.0455322265625,20.853042602539062,20.981369018554688,51400,0.0,0.0
1993-11-16,21.045516779393328,21.045516779393328,20.724700974829403,20.788864135742188,25600,0.0,0.0
1993-11-17,20.532213252652845,20.660539585481924,20.532213252652845,20.596376419067383,61100,0.0,0.0
1993-11-18,20.596381844826116,20.596381844826116,19.44144454511624,19.82642364501953,301600,0.0,0.0
1993-11-19,19.8264215488245,19.8264215488245,19.37727931309061,19.441442489624023,66400,0.0,0.0
1993-11-22,19.441444054965313,19.441444054965313,17.77320133077687,18.607322692871094,271300,0.0,0.0
1993-11-23,18.671484371223073,19.56976884269085,18.671484371223073,19.441442489624023,179000,0.0,0.0
1993-11-24,19.313112729634994,20.083070712211804,19.313112729634994,20.01890754699707,119500,0.0,0.0
1993-11-26,19.954744381782334,20.083070712211804,19.762254886138134,20.01890754699707,21200,0.0,0.0
1993-11-29,20.14723594279229,20.660541317130946,20.14723594279229,20.275562286376953,59400,0.0,0.0
1993-11-30,20.275563784558386,20.468053314158624,19.441442489624023,19.441442489624023,61700,0.0,0.0
1993-12-01,19.441448309797185,20.018917071474327,19.441448309797185,19.954753875732422,85700,0.0,0.0
1993-12-02,19.82642364501953,20.14723956160561,19.82642364501953,19.82642364501953,34100,0.0,0.0
1993-12-03,19.95474420894276,19.95474420894276,19.69809155030684,19.76225471496582,36800,0.0,0.0
1993-12-06,19.762264175920297,19.762264175920297,19.37728500366211,19.37728500366211,108900,0.0,0.0
1993-12-07,19.248949564420258,20.01890754699707,19.248949564420258,20.01890754699707,86200,0.0,0.0
1993-12-08,20.018911174699372,20.018911174699372,19.50560575996349,19.63393211364746,65600,0.0,0.0
1993-12-09,19.37727931309061,19.505605666157436,19.37727931309061,19.441442489624023,73700,0.0,0.0
1993-12-10,19.441444320678713,19.633933868408203,19.05646522521973,19.24895477294922,75700,0.0,0.0
1993-12-13,19.056459471683375,19.505601614113623,18.99229630847905,19.120622634887695,58900,0.0,0.0
1993-12-14,19.120632246920938,19.698101006056135,19.120632246920938,19.505611419677734,84800,0.0,0.0
1993-12-15,19.698095321655273,20.3397270910903,19.63393214471177,19.698095321655273,100900,0.0,0.0
1993-12-16,19.698090963848568,19.76225412659726,18.73564352261818,18.928133010864258,68300,0.0,0.0
1993-12-17,18.992300375276745,19.89058485248578,18.992300375276745,19.698095321655273,190100,0.0,0.0
1993-12-20,19.954748274788024,20.53221687437996,19.63393238612584,20.211400985717773,117100,0.0,0.0
1993-12-21,20.211414398685577,20.66055694087859,19.762271856492564,19.89059829711914,72300,0.0,0.0
1993-12-22,19.762258741590713,20.211400985717773,19.31311649746365,20.211400985717773,89500,0.0,0.0
1993-12-23,20.339724113001967,21.238008458686597,20.339724113001967,21.173845291137695,168300,0.0,0.0
1993-12-27,21.173847267426638,21.622989482190235,21.173847267426638,21.302173614501953,38200,0.0,0.0
1993-12-28,21.30218694323585,21.943819080080303,21.30218694323585,21.558839797973633,70300,0.0,0.0
1993-12-29,21.5588341537787,22.457118910186146,21.430507760006208,22.007976531982422,78500,0.0,0.0
1993-12-30,22.007974591073403,22.072137782301024,21.622995443707687,21.879648208618164,54500,0.0,0.0
1993-12-31,21.879648225349293,22.13630099045603,21.879648225349293,21.943811416625977,41100,0.0,0.0
1994-01-03,21.76661092894418,21.95923580442156,21.509777761641004,21.573986053466797,42700,0.03,0.0
1994-01-04,21.638180368495753,22.087638120957088,21.573972118144134,22.02342987060547,169500,0.0,0.0
1994-01-05,21.895007173779984,22.922338888678752,21.83079894159881,22.793922424316406,92700,0.0,0.0
1994-01-06,22.98655610058189,23.243389129638672,22.8581395860535,23.243389129638672,94500,0.0,0.0
1994-01-07,23.114970132206263,23.114970132206263,22.537095878901106,22.858137130737305,96500,0.0,0.0
1994-01-10,23.114972885340862,23.75705546548922,23.114972885340862,23.43601417541504,134300,0.0,0.0
1994-01-11,23.43601417541504,23.500222433429876,23.114972885340862,23.43601417541504,83300,0.0,0.0
1994-01-12,23.436008559332954,23.564425044589573,23.114967346191406,23.114967346191406,65600,0.0,0.0
1994-01-13,23.114970132206263,23.114970132206263,22.601304129268346,22.858137130737305,27500,0.0,0.0
1994-01-14,22.922343270532014,22.922343270532014,21.959219603702937,22.34446907043457,112100,0.0,0.0
1994-01-17,22.216042266755146,22.40866691068655,21.573960120317135,21.638168334960938,75900,0.0,0.0
1994-01-18,20.54662790903512,21.38133466783967,20.41821148460365,21.252918243408203,617000,0.0,0.0
1994-01-19,21.38133466783967,21.38133466783967,21.252918243408203,21.252918243408203,271500,0.0,0.0
1994-01-20,21.252928521259722,21.381345007793012,20.546637845326618,21.317136764526367,181900,0.0,0.0
1994-01-21,21.252929379300372,21.252929379300372,20.931888150005804,21.060304641723633,60400,0.0,0.0
1994-01-24,21.18871083245433,21.638168334960938,20.931877973879125,21.638168334960938,317200,0.0,0.0
1994-01-25,21.63819434529259,21.702402637118386,21.445569469815208,21.573986053466797,57300,0.0,0.0
1994-01-26,21.445549762782765,21.638174461250873,21.31713329713736,21.50975799560547,75400,0.0,0.0
1994-01-27,21.445538573334183,22.2160369651905,21.445538573334183,22.15182876586914,52600,0.0,0.0
1994-01-28,22.34446767767853,22.665508879944028,21.76659351360064,21.895009994506836,100200,0.0,0.0
1994-01-31,22.023426899867776,22.537092833392386,21.702385691414893,21.76659393310547,130400,0.0,0.0
1994-02-01,21.766597592553428,22.40868011740751,21.5739728350972,22.08763885498047,125300,0.0,0.0
1994-02-02,22.280260825979298,22.537093803800385,22.151844337068756,22.34446907043457,105700,0.0,0.0
1994-02-03,22.344475979763768,22.408684244073434,22.087642922525102,22.2802677154541,144200,0.0,0.0
1994-02-04,22.280260825979298,22.986551514987287,22.280260825979298,22.34446907043457,126200,0.0,0.0
1994-02-07,22.151846371308707,22.151846371308707,21.83080511955061,22.02342987060547,101100,0.0,0.0
1994-02-08,22.023427649105297,22.023427649105297,21.38134521035587,21.83080291748047,49800,0.0,0.0
1994-02-09,21.89501366600976,21.89501366600976,21.31713940503003,21.38134765625,23700,0.0,0.0
1994-02-10,21.38134581505219,22.216053009033203,20.86767984952541,22.216053009033203,83100,0.0,0.0
1994-02-11,22.087633545635736,22.21605001973827,21.895008834481935,21.959217071533203,53200,0.0,0.0
1994-02-14,21.95921025262676,22.66550064086914,21.95921025262676,22.66550064086914,103800,0.0,0.0
1994-02-15,22.79392516850746,22.858133408418748,22.34446748912844,22.537092208862305,80100,0.0,0.0
1994-02-16,22.601295471191406,22.729711922732267,22.280254342339255,22.601295471191406,115500,0.0,0.0
1994-02-17,22.729720624473284,22.793928874824903,21.89501336990223,22.02342987060547,123900,0.0,0.0
1994-02-18,22.08763514155835,22.08763514155835,21.509760966343162,21.76659393310547,60400,0.0,0.0
1994-02-22,21.830804219502888,21.95922071491173,21.188721742458686,21.445554733276367,55800,0.0,0.0
1994-02-23,21.445559207087992,21.573975729286122,20.931893118295466,20.99610137939453,77800,0.0,0.0
1994-02-24,21.060304641723633,21.188721133441458,20.61084692071124,21.060304641723633,35900,0.0,0.0
1994-02-25,21.124509544016046,21.188717779712142,20.54663542275117,20.610843658447266,284600,0.0,0.0
1994-02-28,20.739259719848633,21.445550298543168,20.675051485421857,20.739259719848633,40100,0.0,0.0
1994-03-01,21.124513321858974,21.50976280493239,20.931888580322266,20.931888580322266,80200,0.0,0.0
1994-03-02,20.867677356885828,20.867677356885828,20.418219690737516,20.675052642822266,131200,0.0,0.0
1994-03-03,20.6750600738992,21.252934423790794,20.610851812800135,20.99610137939453,91100,0.0,0.0
1994-03-04,20.93187718232953,21.252918243408203,20.867668970113794,21.252918243408203,47500,0.0,0.0
1994-03-07,21.31712645562394,21.50975109227114,21.124501818976732,21.252918243408203,31300,0.0,0.0
1994-03-08,21.252918243408203,21.31712645562394,20.996085394545265,21.252918243408203,42400,0.0,0.0
1994-03-09,21.445552724652586,21.830802174796045,21.445552724652586,21.76659393310547,82000,0.0,0.0
1994-03-10,21.702382694073577,21.95921562536439,21.188716831491956,21.50975799560547,64500,0.0,0.0
1994-03-11,21.38133466783967,21.445542880055406,21.252918243408203,21.252918243408203,26900,0.0,0.0
1994-03-14,21.18872616269173,21.18872616269173,20.931893118295466,20.99610137939453,39800,0.0,0.0
1994-03-15,20.996085394545265,21.31712645562394,20.93187718232953,21.252918243408203,41900,0.0,0.0
1994-03-16,21.317127568171575,21.317127568171575,20.8676700592041,20.8676700592041,24300,0.0,0.0
1994-03-17,20.93188442312896,20.93188442312896,20.354010313287976,20.739259719848633,53200,0.0,0.0
1994-03-18,20.54663542275117,20.610843658447266,20.418218951358973,20.610843658447266,44600,0.0,0.0
1994-03-21,20.4182234458553,20.546639945514766,19.519307948239028,19.840349197387695,155100,0.0,0.0
1994-03-22,19.711928988757887,19.776137226506282,19.326679562267504,19.519304275512695,219900,0.0,0.0
1994-03-23,19.455095223018102,19.77613639831543,19.390886987958634,19.77613639831543,171400,0.0,0.0
1994-03-24,19.77613840638214,19.77613840638214,19.326680715328003,19.455097198486328,58900,0.0,0.0
1994-03-25,19.519308847923803,19.519308847923803,18.491976803296232,18.748809814453125,314800,0.0,0.0
1994-03-28,18.81301043839405,18.941426891898445,18.299344624376463,18.42776107788086,118700,0.0,0.0
1994-03-29,18.42776474639447,18.6203894649979,17.59305763244629,17.59305763244629,96400,0.0,0.0
1994-03-30,16.694138305213617,17.46463699622348,16.116264286956223,17.400428771972656,319200,0.0,0.0
1994-03-31,17.528851890563967,18.235142626081196,17.400435393197196,17.978309631347656,191700,0.0,0.0
1994-04-04,16.822558524913358,17.27201619542631,16.75835028626865,17.079391479492188,125800,0.0,0.0
1994-04-05,17.015181198663136,18.042512893676758,17.015181198663136,18.042512893676758,216500,0.0,0.0
1994-04-06,18.17093437739781,18.17093437739781,17.914101382664274,17.978309631347656,250800,0.0,0.0
1994-04-07,18.106727286560897,19.005642825610018,18.106727286560897,18.748809814453125,161600,0.0,0.0
1994-04-08,18.877223004792864,18.877223004792864,18.235140589663857,18.299348831176758,99400,0.0,0.0
1994-04-11,18.18626032013824,18.250522724096324,17.73642349243164,17.73642349243164,141100,0.03,0.0
1994-04-12,17.607881398218584,17.92919310256564,17.35083203474094,17.41509437561035,62500,0.0,0.0
1994-04-13,17.415099924915243,17.479362286261793,16.901001034142837,17.029525756835938,76400,0.0,0.0
1994-04-14,17.158044864882285,17.736405927743483,17.09378252456437,17.222307205200195,105500,0.0,0.0
1994-04-15,17.158056301075025,17.672155366275774,17.158056301075025,17.543630599975586,95700,0.0,0.0
1994-04-18,17.60789298312568,17.672155366275774,17.28658106737521,17.543630599975586,95900,0.0,0.0
1994-04-19,17.54362089306005,17.80067028343456,17.093784459904665,17.286571502685547,73600,0.0,0.0
1994-04-20,17.222312569618225,17.222312569618225,16.25837716460228,16.45116424560547,91200,0.0,0.0
1994-04-21,16.5154304652251,16.772479966629383,16.5154304652251,16.579692840576172,86500,0.0,0.0
1994-04-22,16.643947045330094,16.643947045330094,15.744274232069008,15.872798919677734,140200,0.0,0.0
1994-04-25,16.06559008359909,16.45116424560547,16.06559008359909,16.45116424560547,165600,0.0,0.0
1994-04-26,16.515422593979608,16.579684938703267,16.00132383619036,16.194110870361328,126700,0.0,0.0
1994-04-28,16.194115475910465,16.194115475910465,15.42296711991473,15.808541297912598,206700,0.0,0.0
1994-04-29,15.872803660912243,15.937066023911887,15.744278934912954,15.808541297912598,159200,0.0,0.0
1994-05-02,15.872797066165555,15.93705940246582,15.615747720964494,15.93705940246582,105500,0.0,0.0
1994-05-03,16.065586180914018,16.579684938703267,16.00132383619036,16.194110870361328,237900,0.0,0.0
1994-05-04,16.25837108396715,16.25837108396715,15.744272393565025,15.93705940246582,94900,0.0,0.0
1994-05-05,16.19410874766688,16.451158092867942,15.93705940246582,15.93705940246582,71600,0.0,0.0
1994-05-06,16.065584182739258,16.258371192932128,16.001321846008302,16.065584182739258,105700,0.0,0.0
1994-05-09,16.129854202270508,16.19411656961023,16.001329467591063,16.129854202270508,89500,0.0,0.0
1994-05-10,16.322639524936676,16.45116424560547,16.25837716460228,16.45116424560547,122100,0.0,0.0
1994-05-11,16.51542845262369,16.51542845262369,16.258378982543945,16.258378982543945,110700,0.0,0.0
1994-05-12,16.451166085103754,16.51542845262369,16.258378982543945,16.258378982543945,61000,0.0,0.0
1994-05-13,16.19410874766688,16.19410874766688,15.872797066165555,15.93705940246582,94600,0.0,0.0
1994-05-16,15.937070854217652,16.129858001647705,15.872808471740967,16.001333236694336,115800,0.0,0.0
1994-05-17,16.001323607286462,16.065585951090824,15.872798919677734,15.872798919677734,164400,0.0,0.0
1994-05-18,16.001321846008302,16.065584182739258,15.744272499084472,16.065584182739258,95400,0.0,0.0
1994-05-19,16.001323607286462,16.129848294895186,15.872798919677734,15.872798919677734,99100,0.0,0.0
1994-05-20,16.00132383619036,16.322635559808642,15.937061491466704,16.194110870361328,97600,0.0,0.0
1994-05-23,16.065591834930785,16.19411656961023,15.937067100251339,16.129854202270508,40800,0.0,0.0
1994-05-24,16.129848525637673,16.451160249255953,16.129848525637673,16.194110870361328,36500,0.0,0.0
1994-05-25,16.25837716460228,16.45116424560547,16.129852443933487,16.45116424560547,77400,0.0,0.0
1994-05-26,16.579692840576172,16.772479966629383,16.45116808987403,16.579692840576172,177800,0.0,0.0
1994-05-27,16.45116424560547,16.45116424560547,16.322639524936676,16.45116424560547,84900,0.0,0.0
1994-05-31,16.322633529663086,16.451158203125,15.937059509277343,16.065584182739258,79400,0.0,0.0
1994-06-01,16.00131831582137,16.322629928588867,15.87279367071437,16.322629928588867,100000,0.0,0.0
1994-06-02,16.45116038602941,16.900996802834904,16.25837335025563,16.386898040771484,102900,0.0,0.0
1994-06-03,16.25837716460228,16.57968896627426,16.129852443933487,16.45116424560547,110700,0.0,0.0
1994-06-06,16.451158928148672,16.96525764465332,16.451158928148672,16.96525764465332,131400,0.0,0.0
1994-06-07,16.900993288928316,17.15804261651658,16.83673095703125,16.83673095703125,106500,0.0,0.0
1994-06-08,16.83673101504946,16.96525567928648,16.579681686575423,16.90099334716797,121200,0.0,0.0
1994-06-09,16.900993288928316,16.900993288928316,16.579681629442987,16.83673095703125,77700,0.0,0.0
1994-06-10,16.77246868293095,16.96525567928648,16.70820635081244,16.90099334716797,143000,0.0,0.0
1994-06-13,16.96525774504009,17.286569444756758,16.772470725210088,17.093782424926758,208100,0.0,0.0
1994-06-14,16.900995648655066,17.543619057349172,16.836733307785654,17.41509437561035,199000,0.0,0.0
1994-06-15,17.479358545466425,17.672145588247304,17.286571502685547,17.286571502685547,130000,0.0,0.0
1994-06-16,17.415103954120273,17.800678211407067,17.415103954120273,17.607891082763672,59700,0.0,0.0
1994-06-17,17.479368216825492,17.60789298312568,17.415105833675398,17.543630599975586,70800,0.0,0.0
1994-06-20,17.479356716479764,17.479356716479764,17.28656969387153,17.41509437561035,20900,0.0,0.0
1994-06-21,17.415099924915243,17.479362286261793,16.965263395489387,17.029525756835938,29000,0.0,0.0
1994-06-22,16.965263249323918,17.1580503317026,16.643951445359452,16.708213806152344,55700,0.0,0.0
1994-06-23,16.708217591278313,16.708217591278313,16.5154304652251,16.579692840576172,89800,0.0,0.0
1994-06-24,16.515426605939865,16.515426605939865,16.386901885271072,16.45116424560547,255700,0.0,0.0
1994-06-27,16.451162375364785,16.64394943445109,16.386900022336018,16.515424728393555,39200,0.0,0.0
1994-06-28,16.643953187663563,16.643953187663563,16.194116615024008,16.258378982543945,24600,0.0,0.0
1994-06-29,16.129852443933487,16.45116424560547,16.001327723264694,16.45116424560547,262500,0.0,0.0
1994-06-30,16.57968896627426,16.96526312828064,16.45116424560547,16.45116424560547,76300,0.0,0.0
1994-07-01,16.409982911343704,16.731747282154366,16.409982911343704,16.53868865966797,62700,0.045,0.0
1994-07-05,16.60303986302674,16.92480420145749,16.47433412765444,16.66739273071289,44300,0.0,0.0
1994-07-06,16.60303986302674,16.98915706914364,16.60303986302674,16.66739273071289,133500,0.0,0.0
1994-07-07,16.603032767772675,16.603032767772675,16.474327087402344,16.474327087402344,53400,0.0,0.0
1994-07-08,16.34563003718157,16.6030415338301,16.34563003718157,16.53868865966797,88000,0.0,0.0
1994-07-11,16.667386425242704,16.667386425242704,16.216916521857765,16.409975051879883,101400,0.0,0.0
1994-07-12,16.474331430288462,16.73174285888672,16.409978573138897,16.73174285888672,102700,0.0,0.0
1994-07-13,16.86044694411267,17.375269751566492,16.731741242249214,17.310916900634766,132400,0.0,0.0
1994-07-14,17.375267771364168,17.503973458559457,16.73173933538772,16.860445022583008,89200,0.0,0.0
1994-07-15,16.796093029762382,17.310915804620997,16.667387336047728,17.246562957763672,83000,0.0,0.0
1994-07-18,16.860444128513336,16.860444128513336,16.40997424721718,16.474327087402344,75900,0.0,0.0
1994-07-19,16.281274795532227,16.281274795532227,15.895157606705375,16.281274795532227,130300,0.0,0.0
1994-07-20,16.21692032967844,16.21692032967844,15.766450320520708,15.959508895874023,131800,0.0,0.0
1994-07-21,15.895157606705375,16.281274795532227,15.70209901229195,16.281274795532227,94300,0.0,0.0
1994-07-22,16.1525679921347,16.345626573714,16.088215131608266,16.216920852661133,44300,0.0,0.0
1994-07-25,16.0882162011188,16.3456276603367,15.95951047150985,16.281274795532227,19900,0.0,0.0
1994-07-26,16.216920852661133,16.281273713187566,16.088215131608266,16.216920852661133,23400,0.0,0.0
1994-07-27,16.474325034513054,16.474325034513054,16.023855209350586,16.023855209350586,54600,0.0,0.0
1994-07-28,16.02385666312241,16.08820950112692,15.637739635095363,15.830798149108887,32600,0.0,0.0
1994-07-29,15.895152757605727,15.895152757605727,15.444682841398278,15.766447067260742,148300,0.0,0.0
1994-08-01,15.702096121651786,15.766448974609375,15.187273297991071,15.31597900390625,148800,0.0,0.0
1994-08-02,15.315977624122134,15.509036165602664,14.415037763879655,15.122919082641602,487500,0.0,0.0
1994-08-03,15.122921681711091,15.122921681711091,14.929863107050949,14.994215965270996,169500,0.0,0.0
1994-08-04,15.058570615176496,15.058570615176496,14.672453419915561,14.929864883422852,112000,0.0,0.0
1994-08-05,14.73679654494576,14.865502191626508,14.73679654494576,14.801149368286133,41800,0.0,0.0
1994-08-08,14.865506172180176,14.994211853324593,14.801153331607967,14.865506172180176,43800,0.0,0.0
1994-08-09,14.736806285792383,14.929864883422852,14.736806285792383,14.929864883422852,47500,0.0,0.0
1994-08-10,14.86551201754603,14.929864883422852,14.736806285792383,14.929864883422852,48500,0.0,0.0
1994-08-11,14.801155906577296,14.929861610112752,14.672450203041842,14.73680305480957,328500,0.0,0.0
1994-08-12,14.479385251584262,14.801149368286133,14.479385251584262,14.801149368286133,71700,0.0,0.0
1994-08-15,14.801155906577296,14.865508758345024,14.672450203041842,14.73680305480957,35900,0.0,0.0
1994-08-16,14.736806285792383,14.929864883422852,14.608100554038739,14.929864883422852,137800,0.0,0.0
1994-08-17,15.058568823491044,15.187274539931138,14.865510248830901,14.994215965270996,212200,0.0,0.0
1994-08-18,15.058568823491044,15.058568823491044,14.929863107050949,14.994215965270996,74200,0.0,0.0
1994-08-19,14.929856930748892,15.38032675193528,14.929856930748892,15.187268257141113,96900,0.0,0.0
1994-08-22,15.187274539931138,15.187274539931138,14.929863107050949,14.994215965270996,92800,0.0,0.0
1994-08-23,14.994214739118304,15.444684709821429,14.994214739118304,15.31597900390625,93400,0.0,0.0
1994-08-24,15.315980256371232,15.315980256371232,14.929863107050949,14.994215965270996,142500,0.0,0.0
1994-08-25,15.122919082641602,15.18727192980178,15.058566235481425,15.122919082641602,145000,0.0,0.0
1994-08-26,15.122920445033483,15.38033185686384,15.122920445033483,15.31597900390625,186600,0.0,0.0
1994-08-29,15.251621088739169,15.315973920337225,15.058562593945002,15.187268257141113,132200,0.0,0.0
1994-08-30,15.122920445033483,15.38033185686384,14.994214739118304,15.31597900390625,75200,0.0,0.0
1994-08-31,15.315983655583505,15.380336528085957,15.12292503807615,15.251630783081055,217200,0.0,0.0
1994-09-01,15.38033065089473,15.702094890453198,15.315977802983037,15.637742042541504,122200,0.0,0.0
1994-09-02,15.702094222088249,15.830799912433234,15.702094222088249,15.766447067260742,31900,0.0,0.0
1994-09-06,15.766431181884009,15.766431181884009,15.444667280212906,15.573372840881348,150900,0.0,0.0
1994-09-07,15.57339646021525,15.57339646021525,15.315984948476155,15.444690704345703,167400,0.0,0.0
1994-09-08,15.444684709821429,15.444684709821429,15.251626150948661,15.31597900390625,104100,0.0,0.0
1994-09-09,15.380325317382812,15.573383794170043,15.380325317382812,15.380325317382812,88800,0.0,0.0
1994-09-12,15.444690704345703,15.57339646021525,15.380337826410928,15.444690704345703,95300,0.0,0.0
1994-09-13,15.573372840881348,15.637725621215568,15.509020060547128,15.573372840881348,58900,0.0,0.0
1994-09-14,15.57338919462981,15.702094890453198,15.509036346718117,15.637742042541504,87000,0.0,0.0
1994-09-15,15.573388531743262,15.766447067260742,15.573388531743262,15.766447067260742,221900,0.0,0.0
1994-09-16,15.766451136785964,15.895156860351562,15.702098275003163,15.895156860351562,94500,0.0,0.0
1994-09-19,15.895150987113395,15.895150987113395,15.70209247309987,15.830798149108887,82400,0.0,0.0
1994-09-20,15.766448974609375,15.766448974609375,15.187273297991071,15.31597900390625,149700,0.0,0.0
1994-09-21,15.315977624122134,15.315977624122134,15.058566235481425,15.122919082641602,154400,0.0,0.0
1994-09-22,15.187273297991071,15.31597900390625,15.187273297991071,15.31597900390625,163300,0.0,0.0
1994-09-23,15.251619131668754,15.315971955009129,14.73679654494576,14.801149368286133,79500,0.0,0.0
1994-09-26,14.736800491035758,14.865506172180176,14.479389128746924,14.865506172180176,57700,0.0,0.0
1994-09-27,14.865514143919334,15.251631394410746,14.865514143919334,15.058572769165039,38800,0.0,0.0
1994-09-28,15.058568823491044,15.187274539931138,14.929863107050949,14.994215965270996,34900,0.0,0.0
1994-09-29,15.058568823491044,15.122921681711091,14.865510248830901,14.994215965270996,25700,0.0,0.0
1994-09-30,15.058570615176496,15.058570615176496,14.86551201754603,14.929864883422852,13300,0.0,0.0
1994-10-03,14.953066982693143,14.953066982693143,14.43744398328993,14.501896858215332,34800,0.045,0.0
1994-10-04,14.501894783863824,14.501894783863824,13.986271858215332,13.986271858215332,83100,0.0,0.0
1994-10-05,13.986275904646543,13.986275904646543,13.212841292408026,13.792917251586914,235300,0.0,0.0
1994-10-06,13.792914326985677,13.857367197672527,13.535102844238281,13.535102844238281,106500,0.0,0.0
1994-10-07,13.470649973551433,13.599555714925131,13.406197102864583,13.535102844238281,98800,0.0,0.0
1994-10-10,13.599553373624694,13.921817671577886,13.599553373624694,13.664006233215332,118600,0.0,0.0
1994-10-11,13.664009678471196,14.43744418857334,13.664009678471196,14.308538436889648,680900,0.0,0.0
1994-10-12,14.244083312519809,14.759706237859893,14.179630446852299,14.695253372192383,115100,0.0,0.0
1994-10-13,14.824158668518066,14.953064396070399,14.630800077189571,14.824158668518066,129900,0.0,0.0
1994-10-14,14.824159363992349,14.888612230792317,14.63080076359245,14.759706497192383,38000,0.0,0.0
1994-10-17,14.759706497192383,14.888612230792317,14.695253630392417,14.759706497192383,34900,0.0,0.0
1994-10-18,14.824164638435263,14.824164638435263,14.630805969238281,14.630805969238281,53600,0.0,0.0
1994-10-19,14.759702430887424,15.146419525146484,14.759702430887424,15.146419525146484,83400,0.0,0.0
1994-10-20,15.146424482608664,15.146424482608664,14.824160131914862,14.953065872192383,37700,0.0,0.0
1994-10-21,14.953065616227846,15.017518485263311,14.824159878156918,14.888612747192383,71200,0.0,0.0
1994-10-24,14.759707009121453,14.953065616227846,14.759707009121453,14.888612747192383,122200,0.0,0.0
1994-10-25,14.888611532294233,14.888611532294233,14.695252940965736,14.824158668518066,51600,0.0,0.0
1994-10-26,14.759706497192383,14.759706497192383,14.501895029992516,14.759706497192383,44500,0.0,0.0
1994-10-27,14.759708449564267,15.0175199508667,14.69525557423866,15.0175199508667,50700,0.0,0.0
1994-10-28,15.081968021392822,15.533138004938762,15.081968021392822,15.468685150146484,54300,0.0,0.0
1994-10-31,15.468684050996426,15.597589751421395,15.210872650146484,15.210872650146484,72100,0.0,0.0
1994-11-01,15.210877092369707,15.210877092369707,14.824159878156918,14.888612747192383,43800,0.0,0.0
1994-11-02,14.8241552799306,15.339778072276014,14.759702430887424,15.146419525146484,41900,0.0,0.0
1994-11-03,15.210872650146484,15.210872650146484,15.081966949721515,15.210872650146484,32900,0.0,0.0
1994-11-04,15.339783093024945,15.339783093024945,14.953065872192383,14.953065872192383,20000,0.0,0.0
1994-11-07,14.824160131914862,14.953065872192383,14.695254391637341,14.953065872192383,47200,0.0,0.0
1994-11-08,14.953065872192383,15.081971612469903,14.888613002053622,14.953065872192383,18000,0.0,0.0
1994-11-09,15.081971612469903,15.210877352747424,14.824160131914862,14.953065872192383,31400,0.0,0.0
1994-11-10,14.888612747192383,14.953065616227846,14.824159878156918,14.888612747192383,25300,0.0,0.0
1994-11-11,14.888612563793476,15.081971168518066,14.888612563793476,15.081971168518066,19600,0.0,0.0
1994-11-14,15.146427637414087,15.275333404541016,15.01752187028716,15.275333404541016,24700,0.0,0.0
1994-11-15,15.275325223232837,15.275325223232837,14.888608128973777,15.146419525146484,78300,0.0,0.0
1994-11-16,15.146419525146484,15.21087237418966,15.01751382706013,15.146419525146484,37700,0.0,0.0
1994-11-17,15.081970831192217,15.146423697992184,14.695253630392417,14.759706497192383,37200,0.0,0.0
1994-11-18,14.501895391353042,14.63080112816507,14.372989654541016,14.372989654541016,112800,0.0,0.0
1994-11-21,14.244083917728988,14.372989654541016,14.244083917728988,14.372989654541016,29200,0.0,0.0
1994-11-22,14.43744418857334,14.43744418857334,14.244085561047804,14.308538436889648,42900,0.0,0.0
1994-11-23,14.179630455333516,14.244083321039579,13.728460395391087,13.986271858215332,42900,0.0,0.0
1994-11-25,14.115183342635902,14.244089126586914,13.986277558684888,14.244089126586914,7800,0.0,0.0
1994-11-28,14.244083768267965,14.244083768267965,13.792913694159928,13.857366561889648,24900,0.0,0.0
1994-11-29,13.986266807273582,14.050719649703415,13.66400259512442,13.92181396484375,27900,0.0,0.0
1994-11-30,13.921823020293335,13.986275904646543,13.728464367233705,13.792917251586914,29800,0.0,0.0
1994-12-01,13.921820068359375,13.921820068359375,13.470649973551433,13.535102844238281,29800,0.0,0.0
1994-12-02,13.535093665122986,13.535093665122986,13.341735184192657,13.406188011169434,85000,0.0,0.0
1994-12-05,13.406200169365187,13.406200169365187,13.148388627646625,13.341747283935547,121700,0.0,0.0
1994-12-06,13.341744232177735,13.599555714925131,13.341744232177735,13.535102844238281,94800,0.0,0.0
1994-12-07,13.53510453667439,13.728463172912598,13.406198779182255,13.728463172912598,31200,0.0,0.0
1994-12-08,13.664004026674757,13.792909725039614,13.083928384032905,13.148381233215332,46900,0.0,0.0
1994-12-09,13.083935742216985,13.599558825654107,12.955029971357705,13.341747283935547,66600,0.0,0.0
1994-12-12,13.470646881821132,13.470646881821132,13.019476890563965,13.019476890563965,92500,0.0,0.0
1994-12-13,12.890574396873006,13.019480140841736,12.503857164966817,12.632762908935547,72900,0.0,0.0
1994-12-14,12.697215588248556,12.955027072273907,12.697215588248556,12.82612133026123,73200,0.0,0.0
1994-12-15,12.82612212653299,13.470650876610025,12.82612212653299,13.277292251586914,208000,0.0,0.0
1994-12-16,13.341747283935547,13.535105940224467,13.277294398505905,13.341747283935547,132700,0.0,0.0
1994-12-19,13.406192629945044,13.406192629945044,13.083928384032905,13.148381233215332,92200,0.0,0.0
1994-12-20,13.148381233215332,13.148381233215332,12.955022685668048,13.148381233215332,60200,0.0,0.0
1994-12-21,13.019477637308949,13.664006233215332,12.826119058537033,13.664006233215332,147600,0.0,0.0
1994-12-22,13.535103097346157,13.599555969238281,13.083932994101286,13.599555969238281,106600,0.0,0.0
1994-12-23,13.406191225405093,13.92181396484375,13.341738382975262,13.92181396484375,79300,0.0,0.0
1994-12-27,13.92181103850064,14.244075182910379,13.92181103850064,14.115169525146484,52300,0.0,0.0
1994-12-28,14.050725165078806,14.115178032808526,13.72846082643021,13.857366561889648,28900,0.0,0.0
1994-12-29,13.857367197672527,13.857367197672527,13.470649973551433,13.535102844238281,53800,0.0,0.0
1994-12-30,13.53510453667439,13.728463172912598,13.14838726419798,13.728463172912598,206500,0.0,0.0
1995-01-03,13.599558598527285,13.857370135940124,13.406199945467655,13.792917251586914,63500,0.0,0.0
1995-01-04,13.857368305996731,14.308538436889648,13.857368305996731,14.308538436889648,98900,0.0,0.0
1995-01-05,14.308536095278605,14.501894691160748,14.115177499396461,14.4374418258667,75000,0.0,0.0
1995-01-06,14.43744418857334,14.501897064415184,14.308538436889648,14.308538436889648,39700,0.0,0.0
1995-01-09,14.396333706951557,14.912794108994662,14.331776156696169,14.783679008483887,90100,0.045,0.0
1995-01-10,14.84823511357893,14.977350201523095,14.654562481662683,14.719120025634766,107900,0.0,0.0
1995-01-11,14.7191209535341,14.783678501575917,14.20266056919957,14.331775665283203,62100,0.0,0.0
1995-01-12,14.331775665283203,14.39633321332502,14.138103021157754,14.331775665283203,37400,0.0,0.0
1995-01-13,14.331778561303375,14.331778561303375,13.944433194781663,14.073548316955566,98100,0.0,0.0
1995-01-16,14.008995944506502,14.138111114501953,14.008995944506502,14.138111114501953,50800,0.0,0.0
1995-01-17,14.138098265907981,14.202655792236328,14.008983213251287,14.202655792236328,34800,0.0,0.0
1995-01-18,14.267213624407987,14.396328679832493,13.686195874997708,13.750753402709961,394000,0.0,0.0
1995-01-19,13.750756749482912,13.879871836332518,13.686199206058111,13.815314292907715,55900,0.0,0.0
1995-01-20,13.815312814938514,13.815312814938514,13.557082668864897,13.6216402053833,46700,0.0,0.0
1995-01-23,13.621645459674653,13.621645459674653,13.298857652573359,13.557087898254395,39300,0.0,0.0
1995-01-24,13.557083572166555,13.557083572166555,13.298853408887192,13.363410949707031,21400,0.0,0.0
1995-01-25,13.298856754114132,13.298856754114132,12.9760689688201,13.040626525878906,140000,0.0,0.0
1995-01-26,13.040626525878906,13.040626525878906,12.78239629764368,13.040626525878906,80900,0.0,0.0
1995-01-27,13.040624134576143,13.040624134576143,12.911509044134796,12.976066589355469,70800,0.0,0.0
1995-01-30,13.040629029885316,13.105186599340195,12.330495765881661,12.588726043701172,80000,0.0,0.0
1995-01-31,12.524163265617526,12.91150852125518,12.45960572301125,12.653278350830078,63800,0.0,0.0
1995-02-01,12.588720808223801,12.78239343604263,12.395048180404974,12.653278350830078,215500,0.0,0.0
1995-02-02,12.653280714081555,13.234298706054688,12.653280714081555,13.234298706054688,165300,0.0,0.0
1995-02-03,13.2343000911531,13.87987570535569,13.2343000911531,13.557087898254395,164000,0.0,0.0
1995-02-06,13.427967071533203,13.492524605530958,13.234294469539934,13.427967071533203,138400,0.0,0.0
1995-02-07,13.427971370045732,13.492528924709413,13.169741151391007,13.234298706054688,126100,0.0,0.0
1995-02-08,13.234301667716634,13.234301667716634,12.717841114830131,12.846956253051758,483300,0.0,0.0
1995-02-09,12.846954317515706,13.105184555053711,12.782396758131206,13.105184555053711,95900,0.0,0.0
1995-02-10,13.105182156562805,13.105182156562805,12.846951966285705,12.91150951385498,73300,0.0,0.0
1995-02-13,12.91150951385498,12.976067061424255,12.846951966285705,12.91150951385498,139400,0.0,0.0
1995-02-14,12.911511411761293,13.040626525878906,12.911511411761293,13.040626525878906,159500,0.0,0.0
1995-02-15,13.040624134576143,13.040624134576143,12.911509044134796,12.976066589355469,44400,0.0,0.0
1995-02-16,12.976069996037435,12.976069996037435,12.52416706085205,12.52416706085205,196800,0.0,0.0
1995-02-17,12.6532788632521,12.976066589355469,12.6532788632521,12.976066589355469,44600,0.0,0.0
1995-02-21,13.105182184756382,13.427969923297178,12.911509541631903,13.29885482788086,130300,0.0,0.0
1995-02-22,13.3634128616187,13.557085511787086,13.3634128616187,13.492527961730957,97300,0.0,0.0
1995-02-23,13.492530734857656,14.008991241455078,13.492530734857656,14.008991241455078,224600,0.0,0.0
1995-02-24,13.879868458134467,14.008983513558974,13.750753402709961,13.750753402709961,95100,0.0,0.0
1995-02-27,13.750756749482912,14.073544466606926,13.750756749482912,13.815314292907715,49800,0.0,0.0
1995-02-28,13.815318072607758,14.073548316955566,13.621645389346902,14.073548316955566,88600,0.0,0.0
1995-03-01,14.008983213251287,14.331770844893022,14.008983213251287,14.202655792236328,62700,0.0,0.0
1995-03-02,14.138111114501953,14.202668699499679,14.073553529504228,14.138111114501953,77000,0.0,0.0
1995-03-03,14.138111114501953,14.202668699499679,14.073553529504228,14.138111114501953,83000,0.0,0.0
1995-03-06,14.008988857269287,14.008988857269287,13.815316200256348,13.94443130493164,31900,0.0,0.0
1995-03-07,13.879874719763702,13.944432276599812,13.62164449241926,13.686202049255371,32500,0.0,0.0
1995-03-08,13.62164449241926,13.686202049255371,13.62164449241926,13.686202049255371,37000,0.0,0.0
1995-03-09,13.686202950433854,14.073548316955566,13.686202950433854,14.073548316955566,48100,0.0,0.0
1995-03-10,14.073546409606934,14.073546409606934,13.879873752593994,13.94443130493164,86800,0.0,0.0
1995-03-13,13.944437532646711,13.944437532646711,13.81532237030739,13.87987995147705,41200,0.0,0.0
1995-03-14,13.87987995147705,13.87987995147705,13.686207207968069,13.87987995147705,46100,0.0,0.0
1995-03-15,13.815316200256348,14.008988857269287,13.750758647918701,13.94443130493164,44400,0.0,0.0
1995-03-16,13.944437532646711,14.008995113816372,13.81532237030739,13.87987995147705,97800,0.0,0.0
1995-03-17,13.62164449241926,13.750759606091481,13.62164449241926,13.686202049255371,91500,0.0,0.0
1995-03-20,13.557086935583152,13.815317162927592,13.557086935583152,13.686202049255371,72900,0.0,0.0
1995-03-21,13.686202049255371,13.815317162927592,13.62164449241926,13.686202049255371,41900,0.0,0.0
1995-03-22,13.686199206058111,13.815314292907715,13.621641662633309,13.815314292907715,78400,0.0,0.0
1995-03-23,13.81531814393543,13.81531814393543,13.557087898254395,13.557087898254395,52800,0.0,0.0
1995-03-24,13.557084989547729,13.621642537117005,12.78239441871643,12.91150951385498,170200,0.0,0.0
1995-03-27,12.91151382216257,13.040628960384195,12.782398683940944,12.846956253051758,396000,0.0,0.0
1995-03-28,12.846951966285705,12.91150951385498,12.78239441871643,12.91150951385498,182100,0.0,0.0
1995-03-29,12.911509044134796,13.16973922501749,12.782393953693447,12.976066589355469,94200,0.0,0.0
1995-03-30,13.363410949707031,13.557083572166555,13.23429586806735,13.363410949707031,180500,0.0,0.0
1995-03-31,13.234297270868339,13.298854818531112,13.040624627880021,13.169739723205566,146000,0.0,0.0
1995-04-03,13.29885482788086,13.36341237558902,13.105182184756382,13.29885482788086,29300,0.0,0.0
1995-04-04,13.234299673822713,13.427972351976216,13.040626995669209,13.105184555053711,35000,0.0,0.0
1995-04-05,12.976068487399962,13.234298706054688,12.782395823408919,13.234298706054688,178100,0.0,0.0
1995-04-06,13.29885482788086,13.427969923297178,13.16973973246454,13.29885482788086,150000,0.0,0.0
1995-04-07,13.257464385032653,13.386805500984192,12.86944103717804,12.934111595153809,208000,0.045,0.0
1995-04-10,12.934111595153809,12.934111595153809,12.80477047920227,12.934111595153809,92400,0.0,0.0
1995-04-11,13.063454614034512,13.451478018411775,13.063454614034512,13.257466316223145,122200,0.0,0.0
1995-04-12,13.386803640769077,13.4514741897583,13.257462542790632,13.4514741897583,264800,0.0,0.0
1995-04-13,13.386809349060059,13.451479925625566,13.257468195929043,13.386809349060059,122600,0.0,0.0
1995-04-17,13.51614761352539,13.51614761352539,13.192794799804688,13.192794799804688,128300,0.0,0.0
1995-04-18,13.257466316223145,13.386807451015565,13.128125181430724,13.257466316223145,76600,0.0,0.0
1995-04-19,13.257468251759194,13.451479982272744,13.063456521245646,13.128127098083496,164500,0.0,0.0
1995-04-20,13.128124237060547,13.192794799804688,13.128124237060547,13.192794799804688,74800,0.0,0.0
1995-04-21,13.192794799804688,13.257465362548828,13.063453674316406,13.192794799804688,166000,0.0,0.0
1995-04-24,13.192797619363535,13.386809349060059,13.063456466232521,13.386809349060059,66800,0.0,0.0
1995-04-25,13.386800953160936,13.839494705200195,13.386800953160936,13.839494705200195,225400,0.0,0.0
1995-04-26,13.774835613538635,13.839506203273558,13.580823844333866,13.710165023803711,137300,0.0,0.0
1995-04-27,13.710154510787312,13.710154510787312,13.580813430496866,13.64548397064209,272900,0.0,0.0
1995-04-28,13.580823844333866,13.774835613538635,13.580823844333866,13.710165023803711,83600,0.0,0.0
1995-05-01,13.710154510787312,13.710154510787312,13.580813430496866,13.64548397064209,95200,0.0,0.0
1995-05-02,13.645487776213285,13.645487776213285,13.451476101669968,13.516146659851074,38400,0.0,0.0
1995-05-03,13.51614666439238,13.580817222595215,13.451476106189546,13.580817222595215,42200,0.0,0.0
1995-05-04,13.580817222595215,13.710158339000884,13.451476106189546,13.580817222595215,159800,0.0,0.0
1995-05-05,13.516144738747522,13.580815287736746,13.322133091779856,13.4514741897583,108700,0.0,0.0
1995-05-08,13.451479925625566,13.516150502191072,13.257468195929043,13.386809349060059,228900,0.0,0.0
1995-05-09,13.386803640769077,13.516144738747522,13.386803640769077,13.4514741897583,160500,0.0,0.0
1995-05-10,13.451482664864018,13.904176793008482,13.386812075129097,13.710165023803711,390200,0.0,0.0
1995-05-11,13.774828949490109,14.356863975524902,13.774828949490109,14.356863975524902,517100,0.0,0.0
1995-05-12,14.356863038880485,14.550874701568059,14.227521930422101,14.486204147338867,295900,0.0,0.0
1995-05-15,14.550870198469896,15.197575540624113,14.550870198469896,15.132905006408691,234700,0.0,0.0
1995-05-16,15.13291073251278,15.19758129119873,15.003569615140876,15.19758129119873,346100,0.0,0.0
1995-05-17,15.19758129119873,15.391592967256587,15.13291073251278,15.19758129119873,119800,0.0,0.0
1995-05-18,15.197581278866734,15.197581278866734,14.809557927065882,15.003569602966309,146200,0.0,0.0
1995-05-19,14.615543675616504,16.490989545496497,14.42153203390478,15.908954620361328,560500,0.0,0.0
1995-05-22,15.973621210776084,15.973621210776084,15.456256961034349,15.6502685546875,131200,0.0,0.0
1995-05-23,15.779622806338812,16.426328659057617,15.585611050523172,16.426328659057617,201700,0.0,0.0
1995-05-24,16.49099931298974,16.620340484072013,15.908964043119514,16.232316970825195,481900,0.0,0.0
1995-05-25,16.038301452636716,16.232313163757322,15.973630882263183,16.16764259338379,114100,0.0,0.0
1995-05-26,16.167640686035156,16.167640686035156,15.391593933105469,15.45626449584961,90400,0.0,0.0
1995-05-30,15.4562576774858,15.4562576774858,15.132905006408691,15.132905006408691,127600,0.0,0.0
1995-05-31,15.13291073251278,15.262251849884683,14.874228497768971,15.19758129119873,208900,0.0,0.0
1995-06-01,15.132905006408691,15.326916609054956,15.06823447219327,15.132905006408691,70100,0.0,0.0
1995-06-02,15.132905006408691,15.197575540624113,15.003563937977848,15.132905006408691,119500,0.0,0.0
1995-06-05,15.068240161599784,15.068240161599784,14.615546251165455,15.003569602966309,177400,0.0,0.0
1995-06-06,15.068240161599784,15.26225183750021,14.938899044332834,15.003569602966309,92700,0.0,0.0
1995-06-07,15.003571518607762,15.003571518607762,14.615548117264458,14.87423038482666,286700,0.0,0.0
1995-06-08,14.874232255338088,15.068243980407715,14.874232255338088,15.068243980407715,70400,0.0,0.0
1995-06-09,15.068244885590117,15.391597780130677,15.003574306682005,15.262256622314453,90200,0.0,0.0
1995-06-12,15.262256622314453,15.391597780130677,15.132915464498229,15.262256622314453,221100,0.0,0.0
1995-06-13,15.391597700316876,15.585609436035156,15.391597700316876,15.585609436035156,220200,0.0,0.0
1995-06-14,15.714942978649605,15.908954620361328,15.520931336937881,15.908954620361328,111300,0.0,0.0
1995-06-15,15.908956535432019,16.03829764547618,15.779615425387856,15.973627090454102,88700,0.0,0.0
1995-06-16,15.779613525886845,15.973625167598568,15.779613525886845,15.908954620361328,66600,0.0,0.0
1995-06-19,15.844289741516112,16.232313163757322,15.844289741516112,16.16764259338379,79200,0.0,0.0
1995-06-20,16.167638755520343,16.167638755520343,15.908956535432019,15.973627090454102,60700,0.0,0.0
1995-06-21,15.973630882263183,16.232313163757322,15.844289741516112,16.16764259338379,134200,0.0,0.0
1995-06-22,16.16763680931029,16.16763680931029,15.844284073124086,15.908954620361328,50500,0.0,0.0
1995-06-23,15.844285980409937,16.03829764547618,15.844285980409937,15.973627090454102,68100,0.0,0.0
1995-06-26,15.97363278185986,16.10297393798828,15.97363278185986,16.10297393798828,108900,0.0,0.0
1995-06-27,15.973627090454102,16.03829764547618,15.844285980409937,15.973627090454102,39700,0.0,0.0
1995-06-28,16.038301452636716,16.620336585998533,15.973630882263183,16.16764259338379,216800,0.0,0.0
1995-06-29,16.16764259338379,16.16764259338379,15.908960311889647,16.16764259338379,97800,0.0,0.0
1995-06-30,16.16764259338379,16.361654304504395,16.102972023010253,16.16764259338379,96700,0.0,0.0
1995-07-03,16.167646317970096,16.426328659057617,16.167646317970096,16.426328659057617,20700,0.0,0.0
1995-07-05,16.51700319245804,16.711320877075195,16.45223063091899,16.711320877075195,103000,0.05,0.0
1995-07-06,16.776093438614247,16.90563856169235,16.45223063091899,16.711320877075195,215900,0.0,0.0
1995-07-07,16.840872924123996,17.423826217651367,16.840872924123996,17.423826217651367,215100,0.0,0.0
1995-07-10,17.55336773959073,18.00677576238459,17.55336773959073,17.812458038330078,235500,0.0,0.0
1995-07-11,17.81246100153242,18.524959441593715,17.7476884160723,18.136323928833008,226400,0.0,0.0
1995-07-12,18.136317297232956,18.20108985900879,17.747681926577965,18.20108985900879,139200,0.0,0.0
1995-07-13,18.071549332660176,18.13632191091344,17.747686441393867,17.87723159790039,138500,0.0,0.0
1995-07-14,17.747680565890143,17.747680565890143,17.423817781841052,17.618135452270508,120500,0.0,0.0
1995-07-17,18.006778717041016,18.201096472980307,17.94200613172792,18.006778717041016,74500,0.0,0.0
1995-07-18,18.006778717041016,18.006778717041016,17.48859803453624,18.006778717041016,160300,0.0,0.0
1995-07-19,17.87723232655043,18.071550069230327,16.840871032257652,17.294279098510742,294500,0.0,0.0
1995-07-20,17.164733237114504,17.87723159790039,17.164733237114504,17.87723159790039,137200,0.0,0.0
1995-07-21,17.87723354641482,18.071551302354113,17.68291579047553,18.006778717041016,75400,0.0,0.0
1995-07-24,18.00677282792808,18.00677282792808,17.682910007281894,17.747682571411133,92200,0.0,0.0
1995-07-25,17.81246100153242,18.201096514293127,17.7476884160723,18.136323928833008,130200,0.0,0.0
1995-07-26,18.20109354976282,18.395411274493384,17.87723067521188,17.94200325012207,114100,0.0,0.0
1995-07-27,17.877220559627453,18.330628327444092,17.877220559627453,18.26585578918457,60500,0.0,0.0
1995-07-28,18.20108985900879,18.395407544336287,18.071544735457124,18.20108985900879,63000,0.0,0.0
1995-07-31,18.136317297232956,18.26586242078462,18.071544735457124,18.20108985900879,40600,0.0,0.0
1995-08-01,18.265866061123933,18.265866061123933,17.74768546364524,17.812458038330078,46400,0.0,0.0
1995-08-02,17.812461746669612,17.812461746669612,17.359053629481657,17.423826217651367,101600,0.0,0.0
1995-08-03,17.229508453142245,17.488598805821074,17.164735864972535,17.423826217651367,111100,0.0,0.0
1995-08-04,17.423824158004937,17.423824158004937,16.77609835287464,17.035188674926758,167200,0.0,0.0
1995-08-07,17.359045225031235,17.618135452270508,17.359045225031235,17.618135452270508,146300,0.0,0.0
1995-08-08,17.68290983835856,17.877227528889975,17.359047020806205,17.48859214782715,52600,0.0,0.0
1995-08-09,17.55336269691809,17.55336269691809,17.164727360454958,17.359045028686523,48400,0.0,0.0
1995-08-10,17.22949880923865,17.294271361153083,17.03518115349536,17.16472625732422,49000,0.0,0.0
1995-08-11,17.035190508632585,17.099963096117882,16.45223722126493,16.776100158691406,101300,0.0,0.0
1995-08-14,16.8408727461767,16.8408727461767,16.58178239623552,16.776100158691406,66200,0.0,0.0
1995-08-15,16.776093526986926,16.905638650747445,16.776093526986926,16.840866088867188,170200,0.0,0.0
1995-08-16,16.840868982775458,16.905641555786133,16.711323836754108,16.905641555786133,47800,0.0,0.0
1995-08-17,16.840868069015386,16.970413208007812,16.840868069015386,16.970413208007812,44800,0.0,0.0
1995-08-18,16.840865910053253,16.905638471245766,16.452230542898178,16.581775665283203,63300,0.0,0.0
1995-08-21,16.51700319245804,16.711320877075195,16.51700319245804,16.711320877075195,26100,0.0,0.0
1995-08-22,16.776095499519172,17.035185777504026,16.646550360526746,16.970413208007812,53100,0.0,0.0
1995-08-23,16.97041784548292,16.97041784548292,16.45223714791092,16.517009735107422,112900,0.0,0.0
1995-08-24,16.517010643368675,16.517010643368675,16.193147689577135,16.32269287109375,125800,0.0,0.0
1995-08-25,16.387460842206785,16.71132370470099,16.322688269707943,16.64655113220215,181900,0.0,0.0
1995-08-28,16.646555824885294,16.646555824885294,16.25792028033544,16.32269287109375,93900,0.0,0.0
1995-08-29,16.322687928975835,16.322687928975835,15.869279930948728,15.998825073242188,164400,0.0,0.0
1995-08-30,15.93405913528131,16.257922125835808,15.86928653717041,15.86928653717041,219800,0.0,0.0
1995-08-31,15.739732521922647,15.739732521922647,15.286324589192366,15.41586971282959,184900,0.0,0.0
1995-09-01,15.480644297303005,15.86927971899262,15.415871727021402,15.610189437866211,99200,0.0,0.0
1995-09-05,15.73973236978054,16.711320787668228,15.73973236978054,16.581775665283203,258300,0.0,0.0
1995-09-06,16.581781342273622,16.711326509010135,16.25791842543234,16.45223617553711,82900,0.0,0.0
1995-09-07,16.38746482354623,16.581782588252313,13.92610647060253,13.99087905883789,1328200,0.0,0.0
1995-09-08,14.185185905051442,14.638593673706055,14.185185905051442,14.638593673706055,843500,0.0,0.0
1995-09-11,14.832917000566209,14.89768956388746,14.44428162063871,14.509054183959961,236700,0.0,0.0
1995-09-12,14.509063720703125,14.573836326599121,13.990882873535156,14.185200691223145,313700,0.0,0.0
1995-09-13,14.185188924762565,14.185188924762565,13.602235955251775,13.796553611755371,269500,0.0,0.0
1995-09-14,13.796553611755371,13.861326163923238,13.472690850916043,13.796553611755371,211800,0.0,0.0
1995-09-15,13.861329849827232,13.861329849827232,13.343149294693504,13.537467002868652,250100,0.0,0.0
1995-09-18,13.40791558328076,13.926095895678083,13.40791558328076,13.861323356628418,241100,0.0,0.0
1995-09-19,14.055643250725486,14.379505998438054,13.990870701182972,14.249960899353027,147700,0.0,0.0
1995-09-20,13.990877177858133,14.249967495966617,13.990877177858133,14.055649757385254,130900,0.0,0.0
1995-09-21,13.926104598331012,14.314740075493738,13.926104598331012,14.055649757385254,85300,0.0,0.0
1995-09-22,14.055645986434516,14.24996367288292,13.990873424285049,14.120418548583984,59600,0.0,0.0
1995-09-25,14.249967495966617,14.249967495966617,13.86133201880389,14.055649757385254,85900,0.0,0.0
1995-09-26,14.055651647073251,14.120424235308612,13.92610647060253,13.99087905883789,60600,0.0,0.0
1995-09-27,14.120418185279483,14.185190745762418,13.440306300208682,13.602237701416016,172400,0.0,0.0
1995-09-28,13.602233200429755,14.055640973777415,13.602233200429755,13.861323356628418,151500,0.0,0.0
1995-09-29,13.92610647060253,14.055651647073251,13.79656129413181,13.99087905883789,205900,0.0,0.0
1995-10-02,13.861326163923238,13.926098716091103,13.602235955251775,13.796553611755371,234800,0.0,0.0
1995-10-03,13.796555289855371,13.796555289855371,13.213602249438946,13.472692489624023,232500,0.0,0.0
1995-10-04,13.407922744750977,13.537467892043257,13.278377597458697,13.407922744750977,283400,0.0,0.0
1995-10-05,13.343151951780413,13.472697116360806,13.019289040329433,13.084061622619629,341500,0.0,0.0
1995-10-06,13.08405984489663,13.34315013885498,13.019287271407045,13.34315013885498,149400,0.0,0.0
1995-10-09,13.34315013885498,13.34315013885498,13.213604991875807,13.34315013885498,177200,0.0,0.0
1995-10-10,13.148834204909825,13.213606787200021,13.019289040329433,13.084061622619629,112500,0.0,0.0
1995-10-11,13.110016863882256,13.564324378967285,13.04511579029868,13.564324378967285,471600,0.05,0.0
1995-10-12,13.75903034210205,13.88883251514075,13.629228169063353,13.75903034210205,123500,0.0,0.0
1995-10-13,14.01864122364619,14.27824569075075,13.95374010687005,14.21334457397461,155700,0.0,0.0
1995-10-16,14.27824569075075,14.408047924303029,14.14844345719847,14.21334457397461,160700,0.0,0.0
1995-10-17,14.213339625178156,14.408042907714844,14.148438530999261,14.408042907714844,100300,0.0,0.0
1995-10-18,14.472944768269857,14.602746963500977,14.408043670654296,14.602746963500977,183700,0.0,0.0
1995-10-19,14.602740570507219,14.732542708911728,14.537839501304964,14.667641639709473,156200,0.0,0.0
1995-10-20,14.667639653235023,14.862342834472656,14.60273859282248,14.862342834472656,160200,0.0,0.0
1995-10-23,14.667644769609762,14.732545852661133,14.47294152045565,14.732545852661133,83000,0.0,0.0
1995-10-24,14.602744893023841,14.79744815826416,14.602744893023841,14.79744815826416,148300,0.0,0.0
1995-10-25,14.79744815826416,14.927250335091038,14.732547069850721,14.79744815826416,91100,0.0,0.0
1995-10-26,14.667647661986175,14.797449853685167,13.953735607641715,14.018636703491211,84300,0.0,0.0
1995-10-27,14.018634110551824,14.083535194396973,13.62922760748094,14.083535194396973,223200,0.0,0.0
1995-10-30,14.278243098940168,14.667649728911263,14.278243098940168,14.537847518920898,204400,0.0,0.0
1995-10-31,14.343136293698201,14.667641639709473,14.343136293698201,14.667641639709473,62200,0.0,0.0
1995-11-01,14.60273859282248,14.862342834472656,14.537837532409934,14.862342834472656,91200,0.0,0.0
1995-11-02,14.797445173387404,15.057049474674903,14.797445173387404,14.992148399353027,183500,0.0,0.0
1995-11-03,14.992144955297745,15.05704601571029,14.797441774060111,14.862342834472656,121400,0.0,0.0
1995-11-06,14.732540713647568,14.862342834472656,14.537837532409934,14.862342834472656,108100,0.0,0.0
1995-11-07,14.862342834472656,15.05704601571029,14.797441774060111,14.862342834472656,144300,0.0,0.0
1995-11-08,14.732545852661133,14.862348018763875,14.667644769609762,14.732545852661133,127400,0.0,0.0
1995-11-09,14.667648061116536,14.667648061116536,14.408043670654296,14.602746963500977,87300,0.0,0.0
1995-11-10,14.47294311967007,14.537844209892805,13.823932217442714,13.953734397888184,114800,0.0,0.0
1995-11-13,13.759031127219977,13.953734397888184,13.694130036997242,13.953734397888184,189800,0.0,0.0
1995-11-14,14.01863548811092,14.148437668556392,13.888833307665449,13.953734397888184,78600,0.0,0.0
1995-11-15,14.01863021850586,14.278234481811523,13.953729152679443,14.278234481811523,50200,0.0,0.0
1995-11-16,14.148437668556392,14.213338758779127,13.888833307665449,13.953734397888184,50300,0.0,0.0
1995-11-17,13.95373001904555,13.95373001904555,13.694125739621445,13.823927879333496,54500,0.0,0.0
1995-11-20,13.823932217442714,14.148437668556392,13.759031127219977,13.953734397888184,67400,0.0,0.0
1995-11-21,14.018630411023292,14.018630411023292,13.75902614415249,13.88882827758789,48700,0.0,0.0
1995-11-22,13.888832057763008,14.3431396484375,13.888832057763008,14.3431396484375,71100,0.0,0.0
1995-11-24,14.278240719357052,14.537845096072635,14.278240719357052,14.408042907714844,36500,0.0,0.0
1995-11-27,14.472944768269857,14.602746963500977,14.343142573038737,14.602746963500977,64600,0.0,0.0
1995-11-28,14.53784290158371,14.53784290158371,14.27823856405543,14.3431396484375,55800,0.0,0.0
1995-11-29,14.278235829204593,14.278235829204593,13.953730469449944,14.148433685302734,71700,0.0,0.0
1995-11-30,14.08354234042233,14.21334457397461,14.01864122364619,14.21334457397461,65500,0.0,0.0
1995-12-01,14.213333415985108,14.278234481811523,14.148432350158693,14.278234481811523,37900,0.0,0.0
1995-12-04,14.14844345719847,14.21334457397461,14.01864122364619,14.21334457397461,60500,0.0,0.0
1995-12-05,14.08354234042233,14.408047924303029,14.08354234042233,14.21334457397461,60500,0.0,0.0
1995-12-06,14.083531477740992,14.148432544458693,13.82392721087019,13.88882827758789,72000,0.0,0.0
1995-12-07,13.823928673301587,13.888829746885163,13.49942330538371,13.564324378967285,92800,0.0,0.0
1995-12-08,13.499421973929023,13.694125175476074,13.434520906746672,13.694125175476074,93200,0.0,0.0
1995-12-11,13.694130036997242,13.953734397888184,13.629228946774505,13.953734397888184,50000,0.0,0.0
1995-12-12,13.823927879333496,13.888828949189522,13.75902680947747,13.823927879333496,38600,0.0,0.0
1995-12-13,13.694125175476074,13.694125175476074,13.434520906746672,13.694125175476074,80100,0.0,0.0
1995-12-14,13.629228060062115,13.69412914606241,13.434524802061228,13.499425888061523,64100,0.0,0.0
1995-12-15,13.304727065739373,13.304727065739373,12.980221527550608,13.174924850463867,129000,0.0,0.0
1995-12-18,13.045120056937723,13.304724436180264,12.980218962127086,13.239823341369629,77800,0.0,0.0
1995-12-19,13.174924850463867,13.23982595810162,12.980221527550608,13.174924850463867,59900,0.0,0.0
1995-12-20,13.045122635188362,13.43452928101488,13.045122635188362,13.174924850463867,120600,0.0,0.0
1995-12-21,13.17491675386525,13.239817821618281,12.850411415100098,12.850411415100098,134300,0.0,0.0
1995-12-22,12.915317867316451,13.239823341369629,12.720614582884545,13.239823341369629,176700,0.0,0.0
1995-12-26,13.239824840000697,13.69413255509876,13.239824840000697,13.629231452941895,112400,0.0,0.0
1995-12-27,13.629224108293723,13.759026242658425,13.629224108293723,13.694125175476074,114500,0.0,0.0
1995-12-28,13.694125175476074,13.759026242658425,13.629224108293723,13.694125175476074,93900,0.0,0.0
1995-12-29,13.694125175476074,13.759026242658425,13.564323041111372,13.694125175476074,229000,0.0,0.0
1996-01-02,13.69412488937378,14.408036613464356,13.69412488937378,14.278234481811523,68900,0.0,0.0
1996-01-03,14.083531284332276,14.34313554763794,14.083531284332276,14.278234481811523,71800,0.0,0.0
1996-01-04,14.40803841732008,14.537840565223865,14.34313734336819,14.472939491271973,154200,0.0,0.0
1996-01-05,14.472946413925715,14.537847518920898,14.408045308930532,14.537847518920898,63000,0.0,0.0
1996-01-08,14.472946413925715,14.537847518920898,14.472946413925715,14.537847518920898,20000,0.0,0.0
1996-01-09,14.47294217806596,14.47294217806596,13.499425888061523,13.499425888061523,188200,0.0,0.0
1996-01-10,13.395383437877983,13.395383437877983,12.810148239135742,12.810148239135742,105800,0.05,0.0
1996-01-11,12.875174670962233,13.005226940365892,12.615070132154914,12.940200805664062,118000,0.0,0.0
1996-01-12,12.940200505522906,12.940200505522906,12.745122105942158,12.810148239135742,59000,0.0,0.0
1996-01-15,12.875176004263071,12.875176004263071,12.680097579956055,12.680097579956055,50000,0.0,0.0
1996-01-16,12.745119094848633,12.745119094848633,12.61506685918691,12.745119094848633,38000,0.0,0.0
1996-01-17,12.680101271757145,12.810153592493117,12.61507511138916,12.61507511138916,62600,0.0,0.0
1996-01-18,12.615071438520383,12.875176004263071,12.550045297084711,12.680097579956055,71200,0.0,0.0
1996-01-19,12.61506685918691,12.745119094848633,12.48501462352519,12.745119094848633,59200,0.0,0.0
1996-01-22,12.745122401558573,12.940200805664062,12.615070132154914,12.940200805664062,77600,0.0,0.0
1996-01-23,12.875174372329324,12.875174372329324,12.615069839554995,12.810148239135742,73400,0.0,0.0
1996-01-24,12.810148536260403,13.005226940365892,12.745122401558573,12.940200805664062,70000,0.0,0.0
1996-01-25,12.940200805664062,12.940200805664062,12.810148536260403,12.940200805664062,26000,0.0,0.0
1996-01-26,12.875174372329324,12.875174372329324,12.615069839554995,12.810148239135742,138500,0.0,0.0
1996-01-29,12.745122105942158,12.810148239135742,12.680095972748576,12.810148239135742,80900,0.0,0.0
1996-01-30,12.745119094848633,12.810145212679492,12.48501462352519,12.745119094848633,129800,0.0,0.0
1996-01-31,12.745119094848633,12.875171330510353,12.48501462352519,12.745119094848633,95500,0.0,0.0
1996-02-01,12.745125737683527,13.330361103189402,12.615073434237775,13.200308799743652,135300,0.0,0.0
1996-02-02,13.200304681388893,13.200304681388893,13.005226287082653,13.070252418518066,55900,0.0,0.0
1996-02-05,13.20030675076022,13.20030675076022,13.005228325872139,13.13528060913086,40500,0.0,0.0
1996-02-06,13.200308799743652,13.395387254912277,13.005230344575027,13.200308799743652,64500,0.0,0.0
1996-02-07,13.070255686255063,13.265334129333496,13.00522953856225,13.265334129333496,42800,0.0,0.0
1996-02-08,13.200308799743652,13.265334951466526,13.070256496297901,13.200308799743652,47000,0.0,0.0
1996-02-09,13.200306261579197,13.200306261579197,12.419992590943973,12.485018730163574,308300,0.0,0.0
1996-02-12,12.48501462352519,12.745119094848633,12.48501462352519,12.745119094848633,114600,0.0,0.0
1996-02-13,12.550045297084711,12.680097579956055,12.48501915564904,12.680097579956055,80600,0.0,0.0
1996-02-14,12.485017573167829,13.070252771910072,12.354965306780665,12.810148239135742,243400,0.0,0.0
1996-02-15,12.940200505522906,12.940200505522906,12.550043706361413,12.810148239135742,81600,0.0,0.0
1996-02-16,12.810153592493117,12.875179752861103,12.550048951021175,12.61507511138916,104200,0.0,0.0
1996-02-20,12.550039291381836,12.680091512017917,12.485013181063795,12.550039291381836,79600,0.0,0.0
1996-02-21,12.48501915564904,12.745123721391726,12.48501915564904,12.680097579956055,84900,0.0,0.0
1996-02-22,12.55003920468417,12.87516975402832,12.419986984946512,12.87516975402832,77300,0.0,0.0
1996-02-23,12.875174372329324,13.00522663871649,12.615069839554995,12.810148239135742,65900,0.0,0.0
1996-02-26,12.745122547149657,13.005227088928223,12.615070276260376,13.005227088928223,97700,0.0,0.0
1996-02-27,13.070249684002935,13.135275801833794,12.745119094848633,12.745119094848633,64700,0.0,0.0
1996-02-28,12.810147892776413,13.265330812824306,12.810147892776413,13.070252418518066,66900,0.0,0.0
1996-02-29,13.13527920976955,13.330357613875039,12.875174670962233,12.940200805664062,72600,0.0,0.0
1996-03-01,13.00522197376598,13.00522197376598,12.74511753429066,12.87516975402832,27000,0.0,0.0
1996-03-04,12.875174372329324,13.00522663871649,12.810148239135742,12.810148239135742,74100,0.0,0.0
1996-03-05,12.810148239135742,13.070252771910072,12.745122105942158,12.810148239135742,146800,0.0,0.0
1996-03-06,12.810148239135742,12.875174372329324,12.680095972748576,12.810148239135742,60700,0.0,0.0
1996-03-07,12.745123287041983,12.745123287041983,12.419992590943973,12.485018730163574,194800,0.0,0.0
1996-03-08,12.419987070745755,12.550039291381836,12.289934850109674,12.550039291381836,134800,0.0,0.0
1996-03-11,12.680096266856744,13.005226940365892,12.615070132154914,12.940200805664062,94800,0.0,0.0
1996-03-12,12.94020015564724,13.070252418518066,12.745121761341,13.070252418518066,40400,0.0,0.0
1996-03-13,13.005226940365892,13.005226940365892,12.810148536260403,12.940200805664062,50300,0.0,0.0
1996-03-14,12.940200805664062,13.20030534447138,12.940200805664062,12.940200805664062,74300,0.0,0.0
1996-03-15,12.875174024211827,13.13527854995348,12.875174024211827,13.070252418518066,48000,0.0,0.0
1996-03-18,13.070256496297901,13.265334951466526,13.070256496297901,13.200308799743652,28300,0.0,0.0
1996-03-19,13.135282648020777,13.200308799743652,13.005230344575027,13.200308799743652,42100,0.0,0.0
1996-03-20,13.13527854995348,13.200304681388893,13.005226287082653,13.070252418518066,26000,0.0,0.0
1996-03-21,13.005226287082653,13.200304681388893,12.94020015564724,13.070252418518066,77300,0.0,0.0
1996-03-22,13.07025307506772,13.07025307506772,12.940200805664062,12.940200805664062,31000,0.0,0.0
1996-03-25,12.810148536260403,12.940200805664062,12.745122401558573,12.940200805664062,51600,0.0,0.0
1996-03-26,12.940202184242777,13.20030675076022,12.875176042613417,13.13528060913086,55300,0.0,0.0
1996-03-27,13.07025307506772,13.07025307506772,12.940200805664062,12.940200805664062,24700,0.0,0.0
1996-03-28,12.940200953483581,13.070253224372864,12.940200953483581,13.005227088928223,36100,0.0,0.0
1996-03-29,13.135279359817504,13.135279359817504,12.940200953483581,13.005227088928223,102700,0.0,0.0
1996-04-01,13.070255686255063,13.265334129333496,13.00522953856225,13.265334129333496,58200,0.0,0.0
1996-04-02,13.265330770741338,13.525435295657836,13.200304639512215,13.460409164428711,66100,0.0,0.0
1996-04-03,13.46041257241193,13.525438720104741,13.265334129333496,13.265334129333496,35900,0.0,0.0
1996-04-04,13.590464867797552,13.590464867797552,13.200307981640686,13.265334129333496,207700,0.0,0.0
1996-04-08,13.200305038297236,13.200305038297236,12.810148239135742,12.810148239135742,168300,0.0,0.0
1996-04-09,12.94019586389715,13.07024808363481,12.81014364415949,12.87516975402832,98100,0.0,0.0
1996-04-10,12.836078512425326,12.836078512425326,12.705762994532682,12.770920753479004,48500,0.05,0.0
1996-04-11,12.770922781852295,12.901238320442625,12.705765012557132,12.836080551147461,103400,0.0,0.0
1996-04-12,12.836082787513734,13.031556129455566,12.836082787513734,13.031556129455566,23900,0.0,0.0
1996-04-15,13.031555402396929,13.161870956420898,12.90123984837296,13.161870956420898,91700,0.0,0.0
1996-04-16,13.096708570207868,13.683128356933594,13.096708570207868,13.683128356933594,84600,0.0,0.0
1996-04-17,13.61796979316603,13.878600793992174,13.552812042959493,13.748285293579102,59200,0.0,0.0
1996-04-18,13.878601212367833,13.943758964538574,13.813443460197092,13.943758964538574,89800,0.0,0.0
1996-04-19,13.943758964538574,13.943758964538574,13.813443460197092,13.943758964538574,68200,0.0,0.0
1996-04-22,13.813440923337584,14.074071884155273,13.813440923337584,14.074071884155273,58800,0.0,0.0
1996-04-23,14.008916716709315,14.33470547756302,13.943758964538574,13.943758964538574,116500,0.0,0.0
1996-04-24,13.943758964538574,14.008916716709315,13.878601212367833,13.943758964538574,58800,0.0,0.0
1996-04-25,13.943761254235895,14.13923454284668,13.943761254235895,14.13923454284668,62800,0.0,0.0
1996-04-26,14.008919017106157,14.20439230571694,14.008919017106157,14.13923454284668,38100,0.0,0.0
1996-04-29,14.139232097972522,14.399863104386762,14.139232097972522,14.334705352783203,48800,0.0,0.0
1996-04-30,14.269554138183594,14.399869701089381,14.269554138183594,14.269554138183594,71200,0.0,0.0
1996-05-01,14.269547601179642,14.334705352783203,14.269547601179642,14.334705352783203,40500,0.0,0.0
1996-05-02,14.269550196621395,14.334707960076287,14.13923466971161,14.204392433166504,52100,0.0,0.0
1996-05-03,14.204396356730701,14.399869701089381,14.204396356730701,14.269554138183594,62100,0.0,0.0
1996-05-06,14.399863104386762,14.399863104386762,14.334705352783203,14.334705352783203,34700,0.0,0.0
1996-05-07,14.269550196621395,14.334707960076287,14.07407690625672,14.204392433166504,66400,0.0,0.0
1996-05-08,14.204389973221538,14.204389973221538,13.878601212367833,13.943758964538574,127300,0.0,0.0
1996-05-09,13.878603491365634,14.13923454284668,13.878603491365634,14.13923454284668,63100,0.0,0.0
1996-05-10,14.204392433166504,14.269550196621395,14.13923466971161,14.204392433166504,28200,0.0,0.0
1996-05-13,14.139232221050797,14.139232221050797,13.878601212367833,13.943758964538574,161900,0.0,0.0
1996-05-14,13.943761379346935,14.204392433166504,13.943761379346935,14.204392433166504,45900,0.0,0.0
1996-05-15,14.20439230571694,14.334707831457463,14.008919017106157,14.13923454284668,53000,0.0,0.0
1996-05-16,14.139238135759221,14.139238135759221,13.943764797476836,14.008922576904297,82600,0.0,0.0
1996-05-17,14.008916716709315,14.008916716709315,13.552812451514129,13.943758964538574,110600,0.0,0.0
1996-05-20,13.878603491365634,14.20439230571694,13.878603491365634,14.13923454284668,49100,0.0,0.0
1996-05-21,14.269550068587202,14.269550068587202,14.13923454284668,14.13923454284668,25800,0.0,0.0
1996-05-22,14.204393985560122,14.595340609015905,14.204393985560122,14.530182838439941,91100,0.0,0.0
1996-05-23,14.399867297288013,14.595340609015905,14.33470952671205,14.530182838439941,60400,0.0,0.0
1996-05-24,14.465024948120117,14.530182718156693,14.39986717808354,14.465024948120117,45300,0.0,0.0
1996-05-28,14.399865594327723,14.399865594327723,14.074076779976417,14.13923454284668,85600,0.0,0.0
1996-05-29,14.074071884155273,14.139229624359697,13.943756403746429,14.074071884155273,43300,0.0,0.0
1996-05-30,14.074074346368961,14.334705352783203,14.074074346368961,14.334705352783203,32900,0.0,0.0
1996-05-31,14.204396356730701,14.399869701089381,14.204396356730701,14.269554138183594,47800,0.0,0.0
1996-06-03,14.139232097972522,14.465020855990323,14.008916594765402,14.334705352783203,44000,0.0,0.0
1996-06-04,14.399867057800293,14.465024827292602,14.334709288307984,14.399867057800293,21900,0.0,0.0
1996-06-05,14.465026245117187,14.725657348632812,14.39986846923828,14.660499572753906,92400,0.0,0.0
1996-06-06,14.725656150167833,14.790813920743796,14.530182838439941,14.530182838439941,49700,0.0,0.0
1996-06-07,14.399863104386762,14.399863104386762,14.204389849576083,14.334705352783203,49000,0.0,0.0
1996-06-10,14.399867297288013,14.725656150167833,14.33470952671205,14.530182838439941,43700,0.0,0.0
1996-06-11,14.530186956962652,14.72566032409668,14.465029167917978,14.72566032409668,21000,0.0,0.0
1996-06-12,14.595346450805664,14.660504247461047,14.530188654150281,14.595346450805664,14200,0.0,0.0
1996-06-13,14.530188654150281,14.660504247461047,14.530188654150281,14.595346450805664,33700,0.0,0.0
1996-06-14,14.530182718156693,14.530182718156693,14.39986717808354,14.465024948120117,43600,0.0,0.0
1996-06-17,14.530182596784911,14.530182596784911,14.334709288307984,14.399867057800293,15100,0.0,0.0
1996-06-18,14.39986717808354,14.465024948120117,14.204393867973808,14.465024948120117,66100,0.0,0.0
1996-06-19,14.530182596784911,14.530182596784911,14.334709288307984,14.399867057800293,34800,0.0,0.0
1996-06-20,14.39986572353118,14.465023486986071,14.13923466971161,14.204392433166504,30300,0.0,0.0
1996-06-21,14.07407626299791,14.07407626299791,13.813445221090541,13.878602981567383,69200,0.0,0.0
1996-06-24,13.813443460197092,14.008916716709315,13.813443460197092,13.943758964538574,60700,0.0,0.0
1996-06-25,13.878600793992174,13.878600793992174,13.683127543372565,13.748285293579102,43400,0.0,0.0
1996-06-26,13.748292713074022,13.813450498444041,13.552819356963965,13.617977142333984,39000,0.0,0.0
1996-06-27,13.552816390991211,13.617974162101746,13.227027535438538,13.552816390991211,55600,0.0,0.0
1996-06-28,13.617979333085833,13.81345272064209,13.552821537233749,13.81345272064209,59400,0.0,0.0
1996-07-01,13.81345272064209,13.878610516494176,13.748294924790004,13.81345272064209,34400,0.0,0.0
1996-07-02,13.714184092584057,14.04071228526463,13.714184092584057,13.975406646728516,86500,0.06,0.0
1996-07-03,13.910097904114927,13.975403528077909,13.779486656188965,13.779486656188965,23000,0.0,0.0
1996-07-05,13.648876582041826,13.648876582041826,13.191737174987793,13.191737174987793,28700,0.0,0.0
1996-07-08,13.191739291679568,13.452961851910848,13.061128011563929,13.387656211853027,54800,0.0,0.0
1996-07-09,13.322345733642578,13.387651349983964,13.322345733642578,13.322345733642578,45800,0.0,0.0
1996-07-10,13.322345733642578,13.387651349983964,13.322345733642578,13.322345733642578,40700,0.0,0.0
1996-07-11,13.322345733642578,13.387651349983964,13.322345733642578,13.322345733642578,36700,0.0,0.0
1996-07-12,13.322348434146088,13.387654063725236,13.061125915829498,13.191737174987793,33800,0.0,0.0
1996-07-15,13.126431135961852,13.126431135961852,12.799902998251358,12.865208625793457,39500,0.0,0.0
1996-07-16,12.603991616077913,12.734602928161621,12.538685960036057,12.734602928161621,73700,0.0,0.0
1996-07-17,12.669291743167161,12.930514253335556,12.603986115625062,12.865208625793457,32100,0.0,0.0
1996-07-18,12.73459616395616,12.930513028017025,12.408068057188054,12.669290542602539,62500,0.0,0.0
1996-07-19,12.473373678541675,12.73459616395616,12.27745681448081,12.669290542602539,57500,0.0,0.0
1996-07-22,12.734602928161621,12.734602928161621,12.538685960036057,12.734602928161621,27800,0.0,0.0
1996-07-23,12.669297109047573,12.669297109047573,12.473380143443745,12.53868579864502,39300,0.0,0.0
1996-07-24,12.342761716535014,12.342761716535014,11.95092801124819,12.146844863891602,79300,0.0,0.0
1996-07-25,12.146844863891602,12.342761716535014,12.081539246343798,12.146844863891602,26300,0.0,0.0
1996-07-26,12.146848749986946,12.342765665309315,12.016237473105365,12.212154388427734,33000,0.0,0.0
1996-07-29,12.081540894638646,12.081540894638646,11.885624015266128,11.950929641723633,37700,0.0,0.0
1996-07-30,12.016236305236816,12.146847569424173,11.950930673143137,12.016236305236816,51900,0.0,0.0
1996-07-31,12.146846521096151,12.146846521096151,11.755012762351114,11.950929641723633,175900,0.0,0.0
1996-08-01,12.016236305236816,12.081541937330496,11.950930673143137,12.016236305236816,82400,0.0,0.0
1996-08-02,12.146844863891602,12.27745609898721,12.081539246343798,12.146844863891602,72900,0.0,0.0
1996-08-05,12.146847569424173,12.212153201517852,12.016236305236816,12.016236305236816,40500,0.0,0.0
1996-08-06,12.01623526818114,12.01623526818114,11.820318388808621,11.950929641723633,23800,0.0,0.0
1996-08-07,11.950930673143137,12.146847569424173,11.88562504104946,12.016236305236816,42700,0.0,0.0
1996-08-08,12.01623526818114,12.081540894638646,11.885624015266128,11.950929641723633,35700,0.0,0.0
1996-08-09,11.950927262610577,12.27745532989502,11.88562164915369,12.27745532989502,47200,0.0,0.0
1996-08-12,12.212154388427734,12.277460026868525,12.016237473105365,12.212154388427734,27400,0.0,0.0
1996-08-13,12.081537246704102,12.212148460181984,11.950926033226219,12.081537246704102,46100,0.0,0.0
1996-08-14,12.016237473105365,12.212154388427734,12.016237473105365,12.212154388427734,75900,0.0,0.0
1996-08-15,12.212154388427734,12.408071303750106,12.146848749986946,12.212154388427734,26500,0.0,0.0
1996-08-16,12.14684802607486,12.40807056427002,12.081542391526071,12.40807056427002,47700,0.0,0.0
1996-08-19,12.473376274108887,12.538681909051865,12.277459369279951,12.473376274108887,54800,0.0,0.0
1996-08-20,12.47336887201497,12.60398006439209,12.408063275826409,12.60398006439209,36500,0.0,0.0
1996-08-21,12.603987543994844,12.603987543994844,12.408070639165908,12.473376274108887,17900,0.0,0.0
1996-08-22,12.473376198818809,12.473376198818809,12.342764929721229,12.40807056427002,14800,0.0,0.0
1996-08-23,12.408066556808796,12.408066556808796,12.27745532989502,12.27745532989502,13300,0.0,0.0
1996-08-26,12.212150481439407,12.27745609898721,12.146844863891602,12.146844863891602,15600,0.0,0.0
1996-08-27,12.146844863891602,12.212150481439407,12.146844863891602,12.146844863891602,21400,0.0,0.0
1996-08-28,12.212149716438132,12.27745532989502,12.146844102981243,12.27745532989502,32900,0.0,0.0
1996-08-29,12.27745532989502,12.342760943351909,12.212149716438132,12.27745532989502,22300,0.0,0.0
1996-08-30,12.212149716438132,12.342760943351909,12.212149716438132,12.27745532989502,13900,0.0,0.0
1996-09-03,12.277460026868525,12.342765665309315,12.212154388427734,12.212154388427734,18300,0.0,0.0
1996-09-04,12.277459220280724,12.342764854431152,12.212153586130293,12.342764854431152,27400,0.0,0.0
1996-09-05,12.342760943351909,12.408066556808796,12.212149716438132,12.27745532989502,32400,0.0,0.0
1996-09-06,12.212149716438132,12.342760943351909,12.212149716438132,12.27745532989502,42500,0.0,0.0
1996-09-09,12.342764929721229,12.473376198818809,12.27745929517244,12.40807056427002,31800,0.0,0.0
1996-09-10,12.473376942190894,12.538682580631685,12.212154388427734,12.212154388427734,32100,0.0,0.0
1996-09-11,12.146848749986946,12.212154388427734,12.081543111546155,12.212154388427734,45200,0.0,0.0
1996-09-12,12.27745929517244,12.473376198818809,12.27745929517244,12.40807056427002,27400,0.0,0.0
1996-09-13,12.408071303750106,12.408071303750106,12.212154388427734,12.212154388427734,18700,0.0,0.0
1996-09-16,12.146844102981243,12.342760943351909,12.146844102981243,12.27745532989502,38400,0.0,0.0
1996-09-17,12.27745532989502,12.408066556808796,12.212149716438132,12.27745532989502,31800,0.0,0.0
1996-09-18,12.408070639165908,12.603987543994844,12.34276500422293,12.473376274108887,36300,0.0,0.0
1996-09-19,12.473376274108887,12.538681909051865,12.473376274108887,12.473376274108887,27700,0.0,0.0
1996-09-20,12.342768833041191,12.53868579864502,12.342768833041191,12.53868579864502,23200,0.0,0.0
1996-09-23,12.473376198818809,12.538681833367598,12.342764929721229,12.40807056427002,24900,0.0,0.0
1996-09-24,12.342764929721229,12.473376198818809,12.21215366062365,12.40807056427002,21500,0.0,0.0
1996-09-25,12.277459220280724,12.408070488581583,12.277459220280724,12.342764854431152,27300,0.0,0.0
1996-09-26,12.408074488242468,12.53868579864502,12.277463177839916,12.53868579864502,38500,0.0,0.0
1996-09-27,12.66928566058065,12.73459125676921,12.60398006439209,12.60398006439209,30300,0.0,0.0
1996-09-30,12.538681909051865,12.603987543994844,12.408070639165908,12.473376274108887,28300,0.0,0.0
1996-10-01,12.603988219072475,12.603988219072475,12.146848749986946,12.212154388427734,144700,0.0,0.0
1996-10-02,12.212153734336972,12.538681909051865,12.081542464451015,12.473376274108887,28500,0.0,0.0
1996-10-03,12.473376274108887,12.538681909051865,12.277459369279951,12.473376274108887,50400,0.0,0.0
1996-10-04,12.473376198818809,12.603987467916388,12.40807056427002,12.40807056427002,67800,0.0,0.0
1996-10-07,12.408070639165908,12.473376274108887,12.34276500422293,12.473376274108887,25100,0.0,0.0
1996-10-08,12.342762435834432,12.73459616395616,12.27745681448081,12.669290542602539,31500,0.0,0.0
1996-10-09,12.635250615823955,12.700718235595064,12.43884775651063,12.504315376281738,15700,0.06,0.0
1996-10-10,12.569783633517236,12.831654125882178,12.504316010425999,12.700718879699707,57800,0.0,0.0
1996-10-11,12.635251256608472,12.831654125882178,12.569783633517236,12.700718879699707,51900,0.0,0.0
1996-10-14,12.700716191200755,13.093521846598716,12.700716191200755,13.028054237365723,78300,0.0,0.0
1996-10-15,13.224461145401001,13.486331663131715,13.028058257102966,13.093525886535645,85100,0.0,0.0
1996-10-16,12.962589263916016,13.093524509006075,12.897121641370985,12.962589263916016,46000,0.0,0.0
1996-10-17,13.028056886461044,13.093524509006075,12.962589263916016,12.962589263916016,30100,0.0,0.0
1996-10-18,12.962589263916016,13.028056886461044,12.897121641370985,12.962589263916016,53900,0.0,0.0
1996-10-21,12.96258542089179,13.355391039706692,12.96258542089179,13.224455833435059,42000,0.0,0.0
1996-10-22,13.289923436570875,13.355391039706692,13.093520627163425,13.224455833435059,44500,0.0,0.0
1996-10-23,13.22445560094729,13.22445560094729,13.158987998962402,13.158987998962402,38700,0.0,0.0
1996-10-24,13.28992877483368,13.28992877483368,13.028058257102966,13.093525886535645,56900,0.0,0.0
1996-10-25,13.093521846598716,13.093521846598716,12.766183800433748,13.028054237365723,72800,0.0,0.0
1996-10-28,13.028056886461044,13.093524509006075,12.962589263916016,12.962589263916016,33200,0.0,0.0
1996-10-29,12.897124852889624,12.897124852889624,12.766189575195312,12.766189575195312,28000,0.0,0.0
1996-10-30,12.438838790735433,12.700709081066705,12.438838790735433,12.635241508483887,46200,0.0,0.0
1996-10-31,12.569786658653847,12.766189575195312,12.50431901980669,12.766189575195312,24900,0.0,0.0
1996-11-01,12.766187739372254,13.093525886535645,12.700720109939576,13.093525886535645,25100,0.0,0.0
1996-11-04,13.028053250806085,13.289923667907715,13.028053250806085,13.289923667907715,29300,0.0,0.0
1996-11-05,13.158988230299242,13.289923436570875,13.028053024027606,13.224455833435059,36900,0.0,0.0
1996-11-06,13.224455833435059,13.289923436570875,13.224455833435059,13.224455833435059,29700,0.0,0.0
1996-11-07,13.22445560094729,13.22445560094729,13.093520396977514,13.158987998962402,21500,0.0,0.0
1996-11-08,13.158987998962402,13.22445560094729,13.093520396977514,13.158987998962402,32700,0.0,0.0
1996-11-11,13.028053024027606,13.289923436570875,13.028053024027606,13.224455833435059,24600,0.0,0.0
1996-11-12,13.093520396977514,13.22445560094729,12.962585193007738,13.158987998962402,23600,0.0,0.0
1996-11-13,13.1589884593569,13.289923667907715,13.1589884593569,13.289923667907715,19200,0.0,0.0
1996-11-14,13.42086410522461,13.486331735006193,13.289928845661443,13.42086410522461,24000,0.0,0.0
1996-11-15,13.224455100902611,13.682728297468545,13.224455100902611,13.551793098449707,82100,0.0,0.0
1996-11-18,13.617260697959125,13.617260697959125,13.551793098449707,13.551793098449707,28500,0.0,0.0
1996-11-19,13.551797653864888,13.617265275381143,13.420862410832378,13.486330032348633,19000,0.0,0.0
1996-11-20,13.486331735006193,13.551799364787776,13.42086410522461,13.42086410522461,40800,0.0,0.0
1996-11-21,13.420858642842509,13.486326245978328,13.224455833435059,13.224455833435059,38200,0.0,0.0
1996-11-22,13.420858642842509,13.420858642842509,13.158988230299242,13.224455833435059,28300,0.0,0.0
1996-11-25,13.224459546283612,13.617265275381143,13.158991924767356,13.486330032348633,57500,0.0,0.0
1996-11-26,13.486331735006193,13.617266994569361,13.42086410522461,13.42086410522461,36500,0.0,0.0
1996-11-27,13.355391039706692,13.355391039706692,13.224455833435059,13.224455833435059,19300,0.0,0.0
1996-11-29,13.158993515968323,13.224461145401001,13.093525886535645,13.093525886535645,19800,0.0,0.0
1996-12-02,13.158993515968323,13.224461145401001,13.093525886535645,13.093525886535645,35600,0.0,0.0
1996-12-03,13.09352776943109,13.09352776943109,12.766189575195312,12.766189575195312,48000,0.0,0.0
1996-12-04,12.766183677472567,12.83165128607499,12.43884563446045,12.43884563446045,53500,0.0,0.0
1996-12-05,12.307916103265224,12.897124852889624,12.242448464418068,12.766189575195312,74500,0.0,0.0
1996-12-06,12.635250615823955,12.700718235595064,12.37338013673952,12.504315376281738,63900,0.0,0.0
1996-12-09,12.373371218152615,12.766176653649524,12.373371218152615,12.635241508483887,56500,0.0,0.0
1996-12-10,12.700718879699707,12.766186502790942,12.569783633517236,12.700718879699707,50800,0.0,0.0
1996-12-11,12.569773935901068,12.700709081066705,12.438838790735433,12.635241508483887,35100,0.0,0.0
1996-12-12,12.569780851665296,12.63524846026772,12.373378025858026,12.43884563446045,40200,0.0,0.0
1996-12-13,12.373378025858026,12.43884563446045,12.176975200050755,12.43884563446045,29500,0.0,0.0
1996-12-16,12.307907565609439,12.373375159043531,11.915102005004883,11.915102005004883,207100,0.0,0.0
1996-12-17,11.980568427008551,12.176971188107052,11.980568427008551,12.111503601074219,96100,0.0,0.0
1996-12-18,11.980575768843941,12.046043395996094,11.980575768843941,12.046043395996094,79400,0.0,0.0
1996-12-19,12.046037191873069,12.046037191873069,11.84963441157079,11.915102005004883,68700,0.0,0.0
1996-12-20,12.111505028980027,12.111505028980027,11.325893891965105,11.980569839477539,123200,0.0,0.0
1996-12-23,11.980569839477539,12.046037434228783,11.849634649975053,11.980569839477539,107900,0.0,0.0
1996-12-24,11.980569839477539,12.046037434228783,11.849634649975053,11.980569839477539,76000,0.0,0.0
1996-12-26,11.980569598438976,11.980569598438976,11.84963441157079,11.915102005004883,121400,0.0,0.0
1996-12-27,11.915100839975718,12.176971188107052,11.915100839975718,12.111503601074219,155600,0.0,0.0
1996-12-30,12.046037434228783,12.17697262373127,11.915102244726295,11.980569839477539,89100,0.0,0.0
1996-12-31,11.915100839975718,12.176971188107052,11.849633252942885,12.111503601074219,266200,0.0,0.0
1997-01-02,12.111505028980027,12.111505028980027,11.980569839477539,11.980569839477539,23800,0.0,0.0
1997-01-03,11.980569839477539,12.046037434228783,11.915102244726295,11.980569839477539,30000,0.0,0.0
1997-01-06,11.980575768843941,12.111511023148246,11.915108141691787,12.046043395996094,267000,0.0,0.0
1997-01-07,11.915102244726295,12.046037434228783,11.915102244726295,11.980569839477539,26000,0.0,0.0
1997-01-08,12.046043395996094,12.046043395996094,11.915108141691787,12.046043395996094,52100,0.0,0.0
1997-01-09,12.143189430236816,12.143189430236816,12.01191170666669,12.143189430236816,62300,0.06,0.0
1997-01-10,12.07755184173584,12.143190710440926,12.011912973030753,12.07755184173584,59300,0.0,0.0
1997-01-13,12.07754545785039,12.07754545785039,12.011906623840332,12.011906623840332,32900,0.0,0.0
1997-01-14,12.011912973030753,12.143190710440926,12.011912973030753,12.07755184173584,73100,0.0,0.0
1997-01-15,12.07754545785039,12.07754545785039,11.946267789830276,12.011906623840332,40300,0.0,0.0
1997-01-16,12.011904999450012,12.07754382458362,11.946266174316406,11.946266174316406,223300,0.0,0.0
1997-01-17,11.946266174316406,12.011904999450012,11.880627349182799,11.946266174316406,40300,0.0,0.0
1997-01-20,11.946267789830276,12.143184291860445,11.946267789830276,12.011906623840332,51300,0.0,0.0
1997-01-21,11.946266174316406,12.143182649717225,11.880627349182799,11.946266174316406,106100,0.0,0.0
1997-01-22,11.946266174316406,11.946266174316406,11.814988524049193,11.946266174316406,34000,0.0,0.0
1997-01-23,11.94627349641588,11.94627349641588,11.618079169591267,11.814995765686035,488300,0.0,0.0
1997-01-24,11.749356900321112,11.814995765686035,11.68371803495619,11.814995765686035,44800,0.0,0.0
1997-01-27,11.749351287800106,12.07754545785039,11.749351287800106,12.011906623840332,114500,0.0,0.0
1997-01-28,12.143184291860445,12.274461959880558,12.011906623840332,12.011906623840332,78900,0.0,0.0
1997-01-29,12.077551227145724,12.20882895787557,11.814995765686035,11.814995765686035,40700,0.0,0.0
1997-01-30,11.814996366915496,12.143190710440926,11.814996366915496,12.07755184173584,60000,0.0,0.0
1997-01-31,12.077544963106195,12.405739119712342,12.077544963106195,12.340100288391113,90500,0.0,0.0
1997-02-03,12.340099353982945,12.996487617492676,12.274460527631971,12.996487617492676,218200,0.0,0.0
1997-02-04,12.996492045266288,12.996492045266288,12.602658952985491,12.865214347839355,159600,0.0,0.0
1997-02-05,12.865214042857213,12.996491737172082,12.799575195699779,12.930852890014648,130300,0.0,0.0
1997-02-06,12.865214042857213,12.930852890014648,12.733936348542343,12.930852890014648,112600,0.0,0.0
1997-02-07,12.930851694363268,13.19340705871582,12.865212853275128,13.19340705871582,88700,0.0,0.0
1997-02-10,13.12776792167437,13.259045600891113,13.12776792167437,13.259045600891113,76400,0.0,0.0
1997-02-11,13.259047474693414,13.259047474693414,13.06213092803955,13.06213092803955,63600,0.0,0.0
1997-02-12,13.127769776924172,13.259047474693414,13.06213092803955,13.06213092803955,43200,0.0,0.0
1997-02-13,12.930852965181098,13.324686050415039,12.930852965181098,13.324686050415039,35300,0.0,0.0
1997-02-14,13.19341215133667,13.25905101776123,12.996495552062989,13.12777328491211,63000,0.0,0.0
1997-02-18,12.865214042857213,12.996491737172082,12.471380959912604,12.930852890014648,112700,0.0,0.0
1997-02-19,12.799575195699779,13.062130584329518,12.471380959912604,12.930852890014648,74600,0.0,0.0
1997-02-20,13.062130584329518,13.062130584329518,12.930852890014648,12.930852890014648,39900,0.0,0.0
1997-02-21,12.930848791141702,13.127765270194622,12.930848791141702,12.996487617492676,79500,0.0,0.0
1997-02-24,13.06213347936414,13.06213347936414,12.733939170837402,12.733939170837402,57000,0.0,0.0
1997-02-25,12.799575195699779,12.996491737172082,12.733936348542343,12.930852890014648,38000,0.0,0.0
1997-02-26,12.865217819213868,13.12777328491211,12.799578952789307,13.12777328491211,50300,0.0,0.0
1997-02-27,13.127772341069488,13.193411202774834,12.733939170837402,12.733939170837402,23800,0.0,0.0
1997-02-28,12.60266399383545,12.733941743771235,12.471386243899662,12.60266399383545,27800,0.0,0.0
1997-03-03,13.062126443843649,13.062126443843649,12.865209964790731,12.996487617492676,37000,0.0,0.0
1997-03-04,12.996491737172082,13.127769431486952,12.930852890014648,12.930852890014648,25600,0.0,0.0
1997-03-05,12.865213293778268,12.930852137113872,12.471380233764648,12.471380233764648,50800,0.0,0.0
1997-03-06,12.53702101435686,12.733937574791785,12.53702101435686,12.668298721313477,22200,0.0,0.0
1997-03-07,12.799579620361328,12.799579620361328,12.733940750513321,12.799579620361328,20400,0.0,0.0
1997-03-10,12.471386243899662,12.668302868803341,12.40574736893177,12.60266399383545,91100,0.0,0.0
1997-03-11,12.668302868803341,12.733941743771235,12.340108493963877,12.60266399383545,87100,0.0,0.0
1997-03-12,12.53702163696289,12.53702163696289,12.40574392348684,12.53702163696289,62700,0.0,0.0
1997-03-13,12.405741390429045,12.537019077100252,12.405741390429045,12.471380233764648,75300,0.0,0.0
1997-03-14,12.5370241409693,12.799579620361328,12.471385271121294,12.799579620361328,31500,0.0,0.0
1997-03-17,12.733941743771235,12.799580618739128,12.60266399383545,12.60266399383545,23500,0.0,0.0
1997-03-18,12.602657920435854,12.668296763771458,12.471380233764648,12.471380233764648,18200,0.0,0.0
1997-03-19,12.471380233764648,12.602657920435854,12.471380233764648,12.471380233764648,16800,0.0,0.0
1997-03-20,12.471382780224864,12.602660493700917,12.471382780224864,12.53702163696289,19700,0.0,0.0
1997-03-21,12.602657920435854,12.602657920435854,12.405741390429045,12.471380233764648,73900,0.0,0.0
1997-03-24,12.537017077685677,12.60265591055314,12.27446174621582,12.27446174621582,21000,0.0,0.0
1997-03-25,12.405743598937988,12.471382453958823,12.340104743917152,12.405743598937988,27500,0.0,0.0
1997-03-26,12.471382453958823,12.471382453958823,12.340104743917152,12.405743598937988,42100,0.0,0.0
1997-03-27,12.405739119712342,12.405739119712342,12.274461457069885,12.340100288391113,58400,0.0,0.0
1997-03-31,12.274462562898247,12.340101400132996,11.880629539489746,11.880629539489746,87600,0.0,0.0
1997-04-01,11.880627349182799,12.07754382458362,11.880627349182799,11.946266174316406,29800,0.0,0.0
1997-04-02,12.011904999450012,12.011904999450012,11.946266174316406,11.946266174316406,127600,0.0,0.0
1997-04-03,11.946267789830276,12.208823125870502,11.946267789830276,12.011906623840332,43400,0.0,0.0
1997-04-04,11.946274104325669,12.07755184173584,11.946274104325669,12.07755184173584,16400,0.0,0.0
1997-04-07,12.01191170666669,12.143189430236816,12.01191170666669,12.143189430236816,18900,0.0,0.0
1997-04-08,12.143188178854643,12.405743598937988,12.143188178854643,12.405743598937988,20400,0.0,0.0
1997-04-09,12.371521526479466,12.437327492045846,12.174103629780326,12.305715560913086,16200,0.06,0.0
1997-04-10,12.239911079406738,12.305717052951936,12.17410510586154,12.239911079406738,10600,0.0,0.0
1997-04-11,12.108296488667582,12.108296488667582,11.9766845703125,11.9766845703125,16000,0.0,0.0
1997-04-14,11.845077915086272,11.976689891920564,11.779271926669125,11.910883903503418,24900,0.0,0.0
1997-04-15,11.976686363634856,12.239910239758698,11.976686363634856,12.108298301696777,17900,0.0,0.0
1997-04-16,12.108299132316343,12.371523026497133,11.976687185225948,12.239911079406738,25200,0.0,0.0
1997-04-17,12.174104270727739,12.239910239758698,12.108298301696777,12.108298301696777,21800,0.0,0.0
1997-04-18,12.108297145113031,12.37152099609375,11.910879256877493,12.37152099609375,26700,0.0,0.0
1997-04-21,12.305717052951936,12.371523026497133,12.17410510586154,12.239911079406738,20900,0.0,0.0
1997-04-22,12.371523026497133,12.371523026497133,12.17410510586154,12.239911079406738,23000,0.0,0.0
1997-04-23,12.30571620878966,12.30571620878966,11.976686363634856,12.108298301696777,36300,0.0,0.0
1997-04-24,12.10829883846429,12.174104810412464,11.910880922619763,12.042492866516113,31900,0.0,0.0
1997-04-25,11.910879872296308,12.174103736877441,11.845073906151024,12.174103736877441,46500,0.0,0.0
1997-04-28,12.17410510586154,12.305717052951936,12.108299132316343,12.239911079406738,36200,0.0,0.0
1997-04-29,12.108297770732158,12.239909703022725,12.108297770732158,12.174103736877441,21000,0.0,0.0
1997-04-30,12.042495677345677,12.634749563116776,11.976689690037778,12.503137588500977,48000,0.0,0.0
1997-05-01,12.371521419949001,12.700551244947645,12.371521419949001,12.43732738494873,45300,0.0,0.0
1997-05-02,12.43732738494873,12.50313334994846,12.371521419949001,12.43732738494873,50900,0.0,0.0
1997-05-05,12.437331601193076,12.568943575808877,12.437331601193076,12.503137588500977,58800,0.0,0.0
1997-05-06,12.50313334994846,12.50313334994846,12.371521419949001,12.43732738494873,50100,0.0,0.0
1997-05-07,12.371521419949001,12.50313334994846,12.371521419949001,12.43732738494873,46800,0.0,0.0
1997-05-08,12.371521419949001,12.568939314948187,12.371521419949001,12.43732738494873,37700,0.0,0.0
1997-05-09,12.50313334994846,12.568939314948187,12.371521419949001,12.43732738494873,18100,0.0,0.0
1997-05-12,12.634748449277637,13.161196301330873,12.568942467770984,13.095390319824219,70900,0.0,0.0
1997-05-13,13.292807579040527,13.621837469610838,13.161195622812404,13.292807579040527,156500,0.0,0.0
1997-05-14,13.621837046608995,13.687643022679572,13.227001190185547,13.227001190185547,61300,0.0,0.0
1997-05-15,13.227001190185547,13.292807166256122,13.227001190185547,13.227001190185547,25800,0.0,0.0
1997-05-16,13.29280839246862,13.62183830317329,13.227002410327687,13.424420356750488,56500,0.0,0.0
1997-05-19,13.490226891240463,13.556032876075783,13.292808936734504,13.358614921569824,50600,0.0,0.0
1997-05-20,13.292807579040527,13.35861355715459,13.292807579040527,13.292807579040527,21900,0.0,0.0
1997-05-21,13.35861355715459,13.424419535268653,13.292807579040527,13.292807579040527,29000,0.0,0.0
1997-05-22,13.227001600926465,13.35861355715459,13.227001600926465,13.292807579040527,36300,0.0,0.0
1997-05-23,13.358607585613544,13.687637329101562,13.358607585613544,13.687637329101562,36300,0.0,0.0
1997-05-27,13.62183528733485,13.753447222478181,13.42441738461985,13.556029319763184,30500,0.0,0.0
1997-05-28,13.556034646383146,13.556034646383146,13.424422659525057,13.490228652954102,28300,0.0,0.0
1997-05-29,13.490223352191517,13.62183528733485,13.42441738461985,13.556029319763184,27300,0.0,0.0
1997-05-30,13.490226338891421,13.62183830317329,13.358614374609553,13.424420356750488,32400,0.0,0.0
1997-06-02,13.556032321032355,13.62183830317329,13.358614374609553,13.424420356750488,77100,0.0,0.0
1997-06-03,13.621840639812191,13.621840639812191,13.424422659525057,13.490228652954102,36500,0.0,0.0
1997-06-04,13.490228652954102,13.621840639812191,13.424422659525057,13.490228652954102,19800,0.0,0.0
1997-06-05,13.490223352191517,13.62183528733485,13.490223352191517,13.556029319763184,26200,0.0,0.0
1997-06-06,13.621831380403957,13.687637329101562,13.490219483008751,13.687637329101562,54500,0.0,0.0
1997-06-09,13.687643461820612,13.753449440002441,13.621837483638782,13.753449440002441,89600,0.0,0.0
1997-06-10,13.819252649943033,14.279894404941134,13.753446684943304,14.214088439941406,124000,0.0,0.0
1997-06-11,14.082475046957693,14.41150483777446,14.01666908879434,14.279892921447754,98100,0.0,0.0
1997-06-12,14.345701874134154,14.543119789833247,14.08247798653536,14.148283958435059,113400,0.0,0.0
1997-06-13,14.2140869632844,14.41150483777446,14.2140869632844,14.279892921447754,65400,0.0,0.0
1997-06-16,14.148283958435059,14.214089930334756,14.016672014635663,14.148283958435059,29200,0.0,0.0
1997-06-17,14.148283958435059,14.148283958435059,13.950866042735965,14.148283958435059,47200,0.0,0.0
1997-06-18,13.950864263543501,14.082476190558063,13.88505830003622,14.016670227050781,66800,0.0,0.0
1997-06-19,13.885057172467631,14.345698879611108,13.885057172467631,14.279892921447754,52600,0.0,0.0
1997-06-20,13.885058825870729,14.082476723868892,13.885058825870729,13.950864791870117,115600,0.0,0.0
1997-06-23,13.95086628339867,13.95086628339867,13.81925433732887,13.88506031036377,65500,0.0,0.0
1997-06-24,13.885058825870729,13.950864791870117,13.819252859871343,13.950864791870117,41000,0.0,0.0
1997-06-25,13.621833965932723,13.950863771873127,13.621833965932723,13.720542907714844,104100,0.0,0.0
1997-06-26,13.819258334862925,13.885064326933701,13.490228374509046,13.523131370544434,40100,0.0,0.0
1997-06-27,13.523122457357553,13.687637329101562,13.523122457357553,13.687637329101562,41800,0.0,0.0
1997-06-30,13.819252859871343,14.181185672867972,13.786349876871649,13.950864791870117,65800,0.0,0.0
1997-07-01,13.85585720567818,13.987817750494164,13.525955843638224,13.690906524658203,39900,0.07,0.0
1997-07-02,13.789872245968512,14.020803120901,13.723891995987803,13.987812995910645,48700,0.0,0.0
1997-07-03,13.987814853065892,14.119775370547645,13.723893818102384,13.789874076843262,27300,0.0,0.0
1997-07-07,13.855855634427183,13.95482603181595,13.855855634427183,13.921835899353027,44600,0.0,0.0
1997-07-08,13.987813917871325,14.119774426530489,13.855853409212163,13.888843536376953,87400,0.0,0.0
1997-07-09,13.921836180387487,13.954826313516367,13.525954582840924,13.657915115356445,58000,0.0,0.0
1997-07-10,13.723890253764376,13.789870495369012,13.426979166543513,13.624919891357422,35900,0.0,0.0
1997-07-11,13.822869312304718,13.85585945386153,13.723898887634277,13.723898887634277,39400,0.0,0.0
1997-07-14,13.789867058074732,13.987807733549488,13.657906607758227,13.756876945495605,86900,0.0,0.0
1997-07-15,13.756876831054687,14.020797729492188,13.59192626953125,14.020797729492188,142100,0.0,0.0
1997-07-16,14.02080473205853,14.218745504746416,13.888844216933274,14.053794860839844,95600,0.0,0.0
1997-07-17,14.053793245891354,14.251733995833487,13.888842620939577,13.987812995910645,109800,0.0,0.0
1997-07-18,13.987813917871325,14.020804045036115,13.855853409212163,13.888843536376953,78200,0.0,0.0
1997-07-21,13.75688302771779,13.921833663541744,13.45997188323467,13.888843536376953,81000,0.0,0.0
1997-07-22,13.888846115076737,14.185757314686454,13.888846115076737,14.152767181396484,134600,0.0,0.0
1997-07-23,14.218748412750386,14.317718819335656,14.15276814169354,14.251738548278809,145700,0.0,0.0
1997-07-24,14.317711493159551,14.482662086398717,14.119770781272553,14.284721374511719,67800,0.0,0.0
1997-07-25,14.152758178710938,14.38368896484375,14.020797729492188,14.020797729492188,29700,0.0,0.0
1997-07-28,14.020807599579847,14.317718819335656,14.020807599579847,14.251738548278809,21400,0.0,0.0
1997-07-29,14.284728683807232,14.383699090392502,13.987817464051425,14.251738548278809,81400,0.0,0.0
1997-07-30,14.31771469116211,14.383694943195115,14.251734439129105,14.31771469116211,55700,0.0,0.0
1997-07-31,14.31771469116211,14.383694943195115,14.119773935063094,14.31771469116211,35900,0.0,0.0
1997-08-01,14.383699090392502,14.416689225920924,14.086787870636693,14.251738548278809,51300,0.0,0.0
1997-08-04,14.317718514588659,14.548649458372347,14.218748110109935,14.416688919067383,43900,0.0,0.0
1997-08-05,14.482669188719864,14.482669188719864,14.251738244936178,14.416688919067383,33300,0.0,0.0
1997-08-06,14.416687693220846,14.74658901343185,14.416687693220846,14.680608749389648,81600,0.0,0.0
1997-08-07,14.746586537994116,14.977517423376574,14.746586537994116,14.911537170410156,72600,0.0,0.0
1997-08-08,14.845560384648188,14.845560384648188,14.515659042767117,14.779580116271973,64800,0.0,0.0
1997-08-11,14.812569277474049,14.812569277474049,14.614628485347447,14.680608749389648,35400,0.0,0.0
1997-08-12,14.713598881410748,14.77957914545295,14.680608749389648,14.680608749389648,15900,0.0,0.0
1997-08-13,14.58163543822825,14.58163543822825,14.317714434821404,14.482665061950684,29000,0.0,0.0
1997-08-14,14.482666993033291,14.581637382507324,14.449676863208614,14.581637382507324,25400,0.0,0.0
1997-08-15,14.548650089530057,14.548650089530057,14.185758590698242,14.185758590698242,35600,0.0,0.0
1997-08-18,14.251738548278809,14.251738548278809,14.185758277221963,14.251738548278809,19900,0.0,0.0
1997-08-19,14.350704817178613,14.383694943195115,14.218744313112602,14.31771469116211,80200,0.0,0.0
1997-08-20,14.251734541985574,14.614625930786133,14.251734541985574,14.614625930786133,20400,0.0,0.0
1997-08-21,14.64761468029897,14.64761468029897,14.317713448760706,14.38369369506836,29800,0.0,0.0
1997-08-22,14.185749595815485,14.515650749206543,14.15275948047638,14.515650749206543,33000,0.0,0.0
1997-08-25,14.548647252682647,14.614627512332001,14.51565712285797,14.581637382507324,38300,0.0,0.0
1997-08-26,14.614629445331438,14.845560384648188,14.58163931114333,14.779580116271973,47600,0.0,0.0
1997-08-27,14.779580116271973,14.845560384648188,14.58163931114333,14.779580116271973,42600,0.0,0.0
1997-08-28,14.713598881410748,14.84555940949515,14.647618617368549,14.680608749389648,34500,0.0,0.0
1997-08-29,14.54864431083749,14.54864431083749,14.251733202453053,14.38369369506836,26100,0.0,0.0
1997-09-02,14.416687075867246,14.911539034993124,14.416687075867246,14.713598251342773,36500,0.0,0.0
1997-09-03,14.812569277474049,14.911539673537352,14.680608749389648,14.680608749389648,89600,0.0,0.0
1997-09-04,14.746586316564809,15.538349340272985,14.647615938601286,15.175457954406738,201500,0.0,0.0
1997-09-05,15.34040858434594,15.34040858434594,15.010507324467534,15.175457954406738,67700,0.0,0.0
1997-09-08,15.241443634033203,15.241443634033203,15.109483083089192,15.142473220825195,25200,0.0,0.0
1997-09-09,15.076490781662311,15.538352643682602,15.076490781662311,15.505362510681152,70000,0.0,0.0
1997-09-10,15.53834589645745,15.571336015133582,15.373395303076798,15.40638542175293,29600,0.0,0.0
1997-09-11,15.406388123480829,15.406388123480829,14.878546132098187,15.010506629943848,36200,0.0,0.0
1997-09-12,15.076488875109575,15.307419776916504,15.043498746280013,15.307419776916504,43100,0.0,0.0
1997-09-15,15.307421993899654,15.37340226111474,15.208451593077028,15.24144172668457,51500,0.0,0.0
1997-09-16,15.27443119524866,15.307421327419823,15.07649040222168,15.07649040222168,51200,0.0,0.0
1997-09-17,15.109477003328093,15.175457252250922,14.911536256559602,15.010506629943848,52700,0.0,0.0
1997-09-18,15.0105094268183,15.043499557426692,14.64761799012599,14.713598251342773,71700,0.0,0.0
1997-09-19,14.680608120734382,14.779578512559556,14.64761799012599,14.713598251342773,151800,0.0,0.0
1997-09-22,14.746588381951165,14.746588381951165,14.64761799012599,14.713598251342773,59700,0.0,0.0
1997-09-23,14.713595939931674,14.779576190783386,14.383694685673117,14.482665061950684,103300,0.0,0.0
1997-09-24,14.44967051852833,14.713591441241178,14.38369028785012,14.515650749206543,38000,0.0,0.0
1997-09-25,14.416683818222186,14.515654187683664,14.317713448760706,14.38369369506836,50300,0.0,0.0
1997-09-26,14.383694943195115,14.548645573277629,14.218744313112602,14.31771469116211,69600,0.0,0.0
1997-09-29,14.251737033115344,14.680608749389648,14.185756769073144,14.680608749389648,17200,0.0,0.0
1997-09-30,14.845555215268522,14.845555215268522,14.515653988262555,14.647614479064941,42500,0.0,0.0
1997-10-01,14.746586799621582,14.845557180827095,14.746586799621582,14.746586799621582,32300,0.0,0.0
1997-10-02,14.779580116271973,14.878550518836294,14.71359984789576,14.779580116271973,21200,0.0,0.0
1997-10-03,14.87854954151625,14.977519937579551,14.680608749389648,14.680608749389648,22100,0.0,0.0
1997-10-06,14.812570904430592,15.109482125232095,14.746590633141368,15.043501853942871,27000,0.0,0.0
1997-10-07,15.043504084784555,15.175464646931788,14.94453366317413,14.977523803710938,35400,0.0,0.0
1997-10-08,14.94841559444155,15.080702458109176,14.816128730773926,14.816128730773926,111300,0.07,0.0
1997-10-09,14.816128730773926,14.849200446690833,14.683841867106302,14.816128730773926,19300,0.0,0.0
1997-10-10,14.816128730773926,14.816128730773926,14.716913583023208,14.816128730773926,33200,0.0,0.0
1997-10-13,14.816131859494929,15.080705642700195,14.617701522090979,15.080705642700195,47100,0.0,0.0
1997-10-14,15.080703271401894,15.080703271401894,14.65077094129614,14.683842658996582,16600,0.0,0.0
1997-10-15,14.551555743992727,14.882272919992563,14.419268873592793,14.849201202392578,44000,0.0,0.0
1997-10-16,14.915342153852151,15.080700714316144,14.650768457109763,14.783055305480957,70400,0.0,0.0
1997-10-17,14.783059516251779,14.816131237764646,13.989338199942958,14.253911972045898,55500,0.0,0.0
1997-10-20,14.320048908803656,14.551550854211566,14.154690376369434,14.386192321777344,23500,0.0,0.0
1997-10-21,14.38619554859318,14.783056115450924,14.35312383468837,14.485410690307617,62800,0.0,0.0
1997-10-22,14.452338976402805,14.749984401546111,14.419267262497993,14.485410690307617,36500,0.0,0.0
1997-10-23,14.518486872421592,14.518486872421592,13.857052390762293,13.923195838928223,146600,0.0,0.0
1997-10-24,14.0554763754392,14.485408593982047,14.0554763754392,14.353121757507324,36100,0.0,0.0
1997-10-27,14.253914661407471,14.286986389160155,13.228691101074219,13.228691101074219,51900,0.0,0.0
1997-10-28,13.096396455397972,13.890117452694819,12.897966206073761,13.757830619812012,125800,0.0,0.0
1997-10-29,13.956267080574392,14.187769141152641,13.890123634694893,14.15469741821289,82100,0.0,0.0
1997-10-30,14.088550202389982,14.220837058750451,13.923191631939394,13.989335060119629,62900,0.0,0.0
1997-10-31,13.989340896070422,14.154699535503878,13.95626916818373,14.121627807617188,44500,0.0,0.0
1997-11-03,14.15469741821289,14.518486370550137,14.055482249393641,14.15469741821289,50200,0.0,0.0
1997-11-04,14.154697010128997,14.353127342046694,14.154697010128997,14.220840454101562,27600,0.0,0.0
1997-11-05,14.320058174937335,14.320058174937335,13.95626916818373,14.121627807617188,163100,0.0,0.0
1997-11-06,14.187768936157227,14.35312754846675,14.154697213695322,14.187768936157227,18300,0.0,0.0
1997-11-07,13.989339703307232,13.989339703307232,13.69169417770495,13.85705280303955,91200,0.0,0.0
1997-11-10,13.98932612699621,14.187756284825943,13.98932612699621,14.055469512939453,28300,0.0,0.0
1997-11-11,13.98933636974281,14.08855152130127,13.956264652556657,14.08855152130127,78700,0.0,0.0
1997-11-12,14.022400628952752,14.187759126935687,13.890113830566406,13.890113830566406,90700,0.0,0.0
1997-11-13,13.85704820375916,13.989335060119629,13.85704820375916,13.989335060119629,35400,0.0,0.0
1997-11-14,13.890118778876538,14.022405624389648,13.85704706749826,14.022405624389648,46300,0.0,0.0
1997-11-17,13.95626916818373,14.353129902824026,13.890125712410349,14.121627807617188,56200,0.0,0.0
1997-11-18,14.12162075852448,14.154692469902757,14.022405624389648,14.022405624389648,44300,0.0,0.0
1997-11-19,14.022406971285129,14.055478685840047,13.890120113065457,13.956263542175293,34600,0.0,0.0
1997-11-20,13.956267080574392,14.25391258703214,13.956267080574392,14.15469741821289,72600,0.0,0.0
1997-11-21,14.154694955673577,14.220838390045882,14.022408086928962,14.08855152130127,54100,0.0,0.0
1997-11-24,14.154697907508977,14.286984803840838,13.82398066667933,13.923195838928223,60000,0.0,0.0
1997-11-25,13.956265502124667,14.022408940523363,13.592476590931845,13.79090690612793,77400,0.0,0.0
1997-11-26,13.757836546380835,13.85705171378262,13.592477934044528,13.724764823913574,51100,0.0,0.0
1997-11-28,13.72475891159131,13.890117452694819,13.691687203370607,13.757830619812012,25200,0.0,0.0
1997-12-01,13.724767072976892,14.154699535503878,13.724767072976892,14.121627807617188,56400,0.0,0.0
1997-12-02,14.154692469902757,14.220835892659313,13.989333913011372,14.022405624389648,73100,0.0,0.0
1997-12-03,14.121625085994427,14.286983693558765,13.82397959237862,14.253911972045898,65800,0.0,0.0
1997-12-04,14.220834543945593,14.485408209879465,13.989332586253456,14.419264793395996,82600,0.0,0.0
1997-12-05,14.386198858097368,14.48541402263597,14.22084025053303,14.253911972045898,60200,0.0,0.0
1997-12-08,14.12161941922039,14.419264793395996,14.088547710978657,14.419264793395996,30400,0.0,0.0
1997-12-09,14.286977960429061,14.485408209879465,14.286977960429061,14.419264793395996,31000,0.0,0.0
1997-12-10,14.38619461676265,14.452338040287994,14.253907769711958,14.320051193237305,19600,0.0,0.0
1997-12-11,14.253914719163953,14.253914719163953,13.857053984523658,14.121627807617188,26300,0.0,0.0
1997-12-12,14.12162569527314,14.15469741821289,14.022410526453891,14.15469741821289,23900,0.0,0.0
1997-12-15,14.154693630570216,14.154693630570216,13.923191631939394,13.989335060119629,62700,0.0,0.0
1997-12-16,14.022403550422055,14.386192321777344,14.022403550422055,14.386192321777344,49400,0.0,0.0
1997-12-17,14.386193085154263,14.419264793395996,14.220834543945593,14.419264793395996,44100,0.0,0.0
1997-12-18,14.452338040287994,14.452338040287994,14.286979481474631,14.320051193237305,35600,0.0,0.0
1997-12-19,14.022405624389648,14.286979315415868,13.989333913011372,14.022405624389648,56700,0.0,0.0
1997-12-22,13.989335060119629,14.121621916480098,13.956263346029512,13.989335060119629,47100,0.0,0.0
1997-12-23,13.890124114845259,14.154697907508977,13.890124114845259,13.923195838928223,17700,0.0,0.0
1997-12-24,13.890123436249882,13.890123436249882,13.658621378979051,13.724764823913574,9600,0.0,0.0
1997-12-26,13.625543786929203,13.757830619812012,13.592472078708502,13.757830619812012,17800,0.0,0.0
1997-12-29,13.691683632986885,13.95625722975958,13.691683632986885,13.890113830566406,41700,0.0,0.0
1997-12-30,13.923194756917223,14.253911972045898,13.923194756917223,14.253911972045898,36400,0.0,0.0
1997-12-31,14.220840658619132,14.320055826004845,14.187768936157227,14.187768936157227,65400,0.0,0.0
1998-01-02,14.055476002736922,14.419264793395996,13.857045753286519,14.419264793395996,73800,0.0,0.0
1998-01-05,14.452340635093483,14.683842658996582,14.452340635093483,14.683842658996582,56200,0.0,0.0
1998-01-06,14.683844018306127,14.683844018306127,14.518485414496373,14.617700576782227,47600,0.0,0.0
1998-01-07,14.584627350893888,14.617699068242853,14.353125329451126,14.551555633544922,44200,0.0,0.0
1998-01-08,14.522372239056756,14.522372239056756,14.09134292602539,14.09134292602539,68400,0.07,0.0
1998-01-09,14.091346840157893,14.223971281006438,13.991878509521484,13.991878509521484,40500,0.0,0.0
1998-01-12,13.859255620246925,13.89241173417096,13.726631164550781,13.726631164550781,77500,0.0,0.0
1998-01-13,13.792945754360145,14.157663069980245,13.792945754360145,14.124506950378418,32700,0.0,0.0
1998-01-14,14.091342403775169,14.091342403775169,13.892405805133638,13.925561904907227,21100,0.0,0.0
1998-01-15,13.85925406867294,14.091346840157893,13.826097958460803,13.991878509521484,26100,0.0,0.0
1998-01-16,14.025038591572937,14.35659978759121,13.958726352369283,14.124506950378418,90300,0.0,0.0
1998-01-20,14.124506950378418,14.157663069980245,14.025038591572937,14.124506950378418,30000,0.0,0.0
1998-01-21,14.058192927223006,14.124505158011795,13.892412350251037,14.025036811828613,51500,0.0,0.0
1998-01-22,13.958722600570093,14.058190932640663,13.79294204711914,13.79294204711914,17000,0.0,0.0
1998-01-23,13.792942330705747,13.859254553449526,13.792942330705747,13.826098442077637,31400,0.0,0.0
1998-01-26,13.826098157809332,13.859254268499521,13.62716149366819,13.79294204711914,62400,0.0,0.0
1998-01-27,13.792942330705747,13.859254553449526,13.75978621933386,13.826098442077637,57200,0.0,0.0
1998-01-28,13.792946542027485,13.859258785018001,13.759790420532227,13.759790420532227,74600,0.0,0.0
1998-01-29,13.792946278624184,13.991883003796648,13.792946278624184,13.95872688293457,70900,0.0,0.0
1998-01-30,13.991878509521484,14.058190729945757,13.925566289097212,13.991878509521484,52600,0.0,0.0
1998-02-02,14.025038591572937,14.190819189582072,13.958726352369283,14.124506950378418,58000,0.0,0.0
1998-02-03,14.190817485957725,14.555534757793087,14.058193023472137,14.489222526550293,80600,0.0,0.0
1998-02-04,14.820785502953964,14.853941622647373,14.588692665100098,14.588692665100098,186300,0.0,0.0
1998-02-05,14.588687123241511,14.621843230339788,14.356594373553579,14.389750480651855,91300,0.0,0.0
1998-02-06,14.456067638310124,14.555535993619598,14.389755401437142,14.522379875183105,103000,0.0,0.0
1998-02-09,14.754468632173968,14.754468632173968,14.356595320744558,14.721312522888184,112700,0.0,0.0
1998-02-10,14.721312522888184,14.853936960031321,14.555531976459262,14.721312522888184,70100,0.0,0.0
1998-02-11,14.72131309167152,14.787625312805176,14.522376428270555,14.787625312805176,22700,0.0,0.0
1998-02-12,14.853939443633573,15.450749510565279,14.688158869485877,15.35128116607666,104500,0.0,0.0
1998-02-13,15.682843822579198,15.715999940597335,15.185502052307129,15.185502052307129,74500,0.0,0.0
1998-02-17,15.41759339573574,15.517061740224356,15.31812505124712,15.35128116607666,93400,0.0,0.0
1998-02-18,15.384437326043539,16.279652429067625,15.384437326043539,16.14702796936035,165900,0.0,0.0
1998-02-19,16.180186418983027,16.41227925696024,16.180186418983027,16.31281089782715,198900,0.0,0.0
1998-02-20,16.2465021600685,16.64437568235589,16.2465021600685,16.511751174926758,91100,0.0,0.0
1998-02-23,16.777000578923918,16.942781217055575,16.64437606841859,16.677532196044922,77200,0.0,0.0
1998-02-24,16.677534267425536,16.677534267425536,16.14703615951538,16.578065872192383,335300,0.0,0.0
1998-02-25,16.611211473801557,17.075397023967668,16.511743141623104,16.909616470336914,122200,0.0,0.0
1998-02-26,16.84330940246582,16.975933885949804,16.611216556368852,16.84330940246582,91000,0.0,0.0
1998-02-27,16.578064118352692,16.578064118352692,16.213346707748933,16.478595733642578,159900,0.0,0.0
1998-03-02,16.478587684556402,16.942773253135456,16.41227546047368,16.876461029052734,51200,0.0,0.0
1998-03-03,16.876458546113685,17.042239081930127,16.743834117460533,16.81014633178711,50300,0.0,0.0
1998-03-04,16.677528289648205,17.241182327270508,16.644372169788067,17.241182327270508,263000,0.0,0.0
1998-03-05,17.108553134693818,17.108553134693818,16.77699202743231,16.909616470336914,62500,0.0,0.0
1998-03-06,16.84330526680273,17.24117861956185,16.84330526680273,17.14171028137207,36800,0.0,0.0
1998-03-09,17.07539460210517,17.108550708128675,16.644365223799603,16.743833541870117,55900,0.0,0.0
1998-03-10,16.74383658088729,17.04224158925954,16.74383658088729,16.876461029052734,23800,0.0,0.0
1998-03-11,17.00908080921617,17.20801742686782,17.00908080921617,17.108549118041992,55000,0.0,0.0
1998-03-12,17.10855381334226,17.174866037424984,16.71068046884593,16.876461029052734,136300,0.0,0.0
1998-03-13,16.87645612009968,16.97592442729084,16.644363403320312,16.644363403320312,156500,0.0,0.0
1998-03-16,16.677534267425536,16.677534267425536,16.379129081726074,16.578065872192383,161800,0.0,0.0
1998-03-17,16.578063428641325,16.611219555498607,16.445438921212194,16.511751174926758,78800,0.0,0.0
1998-03-18,16.312816140180576,16.677533574209004,16.246503879448134,16.611221313476562,95100,0.0,0.0
1998-03-19,16.611212132721846,16.942773253135456,16.511743796597763,16.876461029052734,37400,0.0,0.0
1998-03-20,16.876461029052734,17.208022149466345,16.810148804970012,16.876461029052734,90300,0.0,0.0
1998-03-23,16.743835749164703,16.743835749164703,16.445430755615234,16.445430755615234,91900,0.0,0.0
1998-03-24,16.44543333727904,16.578057799676454,16.345964990480983,16.412277221679688,78500,0.0,0.0
1998-03-25,16.41227839285867,17.00908851623535,16.41227839285867,17.00908851623535,109000,0.0,0.0
1998-03-26,16.942773253135456,17.00908547721818,16.71068046884593,16.876461029052734,51800,0.0,0.0
1998-03-27,16.843304248884614,16.942772581063064,16.843304248884614,16.909616470336914,28800,0.0,0.0
1998-03-30,16.776995690477754,17.00908851623535,16.776995690477754,17.00908851623535,47500,0.0,0.0
1998-03-31,17.00908780502061,17.970615185811248,17.00908780502061,17.605897903442383,183200,0.0,0.0
1998-04-01,17.605898143223353,17.83799096243722,17.340649206978934,17.40696144104004,168500,0.0,0.0
1998-04-02,17.40695666340948,17.40695666340948,16.975927260315533,17.075395584106445,62000,0.0,0.0
1998-04-03,17.075400752166093,17.141712988096835,17.00908851623535,17.00908851623535,215400,0.0,0.0
1998-04-06,16.843306705355644,17.042243398725986,16.71068224310875,16.97593116760254,114400,0.0,0.0
1998-04-07,16.813771432445893,16.84700022974322,16.415025864878007,16.481483459472656,134000,0.07,0.0
1998-04-08,16.448253236443872,16.68085479736328,16.448253236443872,16.68085479736328,279600,0.0,0.0
1998-04-09,16.680864694550284,16.913466393478274,16.647635880417713,16.880237579345703,168500,0.0,0.0
1998-04-13,16.94668931923365,16.979918121820383,16.81377410888672,16.81377410888672,147700,0.0,0.0
1998-04-14,16.813779951080562,16.979924021743415,16.813779951080562,16.880237579345703,135400,0.0,0.0
1998-04-15,17.013141957364343,17.245743507562683,16.880226785822433,17.14605712890625,142200,0.0,0.0
1998-04-16,17.14606449007988,17.27897971868515,17.01314926147461,17.01314926147461,73800,0.0,0.0
1998-04-17,17.013144720873786,17.245746308854482,17.013144720873786,17.112831115722656,49500,0.0,0.0
1998-04-20,17.07960406546357,17.478349685668945,17.013146462096007,17.478349685668945,132700,0.0,0.0
1998-04-21,17.411891058058966,17.54480625697545,17.345433458600727,17.445119857788086,38300,0.0,0.0
1998-04-22,17.41189338123731,17.843867835351976,17.41189338123731,17.644495010375977,106900,0.0,0.0
1998-04-23,17.644492073778835,17.644492073778835,17.51157687924943,17.611263275146484,115500,0.0,0.0
1998-04-24,17.74417892142908,17.9767805177774,17.677721322472415,17.810636520385742,159900,0.0,0.0
1998-04-27,17.67771862987503,17.67771862987503,16.415024442026812,16.68085479736328,255100,0.0,0.0
1998-04-28,16.946692302309234,17.810641321642645,16.946692302309234,17.34543800354004,250700,0.0,0.0
1998-04-29,17.312204087455317,17.644492073778835,17.01314489976415,17.611263275146484,120600,0.0,0.0
1998-04-30,17.611262028319363,17.611262028319363,17.04637249156195,17.079601287841797,65600,0.0,0.0
1998-05-01,17.079605382381718,17.34543581634875,16.946690165398206,17.212520599365234,29900,0.0,0.0
1998-05-04,17.079606260967438,17.278979096698578,17.079606260967438,17.179292678833008,28500,0.0,0.0
1998-05-05,17.179296906538838,17.179296906538838,16.847008765213133,16.880237579345703,123300,0.0,0.0
1998-05-06,16.880237337142702,16.880237337142702,16.61440682789636,16.74732208251953,109000,0.0,0.0
1998-05-07,16.614399972509165,16.6808575723992,16.215654373168945,16.215654373168945,142500,0.0,0.0
1998-05-08,16.248885502216787,16.481487135172856,16.248885502216787,16.415029525756836,75300,0.0,0.0
1998-05-11,16.3485691181357,16.68085710834171,15.983052328909087,16.016281127929688,76100,0.0,0.0
1998-05-12,16.082735340676468,16.68085359714791,16.082735340676468,16.581167221069336,89000,0.0,0.0
1998-05-13,16.58117015838623,16.647627754211424,16.44825496673584,16.614398956298828,23400,0.0,0.0
1998-05-14,16.581167221069336,16.68085359714791,16.481480844990763,16.581167221069336,26300,0.0,0.0
1998-05-15,16.547944744588875,16.547944744588875,16.282114306924797,16.415029525756836,68300,0.0,0.0
1998-05-18,16.282109419504803,16.348567008972168,15.883363882700603,15.949821472167969,72200,0.0,0.0
1998-05-19,15.94982340659863,16.448255388054836,15.94982340659863,16.381797790527344,32200,0.0,0.0
1998-05-20,16.38179940923835,16.38179940923835,16.215655399002667,16.248884201049805,21100,0.0,0.0
1998-05-21,16.24888405613831,16.24888405613831,16.082740047384338,16.18242645263672,174900,0.0,0.0
1998-05-22,16.14919415993581,16.21565174907135,15.850135008825887,15.916592597961426,39400,0.0,0.0
1998-05-26,15.949834667661655,16.11597877878313,15.750461734315884,15.85014820098877,60900,0.0,0.0
1998-05-27,15.783676530560875,15.783676530560875,15.28524464012211,15.551074981689453,61900,0.0,0.0
1998-05-28,15.48462046888477,15.750450863200388,15.384934071016414,15.650764465332031,154500,0.0,0.0
1998-05-29,15.650756375472433,15.683985157585962,15.484612464904785,15.484612464904785,50300,0.0,0.0
1998-06-01,15.484623567659789,15.484623567659789,15.218793120146316,15.318479537963867,74400,0.0,0.0
1998-06-02,15.418166160583496,15.584310192486337,15.418166160583496,15.418166160583496,85900,0.0,0.0
1998-06-03,15.517847061157227,15.65076223941125,15.517847061157227,15.517847061157227,77000,0.0,0.0
1998-06-04,15.617533604473447,15.717219989182851,15.551076014667178,15.584304809570312,71400,0.0,0.0
1998-06-05,15.617535814926438,15.850137412170023,15.584307015320212,15.717222213745117,15300,0.0,0.0
1998-06-08,15.783680843401559,15.850138446952725,15.683994438074812,15.750452041625977,61800,0.0,0.0
1998-06-09,15.750452041625977,15.816909645177143,15.584308032748066,15.750452041625977,53100,0.0,0.0
1998-06-10,15.484620062720696,15.484620062720696,15.052645683288574,15.052645683288574,185300,0.0,0.0
1998-06-11,15.052641372068212,15.085870160969025,14.487751960754395,14.487751960754395,167500,0.0,0.0
1998-06-12,14.42129898071289,14.454527780207622,14.18869738424978,14.42129898071289,120400,0.0,0.0
1998-06-15,14.255157880715124,14.354844299461384,13.956098624476345,13.989327430725098,83100,0.0,0.0
1998-06-16,14.022548916143014,14.487751960754395,14.022548916143014,14.487751960754395,68600,0.0,0.0
1998-06-17,14.487759792180158,14.687132633356951,14.487759792180158,14.587446212768555,27800,0.0,0.0
1998-06-18,14.520985151941428,14.520985151941428,14.188697162194485,14.321612358093262,97300,0.0,0.0
1998-06-19,14.288383559118568,14.354841157067955,14.188697162194485,14.321612358093262,87100,0.0,0.0
1998-06-22,14.3216125822287,14.520985379197082,14.25515498323924,14.42129898071289,20700,0.0,0.0
1998-06-23,14.653900803363024,14.753587203385901,14.487756803324894,14.52098560333252,57200,0.0,0.0
1998-06-24,14.487756376867894,14.786815568133516,14.487756376867894,14.753586769104004,56300,0.0,0.0
1998-06-25,14.720357894897461,14.98618828577597,14.687129096037648,14.720357894897461,63300,0.0,0.0
1998-06-26,14.853269824981691,14.986184991200766,14.786812241872152,14.952956199645996,85500,0.0,0.0
1998-06-29,14.886508353481208,15.202182079726903,14.886508353481208,15.085881233215332,72300,0.0,0.0
1998-06-30,15.195172464239624,15.228495210871728,14.86194499791858,15.028558731079102,132600,0.08,0.0
1998-07-01,15.128529614783508,15.195175119694447,14.795302090228805,14.895270347595215,45300,0.0,0.0
1998-07-02,14.895276319926682,14.895276319926682,14.662016959211945,14.728662490844727,24900,0.0,0.0
1998-07-06,14.695332649868176,14.928591898278782,14.695332649868176,14.761978149414062,61300,0.0,0.0
1998-07-07,14.761978924274445,14.761978924274445,14.228814899921417,14.395428657531738,117300,0.0,0.0
1998-07-08,14.428751409053802,14.595365166664124,14.362105906009674,14.395428657531738,58700,0.0,0.0
1998-07-09,14.39542811984529,14.495396370677549,14.362105369567871,14.362105369567871,36900,0.0,0.0
1998-07-10,14.395430891481166,14.662012945027111,14.395430891481166,14.595367431640625,27900,0.0,0.0
1998-07-13,14.795301735806628,14.82862448746385,14.695333480834961,14.695333480834961,69800,0.0,0.0
1998-07-14,14.7286584584136,14.82862672849333,14.595367431640625,14.595367431640625,23100,0.0,0.0
1998-07-15,14.72865539964112,14.761978149414062,14.528718901003456,14.761978149414062,49700,0.0,0.0
1998-07-16,14.761981424503459,14.761981424503459,14.328785581346473,14.428753852844238,42500,0.0,0.0
1998-07-17,14.56204004721208,14.76197652383284,14.56204004721208,14.662008285522461,61800,0.0,0.0
1998-07-20,14.528716497311647,14.695330218611092,14.495393753051758,14.495393753051758,75900,0.0,0.0
1998-07-21,14.162161917913528,14.228807385762533,13.895580046517509,13.995548248291016,333200,0.0,0.0
1998-07-22,13.862267919333584,13.928913438176535,13.69565412222621,13.82894515991211,251500,0.0,0.0
1998-07-23,13.762299221329373,13.762299221329373,13.562362670898438,13.562362670898438,170000,0.0,0.0
1998-07-24,13.595685429303593,13.695653704519062,13.395748878872658,13.562362670898438,69000,0.0,0.0
1998-07-27,13.462400802650357,13.462400802650357,12.929236414426581,13.362432479858398,74400,0.0,0.0
1998-07-28,13.36241630372547,13.995548248291016,13.262448101951962,13.995548248291016,174500,0.0,0.0
1998-07-29,13.96223619759801,13.995558957019485,13.795622400490634,13.82894515991211,88700,0.0,0.0
1998-07-30,13.795616802179588,14.128844261169434,13.762294056280604,14.128844261169434,67000,0.0,0.0
1998-07-31,14.062198789857273,14.22881251959492,13.795616822277042,13.895585060119629,133300,0.0,0.0
1998-08-03,13.828940035691902,13.828940035691902,13.362421576656512,13.395744323730469,73100,0.0,0.0
1998-08-04,13.429064750671387,13.562355715938597,13.395742009354585,13.429064750671387,43500,0.0,0.0
1998-08-05,13.529039914883562,13.529039914883562,13.129166813951043,13.262457847595215,70700,0.0,0.0
1998-08-06,13.229134263502647,13.695652852140022,13.195811507171406,13.629007339477539,34800,0.0,0.0
1998-08-07,13.695648564482635,14.162167007068419,13.695648564482635,14.128844261169434,109000,0.0,0.0
1998-08-10,13.928906991643814,13.928906991643814,13.462388575655742,13.728970527648926,66900,0.0,0.0
1998-08-11,13.629008732941516,13.629008732941516,13.195812856344352,13.295781135559082,60100,0.0,0.0
1998-08-12,13.429068747349984,13.828941762159412,13.429068747349984,13.795619010925293,63800,0.0,0.0
1998-08-13,13.828941762159412,13.86226451339353,13.728973508457054,13.795619010925293,56100,0.0,0.0
1998-08-14,13.86227409381819,13.86227409381819,13.362432479858398,13.362432479858398,66400,0.0,0.0
1998-08-17,13.262454497508514,13.362422747489733,12.929226997571114,12.995872497558594,114800,0.0,0.0
1998-08-18,13.06252181739138,13.295781135559082,12.929230778438406,13.295781135559082,107700,0.0,0.0
1998-08-19,13.495717156472518,13.495717156472518,13.195812330773128,13.262457847595215,50800,0.0,0.0
1998-08-20,13.329102386239255,13.329102386239255,12.929229314652078,12.962552070617676,58600,0.0,0.0
1998-08-21,12.895907826991897,12.92923058623477,12.629325753048912,12.862585067749023,50500,0.0,0.0
1998-08-24,12.995876104720516,13.129167141692008,12.862585067749023,12.862585067749023,25600,0.0,0.0
1998-08-25,12.929228749942025,13.029197013472505,12.629323959350586,12.629323959350586,49800,0.0,0.0
1998-08-26,12.562675236352806,12.562675236352806,12.162802284532559,12.196125030517578,42200,0.0,0.0
1998-08-27,12.062832832336426,12.19612380285948,12.029510089705663,12.062832832336426,64900,0.0,0.0
1998-08-28,12.062833241808779,12.196124216856388,11.996187754284973,12.029510498046875,38500,0.0,0.0
1998-08-31,12.029519355225707,12.029519355225707,11.09648184290903,11.129804611206055,176200,0.0,0.0
1998-09-01,11.196439190764925,11.49634381194613,11.163116455078125,11.163116455078125,94200,0.0,0.0
1998-09-02,11.163118097203723,11.36305454073573,11.06314987543772,11.263086318969727,127600,0.0,0.0
1998-09-03,11.263089648160067,11.263089648160067,10.99650764465332,10.99650764465332,94200,0.0,0.0
1998-09-04,10.99650964648362,11.196446185510593,10.696604837943157,10.763250350952148,88400,0.0,0.0
1998-09-08,10.963185817520053,11.662963635659631,10.963185817520053,11.529672622680664,118700,0.0,0.0
1998-09-09,11.596320152282715,11.596320152282715,11.36306083887473,11.596320152282715,61300,0.0,0.0
1998-09-10,11.4630238645702,11.562992095947266,11.263087401816069,11.562992095947266,139000,0.0,0.0
1998-09-11,11.562992221853706,11.929542407560884,11.562992221853706,11.862896919250488,127900,0.0,0.0
1998-09-14,11.796255361156827,12.429387711049426,11.796255361156827,12.229451179504395,66600,0.0,0.0
1998-09-15,12.162802855173748,12.162802855173748,11.99618911743164,11.99618911743164,75900,0.0,0.0
1998-09-16,11.99618789587128,11.99618789587128,11.762928686784894,11.862896919250488,29900,0.0,0.0
1998-09-17,11.762932243672283,11.829577752135016,11.562995718284087,11.729609489440918,33500,0.0,0.0
1998-09-18,12.06283599088451,12.096158742240544,11.896222234104338,11.962867736816406,35100,0.0,0.0
1998-09-21,11.862898450578962,11.896221199035644,11.629639211382184,11.662961959838867,27600,0.0,0.0
1998-09-22,11.662966223324046,11.662966223324046,11.129802053114947,11.32973861694336,243000,0.0,0.0
1998-09-23,11.29641316894792,11.69628620147705,11.163122158104876,11.69628620147705,163200,0.0,0.0
1998-09-24,11.56299472054399,12.129481493596579,11.56299472054399,11.962867736816406,63600,0.0,0.0
1998-09-25,11.862896376551845,12.162801060228716,11.796250891290317,12.062832832336426,57400,0.0,0.0
1998-09-28,12.029515485712551,12.496034091806667,12.029515485712551,12.462711334228516,77400,0.0,0.0
1998-09-29,12.462707261781434,12.462707261781434,12.329416275024414,12.329416275024414,24700,0.0,0.0
1998-09-30,12.262770522487621,12.262770522487621,12.162802284532559,12.196125030517578,20200,0.0,0.0
1998-10-01,12.196128198923159,12.262773708206891,12.096159934997559,12.096159934997559,16700,0.0,0.0
1998-10-02,12.029511300592475,12.2294477765026,11.896220316652393,12.196125030517578,56500,0.0,0.0
1998-10-05,12.162804739427703,12.162804739427703,11.596317943344769,11.69628620147705,45500,0.0,0.0
1998-10-06,11.829577752135016,11.896223260597749,11.629641226746818,11.729609489440918,59500,0.0,0.0
1998-10-07,11.839307881203018,11.939640998840332,11.738974763565704,11.939640998840332,61600,0.08,0.0
1998-10-08,11.738973952628472,11.738973952628472,11.103530918155705,11.136975288391113,63800,0.0,0.0
1998-10-09,11.203860810579416,11.638637498751153,11.203860810579416,11.605193138122559,106700,0.0,0.0
1998-10-12,11.672081312436736,11.9061918258667,11.672081312436736,11.9061918258667,28200,0.0,0.0
1998-10-13,11.939639128786226,11.97308349609375,11.638639823018506,11.97308349609375,45200,0.0,0.0
1998-10-14,11.939643191254659,12.307531356811523,11.939643191254659,12.307531356811523,26600,0.0,0.0
1998-10-15,12.240641735313394,12.40786361694336,12.073419853683431,12.40786361694336,52100,0.0,0.0
1998-10-16,12.374411372395304,12.876076698303223,12.374411372395304,12.876076698303223,124000,0.0,0.0
1998-10-19,12.842632343242695,13.177075893847974,12.842632343242695,12.876076698303223,90100,0.0,0.0
1998-10-20,12.87607968468027,13.076745861584378,12.87607968468027,12.976412773132324,72500,0.0,0.0
1998-10-21,12.97641493398932,13.310858617855024,12.97641493398932,13.210525512695312,149800,0.0,0.0
1998-10-22,13.243972334965667,14.11352607413008,13.177083585799174,13.81252670288086,110500,0.0,0.0
1998-10-23,13.745630839326541,13.745630839326541,13.478075981140137,13.478075981140137,26600,0.0,0.0
1998-10-26,13.377748815024772,13.71219253540039,13.377748815024772,13.71219253540039,29300,0.0,0.0
1998-10-27,13.845970590537952,14.314191818237305,13.812526217130856,14.314191818237305,104600,0.0,0.0
1998-10-28,14.213855969103749,14.514855271978886,14.213855969103749,14.414522171020508,46400,0.0,0.0
1998-10-29,14.347633658612073,14.682077333637997,14.347633658612073,14.615188598632812,29500,0.0,0.0
1998-10-30,14.548299170337032,14.682076633972315,14.013189315795898,14.013189315795898,70300,0.0,0.0
1998-11-02,14.04663358415876,14.849298360396403,14.04663358415876,14.7489652633667,75500,0.0,0.0
1998-11-03,14.782407498140948,14.782407498140948,14.54829697215229,14.581741333007812,17200,0.0,0.0
1998-11-04,14.514850616455078,14.548294972714192,14.481406260195966,14.514850616455078,40000,0.0,0.0
1998-11-05,14.514852783896705,14.882740757682106,14.44796406139027,14.715518951416016,72800,0.0,0.0
1998-11-06,14.782410436145774,14.849299171150959,14.615188598632812,14.615188598632812,43700,0.0,0.0
1998-11-09,14.514855309768958,14.61518841098856,14.314189107329756,14.447966575622559,52000,0.0,0.0
1998-11-10,14.381079967038236,14.715523687201916,14.3141912230055,14.682079315185547,43000,0.0,0.0
1998-11-11,14.682076723586285,14.916187286376953,14.682076723586285,14.916187286376953,26000,0.0,0.0
1998-11-12,14.882745514177296,15.016523001945183,14.648634910583496,14.648634910583496,67100,0.0,0.0
1998-11-13,14.615192211505978,14.715525338816088,14.381081581115723,14.381081581115723,31400,0.0,0.0
1998-11-16,14.347636191644401,14.414524938458593,14.247303071423111,14.314191818237305,46700,0.0,0.0
1998-11-17,14.314189291109482,14.615188598632812,14.247300556104298,14.615188598632812,49800,0.0,0.0
1998-11-18,14.615188961327743,14.94963264465332,14.615188961327743,14.94963264465332,87800,0.0,0.0
1998-11-19,14.949639212491826,14.949639212491826,14.648639765260446,14.782417297363281,51500,0.0,0.0
1998-11-20,14.715518951416016,14.849296396428889,14.715518951416016,14.715518951416016,33800,0.0,0.0
1998-11-23,14.682079282525468,14.748968026409411,14.581746166699554,14.648634910583496,27900,0.0,0.0
1998-11-24,14.64862804149153,14.748961110268871,14.447961903936852,14.514850616455078,34100,0.0,0.0
1998-11-25,14.514855271978886,14.514855271978886,14.414522171020508,14.414522171020508,31700,0.0,0.0
1998-11-27,14.41452595688576,14.41452595688576,14.31419282957565,14.381081581115723,48200,0.0,0.0
1998-11-30,14.38107524926846,14.38107524926846,13.879409833596304,13.912854194641113,102000,0.0,0.0
1998-12-01,13.979743916353733,13.979743916353733,13.779077735736216,13.94629955291748,88200,0.0,0.0
1998-12-02,13.979742916730736,13.99646509725314,13.879409833596304,13.912854194641113,22500,0.0,0.0
1998-12-03,13.912857248813292,14.013190353973004,13.210525512695312,13.210525512695312,66700,0.0,0.0
1998-12-04,13.210527815070806,13.645304679870605,13.177083440855437,13.645304679870605,105500,0.0,0.0
1998-12-07,13.578415870666504,13.578415870666504,13.377749626272417,13.578415870666504,74900,0.0,0.0
1998-12-08,13.57841507941847,14.247302521754355,13.57841507941847,13.745636940002441,62800,0.0,0.0
1998-12-09,13.712191719939742,13.912857940231545,13.611858609793842,13.845969200134277,41200,0.0,0.0
1998-12-10,13.912858734503935,13.979747478419819,13.67874813079834,13.67874813079834,25100,0.0,0.0
1998-12-11,13.745636874714224,13.779081246672167,13.645303758840397,13.67874813079834,14100,0.0,0.0
1998-12-14,13.544967530378655,13.544967530378655,13.377745709015956,13.444634437561035,34100,0.0,0.0
1998-12-15,13.444644913709075,13.444644913709075,13.377756133043855,13.411200523376465,34900,0.0,0.0
1998-12-16,13.478078801833576,13.511523166106114,13.377745709015956,13.444634437561035,29600,0.0,0.0
1998-12-17,13.411200523376465,13.81253320736778,13.411200523376465,13.411200523376465,72800,0.0,0.0
1998-12-18,13.444634437561035,13.511523166106114,13.411190073288495,13.444634437561035,57800,0.0,0.0
1998-12-21,13.444632970013664,13.77907657623291,13.444632970013664,13.77907657623291,52500,0.0,0.0
1998-12-22,13.845969200134277,13.97974668032881,13.745636089988377,13.845969200134277,34100,0.0,0.0
1998-12-23,13.845965472551493,14.113520360909977,13.57841058419301,13.912854194641113,67100,0.0,0.0
1998-12-24,13.912854194641113,13.912854194641113,13.845965472551493,13.912854194641113,33100,0.0,0.0
1998-12-28,13.91285912158087,14.44796908779552,13.91285912158087,14.08008098602295,49800,0.0,0.0
1998-12-29,14.01319155659709,14.347635269165039,14.01319155659709,14.347635269165039,72600,0.0,0.0
1998-12-30,14.314189107329756,14.447966575622559,14.280744740256557,14.447966575622559,34100,0.0,0.0
1998-12-31,14.44796890087342,14.882745742797852,14.44796890087342,14.882745742797852,71800,0.0,0.0
1999-01-04,14.983074315107054,15.718850285938204,14.983074315107054,15.083407402038574,110300,0.0,0.0
1999-01-05,15.083417001799866,15.284083303375917,15.083417001799866,15.18375015258789,21500,0.0,0.0
1999-01-06,15.250638919779908,15.250638919779908,15.083417001799866,15.18375015258789,50800,0.0,0.0
1999-01-07,15.159595932279315,15.226673790386744,14.958362357957022,15.025440216064453,70900,0.08,0.0
1999-01-08,15.025440216064453,15.025440216064453,14.75712878363473,15.025440216064453,55900,0.0,0.0
1999-01-11,14.991899172465008,15.025438096788195,14.488815307617188,14.790665626525879,78800,0.0,0.0
1999-01-12,14.656509504405731,14.757126274458859,14.589431657703646,14.622970581054688,28600,0.0,0.0
1999-01-13,14.522353811001558,14.656509504405731,14.42173704094843,14.622970581054688,70700,0.0,0.0
1999-01-14,14.48881234748259,14.589429099895662,14.48881234748259,14.522351264953613,53300,0.0,0.0
1999-01-15,14.488814783860125,14.656509399414062,14.488814783860125,14.656509399414062,84400,0.0,0.0
1999-01-19,14.656516785502161,14.757133605539934,14.55589996546439,14.723594665527344,36500,0.0,0.0
1999-01-20,14.891281861189572,14.92482078430036,14.421736937638551,14.656509399414062,38300,0.0,0.0
1999-01-21,14.589431553192487,14.656509399414062,14.254042322084613,14.656509399414062,36600,0.0,0.0
1999-01-22,14.589430912299092,14.656508755574029,14.488814147386684,14.555891990661621,50500,0.0,0.0
1999-01-25,14.488815939015355,14.589432716369629,14.421738087445839,14.589432716369629,26100,0.0,0.0
1999-01-26,14.52235245921395,14.891280581734398,14.52235245921395,14.757124900817871,110500,0.0,0.0
1999-01-27,14.690047677211497,14.690047677211497,14.522353069024152,14.555891990661621,22300,0.0,0.0
1999-01-28,14.622970476303275,14.690048322524849,14.555892630081699,14.656509399414062,120200,0.0,0.0
1999-01-29,14.690055725514753,14.757133605539934,14.55589996546439,14.723594665527344,44400,0.0,0.0
1999-02-01,14.723594665527344,14.824211485565115,14.690055725514753,14.723594665527344,54700,0.0,0.0
1999-02-02,14.824205783375522,15.327289690051161,14.690050074928685,15.293750762939453,111500,0.0,0.0
1999-02-03,15.39437059506978,15.39437059506978,14.622975118628375,14.69005298614502,189700,0.0,0.0
1999-02-04,14.690045852308735,14.690045852308735,14.321117760127466,14.522351264953613,98800,0.0,0.0
1999-02-05,14.555889044368968,14.589427959217744,14.25403881072998,14.25403881072998,157900,0.0,0.0
1999-02-08,14.254044682146555,14.254044682146555,13.885116466843938,13.918655395507812,100900,0.0,0.0
1999-02-09,13.985727970940726,14.119883634930565,13.750955558958507,14.086344718933105,55400,0.0,0.0
1999-02-10,14.086352202851893,14.086352202851893,13.717423930872439,13.851579666137695,28400,0.0,0.0
1999-02-11,13.851575092296695,13.918652937779973,13.449108019397034,13.482646942138672,133200,0.0,0.0
1999-02-12,13.482649854121316,13.482649854121316,13.013104834326047,13.18079948425293,59100,0.0,0.0
1999-02-16,13.281413286470519,13.314952208911102,12.946024062064698,13.214335441589355,44400,0.0,0.0
1999-02-17,13.214338352153828,13.314955141637233,12.912487983703613,12.912487983703613,45500,0.0,0.0
1999-02-18,12.878949666760631,13.013105392456055,12.845410735336776,13.013105392456055,72300,0.0,0.0
1999-02-19,13.013106149644708,13.348495483398438,12.845411482767844,13.348495483398438,166500,0.0,0.0
1999-02-22,13.415573383199757,13.78450165123775,13.415573383199757,13.616806983947754,59500,0.0,0.0
1999-02-23,13.750959405875266,13.952192958156367,13.449109077453613,13.449109077453613,63500,0.0,0.0
1999-02-24,13.717422364018951,13.717422364018951,13.18079948425293,13.18079948425293,104500,0.0,0.0
1999-02-25,13.214336717220219,13.214336717220219,13.080181014507323,13.113719940185547,54900,0.0,0.0
1999-02-26,13.147260222772154,13.281415939331055,12.744793073095456,13.281415939331055,106500,0.0,0.0
1999-03-01,13.281416500315945,13.952195111443014,13.281416500315945,13.683883666992188,100800,0.0,0.0
1999-03-02,13.683880478588504,14.019269706004888,13.482646942138672,13.482646942138672,45500,0.0,0.0
1999-03-03,13.482646056583949,13.516184977122714,13.113717930657522,13.147256851196289,55900,0.0,0.0
1999-03-04,13.180797154116691,13.415569622510628,13.147258230060414,13.314952850341797,50100,0.0,0.0
1999-03-05,13.415576443813816,13.616810090471022,13.415576443813816,13.549732208251953,19300,0.0,0.0
1999-03-08,13.482646942138672,13.717419401330142,13.482646942138672,13.482646942138672,36000,0.0,0.0
1999-03-09,13.482646056583949,13.549723897661481,13.113717930657522,13.147256851196289,51700,0.0,0.0
1999-03-10,13.281416326761246,13.348494186997414,12.81187130510807,12.878949165344238,98600,0.0,0.0
1999-03-11,12.811871960796887,13.247878074645996,12.811871960796887,13.247878074645996,37400,0.0,0.0
1999-03-12,13.214334728251194,13.314951490141432,12.476478474389452,12.510017395019531,92600,0.0,0.0
1999-03-15,12.510020292722261,13.080182075500488,12.476481364323542,13.080182075500488,113700,0.0,0.0
1999-03-16,13.080182632842622,13.214338352153828,12.778332264392407,12.912487983703613,37900,0.0,0.0
1999-03-17,13.013104328459518,13.180798971867501,12.912487542414727,13.046643257141113,23200,0.0,0.0
1999-03-18,12.878946217183534,13.214335441589355,12.677712682540042,13.214335441589355,43600,0.0,0.0
1999-03-19,12.87894469734252,12.946022534307845,12.711250104929206,12.778327941894531,70500,0.0,0.0
1999-03-22,12.811866860377194,12.946022534307845,12.677711186446544,12.778327941894531,45200,0.0,0.0
1999-03-23,12.77833605697996,12.77833605697996,12.476485598941064,12.644180297851562,49100,0.0,0.0
1999-03-24,12.644177323295956,12.677716255187988,12.476482663835798,12.677716255187988,27500,0.0,0.0
1999-03-25,12.644176545081201,13.080182632842622,12.577098685425597,12.912487983703613,51800,0.0,0.0
1999-03-26,12.878948505108173,13.247876717494083,12.878948505108173,13.080182075500488,42300,0.0,0.0
1999-03-29,13.247881213929356,13.281420153711455,12.610641358069463,12.644180297851562,68000,0.0,0.0
1999-03-30,12.577094682833042,12.577094682833042,12.241705491290828,12.375861167907715,256900,0.0,0.0
1999-03-31,12.442941557976509,12.744791892267044,12.442941557976509,12.476480484008789,55000,0.0,0.0
1999-04-01,12.476482663835798,12.811871982756115,12.409404800051734,12.677716255187988,44300,0.0,0.0
1999-04-05,12.711252212524414,12.878946832742415,12.644174364437214,12.711252212524414,44000,0.0,0.0
1999-04-06,12.677719237633662,12.77833605697996,12.577102418287362,12.644180297851562,55600,0.0,0.0
1999-04-07,12.653598963071222,12.788211717997513,12.249760698292354,12.283413887023926,68100,0.08,0.0
1999-04-08,12.3507207516701,12.518986701965332,12.317067561611053,12.518986701965332,48300,0.0,0.0
1999-04-09,12.586289012838849,12.889167625447271,12.552635833660135,12.821861267089844,51400,0.0,0.0
1999-04-12,12.687251539488097,12.687251539488097,12.317066481306746,12.451679229736328,57400,0.0,0.0
1999-04-13,12.720906125582182,13.192050796900041,12.619946553156927,13.124744415283203,83000,0.0,0.0
1999-04-14,13.259351522100179,13.730495992428612,13.124738816292055,13.562230110168457,144900,0.0,0.0
1999-04-15,13.595886078640003,13.730498812091884,13.494926528551092,13.528579711914062,107700,0.0,0.0
1999-04-16,13.663194585729528,13.730500962999132,13.49492864255552,13.629541397094727,54400,0.0,0.0
1999-04-19,13.730493757459852,15.076620596426503,13.730493757459852,14.538169860839844,259100,0.0,0.0
1999-04-20,14.437216682893684,14.470869868634695,13.966072082519531,13.966072082519531,60500,0.0,0.0
1999-04-21,13.999728202819824,14.268953745181745,13.966075010024586,13.999728202819824,50800,0.0,0.0
1999-04-22,14.067030906677246,14.235296826613576,13.797805434779116,14.067030906677246,38600,0.0,0.0
1999-04-23,14.06703541704998,14.06703541704998,13.898769443161822,13.932422637939453,25700,0.0,0.0
1999-04-26,13.966070822555652,13.999724005260607,13.83145809173584,13.83145809173584,35900,0.0,0.0
1999-04-27,13.764156664051296,13.999729027494716,13.696850274496033,13.932422637939453,38800,0.0,0.0
1999-04-28,13.932420661316657,14.033380231326197,13.831461091307116,13.898767471313477,23500,0.0,0.0
1999-04-29,13.966074330466133,13.999727521623884,13.562236036573138,13.663195610046387,40700,0.0,0.0
1999-04-30,13.73050449371338,13.797810888290405,13.461278915405273,13.461278915405273,48100,0.0,0.0
1999-05-03,13.393969076651114,13.663194585729528,13.192049944842303,13.629541397094727,148900,0.0,0.0
1999-05-04,13.730501521297574,13.932420661316657,13.730501521297574,13.898767471313477,47500,0.0,0.0
1999-05-05,13.898767948150635,14.134340286254883,13.595889227730886,13.663195610046387,42200,0.0,0.0
1999-05-06,13.595888761284852,14.067033421329377,13.595888761284852,13.898767471313477,19200,0.0,0.0
1999-05-07,13.999719267909967,14.06702561054415,13.764147068690328,13.865106582641602,41500,0.0,0.0
1999-05-10,13.999725268260542,14.134338011224585,13.898765711037509,13.966072082519531,36800,0.0,0.0
1999-05-11,13.966075832717085,14.403567364826296,13.932422637939453,13.932422637939453,70500,0.0,0.0
1999-05-12,13.999727041323016,13.999727041323016,13.865114281310296,13.898767471313477,21200,0.0,0.0
1999-05-13,13.865115431638865,14.033381395615065,13.865115431638865,13.999728202819824,26100,0.0,0.0
1999-05-14,14.06703284934715,14.06703284934715,13.629541397094727,13.629541397094727,49700,0.0,0.0
1999-05-17,13.629536677133009,13.629536677133009,13.19204537638553,13.25935173034668,33500,0.0,0.0
1999-05-18,13.25935682816939,13.25935682816939,12.88917173905806,12.956478118896484,89200,0.0,0.0
1999-05-19,13.023783166899936,13.225702285766602,12.990129980422157,13.225702285766602,51200,0.0,0.0
1999-05-20,13.259354170421116,13.494926452636719,13.259354170421116,13.494926452636719,40800,0.0,0.0
1999-05-21,13.528586680531795,13.730505884718836,13.528586680531795,13.696852684020996,58300,0.0,0.0
1999-05-24,13.73050449371338,13.797810888290405,13.461278915405273,13.461278915405273,44900,0.0,0.0
1999-05-25,13.461278853261081,13.528585247527387,13.393972458994776,13.42762565612793,30400,0.0,0.0
1999-05-26,13.427623478370377,13.427623478370377,13.293010711669922,13.293010711669922,28300,0.0,0.0
1999-05-27,13.461273543688716,13.494926727547938,13.15839488895572,13.192048072814941,44900,0.0,0.0
1999-05-28,13.19205327619586,13.528585247527387,13.091093684796402,13.42762565612793,49200,0.0,0.0
1999-06-01,13.42762066378738,13.4612738484084,13.259354740682275,13.326661109924316,48900,0.0,0.0
1999-06-02,13.326663903345034,13.326663903345034,13.158397944969467,13.293010711669922,47300,0.0,0.0
1999-06-03,13.293008658722156,13.293008658722156,13.192049099288823,13.225702285766602,78900,0.0,0.0
1999-06-04,13.192049099288823,13.225702285766602,13.09108953985549,13.225702285766602,22600,0.0,0.0
1999-06-07,13.19204537638553,13.25935173034668,13.124739022424379,13.25935173034668,40400,0.0,0.0
1999-06-08,13.2930100180886,13.360316397927024,12.88917173905806,12.956478118896484,126000,0.0,0.0
1999-06-09,12.92282485961914,12.92282485961914,12.754558910926182,12.92282485961914,49400,0.0,0.0
1999-06-10,12.855517885065936,13.091090202331543,12.65359875598113,13.091090202331543,102400,0.0,0.0
1999-06-11,13.091091018006475,13.158397398561778,12.956478256895869,13.023784637451172,46600,0.0,0.0
1999-06-14,13.023780342162125,13.091086700519552,12.68724855037499,12.821861267089844,66900,0.0,0.0
1999-06-15,12.889171669880549,12.990131239096323,12.720905721187592,12.92282485961914,75900,0.0,0.0
1999-06-16,13.192049232183718,13.730500221252441,13.192049232183718,13.730500221252441,161800,0.0,0.0
1999-06-17,13.730493897373236,13.865106582641602,13.663187554739054,13.865106582641602,78900,0.0,0.0
1999-06-18,13.797804755511669,13.797804755511669,13.595885661528571,13.764151573181152,111600,0.0,0.0
1999-06-21,13.730499066804585,14.067030906677246,13.730499066804585,14.067030906677246,104500,0.0,0.0
1999-06-22,14.067034436163501,14.504525937766672,14.067034436163501,14.403566360473633,227400,0.0,0.0
1999-06-23,14.336260108060616,14.47087287902832,14.30260691531869,14.47087287902832,47400,0.0,0.0
1999-06-24,14.538169860839844,14.538169860839844,14.302597664020679,14.538169860839844,134800,0.0,0.0
1999-06-25,14.470868988748476,14.470868988748476,14.369909437664184,14.437215805053711,68300,0.0,0.0
1999-06-28,14.47086351889151,14.57182303181401,14.47086351889151,14.538169860839844,37600,0.0,0.0
1999-06-29,14.538180730114245,14.740099906921387,14.470874337845197,14.740099906921387,65500,0.0,0.0
1999-06-30,14.653657009727077,14.923770502993936,14.586128636410363,14.754949569702148,104900,0.09,0.0
1999-07-01,14.721184015274048,14.721184015274048,14.586127281188965,14.586127281188965,38800,0.0,0.0
1999-07-02,14.586125738609772,14.721182458411715,14.451069018807829,14.653654098510742,48800,0.0,0.0
1999-07-06,14.58612692189771,14.653655287276866,14.451070191139397,14.518598556518555,78000,0.0,0.0
1999-07-07,14.518604589786841,14.58613298322771,14.383547802905102,14.484840393066406,61600,0.0,0.0
1999-07-08,14.48484137304898,14.721190766082414,14.417312975039428,14.687426567077637,55600,0.0,0.0
1999-07-09,14.687419255574545,15.328938717312283,14.687419255574545,15.19388198852539,86100,0.0,0.0
1999-07-12,15.092590034008026,15.126354217529297,14.923769116401672,15.126354217529297,69200,0.0,0.0
1999-07-13,15.193891210177922,15.531533237070764,15.126362804799353,15.328948020935059,103800,0.0,0.0
1999-07-14,15.261404991149902,15.328933331818707,15.2276408208155,15.261404991149902,18600,0.0,0.0
1999-07-15,15.328948020935059,15.464004831692195,15.160127007488638,15.328948020935059,106100,0.0,0.0
1999-07-16,15.328933331818707,15.36269750215311,15.193876650481098,15.261404991149902,67800,0.0,0.0
1999-07-19,15.261419615556491,15.599061642449334,15.261419615556491,15.328948020935059,108000,0.0,0.0
1999-07-20,15.328939736810478,15.430232290137418,15.227647183483535,15.295175552368164,166000,0.0,0.0
1999-07-21,15.32893998160925,15.430232536553806,15.126354871720142,15.16011905670166,208400,0.0,0.0
1999-07-22,15.160118401050568,15.22764676809311,14.721184015274048,15.126354217529297,68400,0.0,0.0
1999-07-23,15.126355622944079,15.126355622944079,14.687421196385435,14.754949569702148,43200,0.0,0.0
1999-07-26,14.7549478353456,14.822476200724756,14.518598556518555,14.518598556518555,74200,0.0,0.0
1999-07-27,14.586134314267953,15.025068911688054,14.552370114466406,14.957540512084961,151600,0.0,0.0
1999-07-28,15.025061666965485,15.29517513513565,15.025061666965485,15.126354217529297,112700,0.0,0.0
1999-07-29,15.126356382627744,15.126356382627744,14.923771252503267,14.991299629211426,26500,0.0,0.0
1999-07-30,14.923776312283415,15.0588331114896,14.890012112481868,14.957540512084961,38700,0.0,0.0
1999-08-02,14.890003358164142,14.957531718065113,14.586125738609772,14.653654098510742,76000,0.0,0.0
1999-08-03,14.721192353224028,14.721192353224028,14.248493516193898,14.417314529418945,60000,0.0,0.0
1999-08-04,14.417307449178107,14.518600007369054,14.248486518859863,14.248486518859863,44500,0.0,0.0
1999-08-05,14.24848846435547,14.349781036376953,14.045903320312501,14.349781036376953,39600,0.0,0.0
1999-08-06,14.417314529418945,14.518607137353973,14.248493516193898,14.417314529418945,70200,0.0,0.0
1999-08-09,14.484842934708963,14.619899745289,14.383550326773936,14.417314529418945,40400,0.0,0.0
1999-08-10,14.417307449178107,14.417307449178107,14.045901402477968,14.248486518859863,54200,0.0,0.0
1999-08-11,14.31601165348608,14.653653437766412,14.248483296630013,14.619889259338379,43400,0.0,0.0
1999-08-12,14.586133970063308,14.856247562101517,14.586133970063308,14.687426567077637,44000,0.0,0.0
1999-08-13,14.687419360334223,14.890004454959522,14.552362630584023,14.856240272521973,30600,0.0,0.0
1999-08-16,15.092587315306373,15.126351492745536,14.856238073232223,14.890002250671387,40100,0.0,0.0
1999-08-17,14.923776312283415,14.957540512084961,14.687426913672592,14.957540512084961,31300,0.0,0.0
1999-08-18,14.957537959603702,14.957537959603702,14.822481183444753,14.923773765563965,18900,0.0,0.0
1999-08-19,14.923776312283415,14.957540512084961,14.721191113474138,14.957540512084961,25000,0.0,0.0
1999-08-20,14.890007064149186,14.991299629211426,14.890007064149186,14.991299629211426,22300,0.0,0.0
1999-08-23,14.991299629211426,15.092592194273665,14.923771252503267,14.991299629211426,41100,0.0,0.0
1999-08-24,14.957531718065113,14.991295898015599,14.619889918560258,14.653654098510742,39500,0.0,0.0
1999-08-25,14.653657009727077,14.788713756360506,14.48483607643529,14.754949569702148,70600,0.0,0.0
1999-08-26,14.822480604952613,15.126358339450503,14.687423834064663,15.092594146728516,55100,0.0,0.0
1999-08-27,15.261418353070269,15.46400355244731,15.261418353070269,15.362710952758789,89900,0.0,0.0
1999-08-30,15.328944094040814,15.328944094040814,14.923773765563965,14.923773765563965,64800,0.0,0.0
1999-08-31,15.025061666965485,15.160118401050568,14.991297483444214,15.126354217529297,93600,0.0,0.0
1999-09-01,15.12635864805213,15.12635864805213,14.991301874408807,15.058830261230469,46800,0.0,0.0
1999-09-02,14.788713756360506,14.890006316335578,14.653657009727077,14.754949569702148,21800,0.0,0.0
1999-09-03,14.754948836923441,15.16011905670166,14.754948836923441,15.16011905670166,30000,0.0,0.0
1999-09-07,15.126354217529297,15.193882584571838,15.092590034008026,15.126354217529297,33400,0.0,0.0
1999-09-08,15.126358339450503,15.328943495782429,14.991301568562552,15.092594146728516,47300,0.0,0.0
1999-09-09,15.025058960428044,15.025058960428044,14.754945540914731,14.890002250671387,83100,0.0,0.0
1999-09-10,15.025066347683177,15.058830541722914,14.85624537748449,14.923773765563965,30500,0.0,0.0
1999-09-13,14.991297002272173,14.991297002272173,14.856240272521973,14.856240272521973,21100,0.0,0.0
1999-09-14,14.61989425157717,14.653658441534624,14.316016541960094,14.383544921875,51200,0.0,0.0
1999-09-15,14.45107776713821,14.55237036830974,14.316020965576172,14.316020965576172,176600,0.0,0.0
1999-09-16,14.34978675619464,14.451079368591309,14.282258347930194,14.451079368591309,27900,0.0,0.0
1999-09-17,14.451068367198213,14.653653437766412,14.451068367198213,14.619889259338379,55500,0.0,0.0
1999-09-20,14.586131161206389,14.822480508725937,14.586131161206389,14.788716316223145,81000,0.0,0.0
1999-09-21,14.82247939132189,14.82247939132189,14.248488162045188,14.383544921875,105200,0.0,0.0
1999-09-22,14.451079368591309,14.586136185120198,14.383550960326863,14.451079368591309,23100,0.0,0.0
1999-09-23,14.417308060328166,14.55236481030782,14.18095874786377,14.18095874786377,46900,0.0,0.0
1999-09-24,14.113430276585087,14.113430276585087,13.91084515299774,13.978373527526855,76000,0.0,0.0
1999-09-27,13.97837769046319,14.248491269022866,13.97837769046319,14.147198677062988,68200,0.0,0.0
1999-09-28,14.079667212257922,14.417309111832452,14.079667212257922,14.383544921875,105900,0.0,0.0
1999-09-29,14.484838824261093,14.754952368769459,14.34978205200691,14.552367210388184,103900,0.0,0.0
1999-09-30,14.619891464710236,15.160118401050568,14.619891464710236,15.126354217529297,75700,0.0,0.0
1999-10-01,15.227650441730358,15.66658493339886,15.126357866729935,15.565292358398438,177300,0.0,0.0
1999-10-04,15.599056824030969,15.734113593070198,15.430235862731934,15.430235862731934,15800,0.0,0.0
1999-10-05,15.531527824651182,15.700348779266957,15.463999442804873,15.497763633728027,100100,0.0,0.0
1999-10-06,15.4788005208147,15.715893745422363,15.4788005208147,15.715893745422363,106100,0.09,0.0
1999-10-07,15.715893745422363,15.749764206080602,15.648152824105889,15.715893745422363,24900,0.0,0.0
1999-10-08,15.546533075411942,15.614273960272124,15.478792190551758,15.478792190551758,26800,0.0,0.0
1999-10-11,15.4788005208147,15.749764206080602,15.207836835548797,15.715893745422363,49400,0.0,0.0
1999-10-12,15.851371963732673,15.885242416646632,15.377185622937251,15.614278793334961,43600,0.0,0.0
1999-10-13,15.546529828285683,15.546529828285683,14.902991556526581,14.936861991882324,81700,0.0,0.0
1999-10-14,14.936862685463646,14.970733122392135,13.81913826682351,14.902992248535156,207900,0.0,0.0
1999-10-15,14.767515961795574,15.03847955742485,14.699775062888255,15.004609107971191,54500,0.0,0.0
1999-10-18,14.970745367291329,14.970745367291329,14.361077003917474,14.733652114868164,144700,0.0,0.0
1999-10-19,14.801389166165082,14.835259621922896,14.056239139493155,14.191720962524414,101200,0.0,0.0
1999-10-20,14.19172285647247,14.530427459252243,14.157852396194492,14.462686538696289,50200,0.0,0.0
1999-10-21,14.462682694689885,14.462682694689885,14.191719084484921,14.327200889587402,54100,0.0,0.0
1999-10-22,14.428812243414264,14.496553145965505,13.954625925555579,14.327200889587402,43900,0.0,0.0
1999-10-25,14.361071340863024,14.428812243414264,14.157848633209301,14.327200889587402,37100,0.0,0.0
1999-10-26,14.428812958052939,14.49655386395929,14.293331146240234,14.293331146240234,27500,0.0,0.0
1999-10-27,14.32720159919341,14.428812958052939,14.225590240333883,14.293331146240234,159500,0.0,0.0
1999-10-28,14.394943730737106,14.76751874494442,14.394943730737106,14.598166465759277,24800,0.0,0.0
1999-10-29,14.598168379808197,14.632038840086175,14.32720469758438,14.462686538696289,84900,0.0,0.0
1999-11-01,14.394941576209986,14.733646083885516,14.394941576209986,14.428812026977539,98700,0.0,0.0
1999-11-02,14.462678466921362,14.936864646164686,14.462678466921362,14.53041934967041,81300,0.0,0.0
1999-11-03,14.496554356700969,14.69977708132762,14.361072540283203,14.361072540283203,44700,0.0,0.0
1999-11-04,14.496553615832838,14.632035425326603,14.25946044921875,14.25946044921875,37000,0.0,0.0
1999-11-05,14.394942258712515,14.598164972953162,14.157849092098425,14.25946044921875,47400,0.0,0.0
1999-11-08,14.361068779063002,14.632032340932115,14.225586998128446,14.496550559997559,28900,0.0,0.0
1999-11-09,14.530420556179314,14.632031888740007,14.428809223618618,14.564291000366211,24900,0.0,0.0
1999-11-10,14.49655509824819,14.903000568292534,14.428814186574135,14.598166465759277,41300,0.0,0.0
1999-11-11,14.530418317458208,14.63202963436351,14.361066122616037,14.394936561584473,21900,0.0,0.0
1999-11-12,14.496550111992415,14.564291000366211,14.259457002684128,14.564291000366211,35600,0.0,0.0
1999-11-15,14.564295781922231,14.699777603149414,14.428813960695047,14.699777603149414,62300,0.0,0.0
1999-11-16,14.699769626964223,15.038473996249113,14.699769626964223,14.902992248535156,40800,0.0,0.0
1999-11-17,14.767518513763006,14.835259424376599,14.632036692535822,14.699777603149414,24200,0.0,0.0
1999-11-18,14.598166237229027,14.767518513763006,14.361073050081455,14.699777603149414,53700,0.0,0.0
1999-11-19,14.699776185761898,14.86912844596653,14.42881256943449,14.76751708984375,46900,0.0,0.0
1999-11-22,14.835254553861397,14.93686588642209,14.530420556179314,14.564291000366211,65000,0.0,0.0
1999-11-23,14.632032340932115,14.632032340932115,14.293327888595723,14.496550559997559,34700,0.0,0.0
1999-11-24,14.530423379280197,14.598164280815304,14.293330223907327,14.428812026977539,33300,0.0,0.0
1999-11-26,14.428809223618618,14.564291000366211,14.327197891057924,14.564291000366211,18600,0.0,0.0
1999-11-29,14.462683163459397,14.496553615832838,14.225589996845308,14.25946044921875,34800,0.0,0.0
1999-11-30,14.293326260048747,14.53041934967041,14.293326260048747,14.53041934967041,26700,0.0,0.0
1999-12-01,14.530420556179314,14.665902332926905,14.428809223618618,14.564291000366211,38500,0.0,0.0
1999-12-02,14.428809223618618,14.59816144455311,14.428809223618618,14.564291000366211,28200,0.0,0.0
1999-12-03,14.632036692535822,14.767518513763006,14.598166237229027,14.699777603149414,33700,0.0,0.0
1999-12-06,14.598165719014293,14.69977708132762,14.29333163207432,14.361072540283203,44000,0.0,0.0
1999-12-07,14.361070559575008,14.428811458440927,14.05623651467837,14.090106964111328,84000,0.0,0.0
1999-12-08,14.090102610868566,14.46267743952134,14.090102610868566,14.394936561584473,51600,0.0,0.0
1999-12-09,14.428812462942942,14.462682914733886,14.056237493242536,14.225589752197266,22500,0.0,0.0
1999-12-10,14.1578505067666,14.36107324131349,14.1578505067666,14.191720962524414,30600,0.0,0.0
1999-12-13,14.123978881474354,14.293331146240234,14.056237975568003,14.293331146240234,27900,0.0,0.0
1999-12-14,14.157848543784334,14.428812152277814,13.920755386352539,13.920755386352539,49800,0.0,0.0
1999-12-15,13.92075277763663,13.98849366706552,13.819141443493297,13.954623222351074,48800,0.0,0.0
1999-12-16,13.954626377857778,14.25946044921875,13.954626377857778,14.25946044921875,42800,0.0,0.0
1999-12-17,14.259465784639925,14.259465784639925,13.785279273986816,13.785279273986816,65900,0.0,0.0
1999-12-20,13.785272099059306,13.785272099059306,13.64979030938796,13.717531204223633,79800,0.0,0.0
1999-12-21,13.751404718699188,13.751404718699188,13.311088804061038,13.344959259033203,90200,0.0,0.0
1999-12-22,13.277217903137208,13.548181533813477,13.277217903137208,13.548181533813477,145400,0.0,0.0
1999-12-23,13.615925298017615,13.819148063659668,13.514313915196588,13.819148063659668,70500,0.0,0.0
1999-12-27,13.819145461260263,14.090109097755562,13.751404552136437,13.988497734069824,41200,0.0,0.0
1999-12-28,13.98849366706552,13.98849366706552,13.717530109349964,13.954623222351074,33600,0.0,0.0
1999-12-29,13.920759174248651,14.530427459252243,13.920759174248651,14.462686538696289,43200,0.0,0.0
1999-12-30,14.394942011151995,14.632035173688616,14.225589752197266,14.225589752197266,24900,0.0,0.0
1999-12-31,14.32719670142327,14.598160232419456,14.32719670142327,14.53041934967041,28200,0.0,0.0
2000-01-03,14.632040900153083,14.632040900153083,13.751408808940166,13.785279273986816,58200,0.0,0.0
2000-01-04,13.785279018122974,14.157854126720894,13.71753808928699,13.886890411376953,58200,0.0,0.0
2000-01-05,13.886885666040982,14.259460647325009,13.886885666040982,14.022367477416992,83700,0.0,0.0
2000-01-06,14.003333579809643,14.139288274759252,13.697435516173025,14.062813758850098,73100,0.09,0.0
2000-01-07,14.139286994934082,14.479173701543074,14.071309653612282,14.139286994934082,173500,0.0,0.0
2000-01-10,14.139286994934082,14.241253006916779,13.901366300307787,14.139286994934082,118900,0.0,0.0
2000-01-11,14.207268714904785,14.343223439449329,14.139291352632513,14.207268714904785,144500,0.0,0.0
2000-01-12,14.17328003376865,14.275246077177057,14.139291352632513,14.207268714904785,76500,0.0,0.0
2000-01-13,14.241251945495605,14.343217949878628,14.13928594111258,14.241251945495605,72000,0.0,0.0
2000-01-14,14.275244843187949,14.275244843187949,14.139290130395683,14.17327880859375,83500,0.0,0.0
2000-01-18,14.615131360137434,15.022995491118014,14.343221939483715,14.37721061706543,131200,0.0,0.0
2000-01-19,14.547150611877441,14.61512795118528,14.479173272569602,14.547150611877441,95900,0.0,0.0
2000-01-20,14.751087599330479,14.887042323748272,14.581144193808239,14.683110237121582,278600,0.0,0.0
2000-01-21,14.68311283262036,14.717101519732907,14.581146771282718,14.649124145507812,123800,0.0,0.0
2000-01-24,14.649117752442878,14.683106424722327,14.07131032369223,14.10529899597168,66300,0.0,0.0
2000-01-25,14.003335417603417,14.445188234178282,14.003335417603417,14.17327880859375,115000,0.0,0.0
2000-01-26,14.139282004347125,14.309225297668604,13.969338711025644,14.003327369689941,38200,0.0,0.0
2000-01-27,14.003332312290484,14.343219018899477,14.003332312290484,14.139286994934082,54100,0.0,0.0
2000-01-28,14.241253006916779,14.343219018899477,14.139286994934082,14.139286994934082,34500,0.0,0.0
2000-01-31,14.037327777481964,14.649124145507812,14.037327777481964,14.649124145507812,76600,0.0,0.0
2000-02-01,14.615131639084726,14.615131639084726,14.309233535010861,14.411199569702148,73000,0.0,0.0
2000-02-02,14.411193829227761,14.411193829227761,14.071307182312012,14.071307182312012,36500,0.0,0.0
2000-02-03,14.003335417603417,14.207267486791816,14.003335417603417,14.17327880859375,85200,0.0,0.0
2000-02-04,14.173273176386736,14.173273176386736,13.935352523545713,14.071307182312012,15900,0.0,0.0
2000-02-07,13.935355634574432,14.13928766825113,13.663446256338833,14.10529899597168,56300,0.0,0.0
2000-02-08,14.13928766825113,14.241253685089479,14.07131032369223,14.10529899597168,53200,0.0,0.0
2000-02-09,14.03731781994855,14.173272471957736,13.765408515930176,13.765408515930176,97300,0.0,0.0
2000-02-10,13.833393222407292,14.4112008017216,13.799404541271155,14.207268714904785,104400,0.0,0.0
2000-02-11,14.071312178994653,14.071312178994653,13.561482027581803,13.629459381103516,130300,0.0,0.0
2000-02-14,13.629460060596466,13.782409113645555,13.459516668319703,13.595471382141113,173200,0.0,0.0
2000-02-15,13.59546874851496,13.969344139099121,13.527491404772386,13.969344139099121,116300,0.0,0.0
2000-02-16,13.969346449835667,14.037323804822702,13.901369094848633,13.901369094848633,56200,0.0,0.0
2000-02-17,13.867380417355115,14.173278514796772,13.867380417355115,13.901369094848633,105200,0.0,0.0
2000-02-18,13.833390755439872,13.833390755439872,13.561481354841545,13.663447380065918,61700,0.0,0.0
2000-02-22,13.595465200918692,13.765408515930176,13.425521885907209,13.765408515930176,41700,0.0,0.0
2000-02-23,13.76541083095638,13.76541083095638,12.813728106840877,13.35754680633545,276400,0.0,0.0
2000-02-24,13.391532853245735,13.391532853245735,13.017657570540905,13.05164623260498,145800,0.0,0.0
2000-02-25,13.017661205090976,13.187604562859788,12.915695190429688,12.915695190429688,55000,0.0,0.0
2000-02-28,12.779735565185547,12.915690198857734,12.473837639423127,12.779735565185547,150900,0.0,0.0
2000-02-29,12.779738241465305,12.983670234680176,12.71176091039368,12.983670234680176,75000,0.0,0.0
2000-03-01,12.983670234680176,13.187602227895049,12.677772244857868,12.983670234680176,67200,0.0,0.0
2000-03-02,12.983672533537213,13.051649876644737,12.847717847322164,12.915695190429688,34100,0.0,0.0
2000-03-03,12.915690198857734,13.05164483252992,12.779735565185547,12.779735565185547,40000,0.0,0.0
2000-03-06,12.779741171482055,13.255582598079792,12.779741171482055,12.881707191467285,58000,0.0,0.0
2000-03-07,12.983673418485202,13.391537504929763,12.915696070744442,13.255582809448242,81800,0.0,0.0
2000-03-08,13.255583244034007,13.595469993881032,13.255583244034007,13.42552661895752,141800,0.0,0.0
2000-03-09,13.391538250830866,13.697436332702637,13.391538250830866,13.697436332702637,89600,0.0,0.0
2000-03-10,13.697437417507173,13.79940345287323,13.595471382141113,13.595471382141113,86600,0.0,0.0
2000-03-13,13.493505477905273,13.59547151426224,13.357550762762651,13.493505477905273,82100,0.0,0.0
2000-03-14,13.527494025230409,13.595471382141113,13.527494025230409,13.595471382141113,65900,0.0,0.0
2000-03-15,13.561481629648517,13.799402359993227,13.391538250830866,13.697436332702637,125200,0.0,0.0
2000-03-16,13.595467861567702,14.751082629800957,13.595467861567702,14.547150611877441,195500,0.0,0.0
2000-03-17,14.513162950537671,14.9210270147214,14.513162950537671,14.785072326660156,70700,0.0,0.0
2000-03-20,14.853047925273666,15.49883261767687,14.853047925273666,15.26091194152832,136500,0.0,0.0
2000-03-21,15.260913792778464,15.600800514221191,15.226925120634192,15.600800514221191,90400,0.0,0.0
2000-03-22,15.600796119389441,16.11062605793158,15.464841469111537,15.532818794250488,122100,0.0,0.0
2000-03-23,15.566813703896342,16.756417371224664,15.532825027686961,16.41653060913086,151600,0.0,0.0
2000-03-24,16.34855570453979,16.722431198822406,16.076646254152436,16.24658966064453,165300,0.0,0.0
2000-03-27,16.246592100461324,16.38254684607188,16.14462604125341,16.3145694732666,39200,0.0,0.0
2000-03-28,16.246592100461324,16.518501591682433,16.11063735485077,16.3145694732666,56600,0.0,0.0
2000-03-29,16.34855163589982,16.518495000098362,16.246585617380692,16.450517654418945,54600,0.0,0.0
2000-03-30,16.450518798828124,17.164280978116125,16.450518798828124,16.82439422607422,86700,0.0,0.0
2000-03-31,16.85838429227148,17.23225975036621,16.620463546211198,17.23225975036621,112000,0.0,0.0
2000-04-03,17.164274380058945,17.36820635289133,16.722421772255448,16.960342407226562,75300,0.0,0.0
2000-04-04,17.028321252578145,17.130287248102565,16.34854794908201,16.688434600830078,45200,0.0,0.0
2000-04-05,16.66934674529097,17.01023318179999,16.601169457989165,16.737524032592773,74400,0.09,0.0
2000-04-06,16.63525810164007,16.737524032592773,16.601169457989165,16.737524032592773,102400,0.0,0.0
2000-04-07,16.77161770850113,16.77161770850113,16.430731169710455,16.532997131347656,95900,0.0,0.0
2000-04-10,16.532991806972902,18.06698073751678,16.532991806972902,17.657917022705078,230700,0.0,0.0
2000-04-11,17.521567292186297,18.748758775685726,17.521567292186297,17.964719772338867,328200,0.0,0.0
2000-04-12,17.99880007843473,18.714661445190657,17.726090986337233,18.271509170532227,386700,0.0,0.0
2000-04-13,18.20333530912068,18.27151259492263,17.555651094002155,17.657917022705078,65300,0.0,0.0
2000-04-14,17.794282913208008,17.998814900716145,16.56709098815918,16.56709098815918,116800,0.0,0.0
2000-04-17,16.56708044275849,17.317030586257843,16.430725871213152,17.146587371826172,89600,0.0,0.0
2000-04-18,17.18067727877399,17.385209151140348,17.04432269719642,17.317031860351562,55600,0.0,0.0
2000-04-19,17.317027240160453,17.419293149059037,17.11249542236328,17.11249542236328,30400,0.0,0.0
2000-04-20,17.01023062198393,17.112496537546956,16.66934423677383,16.9079647064209,85300,0.0,0.0
2000-04-24,16.976141583363376,16.976141583363376,16.737521119340197,16.80569839477539,39600,0.0,0.0
2000-04-25,16.942056262422874,17.351119995117188,16.66934710729333,17.351119995117188,83200,0.0,0.0
2000-04-26,17.419297153257254,17.555651729799386,17.31703122085066,17.48747444152832,38100,0.0,0.0
2000-04-27,17.38520850912172,17.555651729799386,17.21476528844406,17.48747444152832,59400,0.0,0.0
2000-04-28,17.351124513496472,17.657922392909967,16.907972021010316,17.55565643310547,62200,0.0,0.0
2000-05-01,17.555651729799386,17.555651729799386,17.282942576715126,17.48747444152832,24900,0.0,0.0
2000-05-02,17.41929638879539,17.555650959353475,17.248853175597784,17.282941818237305,25500,0.0,0.0
2000-05-03,17.21477075056596,17.21477075056596,16.839795546098188,16.873884201049805,19000,0.0,0.0
2000-05-04,16.942056135359795,18.06698139183238,16.942056135359795,17.48747444152832,83500,0.0,0.0
2000-05-05,17.55565171891993,18.20333595709367,17.55565171891993,17.998804092407227,84300,0.0,0.0
2000-05-08,17.998809989172084,18.237430576149745,17.862455368041992,17.862455368041992,62200,0.0,0.0
2000-05-09,17.896531379386172,17.896531379386172,17.41929054260254,17.41929054260254,99400,0.0,0.0
2000-05-10,17.419300549493762,17.419300549493762,16.805704835421576,17.010236740112305,142400,0.0,0.0
2000-05-11,17.078413524627685,17.078413524627685,16.94205892562866,17.04432487487793,61900,0.0,0.0
2000-05-12,17.112504785711113,17.28294806046919,16.839795546098188,16.873884201049805,38700,0.0,0.0
2000-05-15,16.94205294564578,17.112496134233766,16.771609757057796,16.80569839477539,113000,0.0,0.0
2000-05-16,16.77161909444951,16.976151034625723,16.77161909444951,16.942062377929688,55300,0.0,0.0
2000-05-17,16.942053564259265,17.010230842183848,16.635255813598633,16.635255813598633,42700,0.0,0.0
2000-05-18,16.771608220706195,16.87387412449099,16.226190067187297,16.260278701782227,63900,0.0,0.0
2000-05-19,16.260284781200728,16.260284781200728,15.919398307800293,15.919398307800293,30500,0.0,0.0
2000-05-22,15.919406901280432,16.12393889572943,15.612608909606932,15.612608909606934,41700,0.0,0.0
2000-05-23,15.61260106241095,15.68077835962672,15.305803224939993,15.373980522155762,119300,0.0,0.0
2000-05-24,15.271712715292276,16.328460693359375,15.271712715292276,16.328460693359375,109100,0.0,0.0
2000-05-25,16.32846925613728,16.46482390545784,16.021671295166016,16.021671295166016,81500,0.0,0.0
2000-05-26,15.987570822238922,15.987570822238922,15.271709442138672,15.271709442138672,77000,0.0,0.0
2000-05-30,15.30580088297526,15.476244099934897,15.169446309407553,15.339889526367188,100800,0.0,0.0
2000-05-31,15.408069320439758,15.64668986301294,15.13536012892755,15.237626075744629,81700,0.0,0.0
2000-06-01,15.305804880755735,15.646691403712433,15.169450271573057,15.578514099121094,54600,0.0,0.0
2000-06-02,15.646690216229235,15.885310764189159,15.646690216229235,15.783044815063477,72800,0.0,0.0
2000-06-05,15.783046012895113,15.953489274373462,15.544425446825425,15.578514099121094,49500,0.0,0.0
2000-06-06,15.646689940034674,15.783044536461992,15.169448852539062,15.169448852539062,75800,0.0,0.0
2000-06-07,15.169443897387948,15.203532535359606,14.453582499983124,14.794468879699707,248700,0.0,0.0
2000-06-08,14.794468879699707,14.999000707529657,14.692202965784732,14.794468879699707,65100,0.0,0.0
2000-06-09,14.794473798884903,14.794473798884903,14.62403055235397,14.658119201660156,61900,0.0,0.0
2000-06-12,14.726292096651518,14.726292096651518,14.18087387084961,14.18087387084961,86300,0.0,0.0
2000-06-13,14.249052999201327,14.930825869976509,13.839989276736217,14.760382652282715,134200,0.0,0.0
2000-06-14,14.726291628918016,14.79446890497782,14.078607506349861,14.146784782409668,137900,0.0,0.0
2000-06-15,14.146788820836216,14.453586650685676,13.94225693426991,14.385409355163574,103100,0.0,0.0
2000-06-16,14.21496868133545,14.487677912632053,14.078614065687148,14.21496868133545,86300,0.0,0.0
2000-06-19,14.214962058469473,14.453582524678794,14.078607506349861,14.146784782409668,63300,0.0,0.0
2000-06-20,14.11269659262437,14.283139788187468,13.976342036173895,14.18087387084961,135300,0.0,0.0
2000-06-21,14.180880027423374,14.21496868133545,14.112702719599223,14.21496868133545,113600,0.0,0.0
2000-06-22,14.180873420439571,14.385405248618987,14.078607506349861,14.146784782409668,98500,0.0,0.0
2000-06-23,14.14678731806138,14.555851047740264,14.14678731806138,14.48767375946045,81200,0.0,0.0
2000-06-26,14.487676124018561,14.624030722832854,13.976346378464966,14.078612327575684,43600,0.0,0.0
2000-06-27,14.146784782409668,14.487671162708695,14.146784782409668,14.146784782409668,53400,0.0,0.0
2000-06-28,14.098879283329225,14.509526252746582,14.098879283329225,14.509526252746582,69200,0.1,0.0
2000-06-29,14.577960614974682,14.577960614974682,14.167313837088072,14.23575496673584,62700,0.0,0.0
2000-06-30,14.235758982359023,14.50952357817362,14.09032154083252,14.09032154083252,96200,0.0,0.0
2000-07-03,14.098880921494905,14.509527938625824,14.098880921494905,14.441086769104004,30200,0.0,0.0
2000-07-05,14.372642517089844,14.680627713884627,14.372642517089844,14.372642517089844,40500,0.0,0.0
2000-07-06,14.441085928157149,14.646409424766018,14.304203597084568,14.475306510925293,38200,0.0,0.0
2000-07-07,14.475305671961802,14.57796741431614,14.372643929607463,14.509526252746582,28200,0.0,0.0
2000-07-10,14.64640677059398,14.85173022999483,14.475303887759939,14.543745040893555,32900,0.0,0.0
2000-07-11,14.61218818541496,14.95439399771976,14.543747022954,14.85173225402832,83700,0.0,0.0
2000-07-12,14.817514847290598,15.057058967223702,14.783294258728725,14.954397201538086,83400,0.0,0.0
2000-07-13,15.296596064007202,15.467698928257843,15.15971377260669,15.433478355407715,126400,0.0,0.0
2000-07-14,15.53614829317302,15.638810066035397,15.193942383631764,15.29660415649414,206800,0.0,0.0
2000-07-17,15.296598631335842,16.08367193898847,15.296598631335842,15.912569046020508,79400,0.0,0.0
2000-07-18,15.912564342198934,15.946784910676781,15.673020362854004,15.673020362854004,39700,0.0,0.0
2000-07-19,15.53614519609261,16.22055687873986,15.53614519609261,16.117895126342773,81300,0.0,0.0
2000-07-20,16.117893075344455,16.494319452900267,16.117893075344455,16.357437133789062,92300,0.0,0.0
2000-07-21,16.357443062464398,16.59698720773061,16.254781285921734,16.425884246826172,76700,0.0,0.0
2000-07-24,16.494322639400675,16.528543225789473,16.015234429957502,16.152116775512695,39600,0.0,0.0
2000-07-25,16.015236111904713,16.083677291870117,15.878353751973902,16.083677291870117,29500,0.0,0.0
2000-07-26,16.0836756027351,16.152116775512695,15.87835208440231,16.152116775512695,29800,0.0,0.0
2000-07-27,16.049453958078047,16.1863362946075,15.981012789813324,16.117895126342773,37600,0.0,0.0
2000-07-28,16.0494550163463,16.25477853467909,15.981013843568705,16.152116775512695,35000,0.0,0.0
2000-07-31,16.22055421698366,16.460098266601562,16.049451324399445,16.460098266601562,63200,0.0,0.0
2000-08-01,16.460102950712763,17.041852951049805,16.425882362457642,17.041852951049805,50000,0.0,0.0
2000-08-02,17.21295779602532,17.34984016418457,17.1445166119457,17.34984016418457,93500,0.0,0.0
2000-08-03,17.28139281983878,17.520936878727635,17.14451050047372,17.21295166015625,151400,0.0,0.0
2000-08-04,17.281389964303393,17.828919151291224,17.281389964303393,17.486713409423828,129600,0.0,0.0
2000-08-07,17.349833696907677,17.692039489746094,17.247171959056153,17.692039489746094,45000,0.0,0.0
2000-08-08,17.69203841778659,17.863141303838685,17.45249437731366,17.657817840576172,29300,0.0,0.0
2000-08-09,17.726263451529757,17.794704623157287,17.555160522460938,17.555160522460938,31600,0.0,0.0
2000-08-10,17.58938513450252,17.760488102736982,17.486723353561846,17.623605728149414,46900,0.0,0.0
2000-08-11,17.555160374632404,18.102689743041992,17.555160374632404,18.102689743041992,34700,0.0,0.0
2000-08-14,18.06846641684478,18.17112815784958,17.965804675839983,18.13690757751465,32800,0.0,0.0
2000-08-15,18.136908578689987,18.136908578689987,17.863143920898438,17.863143920898438,32700,0.0,0.0
2000-08-16,17.89736472923337,17.93158531188965,17.76048239860826,17.93158531188965,31000,0.0,0.0
2000-08-17,17.931585085346324,17.931585085346324,17.76048217422661,17.863143920898438,15000,0.0,0.0
2000-08-18,17.863150896344866,18.239577447800407,17.863150896344866,17.96581268310547,82000,0.0,0.0
2000-08-21,17.931592087518602,18.06847446986607,17.897371491931732,17.96581268310547,57500,0.0,0.0
2000-08-22,18.102689122795162,18.342233213266933,18.102689122795162,18.205350875854492,32300,0.0,0.0
2000-08-23,18.102695065452938,18.239577447800407,17.863150896344866,17.96581268310547,68300,0.0,0.0
2000-08-24,18.034253874279205,18.102695065452938,17.931592087518602,17.96581268310547,74800,0.0,0.0
2000-08-25,18.034251328837666,18.034251328837666,17.65782483051278,17.760486602783203,70500,0.0,0.0
2000-08-28,17.5893811082747,17.692042865715994,17.452498765019644,17.555160522460938,88400,0.0,0.0
2000-08-29,17.486718340707146,18.06846826593615,17.486718340707146,17.82892417907715,50100,0.0,0.0
2000-08-30,17.8289238985847,17.8289238985847,17.452497482299805,17.452497482299805,23400,0.0,0.0
2000-08-31,17.384060104458317,17.760486602783203,17.04185419689024,17.760486602783203,63900,0.0,0.0
2000-09-01,17.828920726628265,17.828920726628265,17.520935531734498,17.657817840576172,23900,0.0,0.0
2000-09-05,17.52093990265377,17.52093990265377,17.14451345943269,17.247175216674805,75300,0.0,0.0
2000-09-06,17.144511336824333,17.281393662866844,17.007629010781823,17.17873191833496,74300,0.0,0.0
2000-09-07,17.24717540472326,17.315616576964224,16.939190129638916,17.007631301879883,24000,0.0,0.0
2000-09-08,17.007631519753375,17.178734452547673,16.904969760076796,17.076072692871094,65100,0.0,0.0
2000-09-11,17.110295400410116,17.247177763613397,17.110295400410116,17.144515991210938,48600,0.0,0.0
2000-09-12,17.144513865988813,17.178734452547673,16.973410933194515,17.076072692871094,16300,0.0,0.0
2000-09-13,17.07606840807982,17.178730141996134,16.904965518219303,16.939186096191406,17800,0.0,0.0
2000-09-14,17.007631301879883,17.144513646361812,16.904969543518433,17.007631301879883,43500,0.0,0.0
2000-09-15,16.768085873004086,17.007629956904147,16.596982955932617,16.596982955932617,59100,0.0,0.0
2000-09-18,16.596986573456714,16.69964834607603,16.186339482979434,16.22056007385254,28700,0.0,0.0
2000-09-19,16.2205535290288,16.2205535290288,15.673024295981413,15.707244873046875,71900,0.0,0.0
2000-09-20,15.70724940087114,15.70724940087114,15.193940596921102,15.330822944641113,56700,0.0,0.0
2000-09-21,15.159713892810112,15.638801916510658,15.159713892810112,15.46769905090332,57100,0.0,0.0
2000-09-22,15.399259210942866,15.60458266708877,15.296597482869913,15.570362091064453,60700,0.0,0.0
2000-09-25,15.604588417875844,16.35744136786108,15.604588417875844,16.186338424682617,69700,0.0,0.0
2000-09-26,16.186339482979434,16.254780664725647,16.0152365286139,16.22056007385254,68000,0.0,0.0
2000-09-27,16.22055587290722,16.391658782958984,16.186335290896867,16.391658782958984,49800,0.0,0.0
2000-09-28,16.28900187810262,16.562766615549723,16.28900187810262,16.425884246826172,227800,0.0,0.0
2000-09-29,16.425879136571343,16.494320299640393,16.323217391967773,16.323217391967773,194400,0.0,0.0
2000-10-02,16.425874129585598,17.04184440944506,16.425874129585598,16.528535842895508,91200,0.0,0.0
2000-10-03,16.528539423635248,16.63120115918578,16.460098266601562,16.460098266601562,63600,0.0,0.0
2000-10-04,16.48070469012416,18.26611436488761,16.48070469012416,17.888431549072266,182100,0.1,0.0
2000-10-05,17.88842896184021,18.09443774067138,17.819759368896484,17.819759368896484,98500,0.0,0.0
2000-10-06,17.854088842868805,18.025762774050236,17.579410552978516,17.579410552978516,72500,0.0,0.0
2000-10-09,17.716754846405564,17.716754846405564,17.54508086533574,17.613750457763672,19700,0.0,0.0
2000-10-10,17.579407707093253,17.579407707093253,17.23605990031409,17.304729461669922,47400,0.0,0.0
2000-10-11,17.30473494096236,17.30473494096236,16.961387025467076,16.9957218170166,15200,0.0,0.0
2000-10-12,16.995721569767706,17.13306073396785,16.686708450317383,16.686708450317383,25100,0.0,0.0
2000-10-13,16.721041014117578,17.030054092407227,16.515032295257814,17.030054092407227,43100,0.0,0.0
2000-10-16,17.09873081154188,17.407744018979386,16.961391608236323,17.270404815673828,33800,0.0,0.0
2000-10-17,17.476406795404664,17.751085094743047,17.476406795404664,17.545076370239258,120000,0.0,0.0
2000-10-18,17.30473682697003,17.854093551635742,16.961388874053956,17.854093551635742,141700,0.0,0.0
2000-10-19,17.85408668729602,18.64378667538796,17.785417123114115,18.575117111206055,117900,0.0,0.0
2000-10-20,18.575122143209313,18.678126517386076,18.403448186248045,18.506452560424805,50400,0.0,0.0
2000-10-23,18.506450237371983,18.987137256524502,18.47211545028966,18.746793746948242,52100,0.0,0.0
2000-10-24,18.849799589050182,19.021473537948633,18.64379085037204,18.987138748168945,45600,0.0,0.0
2000-10-25,19.02147451450024,19.02147451450024,18.334778683651855,18.60945701599121,63700,0.0,0.0
2000-10-26,18.609462119817294,18.952810129408018,18.609462119817294,18.643796920776367,50900,0.0,0.0
2000-10-27,18.643796920776367,18.67813172173544,18.40345331406286,18.643796920776367,41300,0.0,0.0
2000-10-30,18.64379484801166,19.776843153691924,18.60946005086983,19.399160385131836,92900,0.0,0.0
2000-10-31,18.884135430012275,19.124478971848795,18.678126679866686,18.712461471557617,115600,0.0,0.0
2000-11-01,18.712465104772082,18.78113470148684,18.403451919555664,18.403451919555664,72700,0.0,0.0
2000-11-02,18.403447237881746,18.88413429260254,18.197438500144266,18.88413429260254,74000,0.0,0.0
2000-11-03,18.884135265739598,18.952804848524107,18.47211776903255,18.506452560424805,50200,0.0,0.0
2000-11-06,18.540787962732704,18.98714026553923,18.437783585161966,18.472118377685547,71200,0.0,0.0
2000-11-07,18.47212526573325,18.506460071059895,18.197446823120117,18.197446823120117,57200,0.0,0.0
2000-11-08,18.197439110482666,18.33477827358065,17.9570955750612,18.09443473815918,53700,0.0,0.0
2000-11-09,18.09443780745583,18.09443780745583,17.716755044871363,17.92276382446289,39300,0.0,0.0
2000-11-10,18.06010069085296,18.231774651792627,17.407739639282227,17.407739639282227,74600,0.0,0.0
2000-11-13,17.44207304454985,18.060099254789804,17.2360643078032,18.02576446533203,62300,0.0,0.0
2000-11-14,18.094435505400924,18.437783427704545,18.06010071317056,18.266109466552734,117500,0.0,0.0
2000-11-15,18.540787962732704,18.678127132827022,18.23177483002049,18.472118377685547,71200,0.0,0.0
2000-11-16,18.506447547024145,18.746791021660822,18.472112764933193,18.575117111206055,61100,0.0,0.0
2000-11-17,18.575119811536627,18.849798108195213,18.575119811536627,18.746793746948242,101800,0.0,0.0
2000-11-20,18.74679618216089,18.781130973703306,18.540787432906374,18.60945701599121,55700,0.0,0.0
2000-11-21,18.472117077704915,18.472117077704915,18.23177354695411,18.437782287597656,51900,0.0,0.0
2000-11-22,18.575125849940314,18.712465042915845,18.266112665745375,18.300447463989258,44700,0.0,0.0
2000-11-24,18.300438854478422,18.678121457478916,18.231769290296516,18.575117111206055,30600,0.0,0.0
2000-11-27,18.678124172783598,19.021472043606824,18.678124172783598,18.746793746948242,53400,0.0,0.0
2000-11-28,18.746796874439017,18.952805631300983,18.540788117577048,18.67812728881836,50100,0.0,0.0
2000-11-29,18.81546471335671,19.158812609585848,18.64379076524214,18.88413429260254,59000,0.0,0.0
2000-11-30,18.781131054939483,18.815465846630413,18.540787513102963,18.712461471557617,67600,0.0,0.0
2000-12-01,18.71246139061847,18.74679618216089,18.506452641363953,18.60945701599121,75300,0.0,0.0
2000-12-04,18.36911208869875,18.36911208869875,17.716751098632812,17.716751098632812,79700,0.0,0.0
2000-12-05,17.92276154424911,18.266109466552734,17.648083206406213,18.266109466552734,119700,0.0,0.0
2000-12-06,18.060103010857244,18.12877260405442,17.854094231265716,17.92276382446289,60000,0.0,0.0
2000-12-07,17.922763142218958,17.957097937510564,17.716754370469314,17.854093551635742,68900,0.0,0.0
2000-12-08,17.888425043387006,17.922759832337846,17.579411942829456,17.716751098632812,105000,0.0,0.0
2000-12-11,17.716757060062548,17.716757060062548,16.92705664847061,16.96139144897461,88500,0.0,0.0
2000-12-12,16.858387047462617,17.20173505250259,16.858387047462617,16.96139144897461,81100,0.0,0.0
2000-12-13,16.85837783498212,17.030051743688663,16.549364799310354,16.61803436279297,97900,0.0,0.0
2000-12-14,16.618044519523163,16.721048927702025,16.446370505891725,16.583709716796875,95300,0.0,0.0
2000-12-15,16.412027935827933,17.51074110308001,16.000010498108402,17.030054092407227,211900,0.0,0.0
2000-12-18,16.96139045775406,17.61375162920614,16.824051263764147,17.44207763671875,121100,0.0,0.0
2000-12-19,17.44207763671875,17.545082032211184,17.201734047236407,17.44207763671875,58500,0.0,0.0
2000-12-20,17.373411763711754,17.407746569568893,17.064398510997513,17.236072540283203,90700,0.0,0.0
2000-12-21,17.23606854358702,17.99143409729004,17.23606854358702,17.99143409729004,61000,0.0,0.0
2000-12-22,17.99143273280217,18.060102323385387,17.54508039401128,17.854093551635742,105300,0.0,0.0
2000-12-26,17.888421038824127,18.197434070204967,17.85408625755959,18.16309928894043,24300,0.0,0.0
2000-12-27,18.23178096251054,18.30045057065559,18.094441746220443,18.12877655029297,45800,0.0,0.0
2000-12-28,18.12876608842861,18.12876608842861,17.20172691345215,17.20172691345215,236200,0.0,0.0
2000-12-29,17.201730203156426,17.407738948104406,17.030056249033105,17.339069366455078,124700,0.0,0.0
2001-01-02,17.442079734802245,17.5794189453125,16.37770085334778,16.48070526123047,93500,0.0,0.0
2001-01-03,16.583701377868653,17.51074058532715,16.583701377868653,17.16739273071289,73500,0.0,0.0
2001-01-04,17.236062690615654,17.71674969792366,17.236062690615654,17.579410552978516,57000,0.0,0.0
2001-01-05,17.510740980505943,18.025762774050236,17.476406194269657,17.579410552978516,62900,0.0,0.0
2001-01-08,17.476405799865724,17.476405799865724,16.789710090637207,17.16739273071289,39900,0.0,0.0
2001-01-09,17.23606499398109,17.579412902227723,17.23606499398109,17.339069366455078,86400,0.0,0.0
2001-01-10,17.15307646531325,17.497515751765324,17.015300750732422,17.463071823120117,68900,0.1,0.0
2001-01-11,17.3252906946602,17.91083729865468,17.221958941014115,17.841949462890625,70700,0.0,0.0
2001-01-12,17.773067923153146,17.773067923153146,17.325296832065955,17.566404342651367,47400,0.0,0.0
2001-01-16,17.497517508935836,17.566405373144242,17.118634255789587,17.53196144104004,41200,0.0,0.0
2001-01-17,17.635292930677387,17.979732245729682,17.60084899917216,17.669736862182617,35800,0.0,0.0
2001-01-18,17.290848038761492,17.428623720345247,17.084184516385857,17.153072357177734,64500,0.0,0.0
2001-01-19,17.221964773584585,17.4286283508676,16.739749759924216,16.808637619018555,76000,0.0,0.0
2001-01-22,16.946413180463118,17.704179623491957,16.843081392777368,17.32529640197754,65400,0.0,0.0
2001-01-23,17.394182486924347,17.738621744091166,17.15307500690757,17.256406784057617,117000,0.0,0.0
2001-01-24,17.600844232257238,17.84195168749364,17.153073243961067,17.187517166137695,116500,0.0,0.0
2001-01-25,17.290850782303927,18.324168558138823,17.290850782303927,18.151948928833008,198100,0.0,0.0
2001-01-26,18.11750080594685,18.186388641710906,17.428622448306285,17.841949462890625,47700,0.0,0.0
2001-01-29,17.80061597055653,18.24149768981409,17.80061597055653,18.048612594604492,37100,0.0,0.0
2001-01-30,18.18639096447258,18.230480194091797,18.021060557980864,18.230480194091797,45500,0.0,0.0
2001-01-31,18.296613750797903,18.671363830566406,18.296613750797903,18.671363830566406,64700,0.0,0.0
2001-02-01,18.737497621205318,19.71294995552529,18.737497621205318,19.49802017211914,157700,0.0,0.0
2001-02-02,19.569663349471977,19.68539655796037,19.536598520438798,19.6192626953125,90600,0.0,0.0
2001-02-05,19.575169098505377,19.77356641642142,19.564146791700036,19.59170150756836,72900,0.0,0.0
2001-02-06,19.45392320412081,19.79009615836233,19.360236762336662,19.712942123413086,76900,0.0,0.0
2001-02-07,19.602721660463377,19.78458654933347,19.591699354869146,19.729475021362305,81700,0.0,0.0
2001-02-08,19.674373897074272,20.005034795260777,19.613752241872245,19.90583610534668,79300,0.0,0.0
2001-02-09,19.905834493546408,20.043610207016698,19.393308671253678,19.398820877075195,78800,0.0,0.0
2001-02-12,19.398819155434037,19.955432063446892,19.398819155434037,19.70192527770996,146100,0.0,0.0
2001-02-13,19.701926263953197,20.36325008348105,19.701926263953197,20.2585391998291,117200,0.0,0.0
2001-02-14,20.258537446224793,20.258537446224793,19.9829860537978,20.192405700683594,53300,0.0,0.0
2001-02-15,20.170356842314664,20.170356842314664,19.28859341292544,19.6578311920166,135200,0.0,0.0
2001-02-16,19.657836840726787,19.657836840726787,19.23348951372062,19.431884765625,130000,0.0,0.0
2001-02-20,19.43188203143041,19.619257050439455,19.29961854877117,19.332685470581055,68600,0.0,0.0
2001-02-21,19.23348371002375,19.34370256039309,19.2059268951416,19.2059268951416,57500,0.0,0.0
2001-02-22,19.150824476690854,19.178379199364667,18.417856660282055,18.737497329711914,94000,0.0,0.0
2001-02-23,18.73198229177368,18.924867401971763,18.62727142998898,18.919357299804688,62800,0.0,0.0
2001-02-26,18.91935691200195,19.420860290527344,18.842200767214205,19.420860290527344,77700,0.0,0.0
2001-02-27,19.409838475115183,19.701922244042297,19.409838475115183,19.586191177368164,85500,0.0,0.0
2001-02-28,19.64681494478285,20.611244809629042,19.64681494478285,20.556133270263672,184500,0.0,0.0
2001-03-01,20.556132477917966,20.556132477917966,19.69090131498991,19.861743927001953,173300,0.0,0.0
2001-03-02,19.839705595121234,20.385298423995042,19.784596142717792,19.95543670654297,76700,0.0,0.0
2001-03-05,19.955425574382467,20.528572809727056,19.955425574382467,20.407329559326172,46600,0.0,0.0
2001-03-06,20.390801751569754,20.47346800499218,20.28609298588615,20.291603088378906,44800,0.0,0.0
2001-03-07,20.302623479113787,20.501020786767043,20.142803192138672,20.142803192138672,41500,0.0,0.0
2001-03-08,20.22547473242055,20.523070771805685,20.19792001076426,20.501026153564453,119000,0.0,0.0
2001-03-09,20.48999657307343,20.798614812058542,20.48999657307343,20.583683013916016,91700,0.0,0.0
2001-03-12,20.69391082676538,20.837198739714562,19.78459241948669,19.81214714050293,87200,0.0,0.0
2001-03-13,19.867253988959032,20.005029678344727,19.812144554120827,20.005029678344727,60700,0.0,0.0
2001-03-14,19.894810647851664,19.966454601964987,19.707435607910156,19.707435607910156,67200,0.0,0.0
2001-03-15,19.591703348551214,19.64681488775662,19.013045851781143,19.06815528869629,52400,0.0,0.0
2001-03-16,19.12326975401704,19.53659690099598,18.737497329711914,18.737497329711914,78400,0.0,0.0
2001-03-19,18.82015783786422,19.117751694834027,18.792601021336882,19.02957534790039,88000,0.0,0.0
2001-03-20,18.957945345697247,19.013054808573713,18.461951770644042,18.517061233520508,95000,0.0,0.0
2001-03-21,18.50603379065132,18.528076305812977,17.910841733187528,17.938396453857422,60200,0.0,0.0
2001-03-22,17.91083816048144,18.25252125367096,17.55262160750081,18.241498947143555,82000,0.0,0.0
2001-03-23,18.241501179070802,19.068155349160843,18.241501179070802,18.776071548461914,81800,0.0,0.0
2001-03-26,18.90282198057641,19.32717130716014,18.90282198057641,19.02957534790039,71400,0.0,0.0
2001-03-27,19.02407076825276,19.470464836721103,18.461945605019103,19.398820877075195,146800,0.0,0.0
2001-03-28,19.343701276340624,19.343701276340624,19.01304054260254,19.01304054260254,48600,0.0,0.0
2001-03-29,19.01304774296518,19.250022129394072,18.69891929626465,18.69891929626465,45100,0.0,0.0
2001-03-30,18.698918830053188,19.28859867861622,18.698918830053188,19.051624298095703,95400,0.0,0.0
2001-04-02,19.084695876935314,19.542110235354883,18.875276165869607,18.935897827148438,67600,0.0,0.0
2001-04-03,18.798122794962218,18.90283160328355,18.186398156952702,18.51154899597168,61200,0.0,0.0
2001-04-04,18.511543625012617,18.93163145358517,18.511543625012617,18.760278701782227,39700,0.1,0.0
2001-04-05,18.760268554214267,19.816017273301178,18.710521144055555,19.4843692779541,148400,0.0,0.0
2001-04-06,19.42910872775958,19.42910872775958,19.04218439369797,19.114042282104492,69200,0.0,0.0
2001-04-09,19.235645318305156,19.948691313000097,19.2245900964609,19.793922424316406,112900,0.0,0.0
2001-04-10,19.904469176363055,20.313503924656597,19.904469176363055,20.2305908203125,108700,0.0,0.0
2001-04-11,20.23612109704872,20.424055654439528,20.086878762482375,20.092405319213867,117300,0.0,0.0
2001-04-12,20.064767997761173,20.175318107736338,19.843669886378816,19.904470443725586,68200,0.0,0.0
2001-04-16,19.954208301331768,20.479319490012486,19.943155193355583,20.374298095703125,120800,0.0,0.0
2001-04-17,20.506967335374124,20.672793562757974,20.396419328542322,20.56777000427246,122500,0.0,0.0
2001-04-18,20.567757632838934,21.302913665771484,20.52906543200741,21.302913665771484,230900,0.0,0.0
2001-04-19,21.358198099116432,23.13251997870001,21.358198099116432,22.187320709228516,317100,0.0,0.0
2001-04-20,21.966217492837558,22.109931117330575,21.684314690293878,21.944107055664062,180600,0.0,0.0
2001-04-23,21.94410918999892,21.999383179741383,21.86119609681767,21.933053970336914,66300,0.0,0.0
2001-04-24,21.93305835790032,22.165211691540474,21.894366135626964,22.159685134887695,93200,0.0,0.0
2001-04-25,22.159687981211576,22.248127658991546,21.944116398408415,22.16521453857422,161800,0.0,0.0
2001-04-26,22.16521166858911,22.717960110285276,22.05466366710425,22.10993766784668,219400,0.0,0.0
2001-04-27,22.16520165849626,22.41393876664022,22.071235477956886,22.132038116455078,120500,0.0,0.0
2001-04-30,22.270233611070104,22.40289204668323,21.944111969716765,22.248123168945312,112200,0.0,0.0
2001-05-01,22.248125598814656,22.386312714335244,21.93305914411316,22.37525749206543,136500,0.0,0.0
2001-05-02,22.38077322137755,22.552123796098744,22.05465173290475,22.292333602905273,59500,0.0,0.0
2001-05-03,22.264702426231537,22.44158172607422,22.12651534144397,22.44158172607422,143800,0.0,0.0
2001-05-04,22.386309609127625,22.386309609127625,22.049132756656345,22.331035614013672,135800,0.0,0.0
2001-05-07,22.441587146101018,22.441587146101018,22.0380810140958,22.192852020263672,78300,0.0,0.0
2001-05-08,22.325505785961955,22.441582434793066,21.927526294463693,22.397363662719727,69400,0.0,0.0
2001-05-09,22.386310962343,22.41394796157059,22.126518530754336,22.154157638549805,31500,0.0,0.0
2001-05-10,22.176264839231912,22.19284872477507,21.805924429663172,21.86119842529297,59500,0.0,0.0
2001-05-11,21.971743701188256,22.02701768468256,21.446632423723123,21.496379852294922,73000,0.0,0.0
2001-05-14,21.524020146441103,21.684317675163037,21.087350549276977,21.41899871826172,106600,0.0,0.0
2001-05-15,21.41900248037421,21.855674262804612,21.330562812539902,21.82803726196289,80700,0.0,0.0
2001-05-16,21.745122878398316,22.34209007420484,21.745122878398316,22.21495819091797,207900,0.0,0.0
2001-05-17,22.275752830117113,22.369721123912246,21.944104741754924,22.015962600708008,149900,0.0,0.0
2001-05-18,22.02149800151801,22.237069556408642,21.89436611295605,22.10993766784668,105300,0.0,0.0
2001-05-21,22.054662751988886,22.21495819091797,21.839089097475096,22.21495819091797,48400,0.0,0.0
2001-05-22,22.192848917460726,22.33103601630278,22.06018837480253,22.209430694580078,94200,0.0,0.0
2001-05-23,22.20942605197957,22.20942605197957,21.78933617851626,22.043601989746094,67500,0.0,0.0
2001-05-24,22.098874105517176,22.441577419628075,21.944105274996225,22.4139404296875,67100,0.0,0.0
2001-05-25,22.331036055602652,22.35867305370614,21.850143432617188,21.850143432617188,101800,0.0,0.0
2001-05-29,21.877779720959236,22.093351230391114,21.794866628761962,21.89436149597168,43300,0.0,0.0
2001-05-30,21.83356007742408,21.872252293686003,21.568241119384766,21.568241119384766,33300,0.0,0.0
2001-05-31,21.557190067431574,22.098883308405536,21.557190067431574,21.855674743652344,39200,0.0,0.0
2001-06-01,21.861198626469147,21.89436428929289,21.606934870523798,21.800395965576172,78800,0.0,0.0
2001-06-04,21.778287513617887,22.010440826416016,21.70090096745073,22.010440826416016,17800,0.0,0.0
2001-06-05,22.010443365694684,22.6295210464786,22.010443365694684,22.38631248474121,93500,0.0,0.0
2001-06-06,22.137571131536525,22.137571131536525,20.92152433236607,20.94916343688965,234300,0.0,0.0
2001-06-07,20.94916865112864,20.94916865112864,20.28034137454511,20.932584762573242,182700,0.0,0.0
2001-06-08,20.656203056259756,20.783334910235453,20.401939348308357,20.661731719970703,140900,0.0,0.0
2001-06-11,20.61751957753374,20.73359626182164,20.396421432495117,20.396421432495117,52500,0.0,0.0
2001-06-12,20.479331882105598,20.529079332368536,20.081354388570325,20.120046615600586,71900,0.0,0.0
2001-06-13,20.06475794281729,20.562232134124983,20.06475794281729,20.45720863342285,117200,0.0,0.0
2001-06-14,20.728056579959787,20.88835405690088,20.114505767822266,20.114505767822266,112400,0.0,0.0
2001-06-15,19.871301161700952,19.926575146479816,19.7883880759653,19.843664169311523,120900,0.0,0.0
2001-06-18,19.843664729647845,20.285862946067418,19.843664729647845,19.970796585083008,81800,0.0,0.0
2001-06-19,20.02607158864618,20.484853711125407,20.015016369103215,20.43510627746582,90700,0.0,0.0
2001-06-20,20.440625487448152,20.86624179834979,20.374296302593816,20.74463653564453,83400,0.0,0.0
2001-06-21,20.7446372274787,20.844132062361748,20.678308040412286,20.70041847229004,90800,0.0,0.0
2001-06-22,20.562237020586775,20.562237020586775,19.86577298724654,19.871301651000977,199200,0.0,0.0
2001-06-25,19.926580887434213,19.95421788778601,19.705482776051856,19.904470443725586,158000,0.0,0.0
2001-06-26,19.904473473648153,20.424058437053908,19.788396789360252,20.396421432495117,105900,0.0,0.0
2001-06-27,20.340971378829025,20.595997439238367,20.191282859090474,20.2578125,117000,0.11,0.0
2001-06-28,20.23563746260212,20.50729489606844,20.23563746260212,20.46848487854004,155300,0.0,0.0
2001-06-29,20.413038063938103,21.288992376424016,20.413038063938103,21.233551025390625,289100,0.0,0.0
2001-07-02,21.233551025390625,21.455312199781595,20.86210349038774,21.233551025390625,140700,0.0,0.0
2001-07-03,21.455321073940397,21.62164096608973,21.377705265262186,21.599464416503906,113700,0.0,0.0
2001-07-05,21.58283083016916,22.137231823258794,21.5661994771355,22.009719848632812,137000,0.0,0.0
2001-07-06,22.00971473493637,22.431058461246607,22.00971473493637,22.054065704345703,198800,0.0,0.0
2001-07-09,22.12059778603564,22.397798248943996,22.042979879929074,22.198213577270508,110000,0.0,0.0
2001-07-10,22.181581076333153,22.619558334350586,22.181581076333153,22.619558334350586,180800,0.0,0.0
2001-07-11,22.614015568195125,23.30701676519886,22.614015568195125,23.201679229736328,293100,0.0,0.0
2001-07-12,23.284844940947693,24.005565909002577,23.162876028783607,23.95012664794922,316500,0.0,0.0
2001-07-13,23.95013013680953,24.476811653028097,23.92241050224488,23.955673217773438,293200,0.0,0.0
2001-07-16,23.95566301629814,24.86488017801454,23.95566301629814,24.32156753540039,384500,0.0,0.0
2001-07-17,24.2550487887139,24.83716953666855,24.171887775489342,24.737377166748047,136400,0.0,0.0
2001-07-18,24.476806738257952,24.53224599625544,24.061005958660402,24.12198829650879,300900,0.0,0.0
2001-07-19,23.944584536042196,24.310489204776346,23.562048509825026,24.238418579101562,199400,0.0,0.0
2001-07-20,24.42136376275348,24.476805131984793,24.00556301044256,24.116443634033203,158700,0.0,0.0
2001-07-23,23.839248906029443,24.022202296493585,23.478887320803253,23.606401443481445,256600,0.0,0.0
2001-07-24,23.52323121507691,23.550950838114694,23.11851879708452,23.323646545410156,142200,0.0,0.0
2001-07-25,23.3402759721875,23.700637386587132,23.257117109929393,23.528772354125977,213400,0.0,0.0
2001-07-26,23.52878048755999,23.894685106647554,23.52878048755999,23.67292594909668,249100,0.0,0.0
2001-07-27,23.58977154830345,23.911325271864058,23.523243993897843,23.711740493774414,80800,0.0,0.0
2001-07-30,23.711740724911394,23.8503410316166,23.60086005657266,23.7838134765625,112900,0.0,0.0
2001-07-31,23.772714274097673,23.83924179858075,23.47333724161601,23.52323341369629,66300,0.0,0.0
2001-08-01,23.50660004906903,23.79488666877493,23.401262519876788,23.678462982177734,126300,0.0,0.0
2001-08-02,23.678462371490433,24.088719975658492,23.672919292930917,23.966751098632812,76700,0.0,0.0
2001-08-03,23.972302680267806,24.116446024814888,23.778261041029886,23.93349266052246,73700,0.0,0.0
2001-08-06,23.839246457867496,23.922407465878738,23.589765548706055,23.589765548706055,60300,0.0,0.0
2001-08-07,23.58975612467744,23.77270942326403,23.428979368017366,23.76716423034668,105100,0.0,0.0
2001-08-08,23.767168590757834,24.266130301288552,23.173959732055664,23.173959732055664,128900,0.0,0.0
2001-08-09,23.146238830556786,23.5620395281117,23.0353582215678,23.495512008666992,90200,0.0,0.0
2001-08-10,23.45116252781236,23.977843915402545,23.262666097986568,23.85587501525879,74600,0.0,0.0
2001-08-13,23.800438000412743,23.839245905953586,23.340284099182405,23.722822189331055,53800,0.0,0.0
2001-08-14,23.916862505606602,24.33820851518844,23.789350509643555,23.789350509643555,89100,0.0,0.0
2001-08-15,23.678459332222644,23.89467532110894,23.257115625017466,23.367996215820312,109900,0.0,0.0
2001-08-16,23.312561101919638,23.478880975198955,23.218313949181066,23.362457275390625,125200,0.0,0.0
2001-08-17,22.45323438883955,22.71380346467876,21.80458641052246,21.80458641052246,434200,0.0,0.0
2001-08-20,21.416509677535892,21.416509677535892,20.346515655517578,20.346515655517578,836100,0.0,0.0
2001-08-21,20.174647754240564,20.623713229939522,19.958431748676016,20.180192947387695,270300,0.0,0.0
2001-08-22,20.318804186631212,21.89884671096711,20.318804186631212,21.732526779174805,290500,0.0,0.0
2001-08-23,21.649357362326512,21.926557846133182,21.50521404129066,21.665990829467773,130300,0.0,0.0
2001-08-24,21.638269416987185,21.638269416987185,21.399876828112298,21.510757446289062,45400,0.0,0.0
2001-08-27,21.46640949040601,21.616098028789967,21.427601585810784,21.444232940673828,44100,0.0,0.0
2001-08-28,21.37214716367149,21.37214716367149,20.928627014160156,20.928627014160156,94800,0.0,0.0
2001-08-29,20.873197555541992,21.061693971644484,20.623716693807538,20.873197555541992,141800,0.0,0.0
2001-08-30,20.817759550224967,21.000712916659396,20.546104212932434,20.77895164489746,123200,0.0,0.0
2001-08-31,20.784498783570488,21.31672334772438,20.784498783570488,21.261281967163086,86500,0.0,0.0
2001-09-04,21.233562135410487,21.843404626637415,21.233562135410487,21.566204071044922,116500,0.0,0.0
2001-09-05,21.59390901826162,21.76022881553354,21.516293253859452,21.688156127929688,89700,0.0,0.0
2001-09-06,21.688166646707092,21.688166646707092,21.261277620582707,21.266822814941406,42700,0.0,0.0
2001-09-07,21.155949346842487,21.155949346842487,20.817764282226562,20.817764282226562,108400,0.0,0.0
2001-09-10,20.679155127425826,20.695788594131464,20.346515401518243,20.401954650878906,104200,0.0,0.0
2001-09-17,20.26335901370799,20.26335901370799,18.683316784566752,18.766475677490234,201300,0.0,0.0
2001-09-18,18.749842164018702,18.749842164018702,18.018032993177858,18.18435287475586,179300,0.0,0.0
2001-09-19,18.18436585218868,18.18436585218868,16.770642677551603,16.992403030395508,357000,0.0,0.0
2001-09-20,16.798351530471724,16.798351530471724,16.205142571272475,16.29939079284668,160500,0.0,0.0
2001-09-21,15.523226289718258,17.186429106473785,15.523226289718258,17.070005416870117,312900,0.0,0.0
2001-09-24,17.325029773818382,18.117823305458057,17.130989228864436,18.084558486938477,169600,0.0,0.0
2001-09-25,18.101194190539324,18.295233702036338,17.779640583061912,17.951505661010742,84800,0.0,0.0
2001-09-26,18.17326352586391,18.184351799296266,17.657671500490853,17.66321563720703,131600,0.0,0.0
2001-09-27,17.663212580802753,17.823989345443575,17.535699573267156,17.807355880737305,111100,0.0,0.0
2001-09-28,17.945958533715388,18.711032452840072,17.945958533715388,18.41165542602539,98100,0.0,0.0
2001-10-01,18.28414567515788,18.533626561080272,18.11782578950032,18.40611457824707,75700,0.0,0.0
2001-10-02,18.37840436971229,18.982701885405305,18.37840436971229,18.711044311523438,76600,0.0,0.0
2001-10-03,18.711035506337552,19.245000348237838,18.494112421927287,19.100385665893555,94800,0.11,0.0
2001-10-04,19.884645119283515,20.41304870065693,19.884645119283515,19.940265655517578,242400,0.0,0.0
2001-10-05,19.81233207243977,20.051504141301542,19.550913067380844,19.751148223876953,108600,0.0,0.0
2001-10-08,19.667718716397797,19.940262268148576,19.634345127254253,19.745588302612305,82500,0.0,0.0
2001-10-09,19.717782099464472,19.856835566848865,19.6621594394382,19.728906631469727,69900,0.0,0.0
2001-10-10,19.756710146978254,20.635526657104492,19.756710146978254,20.635526657104492,111500,0.0,0.0
2001-10-11,20.635539195022968,21.72015695321588,20.635539195022968,21.653411865234375,130800,0.0,0.0
2001-10-12,21.62559773698669,21.670093747119807,21.19174943790944,21.33080291748047,130500,0.0,0.0
2001-10-15,21.442045083703633,21.63672121871709,21.080507327457397,21.581098556518555,100700,0.0,0.0
2001-10-16,21.44204520498917,21.770211487560143,20.44086061941611,20.579914093017578,280300,0.0,0.0
2001-10-17,20.579917199271065,21.052698232160765,19.13376170425368,19.46748924255371,297400,0.0,0.0
2001-10-18,19.411866850998805,19.65660021440464,18.77221998788181,19.105947494506836,148800,0.0,0.0
2001-10-19,19.07813184305853,19.161564757082786,18.822274018671955,19.050321578979492,113800,0.0,0.0
2001-10-22,18.744399752412725,18.82783052382765,18.355049787116567,18.560848236083984,335500,0.0,0.0
2001-10-23,18.633165875028276,18.966893370343563,18.49411239834896,18.939083099365234,282300,0.0,0.0
2001-10-24,18.939092067639876,18.939092067639876,18.56642959212962,18.772228240966797,117800,0.0,0.0
2001-10-25,18.772222466441796,18.939086241785894,18.6220444320957,18.87234115600586,86200,0.0,0.0
2001-10-26,18.872331617386433,19.10594036043799,18.77221297842521,18.972450256347656,66800,0.0,0.0
2001-10-29,18.838956359191844,18.889015674231494,18.471855422829986,18.655406951904297,103100,0.0,0.0
2001-10-30,18.57754278058409,18.5997897212375,18.1047597517605,18.51079559326172,164100,0.0,0.0
2001-10-31,18.549734769333906,18.633167712283164,18.24938084264992,18.377309799194336,86100,0.0,0.0
2001-11-01,18.399548727849712,19.222744682724432,18.1325643062485,19.089252471923828,144000,0.0,0.0
2001-11-02,19.089259279407077,19.38405194274422,18.822276884383108,18.900146484375,153800,0.0,0.0
2001-11-05,18.800026586002083,19.778964091902182,18.800026586002083,19.528667449951172,135900,0.0,0.0
2001-11-06,19.467491954226997,20.190569802454924,19.395183532867733,20.179445266723633,127900,0.0,0.0
2001-11-07,20.179434683677368,20.46866609563961,19.762274360579603,19.79008674621582,145100,0.0,0.0
2001-11-08,19.912459604296263,20.201691121896843,19.85683905628334,19.945833206176758,54500,0.0,0.0
2001-11-09,19.806771906752157,19.94582534375908,19.578724354932284,19.76227378845215,73300,0.0,0.0
2001-11-12,19.662158873701692,19.701093673706055,19.389615273671154,19.701093673706055,51000,0.0,0.0
2001-11-13,19.745591801094548,20.324054718017578,19.745591801094548,20.324054718017578,74300,0.0,0.0
2001-11-14,20.346301276035565,21.247367013736017,20.346301276035565,21.05825424194336,156700,0.0,0.0
2001-11-15,21.052695958338415,21.54772812791295,21.052695958338415,21.33080291748047,102400,0.0,0.0
2001-11-16,21.364169925886145,21.69233612131079,21.091624256416704,21.14168357849121,73700,0.0,0.0
2001-11-19,21.058262236891995,21.3308059068452,20.930333272372817,21.241811752319336,65200,0.0,0.0
2001-11-20,21.241800391322776,21.564405355054014,21.18617987016278,21.3029842376709,62800,0.0,0.0
2001-11-21,21.27517925262451,21.27517925262451,20.85801887512207,20.85801887512207,67500,0.0,0.0
2001-11-23,20.858022182982427,21.40867490219977,20.858022182982427,21.314117431640625,56700,0.0,0.0
2001-11-26,21.230673171191025,21.581088351077984,21.208426238619534,21.275171279907227,66600,0.0,0.0
2001-11-27,21.280739168668678,21.34748635271387,20.96926079694022,21.22511863708496,89300,0.0,0.0
2001-11-28,21.18061875145704,21.747954859275637,21.11387157965389,21.56440544128418,170100,0.0,0.0
2001-11-29,21.52546763633637,21.736829407195067,21.414224487369342,21.592212677001953,87600,0.0,0.0
2001-11-30,21.603341802723964,22.076122634240214,21.603341802723964,21.72014617919922,115200,0.0,0.0
2001-12-03,21.72014202080392,21.72014202080392,21.16949171039471,21.358604431152344,54300,0.0,0.0
2001-12-04,21.380861939117644,21.970449447631836,21.380861939117644,21.970449447631836,73000,0.0,0.0
2001-12-05,22.165115885119146,22.91600567991468,22.126181094476447,22.81032371520996,201500,0.0,0.0
2001-12-06,22.810330339756984,24.2509243772732,22.810330339756984,23.922758102416992,364200,0.0,0.0
2001-12-07,23.961687970657252,23.961687970657252,23.349851608276367,23.349851608276367,209600,0.0,0.0
2001-12-10,22.693531285614288,23.02726096618672,22.604537128485923,22.83814811706543,219200,0.0,0.0
2001-12-11,22.860380240957138,22.888192620977335,22.359789227394007,22.72132682800293,133400,0.0,0.0
2001-12-12,22.71020919623151,22.71020919623151,22.192930221557617,22.192930221557617,106400,0.0,0.0
2001-12-13,22.053884953215512,22.63790920249539,21.62559993793349,21.6367244720459,204300,0.0,0.0
2001-12-14,21.525476902557553,21.970447568188685,21.525476902557553,21.870328903198242,91900,0.0,0.0
2001-12-17,21.75908009593125,22.09837080405007,21.631151195159507,21.831388473510742,113500,0.0,0.0
2001-12-18,21.72014887080158,21.83695326175146,21.675652869300947,21.74795913696289,76500,0.0,0.0
2001-12-19,21.74796095172092,22.076127212097717,21.692340414757044,21.786895751953125,130100,0.0,0.0
2001-12-20,21.686780211930483,21.692341417168866,21.33636487186031,21.45873260498047,77200,0.0,0.0
2001-12-21,21.458726057828354,21.859198488220784,21.158370143693837,21.848073959350586,131500,0.0,0.0
2001-12-24,21.71458480168682,21.99825287397024,21.71458480168682,21.898134231567383,37800,0.0,0.0
2001-12-26,21.970448259981342,22.471041600695944,21.970448259981342,22.459917068481445,104100,0.0,0.0
2001-12-27,22.63791121287189,22.776964718943848,22.137317742297608,22.420988082885742,112400,0.0,0.0
2001-12-28,22.443225074699825,22.77695461429131,22.3876045456615,22.415414810180664,111600,0.0,0.0
2001-12-31,22.359795401202007,22.47103858663829,22.09281302922729,22.387605667114258,54400,0.0,0.0
2002-01-02,22.398735725425066,22.48216654375098,22.07056941438573,22.46548080444336,71400,0.0,0.0
2002-01-03,22.44323074895742,22.904889319486603,22.415420477407064,22.776960372924805,78900,0.0,0.0
2002-01-04,22.74914573679556,23.166306095378943,22.721333348793486,23.11068344116211,50600,0.0,0.0
2002-01-07,22.916006265811653,23.043935170020863,22.63789939880371,22.63789939880371,92300,0.0,0.0
2002-01-08,22.6379079470536,22.6379079470536,22.048320402520606,22.52666473388672,104400,0.0,0.0
2002-01-09,22.57127385219419,22.76647798288238,22.43184172239821,22.45414924621582,80800,0.11,0.0
2002-01-10,22.28125878457649,22.28125878457649,21.779302175774006,22.141826629638672,81800,0.0,0.0
2002-01-11,22.11393837591644,22.16971038119508,21.678908649993648,21.6900634765625,59000,0.0,0.0
2002-01-14,21.645454722019302,21.645454722019302,20.669429356825617,20.91482925415039,204200,0.0,0.0
2002-01-15,20.998493743490094,21.20485283887924,20.52442290629674,20.769824981689453,240600,0.0,0.0
2002-01-16,20.769813894191827,20.769813894191827,20.440753936767578,20.440753936767578,129900,0.0,0.0
2002-01-17,20.580183161900944,20.580183161900944,20.16188677346853,20.56344985961914,139600,0.0,0.0
2002-01-18,20.468641789800344,20.69173197227208,20.239973129416395,20.340364456176758,107800,0.0,0.0
2002-01-22,20.440751032423474,20.647109988331803,20.384976904093215,20.56344985961914,134300,0.0,0.0
2002-01-23,20.70288280075081,20.892510589377125,20.390556180118434,20.83673858642578,192100,0.0,0.0
2002-01-24,20.88693302509019,21.149063976791673,20.75865572371172,20.792118072509766,105000,0.0,0.0
2002-01-25,20.775399696082246,20.99291360752317,20.702894349746362,20.970603942871094,129700,0.0,0.0
2002-01-28,21.137921904869962,21.61199052338867,21.126767073807976,21.29966163635254,140600,0.0,0.0
2002-01-29,21.47254906715644,21.47254906715644,20.81442921125653,21.188108444213867,129200,0.0,0.0
2002-01-30,21.188121428460775,21.600839614868164,21.09888489132673,21.600839614868164,103600,0.0,0.0
2002-01-31,21.751420330468083,21.751420330468083,21.478132318392024,21.628719329833984,108200,0.0,0.0
2002-02-01,21.667754191272927,21.77930033128953,21.40004473177248,21.49485969543457,77400,0.0,0.0
2002-02-04,21.49486668661483,21.684494548049596,21.32197000697637,21.37216567993164,76900,0.0,0.0
2002-02-05,21.361008152672873,21.44466830622484,21.098877118171142,21.132339477539062,61600,0.0,0.0
2002-02-06,21.132335856705556,21.137914334021776,20.658267407981285,20.686153411865234,67500,0.0,0.0
2002-02-07,20.881357156053895,21.04309895399267,20.390557540162394,20.831161499023438,145900,0.0,0.0
2002-02-08,20.831166243491065,21.556215260748086,20.663848057803357,21.506019592285156,96500,0.0,0.0
2002-02-11,21.556215004839107,22.058169555943188,21.556215004839107,22.002397537231445,103000,0.0,0.0
2002-02-12,22.019133145362428,22.348193228094157,21.890855774476034,22.074907302856445,125700,0.0,0.0
2002-02-13,22.102791898152823,22.7832195553433,22.102791898152823,22.77764320373535,320600,0.0,0.0
2002-02-14,22.811098845605365,23.084384647257718,22.6716667062742,22.733015060424805,245400,0.0,0.0
2002-02-15,22.69955649489611,23.089966975656676,22.69955649489611,22.816679000854492,127800,0.0,0.0
2002-02-19,22.78879342185439,22.939380415585948,22.67167091369629,22.67167091369629,93700,0.0,0.0
2002-02-20,22.710707940235157,23.36882781982422,22.710707940235157,23.36882781982422,177200,0.0,0.0
2002-02-21,23.36324713299673,23.893089647307544,23.36324713299673,23.53056526184082,183600,0.0,0.0
2002-02-22,23.536152830736604,24.03810741118028,23.49711198984319,23.99349021911621,137000,0.0,0.0
2002-02-25,24.11062307907251,24.735278928750564,24.093891890820878,24.501033782958984,221700,0.0,0.0
2002-02-26,24.484294357323055,24.81893077517524,24.316974020830504,24.42852020263672,248500,0.0,0.0
2002-02-27,24.567942030319244,25.06989857283807,24.540056028527214,24.93604278564453,300000,0.0,0.0
2002-02-28,24.93605173208699,25.265111777448976,24.93605173208699,25.097793579101562,275300,0.0,0.0
2002-03-01,25.097788458101768,25.298571106177125,25.014128312215075,25.120098114013672,158600,0.0,0.0
2002-03-04,25.164714313217146,25.583010771144934,25.164714313217146,25.510507583618164,230200,0.0,0.0
2002-03-05,25.571865645498903,25.688990315105368,25.354351745262996,25.493783950805664,161000,0.0,0.0
2002-03-06,25.488197485750007,26.519994546352546,25.488197485750007,26.352676391601562,252900,0.0,0.0
2002-03-07,26.492107682683017,27.133496403921622,26.492107682683017,26.893672943115234,555800,0.0,0.0
2002-03-08,26.938300315985817,27.105618528618475,26.575777876542812,26.832332611083984,267100,0.0,0.0
2002-03-11,26.826750374896562,27.060997541831565,26.659432185695106,26.798864364624023,123900,0.0,0.0
2002-03-12,26.62039346241571,27.166967391967773,26.48653975143818,27.166967391967773,102400,0.0,0.0
2002-03-13,27.16696921383973,27.401216415109065,26.715210249536725,26.915990829467773,223300,0.0,0.0
2002-03-14,27.049846631991088,27.17254764805027,26.849063924827522,26.999650955200195,174500,0.0,0.0
2002-03-15,27.10560343082205,27.10560343082205,26.93828531138543,27.016366958618164,132300,0.0,0.0
2002-03-18,27.049824197540467,27.189256281032943,26.765383683344304,26.921546936035156,113100,0.0,0.0
2002-03-19,27.13349484439999,27.41235911976868,27.10560671481066,27.26177215576172,87600,0.0,0.0
2002-03-20,27.15023464390366,27.15023464390366,26.637123107910156,26.637123107910156,153600,0.0,0.0
2002-03-21,26.603650878856904,26.603650878856904,25.99014822917972,26.402868270874023,138100,0.0,0.0
2002-03-22,26.341521216727745,26.34709969409978,25.79494745038425,26.068235397338867,185000,0.0,0.0
2002-03-25,26.06823926677571,26.090546796877838,25.889764132996305,26.034774780273438,235300,0.0,0.0
2002-03-26,25.99015835017844,26.899256789200955,25.98458199892538,26.592506408691406,192500,0.0,0.0
2002-03-27,26.592502546878034,27.674495375978296,26.592502546878034,27.25619888305664,224400,0.0,0.0
2002-03-28,27.256198853285323,27.574104017353264,27.206003189086914,27.206003189086914,185300,0.0,0.0
2002-04-01,27.033121837941568,27.256212132741318,26.380577885437322,26.988502502441406,255800,0.0,0.0
2002-04-02,26.988496859450038,27.6745030425762,26.988496859450038,27.23947525024414,362900,0.0,0.0
2002-04-03,27.267419065626513,27.429526008861114,27.05500527694203,27.105314254760742,400600,0.11,0.0
2002-04-04,27.054998125973412,27.166793929471467,26.915251239232575,27.1220760345459,194900,0.0,0.0
2002-04-05,27.08295770132522,27.893490388862705,27.08295770132522,27.613996505737305,173900,0.0,0.0
2002-04-08,27.39038861706316,27.39038861706316,26.7140142262469,27.071765899658203,270700,0.0,0.0
2002-04-09,27.077363394132494,27.558093156846095,27.077363394132494,27.546913146972656,161400,0.0,0.0
2002-04-10,27.546914610288912,28.56427210675738,27.546914610288912,28.435705184936523,231900,0.0,0.0
2002-04-11,28.34067465539113,28.78227541648594,28.27918567190088,28.3071346282959,228900,0.0,0.0
2002-04-12,28.48042214616344,28.53632006008482,27.954972372880068,28.1729793548584,135800,0.0,0.0
2002-04-15,28.312725776946706,28.346263671765588,27.815224969323452,27.820816040039062,141700,0.0,0.0
2002-04-16,28.005279911946626,28.228875820901212,27.84876405509959,28.189746856689453,181900,0.0,0.0
2002-04-17,28.497183981138118,28.497183981138118,27.815218513194434,27.871118545532227,101500,0.0,0.0
2002-04-18,27.871125063221427,27.871125063221427,26.71402077784165,26.999103546142578,369500,0.0,0.0
2002-04-19,27.13885437227485,27.75374216618901,27.13885437227485,27.6084041595459,132900,0.0,0.0
2002-04-22,27.608409120639692,27.68666707718593,27.27860620921669,27.40717315673828,222800,0.0,0.0
2002-04-23,27.407165944000006,28.033233696346578,27.3344990791133,27.949384689331055,167000,0.0,0.0
2002-04-24,27.954980499990327,29.123265152489793,27.954980499990327,28.502790451049805,360900,0.0,0.0
2002-04-25,28.502788699494022,28.642535648705888,28.295961679354626,28.58663558959961,251300,0.0,0.0
2002-04-26,28.58662661441541,29.028227347046585,28.452470779418945,28.452470779418945,136500,0.0,0.0
2002-04-29,28.452479431409362,28.73197332707205,28.368630409762876,28.54750633239746,187900,0.0,0.0
2002-04-30,28.547500107542394,28.983509807345023,28.5027822028192,28.826993942260742,82500,0.0,0.0
2002-05-01,28.78786929226112,29.235059068385542,28.03323667832423,28.989105224609375,235900,0.0,0.0
2002-05-02,28.955553038395603,29.626338487221417,28.676059279082192,29.419513702392578,356100,0.0,0.0
2002-05-03,29.419529337339057,29.59840526777342,29.06736641638484,29.26860237121582,254600,0.0,0.0
2002-05-06,29.290955494445694,29.402751325350273,28.79345466449764,28.882892608642578,206000,0.0,0.0
2002-05-07,28.877303666793516,29.095308522349207,28.63693879211191,28.67047882080078,170300,0.0,0.0
2002-05-08,28.955558639261742,29.01145868135805,28.69842484272444,28.78786277770996,111700,0.0,0.0
2002-05-09,28.927606144923026,30.073530213079163,28.927606144923026,29.693418502807617,311500,0.0,0.0
2002-05-10,29.76608317045239,29.877881092401868,29.167966740245884,29.486589431762695,212500,0.0,0.0
2002-05-13,29.45864322558228,29.45864322558228,28.955553596179634,29.01145362854004,178400,0.0,0.0
2002-05-14,29.01146200817871,29.263004763167164,28.810226098292894,29.067359924316406,424500,0.0,0.0
2002-05-15,29.07294624563403,29.17356419151861,28.871712486233488,28.927610397338867,259200,0.0,0.0
2002-05-16,28.983518630315327,29.011469728190836,28.4971998069267,28.62576675415039,157300,0.0,0.0
2002-05-17,28.625747086890172,28.67605604318429,28.36302443279238,28.463640213012695,186700,0.0,0.0
2002-05-20,28.463653637244008,28.508373678315703,28.00528387810374,28.06118392944336,101000,0.0,0.0
2002-05-21,28.424517156540936,28.564264049409612,27.63634476605635,27.764911651611328,197700,0.0,0.0
2002-05-22,27.764913183236228,27.977329069177472,27.697835268022118,27.893482208251953,212200,0.0,0.0
2002-05-23,25.23830010228593,25.54574296677855,24.036475475560223,24.506025314331055,2074800,0.0,0.0
2002-05-24,24.62341259561873,25.405996382299232,24.595463631602126,25.070602416992188,768700,0.0,0.0
2002-05-28,25.07059178196585,25.551321435653712,24.79109799562345,25.545732498168945,452900,0.0,0.0
2002-05-29,25.545735161749963,25.875537949316325,25.41716826251136,25.601633071899414,397000,0.0,0.0
2002-05-30,25.238300488537806,25.79728829884988,24.93085548697075,25.573692321777344,705600,0.0,0.0
2002-05-31,25.43393927361859,25.875540049698273,25.422759264207475,25.579275131225586,315000,0.0,0.0
2002-06-03,25.57368059158325,25.57368059158325,25.042641988890924,25.15443992614746,216500,0.0,0.0
2002-06-04,25.098549850346362,25.12649881028393,23.734618428755997,24.14267921447754,441900,0.0,0.0
2002-06-05,24.1426761053492,24.539558961879738,24.04205815663652,24.28242301940918,247100,0.0,0.0
2002-06-06,24.23211408654045,24.399812089594487,24.008520303082882,24.09236717224121,172800,0.0,0.0
2002-06-07,24.092357591311607,24.60662714025235,24.053228641457924,24.601036071777344,151900,0.0,0.0
2002-06-10,24.53955529666529,25.18798079576037,24.48365525996929,25.05941390991211,242000,0.0,0.0
2002-06-11,25.053822294306798,25.232698143100794,24.41098574670015,24.517194747924805,179500,0.0,0.0
2002-06-12,24.53956261515332,24.768747503036334,24.209759763578344,24.746387481689453,254600,0.0,0.0
2002-06-13,24.886131453561358,25.070596276787864,24.58427759842481,24.757564544677734,530400,0.0,0.0
2002-06-14,24.67930616636643,24.68489510475238,24.148267460215497,24.21534538269043,261700,0.0,0.0
2002-06-17,24.159448649304206,25.210343971422514,24.159448649304206,25.14885711669922,110000,0.0,0.0
2002-06-18,25.288602083004783,25.60163380054055,25.187984135977246,25.338911056518555,113700,0.0,0.0
2002-06-19,25.283012680065966,25.79728245794647,25.15444576868804,25.322141647338867,163200,0.0,0.0
2002-06-20,25.09855031937525,25.322144135423137,24.299197682483022,24.388635635375977,269900,0.0,0.0
2002-06-21,24.39421995874229,24.95879866210153,24.14826616791732,24.92525863647461,183100,0.0,0.0
2002-06-24,24.90290334029836,25.568100114272855,24.735207445110394,25.18798828125,244600,0.0,0.0
2002-06-25,25.187990625066462,25.685489417777717,24.427766888279702,24.595462799072266,352900,0.0,0.0
2002-06-26,24.3159599905536,25.154441369538205,24.20416204688197,25.137672424316406,143400,0.0,0.0
2002-06-27,25.3500931049226,25.428353179554716,24.712847423786933,25.18798828125,285200,0.0,0.0
2002-06-28,25.238294342970725,25.93702893571777,25.238294342970725,25.853179931640625,216300,0.0,0.0
2002-07-01,26.119405711426026,26.169851002767373,24.830250879326265,24.841461181640625,159700,0.125,0.0
2002-07-02,24.841484611867816,24.841484611867816,24.325823047919958,24.37626838684082,230300,0.0,0.0
2002-07-03,24.325809036092814,24.58363966955459,23.541104691129565,24.578033447265625,184000,0.0,0.0
2002-07-05,24.886313690940643,25.55891503003565,24.886313690940643,25.51968002319336,60200,0.0,0.0
2002-07-08,25.379555495121508,25.61496768459338,24.634088194447063,24.66771697998047,146000,0.0,0.0
2002-07-09,24.667714031619667,25.032041511101806,24.493959625404447,24.600454330444336,186000,0.0,0.0
2002-07-10,24.740581826834017,24.925548691743586,24.252945214664035,24.275365829467773,253100,0.0,0.0
2002-07-11,24.21370765660357,24.21370765660357,22.812451451223126,23.445819854736328,242100,0.0,0.0
2002-07-12,23.445815984867266,24.000712153246585,23.148748264419222,23.529890060424805,122100,0.0,0.0
2002-07-15,23.400977723671055,23.412188029457663,22.341628415529378,23.053466796875,190500,0.0,0.0
2002-07-16,22.980602096461652,23.06467832524422,22.139848361225248,22.27997398376465,178200,0.0,0.0
2002-07-17,22.532198092382984,22.84047400096288,21.299092319916305,22.179080963134766,309200,0.0,0.0
2002-07-18,22.39208303689017,23.008635144589295,22.095015155342256,22.38087272644043,181400,0.0,0.0
2002-07-19,22.700356788052943,23.238438806169817,22.420105469681918,22.81806182861328,424400,0.0,0.0
2002-07-22,22.868494681387006,23.204797362937036,22.139842078582003,22.425697326660156,214200,0.0,0.0
2002-07-23,22.565826869737137,22.868498694807037,22.179080963134766,22.179080963134766,285700,0.0,0.0
2002-07-24,21.85960067538017,23.714864989613545,21.584953469699396,23.686838150024414,261700,0.0,0.0
2002-07-25,23.82136156948157,24.381864194645843,22.862902593606144,24.118427276611328,215800,0.0,0.0
2002-07-26,24.21372000913844,24.297794141462987,23.40099056777757,23.709266662597656,151800,0.0,0.0
2002-07-29,23.905447802797426,25.54211512553201,23.905447802797426,25.502880096435547,168600,0.0,0.0
2002-07-30,25.502865951284353,25.614966888589837,24.779817150718905,25.05446434020996,189400,0.0,0.0
2002-07-31,24.99840948461437,25.16656193732863,24.241731999989216,24.589242935180664,148800,0.0,0.0
2002-08-01,24.550005232636476,24.886307962925592,24.37625085322677,24.572425842285156,117800,0.0,0.0
2002-08-02,24.634087254303882,24.656507869235554,23.12072995677629,23.19359588623047,126800,0.0,0.0
2002-08-05,23.14876183148554,23.585955405574243,22.392084017257996,22.476158142089844,163400,0.0,0.0
2002-08-06,22.924564865554736,24.44913099371656,22.907748327987655,24.208114624023438,256100,0.0,0.0
2002-08-07,24.437912175035333,24.61727283356366,23.653209828510835,24.5948543548584,160200,0.0,0.0
2002-08-08,24.606064764479108,25.082491114751615,24.101611573951274,24.83587074279785,121500,0.0,0.0
2002-08-09,24.606067499845903,24.970392944040988,24.398679977270103,24.79663848876953,155900,0.0,0.0
2002-08-12,24.802240962386193,25.514079547149933,24.606065900428707,25.441213607788086,157800,0.0,0.0
2002-08-13,25.446810243239668,25.65979961935604,24.9255428314209,24.9255428314209,182000,0.0,0.0
2002-08-14,24.931166923410135,25.519694498005826,24.522000092726486,25.502880096435547,127500,0.0,0.0
2002-08-15,25.727069942709722,26.450116664619667,25.49165774118382,26.32120132446289,159900,0.0,0.0
2002-08-16,26.32119726437444,26.34361787785139,26.00731722828671,26.270751953125,134700,0.0,0.0
2002-08-19,26.270755866026935,27.044250041010777,26.203496153725467,26.915334701538086,105900,0.0,0.0
2002-08-20,26.90412354574087,27.184374832675672,26.707948500145562,26.95456886291504,182500,0.0,0.0
2002-08-21,27.09469211152934,27.98589121073636,26.960170564905802,27.744874954223633,197000,0.0,0.0
2002-08-22,27.74487625701227,27.86258127949267,27.27405402894313,27.834556579589844,123200,0.0,0.0
2002-08-23,27.817750815163638,27.913035252015945,27.50386851971539,27.632783889770508,166200,0.0,0.0
2002-08-26,27.64399066174165,28.069973875181603,27.18998274329463,27.952266693115234,230000,0.0,0.0
2002-08-27,28.092384723299055,28.417477199864148,27.408573126704223,27.43659782409668,213500,0.0,0.0
2002-08-28,27.43659856807121,27.43659856807121,26.76399512167707,27.049850463867188,194900,0.0,0.0
2002-08-29,27.01621488552093,27.156340479182195,26.780802776333633,27.11710548400879,136800,0.0,0.0
2002-08-30,27.10591086619294,27.425397233576387,26.948970794677734,26.948970794677734,114200,0.0,0.0
2002-09-03,26.82004735179693,26.82565357490821,26.136235664407998,26.494956970214844,158600,0.0,0.0
2002-09-04,26.53979685338051,26.960173797023163,26.293176482843325,26.915334701538086,192700,0.0,0.0
2002-09-05,26.91532592762996,26.91532592762996,26.15304230954495,26.309982299804688,162800,0.0,0.0
2002-09-06,26.511771271122793,27.61035580087549,26.511771271122793,27.414180755615234,151100,0.0,0.0
2002-09-09,27.128328944897365,27.901821057573443,27.11711863539001,27.660804748535156,241000,0.0,0.0
2002-09-10,27.744873438153363,28.585627178703465,27.739269354001188,28.036334991455078,273200,0.0,0.0
2002-09-11,28.266134377929028,28.266134377929028,27.879388516633824,27.884992599487305,77500,0.0,0.0
2002-09-12,27.77288971501112,27.77288971501112,27.016212433184737,27.072261810302734,133200,0.0,0.0
2002-09-13,26.73596867948818,26.848069602932558,26.28756712385795,26.8032283782959,141600,0.0,0.0
2002-09-16,26.820054889317362,26.96018057241337,26.455729396156674,26.685535430908203,80300,0.0,0.0
2002-09-17,26.853690899822805,26.853690899822805,25.816761504134753,25.83917999267578,174300,0.0,0.0
2002-09-18,25.362734678181567,25.474835590576426,24.8302569479163,25.32349967956543,273100,0.0,0.0
2002-09-19,25.183378805504617,25.32350443779069,24.662111282348633,24.662111282348633,139700,0.0,0.0
2002-09-20,24.757398900297623,25.194592383732196,24.342628172242875,24.751794815063477,293500,0.0,0.0
2002-09-23,24.611677892249364,24.611677892249364,24.01754415379712,24.4659481048584,227700,0.0,0.0
2002-09-24,24.185694008625337,25.065683136548785,24.023147701391512,24.746196746826172,266800,0.0,0.0
2002-09-25,25.2226078979393,26.03533680228007,24.936752615880653,25.5308837890625,284900,0.0,0.0
2002-09-26,25.783125718091615,26.455729425323653,25.771915406853786,26.388469696044922,177300,0.0,0.0
2002-09-27,26.28756696362566,26.635077899852476,25.78311388027443,26.074575424194336,290300,0.0,0.0
2002-09-30,26.07458739583044,26.595855108574153,25.211412673851797,26.388469696044922,268800,0.0,0.0
2002-10-01,26.52857839542583,26.595838081644214,24.964776258356956,25.491647720336914,473700,0.0,0.0
2002-10-02,25.494465138672464,25.494465138672464,24.460298050619144,24.48278045654297,260800,0.125,0.0
2002-10-03,24.53337960338757,24.983017273012635,24.30855969655427,24.488414764404297,192500,0.0,0.0
2002-10-04,24.70198041789476,24.718841151589604,23.577885765376596,23.752119064331055,237900,0.0,0.0
2002-10-07,23.75211824179155,23.774600648633037,22.532476615185107,22.622404098510742,317800,0.0,0.0
2002-10-08,22.060361381532882,22.28518120864252,20.880062649309217,21.425247192382812,853400,0.0,0.0
2002-10-09,21.28473318596741,21.414003823080453,20.115675777617867,20.346115112304688,361500,0.0,0.0
2002-10-10,20.34048767625786,21.998527367898983,20.28990334179966,21.779329299926758,319800,0.0,0.0
2002-10-11,22.172764618002166,23.100141301468337,22.099697874588667,22.532474517822266,197100,0.0,0.0
2002-10-14,22.11656379569198,22.11656379569198,21.357800681720786,21.768095016479492,225300,0.0,0.0
2002-10-15,22.330135854276747,23.757736311543713,22.330135854276747,23.482332229614258,245900,0.0,0.0
2002-10-16,23.54978070513998,23.58350216805816,22.105319439714826,22.240209579467773,184100,0.0,0.0
2002-10-17,22.95963857564493,23.538548934847608,22.937158306038214,23.268766403198242,198900,0.0,0.0
2002-10-18,23.27438029970976,24.53898681666969,23.060801709847425,24.314167022705078,337600,0.0,0.0
2002-10-21,24.31978365190705,25.803587980961474,23.662187284597923,25.629352569580078,249700,0.0,0.0
2002-10-22,25.57315723589648,25.57877676663634,24.68512129614778,25.0167293548584,173200,0.0,0.0
2002-10-23,24.904315372445932,25.247162407073045,24.066863994518908,25.112272262573242,245500,0.0,0.0
2002-10-24,25.40453745729961,25.45512179820645,24.15679181095782,24.392852783203125,190400,0.0,0.0
2002-10-25,24.364753134619427,24.842494695401356,24.168037408676675,24.533369064331055,185900,0.0,0.0
2002-10-28,24.73008612024854,24.769429267552947,23.965701297121612,24.02752685546875,150600,0.0,0.0
2002-10-29,23.999424913685704,24.14555629738198,23.13387138490723,24.02752685546875,156200,0.0,0.0
2002-10-30,24.027528435925298,24.224244185386702,23.72964397415778,24.139938354492188,126500,0.0,0.0
2002-10-31,24.13993591803069,24.505265436449015,23.695917963729016,23.870153427124023,128900,0.0,0.0
2002-11-01,23.58912615686328,24.083726243229965,23.40927119017715,23.943214416503906,230100,0.0,0.0
2002-11-04,24.083727536845544,24.218619841125808,23.381168365478516,23.381168365478516,280200,0.0,0.0
2002-11-05,23.240663016672425,23.858916546427587,23.2294239535498,23.555410385131836,202700,0.0,0.0
2002-11-06,23.577892492279638,24.853740544179104,23.420517738079738,24.746950149536133,229600,0.0,0.0
2002-11-07,24.44905238872166,24.44905238872166,23.409265960840244,23.516054153442383,118400,0.0,0.0
2002-11-08,23.52167661322874,24.31416315193287,23.268757065333464,23.358684539794922,121100,0.0,0.0
2002-11-11,23.1788305215647,23.532918760451725,22.89218521118164,22.89218521118164,150400,0.0,0.0
2002-11-12,22.959632985112286,23.308103879678,22.695472193216897,22.774158477783203,194000,0.0,0.0
2002-11-13,22.76291305840121,23.04955620538864,22.391961968396277,22.59429931640625,262800,0.0,0.0
2002-11-14,22.791017236937968,23.409270543887914,22.706711429654067,22.903427124023438,205800,0.0,0.0
2002-11-15,22.875323979095153,23.51605751436144,22.819117966503278,23.465473175048828,213500,0.0,0.0
2002-11-18,23.605987742493863,23.65657208770368,22.762916751690508,22.85284423828125,120400,0.0,0.0
2002-11-19,22.87533346346203,23.46548290409821,22.791025481639274,22.97088050842285,130700,0.0,0.0
2002-11-20,22.62240176642536,23.31371962523255,22.566197899155874,23.049556732177734,173100,0.0,0.0
2002-11-21,23.18444801104116,24.168030653933815,23.18444801104116,23.77459716796875,204600,0.0,0.0
2002-11-22,23.774606860892582,23.774606860892582,23.229422288792872,23.280004501342773,150400,0.0,0.0
2002-11-25,23.324970030624854,23.77460757831064,23.246283727784963,23.583511352539062,165500,0.0,0.0
2002-11-26,23.58350892602436,23.915116985331046,23.21255771934576,23.3137264251709,95300,0.0,0.0
2002-11-27,23.454238910148625,23.870154950193257,23.4092762308156,23.746503829956055,116800,0.0,0.0
2002-11-29,23.887007320723495,23.943211186215063,23.62846610899821,23.67905044555664,81200,0.0,0.0
2002-12-02,23.96007838254456,24.19613723303287,23.24065633906498,23.71277618408203,181800,0.0,0.0
2002-12-03,23.605986885402512,23.605986885402512,22.453790335280218,22.622404098510742,204500,0.0,0.0
2002-12-04,22.481895048743773,23.032701220153125,22.245836179871446,22.723575592041016,248500,0.0,0.0
2002-12-05,22.864082393572534,23.07766094976362,22.397582145055186,22.734811782836914,71500,0.0,0.0
2002-12-06,22.594301513676246,23.15634880434461,22.594301513676246,22.959630966186523,95300,0.0,0.0
2002-12-09,22.89219167926289,23.004601594624194,22.481897310628813,22.538101196289062,161600,0.0,0.0
2002-12-10,22.678610817574267,23.18445431478583,22.611165732626255,23.015840530395508,120700,0.0,0.0
2002-12-11,23.015834924395953,23.80269977457321,23.015834924395953,23.3080997467041,204600,0.0,0.0
2002-12-12,23.448606956702978,23.830799176740413,23.381159757374267,23.499191284179688,101800,0.0,0.0
2002-12-13,23.414898724939814,23.414898724939814,22.667376666095773,22.768543243408203,98800,0.0,0.0
2002-12-16,22.65050455697917,23.38678725268925,22.65050455697917,23.223793029785156,80400,0.0,0.0
2002-12-17,23.156352336635365,23.353068060760382,23.043942432546533,23.072044372558594,88400,0.0,0.0
2002-12-18,22.98773386112646,22.99335339036579,22.341378652555953,22.42006492614746,127000,0.0,0.0
2002-12-19,22.504372463893002,22.807878494262695,22.48189005926411,22.807878494262695,105700,0.0,0.0
2002-12-20,22.987743577288285,23.577893022701478,22.90343559478309,23.5722713470459,164200,0.0,0.0
2002-12-23,23.566657241608787,23.566657241608787,23.2406685878409,23.409284591674805,94000,0.0,0.0
2002-12-24,23.32496728174181,23.409275250014986,23.128251547825325,23.13387107849121,31400,0.0,0.0
2002-12-26,23.156355353211797,23.802708633851942,23.156355353211797,23.19007682800293,65500,0.0,0.0
2002-12-27,23.049564562124935,23.08890985542731,22.701095749790873,22.79102325439453,72800,0.0,0.0
2002-12-30,22.77977600469587,23.13948592767718,22.594301513676246,22.959630966186523,59400,0.0,0.0
2002-12-31,23.07204141923196,23.46547496116129,22.93715126682439,23.24627685546875,92400,0.0,0.0
2003-01-02,23.240650817299752,24.17364908172824,23.21254888616225,24.151168823242188,92400,0.0,0.0
2003-01-03,24.151180161768263,24.449064630948797,23.926360319039723,24.28045082092285,120400,0.0,0.0
2003-01-06,24.08372975294513,24.47716335392112,24.02752587168026,24.42095947265625,105600,0.0,0.0
2003-01-07,24.33664796014493,24.47715978687099,23.774600653240704,23.943214416503906,99900,0.0,0.0
2003-01-08,23.7994737566139,23.95730946023989,23.461251626965108,23.669822692871094,190300,0.125,0.0
2003-01-09,23.810748338997737,24.23916046146488,23.652910483057028,23.681095123291016,94300,0.0,0.0
2003-01-10,23.613453362704842,23.799475873107234,23.252684779276372,23.686735153198242,127900,0.0,0.0
2003-01-13,23.884022799128125,24.115140239536196,23.73182319441797,24.024948120117188,95900,0.0,0.0
2003-01-14,23.957312722795166,24.14333524198745,23.872756641280404,24.120786666870117,76900,0.0,0.0
2003-01-15,24.126417139605582,24.126417139605582,23.61908721923828,23.61908721923828,138600,0.0,0.0
2003-01-16,23.67545971660053,24.26734577944549,23.624726502622373,24.05877685546875,104200,0.0,0.0
2003-01-17,24.05877305107459,24.05877305107459,23.534530639648438,23.534530639648438,187600,0.0,0.0
2003-01-21,23.619087924912364,24.086958937130365,23.596539354351243,23.692367553710938,166800,0.0,0.0
2003-01-22,23.69236979381761,23.69236979381761,22.897550884363596,22.937009811401367,95800,0.0,0.0
2003-01-23,23.055384966099624,23.771283753854522,22.953918555952495,23.748737335205078,119400,0.0,0.0
2003-01-24,23.703648428442467,23.703648428442467,22.948288307460384,22.999021530151367,102100,0.0,0.0
2003-01-27,22.99901480551299,23.25268084479898,22.452225954552087,22.610061645507812,191200,0.0,0.0
2003-01-28,22.75097991049447,22.999007654932456,22.463491105236308,22.942638397216797,133400,0.0,0.0
2003-01-29,22.80172179469114,23.134305702834354,22.34512289187922,23.106121063232422,77900,0.0,0.0
2003-01-30,22.767891296500913,22.95954979196746,21.826511317533964,22.051990509033203,222700,0.0,0.0
2003-01-31,22.3338557277498,23.382340997942162,22.27748643057099,23.32033348083496,170000,0.0,0.0
2003-02-03,23.280867457287226,23.478164238068167,22.688981415644793,22.869365692138672,122800,0.0,0.0
2003-02-04,22.632620864594827,22.88628487288199,22.632620864594827,22.756633758544922,74700,0.0,0.0
2003-02-05,22.897555084769397,23.444346245955497,22.858096150493147,22.999021530151367,101100,0.0,0.0
2003-02-06,23.421800324618225,23.421800324618225,22.829914093017578,22.829914093017578,248000,0.0,0.0
2003-02-07,22.94265675636416,22.987751768552698,22.40150370799529,22.548065185546875,95600,0.0,0.0
2003-02-10,22.548057804713594,22.756626737309094,22.446591372564356,22.576242446899414,123800,0.0,0.0
2003-02-11,22.717171204387775,22.8017272939367,22.491691882841778,22.531150817871094,149800,0.0,0.0
2003-02-12,22.53678553352716,22.604429110893445,22.040727615356445,22.040727615356445,170800,0.0,0.0
2003-02-13,22.040722475538395,22.091455684319946,21.646133240959745,21.86033821105957,140100,0.0,0.0
2003-02-14,21.956168161098375,22.790445906700068,21.956168161098375,22.610061645507812,156800,0.0,0.0
2003-02-18,22.942659084377,23.523271133707734,22.942659084377,23.47817611694336,134300,0.0,0.0
2003-02-19,23.47817172361801,23.47817172361801,22.688988649579247,22.818639755249023,116200,0.0,0.0
2003-02-20,22.82991389545682,22.863736764243068,22.260576248168945,22.260576248168945,95500,0.0,0.0
2003-02-21,22.35076654960225,22.999022019615825,21.978723625400765,22.81300163269043,119200,0.0,0.0
2003-02-24,22.807365641109076,22.81300386116252,21.984361842079544,22.001272201538086,164700,0.0,0.0
2003-02-25,21.719419998262026,22.48605444907831,21.49957673817369,22.356403350830078,168600,0.0,0.0
2003-02-26,22.294385482409545,22.548051491761818,21.97307592067992,21.984350204467773,86200,0.0,0.0
2003-02-27,22.125281438900632,22.32257608203732,21.905438222162516,22.018178939819336,119400,0.0,0.0
2003-02-28,22.153468630264822,22.367675803429837,21.82652287681877,21.837797164916992,143600,0.0,0.0
2003-03-03,21.98435470944968,22.14219041412341,21.758873288187036,21.79833221435547,275800,0.0,0.0
2003-03-04,21.460114641984806,21.702506444431165,20.321437422442727,20.546918869018555,405600,0.0,0.0
2003-03-05,20.60328303488031,20.885133697875528,20.57509839865077,20.625831604003906,160700,0.0,0.0
2003-03-06,20.575104056639024,20.84568050947879,20.43981475504389,20.61456298828125,212800,0.0,0.0
2003-03-07,20.614560209356643,20.614560209356643,20.20869450963405,20.219968795776367,340000,0.0,0.0
2003-03-10,20.19178597346994,20.219970616188103,19.814107030275665,19.938119888305664,334700,0.0,0.0
2003-03-11,19.926843930221843,20.04522286027234,19.44769859313965,19.44769859313965,325600,0.0,0.0
2003-03-12,19.44769224318611,19.492789373309094,18.95163456358089,19.10383415222168,347700,0.0,0.0
2003-03-13,19.284227557770922,19.859203338623047,19.244768625292394,19.859203338623047,237500,0.0,0.0
2003-03-14,19.92683936894095,19.955026153193973,19.644988729208546,19.881744384765625,367200,0.0,0.0
2003-03-17,19.656259151693565,20.935861062764054,19.526608140926417,20.879491806030273,308300,0.0,0.0
2003-03-18,20.87950007020424,21.054246125453606,20.60328544204372,20.68220329284668,150900,0.0,0.0
2003-03-19,20.631468406190752,20.665291261081222,20.377804520737165,20.479270935058594,145900,0.0,0.0
2003-03-20,20.43417694384229,20.96969373519925,20.32707444571102,20.907686233520508,238800,0.0,0.0
2003-03-21,20.913320509785603,21.758872586736775,20.913320509785603,21.725051879882812,207700,0.0,0.0
2003-03-24,21.42065070620671,21.42065070620671,20.69911368632015,20.941505432128906,174300,0.0,0.0
2003-03-25,20.941507686130272,21.161350886142515,20.789308051425603,20.964054107666016,149500,0.0,0.0
2003-03-26,20.964053456196073,21.195170934969163,20.789307405385994,20.902048110961914,119300,0.0,0.0
2003-03-27,20.800582167186278,20.902048589492562,20.30452434150556,20.670928955078125,369100,0.0,0.0
2003-03-28,20.676570595652198,20.75548845931987,20.46236342973243,20.63711166381836,153800,0.0,0.0
2003-03-31,20.541280599742866,20.806220976266598,20.180512006387403,20.53564453125,213900,0.0,0.0
2003-04-01,20.58937552030125,20.73078606052927,20.19342557611207,20.645938873291016,220000,0.125,0.0
2003-04-02,21.211584791981224,21.777227053100724,21.211584791981224,21.7093505859375,211900,0.0,0.0
2003-04-03,21.82248684752671,21.82248684752671,21.4604738655064,21.50006866455078,117300,0.0,0.0
2003-04-04,21.50572055314948,21.760260020271023,21.211586297559492,21.38693618774414,78700,0.0,0.0
2003-04-07,21.918636756454795,22.291960547802965,21.63581563701667,21.692378997802734,107600,0.0,0.0
2003-04-08,21.69237935474204,21.69237935474204,21.28511840332248,21.319055557250977,168800,0.0,0.0
2003-04-09,21.409559540565308,21.77722788748156,21.104114347750865,21.109769821166992,202400,0.0,0.0
2003-04-10,21.109767253367274,21.460464821868026,20.990982906290956,21.307741165161133,265100,0.0,0.0
2003-04-11,21.35299603716305,21.83379111132205,20.968359114734223,21.149364471435547,671900,0.0,0.0
2003-04-14,21.352997832405396,22.51256417056133,21.234213461662304,22.427719116210938,266600,0.0,0.0
2003-04-15,22.314590490778276,22.314590490778276,21.935609005256012,22.093990325927734,404300,0.0,0.0
2003-04-16,22.09963620114416,22.59740184265609,22.026102125547858,22.060041427612305,223700,0.0,0.0
2003-04-17,22.20146612519238,22.229747816093912,21.816829087218352,21.975208282470703,125900,0.0,0.0
2003-04-21,22.00348503571779,22.09398771207135,21.777227265956896,21.816822052001953,193500,0.0,0.0
2003-04-22,21.816819479019614,22.489932920155447,21.73762991626878,22.342866897583008,158500,0.0,0.0
2003-04-23,22.540850896110545,22.81236117246097,22.456005822786416,22.659637451171875,187500,0.0,0.0
2003-04-24,22.45598983478269,22.569118676425177,22.241045251437285,22.3485164642334,179000,0.0,0.0
2003-04-25,22.291968054667,22.291968054667,21.8451100176135,21.912988662719727,113100,0.0,0.0
2003-04-28,21.975195594286657,22.2580166555143,21.963884650660592,22.105295181274414,165700,0.0,0.0
2003-04-29,22.105294882339187,22.29761112992993,21.833784768409302,21.963884353637695,167600,0.0,0.0
2003-04-30,21.969543183757438,22.478622028004732,21.890353620819806,22.376806259155273,218500,0.0,0.0
2003-05-01,22.286313723020502,22.37115879712369,21.867737354411975,22.077024459838867,203100,0.0,0.0
2003-05-02,22.04307605695985,22.840631430406827,22.04307605695985,22.806692123413086,149900,0.0,0.0
2003-05-05,22.76710206362938,22.812354482334953,22.365496557510813,22.495594024658203,169600,0.0,0.0
2003-05-06,22.523884174341585,22.82933164216156,22.45600767852211,22.625699996948242,118700,0.0,0.0
2003-05-07,22.62568512832507,22.648311331314233,22.33155096272643,22.39942741394043,76600,0.0,0.0
2003-05-08,22.25802071805986,22.39377580163874,22.110954688790436,22.212770462036133,77200,0.0,0.0
2003-05-09,22.286308242950597,22.405092612139544,22.065705925915715,22.252368927001953,83900,0.0,0.0
2003-05-12,22.26367954732213,22.540843044493627,22.26367954732213,22.518218994140625,111600,0.0,0.0
2003-05-13,22.518218814456212,22.529531918419423,22.127924279864224,22.303274154663086,80600,0.0,0.0
2003-05-14,22.399433073051817,22.416403808458004,22.003485209474547,22.031766891479492,113500,0.0,0.0
2003-05-15,22.17317611166264,22.20145779194874,21.95257598457562,21.986513137817383,259200,0.0,0.0
2003-05-16,21.986516511946398,21.986516511946398,20.69685270474964,21.00795555114746,738700,0.0,0.0
2003-05-19,20.86654035272636,20.86654035272636,20.504529691008468,20.58371925354004,398600,0.0,0.0
2003-05-20,20.645945783036677,20.691198206776367,20.153837542516328,20.476253509521484,196600,0.0,0.0
2003-05-21,20.58937888238351,20.58937888238351,20.136863353558766,20.289587020874023,302000,0.0,0.0
2003-05-22,20.43099354380627,20.498872154358835,20.108577695818937,20.402711868286133,313300,0.0,0.0
2003-05-23,20.447959338577167,20.447959338577167,20.165138336150115,20.385738372802734,212800,0.0,0.0
2003-05-27,20.38574149909896,21.12673125813188,20.31786289452464,20.951383590698242,442100,0.0,0.0
2003-05-28,21.041893992705628,21.534002189561477,21.036236361363002,21.352996826171875,350200,0.0,0.0
2003-05-29,21.409550811418793,21.64712159536058,21.126729785335304,21.239858627319336,123700,0.0,0.0
2003-05-30,21.32472114818706,22.22974822000871,21.32472114818706,22.110963821411133,206000,0.0,0.0
2003-06-02,22.252365245214587,22.569125668396072,22.173175678857678,22.212770462036133,321700,0.0,0.0
2003-06-03,22.071364114724023,22.399435546160802,21.839450844271628,22.093990325927734,257100,0.0,0.0
2003-06-04,21.7432895318577,22.11661336864089,21.66409995401796,22.00348663330078,259400,0.0,0.0
2003-06-05,21.862075848306358,22.26368136510242,21.709352167745713,22.2297420501709,238600,0.0,0.0
2003-06-06,22.201456347598306,22.767098547537117,22.201456347598306,22.342866897583008,314900,0.0,0.0
2003-06-09,22.29196105069987,22.46165329464015,22.173176695717075,22.303274154663086,188500,0.0,0.0
2003-06-10,22.41641287614784,22.625699996948242,22.269344617824938,22.625699996948242,149200,0.0,0.0
2003-06-11,22.625684774789985,22.953758239746094,22.54083759378314,22.953758239746094,155300,0.0,0.0
2003-06-12,23.021643453939298,23.298806989601093,22.880232870263693,23.22527503967285,157300,0.0,0.0
2003-06-13,23.230934439088607,23.230934439088607,22.58610241380711,22.750139236450195,338100,0.0,0.0
2003-06-16,22.891542556807,23.63819015447455,22.891542556807,23.513748168945312,188900,0.0,0.0
2003-06-17,23.513748390345487,24.01716965253905,23.33839851433541,23.983232498168945,279300,0.0,0.0
2003-06-18,23.92666794200589,24.039796829223633,23.711723272067577,24.039796829223633,223400,0.0,0.0
2003-06-19,24.09636272819873,24.3904970027977,24.017173146144064,24.028486251831055,285100,0.0,0.0
2003-06-20,24.254743731174717,24.40746741930977,24.07373835807115,24.328275680541992,221100,0.0,0.0
2003-06-23,24.322619693448377,24.322619693448377,23.723038059097437,23.932327270507812,169900,0.0,0.0
2003-06-24,24.051108964663122,24.333930092435143,23.643845850190143,23.983232498168945,167000,0.0,0.0
2003-06-25,23.926670594077255,24.03979949383439,23.672131109062267,23.734352111816406,140000,0.0,0.0
2003-06-26,23.39496509529176,23.790915123676125,23.36102578162885,23.525062561035156,239900,0.0,0.0
2003-06-27,23.666469478641194,23.802224554586285,23.33274049793632,23.5194034576416,201100,0.0,0.0
2003-06-30,23.70041106197354,23.88141640877182,23.479808772668825,23.587282180786133,145200,0.0,0.0
2003-07-01,23.586149500719788,23.586149500719788,23.058355335446063,23.217260360717773,225600,0.138,0.0
2003-07-02,23.26833884731851,23.699653444119193,23.25698817833445,23.63722801208496,146700,0.0,0.0
2003-07-03,23.552103112565263,23.688308998792703,23.44427498611958,23.569128036499023,104600,0.0,0.0
2003-07-07,23.620191443243904,23.728021672842043,23.518037628318236,23.66559410095215,168700,0.0,0.0
2003-07-08,23.693978957176967,24.233123821521623,23.693978957176967,24.062868118286133,370500,0.0,0.0
2003-07-09,24.06853478372887,24.12528594527952,23.728023484588913,23.96070671081543,175600,0.0,0.0
2003-07-10,23.96070500008357,23.989080578832954,23.75639736921941,23.892601013183594,183700,0.0,0.0
2003-07-11,23.875575905845455,24.318240992526228,23.875575905845455,24.27284049987793,107500,0.0,0.0
2003-07-14,24.556611998757052,24.88577275903115,24.448783884427737,24.715517044067383,174400,0.0,0.0
2003-07-15,24.885766926523626,24.942520261489445,24.658760081415434,24.73821258544922,165000,0.0,0.0
2003-07-16,24.681461531374318,24.93684396270622,24.55660635878121,24.783613204956055,148600,0.0,0.0
2003-07-17,24.840372195398032,25.056030588541983,24.630390219528827,24.846046447753906,170400,0.0,0.0
2003-07-18,24.914148708583365,24.942524298199412,24.369327429329168,24.562284469604492,188400,0.0,0.0
2003-07-21,24.567951477975445,24.567951477975445,23.813148526718173,23.892601013183594,290800,0.0,0.0
2003-07-22,23.938009210884477,24.153667556139922,23.83585537181181,24.11961555480957,300400,0.0,0.0
2003-07-23,24.096914195109115,24.28987120594029,23.89260651717982,24.210418701171875,120000,0.0,0.0
2003-07-24,24.255821476065943,24.460126989973908,24.147991220619588,24.176366806030273,204500,0.0,0.0
2003-07-25,24.1763646552604,24.630382641114732,24.1763646552604,24.596330642700195,124600,0.0,0.0
2003-07-28,24.65308762130261,24.687139627746102,24.278524210099075,24.454456329345703,157400,0.0,0.0
2003-07-29,24.488504455547186,24.602006795870103,24.40337553538663,24.55660629272461,126400,0.0,0.0
2003-07-30,24.602012723383012,24.624714062884514,24.221775028867842,24.460132598876953,86600,0.0,0.0
2003-07-31,24.522554362248243,24.925493300341945,24.437427606761077,24.533905029296875,125700,0.0,0.0
2003-08-01,24.488504740302986,24.488504740302986,24.045837381206407,24.176366806030273,109600,0.0,0.0
2003-08-04,24.233116094226737,24.374996162500995,23.790448809066792,24.295543670654297,151700,0.0,0.0
2003-08-05,24.26149006023818,24.284191389231562,23.6599178314209,23.6599178314209,163200,0.0,0.0
2003-08-06,23.66559806936936,23.98908448257254,23.659921653745027,23.699647903442383,98200,0.0,0.0
2003-08-07,23.7791044322918,23.81883068510412,23.466966496025844,23.591821670532227,82400,0.0,0.0
2003-08-08,23.580474771528944,23.779108232251062,23.432920403920555,23.762081146240234,77100,0.0,0.0
2003-08-11,23.807481658654595,23.972063097315967,23.711002063090888,23.88125991821289,89600,0.0,0.0
2003-08-12,23.835853384768406,24.15366554260254,23.688299054474328,24.15366554260254,76600,0.0,0.0
2003-08-13,24.19907554322676,24.335281425751447,24.09124741971238,24.244478225708008,92900,0.0,0.0
2003-08-14,24.27852795449878,24.704168358553357,24.210426096027383,24.69281768798828,86800,0.0,0.0
2003-08-15,24.6928062550934,24.834686324087066,24.562276851409397,24.60200309753418,35600,0.0,0.0
2003-08-18,24.61904686798978,25.090087890625,24.5793205949333,25.090087890625,94200,0.0,0.0
2003-08-19,25.14115117075119,25.657594604682647,25.056024416867874,25.64056968688965,208400,0.0,0.0
2003-08-20,25.527063250445234,25.742721574138763,25.436260087561354,25.651918411254883,87400,0.0,0.0
2003-08-21,25.68029581726877,26.12296099714617,25.600843314718297,26.054859161376953,149000,0.0,0.0
2003-08-22,26.111612417877005,26.191067091697867,25.288709577172384,25.43058967590332,103300,0.0,0.0
2003-08-25,25.487346661542137,25.487346661542137,25.197912146692758,25.407894134521484,65500,0.0,0.0
2003-08-26,25.368156599832638,25.368156599832638,25.038993802802356,25.18087387084961,139100,0.0,0.0
2003-08-27,25.18655773122661,25.45329086585914,25.056028289828,25.43626594543457,81600,0.0,0.0
2003-08-28,23.977746718111096,24.65877190995257,23.665610803285244,24.261507034301758,1364700,0.0,0.0
2003-08-29,24.1196153547426,24.675785049014696,23.96638459740462,24.55660629272461,212200,0.0,0.0
2003-09-02,24.658767570499748,24.82902329726864,24.403382897886896,24.77227210998535,338200,0.0,0.0
2003-09-03,24.77227045507042,24.829021638562438,24.431756859361663,24.465808868408203,260800,0.0,0.0
2003-09-04,24.44877811417998,24.77793879676763,24.374999861304776,24.709836959838867,188100,0.0,0.0
2003-09-05,24.772266498646665,24.91982085111107,24.579309474704885,24.77794075012207,216200,0.0,0.0
2003-09-08,24.743890539822047,25.08440410582541,24.698490029972813,24.851720809936523,169200,0.0,0.0
2003-09-09,24.766586367732586,24.766586367732586,24.35797104539492,24.3636474609375,163800,0.0,0.0
2003-09-10,24.30690783449686,24.403385295340463,24.113950747890424,24.182052612304688,193100,0.0,0.0
2003-09-11,24.14798737681175,24.448774596058055,23.977731726530056,24.187713623046875,101600,0.0,0.0
2003-09-12,24.159343760853286,24.32392519988109,23.898284890965538,24.26717185974121,101300,0.0,0.0
2003-09-15,24.34662058182975,24.545251811446498,24.22176542897463,24.295543670654297,119100,0.0,0.0
2003-09-16,24.35230053533117,24.39202679055845,24.244472437559775,24.3863525390625,145300,0.0,0.0
2003-09-17,24.27284830764822,24.40905199432319,24.045839276631852,24.136642456054688,179000,0.0,0.0
2003-09-18,24.204734813431738,24.47714422057676,24.102581015137666,24.43741798400879,106300,0.0,0.0
2003-09-19,24.477157741313846,24.596336516849945,24.323926959230835,24.43175506591797,194600,0.0,0.0
2003-09-22,24.34662267121499,24.431749420534157,23.801801516948526,23.89828109741211,307800,0.0,0.0
2003-09-23,23.898277404751642,24.10258503541804,23.733696017279502,24.034481048583984,194200,0.0,0.0
2003-09-24,24.006112938185865,24.147993040852352,23.858558583976883,23.92098617553711,159100,0.0,0.0
2003-09-25,23.92098467528612,23.97206159563941,23.217258457631736,23.25698471069336,126000,0.0,0.0
2003-09-26,23.211588211357174,23.296714983354757,22.85404970719469,23.041330337524414,122500,0.0,0.0
2003-09-29,23.041320628103374,23.415883895843766,22.984569470686118,23.279680252075195,167100,0.0,0.0
2003-09-30,23.27969002658948,23.27969002658948,22.644067703980415,23.012954711914062,203000,0.0,0.0
2003-10-01,23.01181385869009,23.97419777272417,23.006120230506717,23.962810516357422,273000,0.138,0.0
2003-10-02,24.201981193224626,24.201981193224626,23.70085720968245,23.945724487304688,252500,0.0,0.0
2003-10-03,24.429771307557765,24.429771307557765,24.09379069481929,24.327268600463867,240700,0.0,0.0
2003-10-06,24.315878034562477,24.697414181362603,24.23615419327957,24.66324806213379,87400,0.0,0.0
2003-10-07,24.629074280610265,24.69740867614746,24.42976472183041,24.69740867614746,124400,0.0,0.0
2003-10-08,24.714497771479696,24.777136376675298,24.145039317503773,24.344348907470703,108600,0.0,0.0
2003-10-09,24.48670535838392,24.834075247084222,24.30447888764128,24.458232879638672,125600,0.0,0.0
2003-10-10,24.458239842304433,24.760052113082246,24.41268212549416,24.543657302856445,80900,0.0,0.0
2003-10-13,24.543656686528024,24.79991340637207,24.543656686528024,24.79991340637207,139600,0.0,0.0
2003-10-14,24.680327661215333,24.828385892507754,24.63476994554908,24.79991340637207,212100,0.0,0.0
2003-10-15,24.828381233271365,24.839770660050615,24.611988641398746,24.742963790893555,123900,0.0,0.0
2003-10-16,24.714497658901248,24.754359576713057,24.429768433210274,24.486713409423828,272900,0.0,0.0
2003-10-17,24.486709056421176,24.486709056421176,23.8603057401814,23.968502044677734,167300,0.0,0.0
2003-10-20,24.059613723252532,24.065307350565426,23.638213615833134,23.752105712890625,235500,0.0,0.0
2003-10-21,23.803366001692936,23.803366001692936,23.5300261693236,23.72933578491211,190300,0.0,0.0
2003-10-22,23.729333284253155,23.729333284253155,23.17696004827044,23.387659072875977,142500,0.0,0.0
2003-10-23,23.387656421644806,23.461686622232055,23.142789134735114,23.262374877929688,352200,0.0,0.0
2003-10-24,23.285149339486583,23.319317619225156,22.96625408450391,23.0573673248291,218600,0.0,0.0
2003-10-27,23.199733263392,23.740716937722684,23.199733263392,23.666688919067383,208600,0.0,0.0
2003-10-28,23.74640634850867,23.7634893986312,23.5869565822264,23.678071975708008,145000,0.0,0.0
2003-10-29,23.68377274097465,24.298786626193905,23.68377274097465,24.21906280517578,142200,0.0,0.0
2003-10-30,24.361434873195872,24.771445704128134,24.315879321043326,24.640470504760742,303200,0.0,0.0
2003-10-31,24.782824479427312,24.822686385038402,24.201976776123047,24.201976776123047,150700,0.0,0.0
2003-11-03,24.2076834054715,24.31588192651212,24.03115263503613,24.13934898376465,165700,0.0,0.0
2003-11-04,24.088085014571444,24.088085014571444,23.854607204676558,23.91155433654785,203700,0.0,0.0
2003-11-05,23.860304182635225,23.90585971807158,23.495849037589036,23.752105712890625,86000,0.0,0.0
2003-11-06,23.77488205110723,24.150724411010742,23.660989966100836,24.150724411010742,116000,0.0,0.0
2003-11-07,24.201976811421726,24.327258327702705,24.116557200809982,24.167808532714844,91100,0.0,0.0
2003-11-10,24.173506483960583,24.22475782042794,23.59835235557016,23.666688919067383,147700,0.0,0.0
2003-11-11,23.666687962268536,23.67238158950756,23.421820717080823,23.547100067138672,163300,0.0,0.0
2003-11-12,23.54709110598673,23.81473710289645,23.54709110598673,23.746402740478516,158300,0.0,0.0
2003-11-13,23.746418153614396,24.350042729337385,23.660998515915818,24.338655471801758,249900,0.0,0.0
2003-11-14,24.42977434752401,24.703114209684028,24.34435469021245,24.69172477722168,259600,0.0,0.0
2003-11-17,24.691709835204758,24.691709835204758,24.28739500286422,24.47531509399414,285300,0.0,0.0
2003-11-18,24.486711916095445,24.657549006629164,24.43546057170418,24.51518440246582,173500,0.0,0.0
2003-11-19,24.515182636594087,24.72018799939224,24.463931295894547,24.617685317993164,152800,0.0,0.0
2003-11-20,24.62338452159254,24.78852582239508,24.486713536733202,24.589216232299805,148700,0.0,0.0
2003-11-21,24.71449594796502,24.851164750340878,24.63476994554908,24.79991340637207,112500,0.0,0.0
2003-11-24,24.913797579302067,25.619926740795016,24.913797579302067,25.511728286743164,189400,0.0,0.0
2003-11-25,25.56869035385082,25.773693611838638,25.557300921910603,25.61994171142578,183300,0.0,0.0
2003-11-26,25.779388834631025,25.779388834631025,25.20993028428966,25.352294921875,370900,0.0,0.0
2003-11-28,25.494655114618137,25.494655114618137,25.278260294968224,25.329511642456055,119600,0.0,0.0
2003-12-01,25.329513910807385,25.568687611273354,25.283958360244974,25.392154693603516,316900,0.0,0.0
2003-12-02,25.386457309354775,25.386457309354775,25.170062502334005,25.283954620361328,175100,0.0,0.0
2003-12-03,25.369370669878126,25.76799197466673,25.369370669878126,25.52312469482422,269900,0.0,0.0
2003-12-04,25.523139455493496,25.54022252181884,25.192854530098693,25.2554931640625,174700,0.0,0.0
2003-12-05,25.25547370154816,25.25547370154816,25.056164173636784,25.118804931640625,172600,0.0,0.0
2003-12-08,25.198528225502272,25.454784879206844,25.141583267928315,25.340892791748047,211100,0.0,0.0
2003-12-09,25.454783838080925,25.597148398503847,25.24408489690202,25.289640426635742,176200,0.0,0.0
2003-12-10,25.28965012265639,25.39784644802826,24.999227263862608,25.113117218017578,143000,0.0,0.0
2003-12-11,25.198530238155197,25.938825607299805,25.192836610867396,25.938825607299805,146900,0.0,0.0
2003-12-12,26.08118877867134,26.172302016540943,25.85340677015281,26.13813591003418,173200,0.0,0.0
2003-12-15,26.138145947256774,26.138145947256774,24.828389662998557,24.83408546447754,500500,0.0,0.0
2003-12-16,24.834071671297433,24.92518489354962,24.16211084257109,24.24183464050293,293800,0.0,0.0
2003-12-17,24.24184093061277,24.526570095569284,24.071003866101087,24.37281608581543,115800,0.0,0.0
2003-12-18,24.42977364861005,24.771447923457046,24.378522290151793,24.566442489624023,130000,0.0,0.0
2003-12-19,24.572127572936054,24.572127572936054,24.315870892429675,24.412677764892578,170100,0.0,0.0
2003-12-22,24.45823539744351,24.509486733385273,24.429762915767217,24.481014251708984,275000,0.0,0.0
2003-12-23,24.486711165952038,24.999224594163966,24.452542879967442,24.947973251342773,162500,0.0,0.0
2003-12-24,24.88532573860835,24.959355918698375,24.88532573860835,24.89671516418457,30800,0.0,0.0
2003-12-26,24.782829328652664,25.141588721661435,24.782829328652664,25.02769660949707,41400,0.0,0.0
2003-12-29,25.02769660949707,25.306730003372834,25.02769660949707,25.02769660949707,132400,0.0,0.0
2003-12-30,25.08464703071727,25.096036461639947,24.85686492919922,24.85686492919922,135200,0.0,0.0
2003-12-31,24.970747501129555,25.056167121604954,24.782827377319336,24.782827377319336,179500,0.0,0.0
2004-01-02,24.78852239622119,24.99922355927002,24.52087843684476,24.617685317993164,122400,0.0,0.0
2004-01-05,24.62906835193042,24.845463086737745,24.486703794982848,24.73726463317871,196000,0.0,0.0
2004-01-06,24.657538324752185,24.73726212097673,24.566425104451206,24.606287002563477,202700,0.0,0.0
2004-01-07,24.65085714628041,24.89079490985525,24.51374829618676,24.850805282592773,166300,0.138,0.0
2004-01-08,24.993624346227424,25.02218805248318,24.799388092708757,24.83366584777832,167700,0.0,0.0
2004-01-09,24.736545073429944,24.822238366071183,24.616576207148977,24.69084358215332,163900,0.0,0.0
2004-01-12,24.833661227119514,24.965055994864983,24.679414626912916,24.94791603088379,141700,0.0,0.0
2004-01-13,24.879372170585526,24.982203276480845,24.628008455770036,24.845096588134766,116600,0.0,0.0
2004-01-14,24.84508948758169,24.84508948758169,24.525170340752297,24.599437713623047,356300,0.0,0.0
2004-01-15,24.656570014420883,24.942211466014854,24.245245626758734,24.862232208251953,173800,0.0,0.0
2004-01-16,24.86794396322109,24.89650985166524,24.490897336034305,24.525175094604492,275500,0.0,0.0
2004-01-20,24.639416158383195,24.685117627617167,24.279507553859816,24.39376449584961,380700,0.0,0.0
2004-01-21,24.42234763433767,24.759404683011677,24.199547618637702,24.565168380737305,291400,0.0,0.0
2004-01-22,24.565159892356373,24.930780528117403,24.46232881613972,24.513744354248047,168600,0.0,0.0
2004-01-23,24.56517279972849,24.605162441572332,24.125284560174197,24.130998611450195,125500,0.0,0.0
2004-01-26,24.136701013331837,24.23381805419922,23.98245437847966,24.23381805419922,179700,0.0,0.0
2004-01-27,24.165268147631522,24.593730356558574,24.136704436224015,24.37664222717285,186700,0.0,0.0
2004-01-28,24.382349582511388,24.56515990045215,23.999588981074176,24.073856353759766,206700,0.0,0.0
2004-01-29,24.073858983130993,24.073858983130993,23.793931606641262,23.936752319335938,151900,0.0,0.0
2004-01-30,23.851056794645856,23.851056794645856,23.30833770118895,23.63968276977539,212900,0.0,0.0
2004-02-02,23.593983061607087,23.611123030313593,23.34261937304831,23.451162338256836,303600,0.0,0.0
2004-02-03,23.45116553276077,23.502581087341508,23.19408775985708,23.296918869018555,145800,0.0,0.0
2004-02-04,23.296908614222737,23.296908614222737,22.902724322129544,22.91415023803711,142900,0.0,0.0
2004-02-05,22.919861705888103,23.011266852280926,22.822744691276615,22.971277236938477,338300,0.0,0.0
2004-02-06,22.051511624530434,22.47426178670526,21.091756502165968,21.234577178955078,1890500,0.0,0.0
2004-02-09,21.13746386380408,21.13746386380408,20.28053965310932,20.75470542907715,1317000,0.0,0.0
2004-02-10,20.640453556940834,20.73757061221757,20.423365426131387,20.537622451782227,569100,0.0,0.0
2004-02-11,20.53762827033918,20.62331942940102,20.5090645506519,20.56048011779785,480500,0.0,0.0
2004-02-12,20.554759236319118,20.58332294651519,20.44621626586549,20.526195526123047,357200,0.0,0.0
2004-02-13,20.611889845346,20.73757061221757,20.45192913772622,20.537622451782227,673300,0.0,0.0
2004-02-17,20.623301723273247,20.708994988035286,20.50904694261753,20.531896591186523,446600,0.0,0.0
2004-02-18,20.566179874584403,20.566179874584403,20.19484519958496,20.19484519958496,378500,0.0,0.0
2004-02-19,20.309110841955704,20.440505674504873,20.25198341189842,20.354814529418945,354300,0.0,0.0
2004-02-20,20.46905971815914,20.480483454139367,20.200556157943254,20.28624725341797,228100,0.0,0.0
2004-02-23,20.194851935138516,20.326248934809087,20.034893402352175,20.040607452392578,263400,0.0,0.0
2004-02-24,20.046311722924113,20.046311722924113,19.652127411175748,19.766382217407227,501500,0.0,0.0
2004-02-25,19.537875709166386,19.93777417693055,19.492172030897876,19.74353790283203,495700,0.0,0.0
2004-02-26,19.823513140475505,19.90920425094448,19.629276905766595,19.846364974975586,339200,0.0,0.0
2004-02-27,19.823511780953183,19.83493769741962,19.537870407104492,19.537870407104492,361800,0.0,0.0
2004-03-01,19.663555618414936,19.692121505737305,19.532160817962726,19.692121505737305,392200,0.0,0.0
2004-03-02,19.766378887167768,19.857784024315453,19.583568612872394,19.794944763183594,330100,0.0,0.0
2004-03-03,19.794956744298663,19.932063443370346,19.657847865955294,19.777816772460938,246100,0.0,0.0
2004-03-04,19.777813809425282,20.143434524536133,19.709260470159837,20.143434524536133,427500,0.0,0.0
2004-03-05,20.137723175795763,20.457642399438313,20.137723175795763,20.423364639282227,378000,0.0,0.0
2004-03-08,20.594743349528652,20.594743349528652,20.309101965542762,20.360517501831055,362400,0.0,0.0
2004-03-09,20.337663907235566,20.451920886791623,20.26339872290416,20.320526123046875,353000,0.0,0.0
2004-03-10,20.291961056771196,20.39479211352124,20.223407745361328,20.223407745361328,427600,0.0,0.0
2004-03-11,20.24055041987871,20.331955583605016,19.954909010825123,19.960620880126953,215200,0.0,0.0
2004-03-12,19.966337427855272,20.25769074267893,19.966337427855272,20.177711486816406,171500,0.0,0.0
2004-03-15,20.234839858479543,20.514769446473,20.046317629236096,20.25197982788086,524100,0.0,0.0
2004-03-16,20.394804307202968,20.54905098454931,20.28625913836381,20.48049545288086,282800,0.0,0.0
2004-03-17,20.623296966427795,20.8803745221477,20.623296966427795,20.7946834564209,250300,0.0,0.0
2004-03-18,20.80041042790008,20.90895339502028,20.549046734914242,20.834688186645508,175300,0.0,0.0
2004-03-19,20.88038910991774,20.99464612331384,20.82897356285306,20.931804656982422,265500,0.0,0.0
2004-03-22,20.73757351783551,20.79470312830132,20.406230494221035,20.46335792541504,252800,0.0,0.0
2004-03-23,20.47478056692438,20.67472872333839,20.200565018440255,20.28054428100586,266100,0.0,0.0
2004-03-24,20.286257856281047,20.451930445101695,20.223418558464054,20.23484230041504,189800,0.0,0.0
2004-03-25,20.25197774105934,20.549045088572065,20.246263692090565,20.520479202270508,194300,0.0,0.0
2004-03-26,20.429081523745133,20.56619041874979,19.806382893339887,19.90921401977539,890200,0.0,0.0
2004-03-29,19.943478273259434,20.463345424931113,19.943478273259434,20.223407745361328,181100,0.0,0.0
2004-03-30,20.16628426600261,20.411936067024143,20.05202725959962,20.394798278808594,185100,0.0,0.0
2004-03-31,20.337668673239264,20.503341223456324,20.24626350402832,20.24626350402832,153100,0.0,0.0
2004-04-01,20.246272085489817,20.526201760687627,20.246272085489817,20.406232833862305,233300,0.0,0.0
2004-04-02,20.611884361685785,20.760416930025684,20.509053283884732,20.748991012573242,202400,0.0,0.0
2004-04-05,20.70329212035741,20.84039878845215,20.663300314619313,20.84039878845215,212700,0.0,0.0
2004-04-06,20.758970680129547,21.00555530829147,20.695890586290925,20.747501373291016,131800,0.138,0.0
2004-04-07,20.78763890497969,20.799108209639705,20.059354465665205,20.1281681060791,553300,0.0,0.0
2004-04-08,20.231392561543437,20.242861867848088,19.847180644296934,19.921730041503906,669300,0.0,0.0
2004-04-12,19.898788374890486,20.070823567963803,19.87011620730263,20.013479232788086,200000,0.0,0.0
2004-04-13,20.013484506823648,20.013484506823648,19.64647322732578,19.686616897583008,280200,0.0,0.0
2004-04-14,19.612064369141134,19.612064369141134,18.900982726058633,19.15903663635254,642700,0.0,0.0
2004-04-15,19.273730498329062,19.434296428529223,18.84937487023998,19.181978225708008,732500,0.0,0.0
2004-04-16,19.147566843822904,19.543250225396225,19.101691809573822,19.176239013671875,1052500,0.0,0.0
2004-04-19,19.210649806716724,19.42856226778359,19.187711192384068,19.313871383666992,258200,0.0,0.0
2004-04-20,19.313863451058975,19.698075239367085,19.313863451058975,19.38267707824707,301400,0.0,0.0
2004-04-21,19.537513736885405,19.818506240844727,19.474433653085583,19.818506240844727,443800,0.0,0.0
2004-04-22,19.81850840172883,20.420632761526324,19.81850840172883,20.099498748779297,246900,0.0,0.0
2004-04-23,20.12817351695653,20.16258144018615,19.956138275901996,20.024951934814453,152200,0.0,0.0
2004-04-26,20.059359858044072,20.2199257913554,19.94466896815879,20.024951934814453,254900,0.0,0.0
2004-04-27,19.99627443000356,20.105231730752312,19.92746078943069,19.95039939880371,134300,0.0,0.0
2004-04-28,19.92746005925722,20.10523099406504,19.640734015239133,20.030681610107422,283700,0.0,0.0
2004-04-29,19.92746372261608,20.09376538372965,19.577657534600124,19.698081970214844,270500,0.0,0.0
2004-04-30,19.784103761103253,19.887325347034498,19.497377619637987,19.543254852294922,168000,0.0,0.0
2004-05-03,19.54325440556976,19.766900440793005,19.365483414407965,19.72675895690918,182800,0.0,0.0
2004-05-04,19.784103308872698,19.956138552310055,19.508846481863564,19.72675895690918,226600,0.0,0.0
2004-05-05,19.784103308872698,20.013485091820378,19.669412417398856,19.72675895690918,308600,0.0,0.0
2004-05-06,19.726759325199474,19.726759325199474,19.050085459172085,19.210651397705078,460600,0.0,0.0
2004-05-07,18.92392350587236,18.952595679735563,18.407815626148093,18.751888275146484,761100,0.0,0.0
2004-05-10,18.751887476863732,18.751887476863732,18.126824488050055,18.32179832458496,496500,0.0,0.0
2004-05-11,18.321798892013984,18.55691421503941,18.281656317788524,18.53397560119629,236200,0.0,0.0
2004-05-12,18.574118415890045,18.574118415890045,18.075215560470728,18.49383544921875,477600,0.0,0.0
2004-05-13,18.49383305587992,18.49383305587992,18.195637655729147,18.25298309326172,214700,0.0,0.0
2004-05-14,18.258719496985766,18.38487969040795,17.966258721925275,18.201374053955078,167000,0.0,0.0
2004-05-17,18.178437300753618,18.178437300753618,17.949055518943172,18.03507423400879,271400,0.0,0.0
2004-05-18,18.06947782849338,18.218575522465382,18.06947782849338,18.161230087280273,234500,0.0,0.0
2004-05-19,18.350462956749556,18.453684485884924,18.063736973050343,18.092409133911133,343300,0.0,0.0
2004-05-20,18.103882348734835,18.26444932806953,18.012130101621597,18.25871467590332,306400,0.0,0.0
2004-05-21,18.293127480692633,18.40781728022449,18.23004847377081,18.281658172607422,232100,0.0,0.0
2004-05-24,18.396349282752208,18.809233416403888,18.396349282752208,18.56264877319336,213400,0.0,0.0
2004-05-25,18.579849511483697,18.711743236212317,18.505300123577527,18.688804626464844,323400,0.0,0.0
2004-05-26,18.688806283194438,19.044346015613304,18.648664806351007,18.923921585083008,144200,0.0,0.0
2004-05-27,18.923921585083008,19.222116975595945,18.832169325505674,18.923921585083008,180600,0.0,0.0
2004-05-28,19.027147944101138,19.027147944101138,18.68881099150681,18.72321891784668,232500,0.0,0.0
2004-06-01,18.728950186015922,18.728950186015922,18.49383485367265,18.625728607177734,341300,0.0,0.0
2004-06-02,18.694534312450962,18.912446684817716,18.574109917542668,18.803491592407227,176600,0.0,0.0
2004-06-03,18.826439408235196,19.009943962888105,18.56264969681815,18.872314453125,189700,0.0,0.0
2004-06-04,18.969795090934532,19.147563828531545,18.832165634768014,18.98126220703125,165300,0.0,0.0
2004-06-07,19.095957610993302,19.411355879990797,19.09022405157728,19.35401153564453,101000,0.0,0.0
2004-06-08,19.325342637290355,19.503111447406702,19.285201151938477,19.480175018310547,205300,0.0,0.0
2004-06-09,19.480182232005518,19.537526607301395,18.76336660306858,18.935401916503906,393800,0.0,0.0
2004-06-10,18.820693863320614,19.18770278158044,18.820693863320614,19.05007553100586,165200,0.0,0.0
2004-06-14,18.992731680056817,18.992731680056817,18.63719201414599,18.683069229125977,214200,0.0,0.0
2004-06-15,18.826432038983736,19.038608687083585,18.803493431744297,18.918184280395508,140300,0.0,0.0
2004-06-16,18.92392149005547,18.96979871338697,18.780558448464138,18.8665771484375,131000,0.0,0.0
2004-06-17,19.009937628646014,19.342538702799377,18.923918940262737,19.1131591796875,347800,0.0,0.0
2004-06-18,19.113156789151606,19.359739144080947,19.06727957773955,19.130359649658203,199000,0.0,0.0
2004-06-21,19.159036705480013,19.290930440651366,19.095956617453194,19.153303146362305,107000,0.0,0.0
2004-06-22,19.009939364044314,19.193443874304204,18.74614971644269,18.78055763244629,220900,0.0,0.0
2004-06-23,18.837906540342807,19.290934366971573,18.832172980058136,19.210651397705078,169000,0.0,0.0
2004-06-24,19.210650400737077,19.290933365837155,19.124631688103143,19.181978225708008,133900,0.0,0.0
2004-06-25,19.15330651597381,19.336811065673828,19.12463215270142,19.336811065673828,182700,0.0,0.0
2004-06-28,19.48017395169077,19.870121663083662,19.336810886841814,19.45723533630371,276900,0.0,0.0
2004-06-29,19.45723209316818,19.612064439903172,19.153303146362305,19.153303146362305,164800,0.0,0.0
2004-06-30,19.242602231154596,19.27716837193652,18.960299627544565,19.271408081054688,173300,0.155,0.0
2004-07-01,19.271407109760005,19.271407109760005,18.706804128741865,18.908447265625,299400,0.0,0.0
2004-07-02,18.97758379561623,19.12737774015368,18.82202955986377,18.856597900390625,251800,0.0,0.0
2004-07-06,18.856597190222374,18.856597190222374,18.401458379154633,18.436025619506836,358600,0.0,0.0
2004-07-07,18.522452282383426,18.568541220807674,18.303523781065827,18.50516700744629,249900,0.0,0.0
2004-07-08,18.464828786232022,18.52820296672729,18.090347290039062,18.090347290039062,160200,0.0,0.0
2004-07-09,18.090353276705493,18.626151645402157,18.090353276705493,18.54549217224121,100100,0.0,0.0
2004-07-12,18.493635309355334,18.493635309355334,18.291992180168126,18.441783905029297,86800,0.0,0.0
2004-07-13,18.441794640341268,18.810517173380703,18.4187501688221,18.69529151916504,134100,0.0,0.0
2004-07-14,18.637672777195107,18.678001416087657,18.320803958291094,18.384178161621094,229400,0.0,0.0
2004-07-15,18.418748324872784,18.683766863487794,18.389942463639336,18.50516700744629,102400,0.0,0.0
2004-07-16,18.292000281012804,18.557017710380975,17.813815750692434,18.136445999145508,844700,0.0,0.0
2004-07-19,18.07882706598733,18.41297998502493,18.038498435928563,18.291994094848633,242100,0.0,0.0
2004-07-20,18.297753569412425,18.447546393146233,18.234379386597794,18.441783905029297,370300,0.0,0.0
2004-07-21,18.4475435015637,18.70103799534264,18.291989312968123,18.315034866333008,283300,0.0,0.0
2004-07-22,18.291994094848633,18.384174134660885,18.10763401522413,18.291994094848633,252500,0.0,0.0
2004-07-23,18.315044153648856,18.55125570105634,18.182534352351738,18.372655868530273,332000,0.0,0.0
2004-07-26,18.3784162818434,18.551254713909668,18.25743036838268,18.395700454711914,272900,0.0,0.0
2004-07-27,18.43602519084041,18.77593949320635,18.43602519084041,18.741371154785156,288900,0.0,0.0
2004-07-28,18.75865756437123,19.265646705593934,18.631909180192757,19.19651222229004,328700,0.0,0.0
2004-07-29,19.20802940127002,19.21378969080494,18.80474100373206,19.144655227661133,298500,0.0,0.0
2004-07-30,19.08704622965107,19.144657924094414,18.804743652290046,18.83354949951172,159900,0.0,0.0
2004-08-02,18.718324539989883,18.94877349617179,18.539724785809213,18.919967651367188,184900,0.0,0.0
2004-08-03,18.839310191046707,18.839310191046707,18.441782064962855,18.482112884521484,218000,0.0,0.0
2004-08-04,18.48211339828975,18.48211339828975,17.90598660292804,18.3496036529541,505100,0.0,0.0
2004-08-05,18.395695905058293,18.395695905058293,17.94631741147458,17.97512435913086,161300,0.0,0.0
2004-08-06,17.91751765412384,17.95208490419054,17.669783314420865,17.75044059753418,291100,0.0,0.0
2004-08-09,17.750428386594173,17.750428386594173,17.39899253845215,17.39899253845215,280200,0.0,0.0
2004-08-10,17.514228550558702,17.652498645828146,17.445094052360496,17.54303550720215,449200,0.0,0.0
2004-08-11,17.571836461694456,17.80228655617164,17.4566108650195,17.646732330322266,464300,0.0,0.0
2004-08-12,17.652490996561678,17.652490996561678,17.30105506878188,17.347145080566406,199900,0.0,0.0
2004-08-13,17.347152150086064,17.45661528588869,17.254972088950687,17.289539337158203,286700,0.0,0.0
2004-08-16,17.347142937543808,17.87141716890247,17.347142937543808,17.72162437438965,164500,0.0,0.0
2004-08-17,17.72162757287083,18.00969043764661,17.72162757287083,17.785001754760742,126300,0.0,0.0
2004-08-18,17.74467945655456,18.03274244188092,17.629454921747865,17.91175651550293,142600,0.0,0.0
2004-08-19,17.854138964450236,17.854138964450236,17.525747424074353,17.548791885375977,128000,0.0,0.0
2004-08-20,17.554551488372734,18.038497214042057,17.45661006534745,18.03273582458496,143300,0.0,0.0
2004-08-23,18.03273759044456,18.15372458314591,17.704346051341002,17.744674682617188,95100,0.0,0.0
2004-08-24,17.831092687949976,18.15372280543863,17.831092687949976,18.03273582458496,229000,0.0,0.0
2004-08-25,18.090352796152676,18.401461305414255,18.00969552288024,18.26319122314453,157700,0.0,0.0
2004-08-26,18.29199416935444,18.48211673847345,18.274709999741958,18.436025619506836,183300,0.0,0.0
2004-08-27,18.46482933046866,18.55124906964485,18.366887911758592,18.493635177612305,101700,0.0,0.0
2004-08-30,18.493635183928266,18.493635183928266,18.27470788849297,18.343843460083008,165800,0.0,0.0
2004-08-31,18.33808710562995,18.551254169258023,18.14220421436294,18.26319122314453,121500,0.0,0.0
2004-09-01,18.33808391767336,18.5800567942982,18.268948339120804,18.53972816467285,164000,0.0,0.0
2004-09-02,18.539737215635878,18.735620168478537,18.292002828283493,18.69529151916504,109100,0.0,0.0
2004-09-03,18.701041388885432,18.701041388885432,18.29199263228379,18.401456832885742,162300,0.0,0.0
2004-09-07,18.401449419923743,18.660705244648867,18.119148046935642,18.176759719848633,445200,0.0,0.0
2004-09-08,18.176764722241163,18.332318919209346,18.015450235494185,18.021211624145508,331900,0.0,0.0
2004-09-09,18.021218218470562,18.153726909321033,17.525749601880023,17.71010971069336,575600,0.0,0.0
2004-09-10,17.75043514755518,17.75043514755518,17.450850574171206,17.646732330322266,315300,0.0,0.0
2004-09-13,17.72162757031765,17.94631625317115,17.72162757031765,17.85989761352539,141600,0.0,0.0
2004-09-14,17.859892951832393,17.94631156892163,17.687055717653916,17.831087112426758,149100,0.0,0.0
2004-09-15,17.831094881859187,17.929036316935026,17.738914836949316,17.77924346923828,210400,0.0,0.0
2004-09-16,17.85990147067038,18.13068022640567,17.85990147067038,18.078828811645508,248400,0.0,0.0
2004-09-17,18.20557953780774,18.32080406404111,18.021219416735946,18.188295364379883,156500,0.0,0.0
2004-09-20,17.859896231094456,17.859896231094456,17.099410502880364,17.30681610107422,1066200,0.0,0.0
2004-09-21,17.312579486011185,17.445089252365076,17.27801224642322,17.375953674316406,406500,0.0,0.0
2004-09-22,17.324102197305013,17.364430826477687,17.11093627200011,17.157026290893555,440200,0.0,0.0
2004-09-23,17.20887983788833,17.23768569119888,16.655798443568216,16.90929412841797,893900,0.0,0.0
2004-09-24,16.949623672127387,17.05332650780671,16.863205008685593,17.00723648071289,316500,0.0,0.0
2004-09-27,16.92081228165004,16.92081228165004,16.736451134715345,16.834392547607422,367000,0.0,0.0
2004-09-28,16.765257925093195,17.09364939504787,16.765257925093195,17.08212661743164,273500,0.0,0.0
2004-09-29,17.04448223906401,17.07923112866658,16.888110578881502,17.01552391052246,297200,0.155,0.0
2004-09-30,16.986570287048266,17.374603134572965,16.986570287048266,17.345645904541016,367600,0.0,0.0
2004-10-01,17.37460623732115,17.554143525805443,17.36302290138082,17.44410514831543,425800,0.0,0.0
2004-10-04,17.50201427095489,17.924797066413383,17.50201427095489,17.901630401611328,408300,0.0,0.0
2004-10-05,17.80896267705978,17.878461554039404,17.727881574456198,17.774213790893555,400400,0.0,0.0
2004-10-06,17.77421679936918,17.77421679936918,17.368809008437328,17.48464012145996,370400,0.0,0.0
2004-10-07,17.490434337336694,17.490434337336694,16.98077869131619,16.986570358276367,394200,0.0,0.0
2004-10-08,17.015522388154398,17.015522388154398,16.754904082481524,16.82440185546875,327000,0.0,0.0
2004-10-11,16.853364955286565,16.963404415774388,16.795449391627315,16.830198287963867,180600,0.0,0.0
2004-10-12,16.685407764108593,16.818613874618865,16.598534982226145,16.760698318481445,213800,0.0,0.0
2004-10-13,16.78386758905509,16.85336649271565,16.65066255374059,16.68541145324707,377900,0.0,0.0
2004-10-14,16.685409446664956,16.685409446664956,16.251044388803983,16.33212661743164,412600,0.0,0.0
2004-10-15,16.332127014078896,16.540621495755452,16.30316868006306,16.45374870300293,226000,0.0,0.0
2004-10-18,16.488495824664867,16.50587082320445,16.30316692549878,16.494287490844727,131700,0.0,0.0
2004-10-19,16.5058700052585,16.569577225432607,16.187336113682615,16.204710006713867,211700,0.0,0.0
2004-10-20,16.26262527806428,16.34370638985902,16.036755835409053,16.135211944580078,385100,0.0,0.0
2004-10-21,16.13521316858187,16.430581518501302,16.059922612220458,16.22208595275879,337500,0.0,0.0
2004-10-22,16.187342183786615,16.691205154288603,15.57923029276814,15.602396965026855,1144700,0.0,0.0
2004-10-25,15.168034769214978,15.440236593617295,14.600463338971759,15.266490936279297,1772800,0.0,0.0
2004-10-26,15.237522296873934,15.695053912580773,14.797365677022725,15.648721694946289,1106500,0.0,0.0
2004-10-27,15.602392205352611,15.781929441996995,15.417063302410359,15.579225540161133,664400,0.0,0.0
2004-10-28,15.492355145445657,15.880388010096928,15.469188476679578,15.78193187713623,491900,0.0,0.0
2004-10-29,15.724018202715035,15.793517112731932,15.556064252533057,15.793517112731934,289800,0.0,0.0
2004-11-01,15.76455500522625,15.76455500522625,15.393897186125054,15.44602108001709,554400,0.0,0.0
2004-11-02,15.521316039731001,15.579231620666501,15.353362070130666,15.370737075805664,344900,0.0,0.0
2004-11-03,15.521316039731001,15.550274382522666,15.162241426297,15.370737075805664,376400,0.0,0.0
2004-11-04,15.289651544172235,15.567644947513209,15.289651544172235,15.521312713623047,197200,0.0,0.0
2004-11-05,15.579229124665556,15.944096452849092,15.556063558791486,15.880389213562012,412400,0.0,0.0
2004-11-08,15.88038267982265,16.019379331821984,15.747177693070856,15.926714897155762,320900,0.0,0.0
2004-11-09,16.036764114832714,16.47692100044946,15.94989129239538,16.390047073364258,530600,0.0,0.0
2004-11-10,16.3958403170754,16.41900699442953,16.239469663526908,16.25684356689453,435900,0.0,0.0
2004-11-11,16.280002722116524,16.36108384609672,16.251044388803983,16.33212661743164,305000,0.0,0.0
2004-11-12,16.27421568986565,16.303172926776888,16.18734287448416,16.285799026489258,482400,0.0,0.0
2004-11-15,16.28579195413846,16.592742508831673,16.187335844889414,16.447954177856445,499100,0.0,0.0
2004-11-16,16.332125401861493,16.430581518501302,16.187337060017498,16.22208595275879,704100,0.0,0.0
2004-11-17,16.222085142782564,16.384248475224005,16.210501810898034,16.245250701904297,388500,0.0,0.0
2004-11-18,16.390043008275793,16.390043008275793,16.18154850706695,16.297378540039062,265200,0.0,0.0
2004-11-19,16.26262721473586,16.291584442497477,16.04254941166427,16.1004638671875,272000,0.0,0.0
2004-11-22,15.97304996607477,16.29737554530671,15.91513440790722,16.25104331970215,209000,0.0,0.0
2004-11-23,16.15838146518586,16.256837598498635,15.90934529829782,16.152589797973633,258800,0.0,0.0
2004-11-24,16.2452567693601,16.46533573877436,16.158383957074573,16.401628494262695,222500,0.0,0.0
2004-11-26,16.505876557411195,16.592749370994333,16.46533598471558,16.482709884643555,133400,0.0,0.0
2004-11-29,16.48270593237127,16.627494288507975,16.413208140028253,16.45374870300293,319000,0.0,0.0
2004-11-30,16.447956775751923,16.45374844246338,16.22208729724243,16.361083984375,246600,0.0,0.0
2004-12-01,16.418995047531514,16.592740582673724,16.407411717282784,16.459535598754883,288400,0.0,0.0
2004-12-02,16.459546476283865,16.459546476283865,16.216301903544775,16.23367691040039,302300,0.0,0.0
2004-12-03,16.245258927074868,16.30317451117355,16.077304948301364,16.12942886352539,285000,0.0,0.0
2004-12-06,16.11784135876702,16.11784135876702,15.810889615654965,15.95567798614502,205000,0.0,0.0
2004-12-07,15.961469141483066,16.025176375942213,15.770348542753192,15.78193187713623,190600,0.0,0.0
2004-12-08,15.706645138437397,15.839850193014053,15.556065079271184,15.74139404296875,281500,0.0,0.0
2004-12-09,15.671892213562124,16.14679787084468,15.399690486854393,16.071508407592773,491700,0.0,0.0
2004-12-10,15.996223234184642,15.996223234184642,15.654522515059652,15.886183738708496,239200,0.0,0.0
2004-12-13,15.886179231606341,15.973052027746808,15.666100303093119,15.967260360717773,291400,0.0,0.0
2004-12-14,15.984636568596253,16.152590506528163,15.897763765897153,16.054134368896484,266800,0.0,0.0
2004-12-15,16.042556878291858,16.158386947896105,15.944100711571876,16.083097457885742,206400,0.0,0.0
2004-12-16,16.08309661717602,16.210510018474814,16.013597695328023,16.12942886352539,317300,0.0,0.0
2004-12-17,15.932506562403299,16.100460435993128,15.891966010317727,15.926714897155762,1301000,0.0,0.0
2004-12-20,15.984634537353326,16.123631224938443,15.932510641427971,16.013591766357422,386700,0.0,0.0
2004-12-21,16.042554385106527,16.28579892951496,16.042554385106527,16.210508346557617,353700,0.0,0.0
2004-12-22,16.112045953174587,16.79544708007285,16.112045953174587,16.696990966796875,604100,0.0,0.0
2004-12-23,16.650656594170464,16.963399891735108,16.650656594170464,16.94023323059082,300500,0.0,0.0
2004-12-27,17.02710708105335,17.04448207801411,16.644865985094906,16.662240982055664,335800,0.0,0.0
2004-12-28,16.77807382185143,17.015526630614776,16.77807382185143,16.992361068725586,222300,0.0,0.0
2004-12-29,17.056064327017843,17.073438218228855,16.88810934766338,16.94023323059082,184800,0.0,0.0
2004-12-30,16.86494853556583,17.00973689450746,16.86494853556583,16.946029663085938,209100,0.0,0.0
2004-12-31,16.951816280357306,16.951816280357306,16.795444634165268,16.82440185546875,272000,0.0,0.0
2005-01-03,16.7085771037147,16.7085771037147,16.297377583482472,16.30316925048828,530100,0.0,0.0
2005-01-04,16.349498055651114,16.361081387235306,15.955673618967015,16.135211944580078,412800,0.0,0.0
2005-01-05,15.928468030197235,15.980883552435413,15.643095248471512,15.666390419006348,598100,0.155,0.0
2005-01-06,15.71297538973798,15.74209572942999,15.346067996237682,15.41595458984375,929800,0.0,0.0
2005-01-07,15.579027030369735,15.579027030369735,15.118935605434508,15.124759674072266,818700,0.0,0.0
2005-01-10,15.142233769829152,15.194649283283233,15.043226812285624,15.118937492370605,481200,0.0,0.0
2005-01-11,15.153883290735681,15.264537286273523,14.915101979144707,15.200474739074707,646700,0.0,0.0
2005-01-12,15.171354976769853,15.183003117012362,15.10146835697038,15.136411666870117,605900,0.0,0.0
2005-01-13,15.083997806313329,15.10147001859958,14.891807914476251,14.95587158203125,419200,0.0,0.0
2005-01-14,15.0548701899859,15.09563755181823,14.833560067428541,14.98498249053955,326800,0.0,0.0
2005-01-18,14.98498786479881,15.11311517459785,14.711263258021429,15.072346687316895,383200,0.0,0.0
2005-01-19,14.97916037568746,14.97916037568746,14.827737932837149,14.862682342529297,330600,0.0,0.0
2005-01-20,14.868504799811072,14.868504799811072,14.705434238065383,14.769497871398926,501400,0.0,0.0
2005-01-21,14.740378356258862,14.75202649221128,14.565660760282146,14.600604057312012,286400,0.0,0.0
2005-01-24,14.612255016640509,14.682141624203714,14.4724806906865,14.588958740234375,585500,0.0,0.0
2005-01-25,14.647198320422111,14.728734177015983,14.524896201772703,14.588958740234375,554200,0.0,0.0
2005-01-26,14.647202840705097,14.664675053401808,14.484133298847551,14.554019927978516,591100,0.0,0.0
2005-01-27,14.618079706184911,14.618079706184911,14.402593583592573,14.536543846130371,374800,0.0,0.0
2005-01-28,14.559838588989106,14.559838588989106,14.379296901517348,14.460831642150879,299400,0.0,0.0
2005-01-31,14.559844635580093,14.658851623535156,14.495780963718584,14.658851623535156,220800,0.0,0.0
2005-02-01,14.618078512069742,14.79279613494873,14.565663003040534,14.79279613494873,320800,0.0,0.0
2005-02-02,14.757854214937622,14.8801563402437,14.647199117640938,14.874333381652832,269700,0.0,0.0
2005-02-03,14.932570536761212,14.932570536761212,14.653021894300993,14.816092491149902,166900,0.0,0.0
2005-02-04,14.851028668836364,14.967507769393341,14.653014864385716,14.746197700500488,217800,0.0,0.0
2005-02-07,14.752031654770658,14.845214553345123,14.67632096623932,14.804447174072266,156200,0.0,0.0
2005-02-08,14.82192031703097,14.82192031703097,14.58896194510426,14.647201538085938,230000,0.0,0.0
2005-02-09,14.5889555735679,14.717082844335241,14.501596777662119,14.548188209533691,443900,0.0,0.0
2005-02-10,14.530718135420093,14.55983736582076,14.361823488779402,14.431711196899414,178700,0.0,0.0
2005-02-11,14.425891156414101,14.524898122577879,14.332708260122045,14.449186325073242,225500,0.0,0.0
2005-02-14,14.536551251432488,14.559847540695142,14.43172128223518,14.513256072998047,150000,0.0,0.0
2005-02-15,14.495781933512657,14.588964856548236,14.420071225106772,14.507430076599121,257700,0.0,0.0
2005-02-16,14.507426542468757,14.76368007380513,14.449186952052154,14.693792343139648,305500,0.0,0.0
2005-02-17,14.594786647348458,14.69961769708844,14.443364143371582,14.443364143371582,282800,0.0,0.0
2005-02-18,15.724626541137697,16.167245791891254,15.054874151365867,15.724626541137695,2771200,0.0,0.0
2005-02-22,15.986699430075074,16.336134584817504,15.841101078656639,16.16141700744629,750600,0.0,0.0
2005-02-23,16.161425587625192,16.22548925172574,15.84110948877818,15.858580589294434,660100,0.0,0.0
2005-02-24,15.876043154955903,15.876043154955903,15.49166362554279,15.579022407531738,556000,0.0,0.0
2005-02-25,15.724626603945584,15.724626603945584,15.549908974899449,15.602324485778809,235500,0.0,0.0
2005-02-28,15.602321452749525,15.602321452749525,15.357716153138677,15.421778678894043,270600,0.0,0.0
2005-03-01,15.404310525938412,15.462548994862756,15.212120690336338,15.305303573608398,500300,0.0,0.0
2005-03-02,15.2820036055853,15.2820036055853,14.43753379108388,14.769497871398926,941900,0.0,0.0
2005-03-03,14.821917867713754,14.967516270693938,14.792797520621122,14.874333381652832,611000,0.0,0.0
2005-03-04,14.938398470644886,15.025757305162418,14.699617137910636,14.821920394897461,180900,0.0,0.0
2005-03-07,14.85103237646533,15.066518433044724,14.85103237646533,15.014102935791016,226200,0.0,0.0
2005-03-08,14.996632905727134,15.124759078227692,14.792794954745933,14.909274101257324,210200,0.0,0.0
2005-03-09,14.821909449110633,14.932563372730032,14.705430348553653,14.746197700500488,162300,0.0,0.0
2005-03-10,14.792797422808867,14.932571755446315,14.763678186736435,14.845212936401367,238700,0.0,0.0
2005-03-11,14.856858596409944,14.9849847689105,14.792794954745933,14.909274101257324,281400,0.0,0.0
2005-03-14,14.880158154275286,15.194651276249436,14.874335194974545,15.14223575592041,271400,0.0,0.0
2005-03-15,15.084002340280094,15.468382239491602,14.891812390674339,14.915108680725098,162800,0.0,0.0
2005-03-16,14.559839505554306,14.693789762406782,14.326882295630957,14.588958740234375,472300,0.0,0.0
2005-03-17,14.647197489603043,14.76367664337158,14.356000716009236,14.763676643371582,330400,0.0,0.0
2005-03-18,14.9092749275706,14.9092749275706,14.4375364686266,14.734556198120117,421400,0.0,0.0
2005-03-21,14.629730437770924,14.693792990305711,14.542370492884485,14.647201538085938,248900,0.0,0.0
2005-03-22,14.559836173895087,14.792793330511941,14.559836173895087,14.676315307617188,202000,0.0,0.0
2005-03-23,14.676322252192477,14.74620887683297,14.524899751034246,14.559843063354492,271000,0.0,0.0
2005-03-24,14.676318146987382,14.763676958766254,14.519071619288878,14.530719757080078,363400,0.0,0.0
2005-03-28,14.559846042578728,14.618085648914663,14.437543869018555,14.437543869018555,319900,0.0,0.0
2005-03-29,14.437538395502383,14.495776868931024,14.268643712241827,14.321059226989746,327400,0.0,0.0
2005-03-30,14.705438245176689,15.113114205215606,14.47248102979486,14.92674732208252,898100,0.0,0.0
2005-03-31,16.132303098022838,16.219661915498243,15.258712701613536,15.381014823913574,1872100,0.0,0.0
2005-04-01,15.433428667729437,15.666385859416456,15.078168256139541,15.130583763122559,810600,0.0,0.0
2005-04-04,15.206299416506507,15.23541865632139,14.996637335190407,15.14223575592041,334700,0.0,0.0
2005-04-05,15.229592382596579,15.43925443357631,15.188825008423327,15.247064590454102,294400,0.0,0.0
2005-04-06,15.26756824044253,15.466761472897524,15.220699310302734,15.220699310302734,301000,0.155,0.0
2005-04-07,15.226559372887415,15.373024931823359,15.091811326852797,15.320297241210938,211200,0.0,0.0
2005-04-08,15.29100579234087,15.29100579234087,15.015649804481146,15.121105194091797,551000,0.0,0.0
2005-04-11,15.121104442891403,15.121104442891403,14.91605243077342,14.93948745727539,337900,0.0,0.0
2005-04-12,14.968776587185296,15.08594945713062,14.798877154952207,14.951201438903809,762300,0.0,0.0
2005-04-13,14.933628700649898,14.968780122959288,14.857467099405625,14.93948745727539,330600,0.0,0.0
2005-04-14,14.939483767616633,15.003928957137225,14.500087186216144,14.529379844665527,605700,0.0,0.0
2005-04-15,14.51766354265451,14.587966370350548,14.265742655616561,14.31261157989502,385700,0.0,0.0
2005-04-18,14.353619213545956,14.418064392086526,14.295032789185719,14.306750297546387,609900,0.0,0.0
2005-04-19,14.353626979385433,14.482516288757324,14.148574941905471,14.482516288757324,401400,0.0,0.0
2005-04-20,14.476653826329098,14.476653826329098,13.984530626749784,14.037257194519043,544100,0.0,0.0
2005-04-21,14.119278383358989,14.254026412963867,13.966954086545188,14.254026412963867,663300,0.0,0.0
2005-04-22,14.107564993753577,14.125141266097835,13.13503360624587,13.34594440460205,2840100,0.0,0.0
2005-04-25,13.345947655791413,13.345947655791413,12.959278509571584,13.129178047180176,1340300,0.0,0.0
2005-04-26,13.094018891281921,13.146746572628233,12.361691225297958,12.455429077148438,1537800,0.0,0.0
2005-04-27,12.455431189426276,12.48472385405595,12.215227763643652,12.326541900634766,888100,0.0,0.0
2005-04-28,12.303107254291808,12.361693702800958,12.209369383654593,12.25037956237793,429500,0.0,0.0
2005-04-29,12.191795249926672,12.279674379365439,11.805126186441095,11.910581588745117,703800,0.0,0.0
2005-05-02,11.95159210228157,12.174220428236008,11.89300564190178,12.062906265258789,341400,0.0,0.0
2005-05-03,12.156639184114724,12.361691152877615,12.0746188435869,12.244518280029297,608800,0.0,0.0
2005-05-04,12.40855893858687,12.596034623966618,12.191789478964516,12.496438026428223,913300,0.0,0.0
2005-05-05,12.566745016113389,12.713210570532222,12.057044395060705,12.209368705749512,775700,0.0,0.0
2005-05-06,12.262097976677797,12.355835854203562,12.226946551966547,12.267956733703613,252400,0.0,0.0
2005-05-09,12.244520428273326,12.332399539605879,12.180076342599335,12.326541900634766,443900,0.0,0.0
2005-05-10,12.273815547511083,12.32654324354371,12.226946608531373,12.303108215332031,279200,0.0,0.0
2005-05-11,12.303104954062489,12.33239761411863,12.127346758838938,12.273812294006348,264000,0.0,0.0
2005-05-12,12.24452050518297,12.332399617067505,12.086337433324688,12.133206367492676,474700,0.0,0.0
2005-05-13,12.121493125554286,12.162503313940022,11.857854603869095,11.986743927001953,864200,0.0,0.0
2005-05-16,12.01017581776667,12.385127290593067,11.939871857889957,12.361693382263184,302700,0.0,0.0
2005-05-17,12.361696005462658,12.601899483394613,12.320685819100193,12.596040725708008,327300,0.0,0.0
2005-05-18,12.596037911311681,12.947555471860245,12.590179154934127,12.859676361083984,545800,0.0,0.0
2005-05-19,12.906546057991543,13.146749496459961,12.742504222048694,13.146749496459961,288800,0.0,0.0
2005-05-20,13.140886188601684,13.386948298574513,13.123309924516768,13.37523078918457,415800,0.0,0.0
2005-05-23,13.416241959100494,13.556848729977668,13.24048377486485,13.35765552520752,268300,0.0,0.0
2005-05-24,13.299074835967897,13.299074835967897,12.8889707734709,13.076446533203125,255700,0.0,0.0
2005-05-25,13.07644475983586,13.158465114234568,12.83624133557377,12.859676361083984,319700,0.0,0.0
2005-05-26,12.918261187891353,13.170182115117392,12.90068603688529,13.152606964111328,129000,0.0,0.0
2005-05-27,13.123316480007388,13.222913124687027,13.070588778856768,13.21705436706543,124900,0.0,0.0
2005-05-31,13.240483686270473,13.316645267611433,13.211189910798351,13.269776344299316,551100,0.0,0.0
2005-06-01,13.211192228253397,13.445538003365261,13.187758321208293,13.404526710510254,213000,0.0,0.0
2005-06-02,13.392804486551084,13.392804486551084,13.205328842014307,13.316641807556152,138600,0.0,0.0
2005-06-03,13.304930953861051,13.334224736370844,13.158465393642711,13.211193084716797,176100,0.0,0.0
2005-06-06,13.187755676304599,13.310786177864511,13.123310489329457,13.275634765625,152100,0.0,0.0
2005-06-07,13.345938820737711,13.521697000869162,13.334221310744079,13.416241645812988,191000,0.0,0.0
2005-06-08,13.41624356022569,13.650588206321537,13.369374631006519,13.644730567932129,278100,0.0,0.0
2005-06-09,13.679885357356,13.785340753453033,13.615440144753657,13.744329452514648,224700,0.0,0.0
2005-06-10,13.035437717497508,13.797058350643443,12.883113367379565,13.50998592376709,683500,0.0,0.0
2005-06-13,13.504123626176847,13.697458112678278,13.445538298556137,13.468972206115723,512900,0.0,0.0
2005-06-14,13.49826775164788,13.884936775189953,13.392812360237563,13.843925476074219,342300,0.0,0.0
2005-06-15,13.943523350904469,14.031403596526784,13.826351552480949,14.013827323913574,212200,0.0,0.0
2005-06-16,14.031405465519223,14.277467727661133,13.902515017408195,14.277467727661133,171900,0.0,0.0
2005-06-17,14.35362883839259,14.377063870828321,14.230598270436559,14.289183616638184,229800,0.0,0.0
2005-06-20,14.236450889429957,14.41806897441255,14.160289295766274,14.330188751220703,211200,0.0,0.0
2005-06-21,14.353626979385433,14.552820259515258,14.31847555272832,14.482516288757324,153200,0.0,0.0
2005-06-22,14.476651902742194,14.517663188247559,14.072407859750184,14.14271068572998,197200,0.0,0.0
2005-06-23,14.130997940799404,14.142714336524987,13.709176406258681,13.7560453414917,166100,0.0,0.0
2005-06-24,13.69160017327794,13.761903011856724,13.28149618427565,13.404526710510254,369900,0.0,0.0
2005-06-27,13.35765552520752,13.416241959100494,13.234625019731224,13.35765552520752,224200,0.0,0.0
2005-06-28,13.445537410319368,13.656447034196539,13.445537410319368,13.504122734069824,316900,0.0,0.0
2005-06-29,13.504127054575113,13.746009543847409,13.451030788612446,13.728311538696289,167500,0.16,0.0
2005-06-30,13.775502680621289,14.06458161211025,13.687009313880457,13.981987953186035,258400,0.0,0.0
2005-07-01,13.976087961094075,14.09997844696045,13.846296642276899,14.09997844696045,204900,0.0,0.0
2005-07-05,14.046883610533861,14.341862273398311,13.92889282054066,14.306465148925781,207200,0.0,0.0
2005-07-06,14.359560602529111,14.554246464220991,14.27106723362448,14.282865524291992,393800,0.0,0.0
2005-07-07,14.064587815571516,14.247474337535468,14.046888684315118,14.147181510925293,214200,0.0,0.0
2005-07-08,14.147177202835275,14.61324405670166,14.141277494213051,14.61324405670166,268900,0.0,0.0
2005-07-11,14.6014385206798,14.908216488952995,14.6014385206798,14.843320846557617,333100,0.0,0.0
2005-07-12,14.837431459381898,14.837431459381898,14.471658425733327,14.477558135986328,312300,0.0,0.0
2005-07-13,14.501152395301618,14.53654952312781,14.259269958856233,14.341863632202148,259300,0.0,0.0
2005-07-14,14.459858894209576,14.589649143015057,14.212076691759357,14.265172958374023,218700,0.0,0.0
2005-07-15,14.188473296504267,14.253368962703178,14.046883672732895,14.153076171875,229000,0.0,0.0
2005-07-18,14.088181495666504,14.265169381758563,14.04688465982134,14.088181495666504,244500,0.0,0.0
2005-07-19,14.20617731428408,14.412662675371271,14.08228677278458,14.365466117858887,113300,0.0,0.0
2005-07-20,14.335960375190641,14.365458912123554,14.147174239836506,14.312362670898438,117300,0.0,0.0
2005-07-21,14.276967351732981,14.276967351732981,14.111778899845712,14.182574272155762,294100,0.0,0.0
2005-07-22,14.20617565479172,14.430358995473929,14.123581970106889,14.424460411071777,296600,0.0,0.0
2005-07-25,14.45395699769018,14.766634839874687,14.383161611160943,14.4657564163208,297800,0.0,0.0
2005-07-26,14.477551129037685,14.837424278259277,14.436253177254368,14.837424278259277,305300,0.0,0.0
2005-07-27,14.802037069482733,14.807936780830362,14.153083449556963,14.223878860473633,676300,0.0,0.0
2005-07-28,13.274037915042815,13.89939227508034,13.274037915042815,13.740104675292969,812000,0.0,0.0
2005-07-29,13.74010631379871,13.881695933413214,13.704708064954383,13.769603729248047,394000,0.0,0.0
2005-08-01,13.474624059266679,13.710606740857635,13.37433127893375,13.57491683959961,269600,0.0,0.0
2005-08-02,14.306465622728558,14.400858707950956,13.746005694623024,13.816801071166992,495500,0.0,0.0
2005-08-03,13.757803809422501,13.834498887190522,13.580817072695766,13.628013610839844,222600,0.0,0.0
2005-08-04,13.598515243657353,13.710607445141306,13.43332792068547,13.492323875427246,322000,0.0,0.0
2005-08-05,13.433330376761571,13.557220891641943,13.362534993076752,13.4805269241333,172300,0.0,0.0
2005-08-08,13.504122445216224,13.639813481502452,13.403829657659063,13.486424446105957,198800,0.0,0.0
2005-08-09,13.55132400140776,13.710612803891822,13.539525706051473,13.569023132324219,210000,0.0,0.0
2005-08-10,13.65161495677008,13.805004027945023,13.380235071406009,13.504125595092773,125600,0.0,0.0
2005-08-11,13.468728206260419,13.746007795829208,13.433331075204821,13.681113243103027,204900,0.0,0.0
2005-08-12,13.62211656624849,13.62211656624849,13.338937282018112,13.4805269241333,145400,0.0,0.0
2005-08-15,13.480524288482819,13.698807855428846,13.480524288482819,13.628013610839844,170700,0.0,0.0
2005-08-16,13.598521560437716,13.698814392510455,13.569024131991814,13.675216674804688,453000,0.0,0.0
2005-08-17,13.675209619932538,13.728305863947277,13.480523766963227,13.57491683959961,177500,0.0,0.0
2005-08-18,13.57491477172744,13.7578011814445,13.569015064929598,13.687006950378418,172000,0.0,0.0
2005-08-19,13.72240581529863,13.863995420735215,13.681108987703064,13.822698593139648,128300,0.0,0.0
2005-08-22,13.82270121503691,14.023286808766125,13.663412456736468,13.763705253601074,114600,0.0,0.0
2005-08-23,13.740105249598255,13.769602662762953,13.569017102531287,13.639812469482422,121400,0.0,0.0
2005-08-24,13.604416432329444,13.816801442413627,13.274040625174111,13.30943775177002,197700,0.0,0.0
2005-08-25,13.215044501851835,13.492325178338024,13.185547084259596,13.333036422729492,139600,0.0,0.0
2005-08-26,13.315333225769134,13.397926869977322,13.061651461125116,13.362529754638672,180300,0.0,0.0
2005-08-29,13.315335298399814,13.804999783611429,13.108850030484373,13.639812469482422,448900,0.0,0.0
2005-08-30,13.622119399818905,13.67521566731359,13.244546942305295,13.569023132324219,245600,0.0,0.0
2005-08-31,13.598517079246552,13.681111877135756,12.973162575180723,13.126551628112793,420200,0.0,0.0
2005-09-01,13.126553182312406,13.28584196290043,12.843373878103382,13.002662658691406,331100,0.0,0.0
2005-09-02,13.01446070945524,13.297641133632016,12.884670478762827,13.250443458557129,240300,0.0,0.0
2005-09-06,13.144251510259316,13.321238283297133,13.102953546312996,13.262242317199707,153700,0.0,0.0
2005-09-07,13.25634133658271,13.333036422729492,13.0380577457897,13.333036422729492,125300,0.0,0.0
2005-09-08,13.244546721948526,13.303541573512485,13.026261945296016,13.097057342529297,120800,0.0,0.0
2005-09-09,13.0085584906509,13.274039735461853,12.99676019941264,13.156047821044922,310400,0.0,0.0
2005-09-12,13.15604928416233,13.226844665736682,13.055756483330411,13.185547828674316,193200,0.0,0.0
2005-09-13,13.150149101431966,13.215043640958207,13.00855835550096,13.091153144836426,76000,0.0,0.0
2005-09-14,13.049853104303537,13.108847921140082,12.861065864562988,12.861065864562988,192800,0.0,0.0
2005-09-15,12.796174268124911,12.802073976208929,12.459898784115772,12.619186401367188,351500,0.0,0.0
2005-09-16,12.68408618147272,12.754881576202278,12.471701122538674,12.613290786743164,306100,0.0,0.0
2005-09-19,12.589687772228226,12.666381719416634,12.424499337566992,12.536591529846191,84400,0.0,0.0
2005-09-20,12.566090882788725,12.61918713337058,12.418601547895644,12.448100090026855,175000,0.0,0.0
2005-09-21,12.430401915550142,12.430401915550142,12.164921767588604,12.188519477844238,644600,0.0,0.0
2005-09-22,12.188517665802793,12.389103236799894,12.005631218806936,12.294710159301758,163800,0.0,0.0
2005-09-23,12.271114230962446,12.336009909068748,12.229817390441895,12.229817390441895,166100,0.0,0.0
2005-09-26,12.300613503865636,12.324211217589495,12.064630740354158,12.147224426269531,190800,0.0,0.0
2005-09-27,12.15312285939499,12.684084302834862,12.123624313770607,12.524795532226562,302600,0.0,0.0
2005-09-28,12.595594076418243,12.595594076418243,12.406807838077851,12.495301246643066,184300,0.0,0.0
2005-09-29,12.501193450790671,12.678180161647793,12.389101267112327,12.625083923339844,179500,0.0,0.0
2005-09-30,12.654586912198814,12.920067071915305,12.45990101163827,12.695883750915527,174600,0.0,0.0
2005-10-03,12.731277538705445,12.984959338810881,12.341905839789158,12.512992858886719,376400,0.0,0.0
2005-10-04,12.489399963318421,12.536596516960323,12.359609722116842,12.424504280090332,182700,0.0,0.0
2005-10-05,12.430449894867595,12.430449894867595,12.216438915348116,12.275886535644531,347500,0.16,0.0
2005-10-06,12.246159178125302,12.388832738581662,12.091595870830412,12.222379684448242,196200,0.0,0.0
2005-10-07,12.240213413376795,12.32343936744868,12.127263094373106,12.192655563354492,542500,0.0,0.0
2005-10-10,12.127264459834974,12.156988828113576,11.77057997757274,11.83002758026123,536300,0.0,0.0
2005-10-11,11.9013643051851,12.044037863822838,11.830026958931903,11.83597183227539,512800,0.0,0.0
2005-10-12,11.83597335169451,12.008371299180922,11.83597335169451,11.92514419555664,185100,0.0,0.0
2005-10-13,11.84191827902157,12.061874086480907,11.84191827902157,12.008371353149414,204200,0.0,0.0
2005-10-14,11.978644671319836,12.222378794417713,11.859750613198372,12.192655563354492,389400,0.0,0.0
2005-10-17,12.48394927769202,12.917914861407102,12.359110329172095,12.5731201171875,343500,0.0,0.0
2005-10-18,12.573116959788035,12.573116959788035,12.174819585119048,12.26399040222168,270600,0.0,0.0
2005-10-19,12.216430109946826,12.638506889343262,12.10348096005147,12.638506889343262,184400,0.0,0.0
2005-10-20,12.692014794652195,12.692014794652195,12.246159481963256,12.388833045959473,300300,0.0,0.0
2005-10-21,12.388832738581662,12.394777612000928,12.16293208412426,12.222379684448242,412000,0.0,0.0
2005-10-24,12.162936153622658,12.781189589658636,12.097544791869309,12.70985221862793,269200,0.0,0.0
2005-10-25,12.614731767812778,12.775239942274965,12.489892832476826,12.6622896194458,351300,0.0,0.0
2005-10-26,12.602847861483875,12.870360451613925,12.549345116684057,12.77524471282959,277000,0.0,0.0
2005-10-27,12.757406312849223,12.757406312849223,11.931088151391888,12.055928230285645,490600,0.0,0.0
2005-10-28,12.103488123042643,12.263995203112456,11.925145285154438,12.216437339782715,230700,0.0,0.0
2005-10-31,12.115374341960706,12.460169066365552,12.038093254537497,12.097540855407715,324600,0.0,0.0
2005-11-01,12.127266293065512,12.156990665837428,11.847863992222797,12.085653305053711,287300,0.0,0.0
2005-11-02,12.067814786676795,12.501781418139217,12.067814786676795,12.483946800231934,308800,0.0,0.0
2005-11-03,12.596901015740356,12.680126990691651,12.186713747723925,12.323442459106445,188700,0.0,0.0
2005-11-04,12.038091659545898,12.275880897652112,11.925141346244748,12.038091659545898,388300,0.0,0.0
2005-11-07,12.079712644668032,12.424507552026377,12.026209888882315,12.400729179382324,210900,0.0,0.0
2005-11-08,12.281825719487824,12.442333879745663,12.127262431891593,12.180765151977539,249600,0.0,0.0
2005-11-09,12.073757488487075,12.186707780521376,11.764632104086939,11.871636390686035,728700,0.0,0.0
2005-11-10,12.044038015180805,12.483948443309371,11.90136445475008,12.33533000946045,928700,0.0,0.0
2005-11-11,12.33532859585183,12.959525492937882,12.311549104904135,12.822796821594238,657700,0.0,0.0
2005-11-14,12.870354607057827,13.40538067822631,12.573117774867722,13.286486625671387,467700,0.0,0.0
2005-11-15,13.316212695576834,13.48861063927499,13.23298672765015,13.334047317504883,545100,0.0,0.0
2005-11-16,13.31026891045687,13.405384634116595,12.882248153988101,12.965474128723145,661100,0.0,0.0
2005-11-17,13.04869485177592,13.702614848464936,12.995192141665973,13.625333786010742,963500,0.0,0.0
2005-11-18,13.524273897620679,13.970129081058724,13.494550672272156,13.892848014831543,647200,0.0,0.0
2005-11-21,13.970137343069847,14.0949763240061,13.738292873405928,13.80368423461914,346500,0.0,0.0
2005-11-22,13.803681648524567,13.821516271260904,13.328103047577097,13.44105339050293,359400,0.0,0.0
2005-11-23,13.464827224175579,13.696672706282067,13.435103996815783,13.571832656860352,229400,0.0,0.0
2005-11-25,13.577778437717445,13.577778437717445,13.39943679388734,13.553998947143555,53600,0.0,0.0
2005-11-28,13.553999688867933,13.565889434805527,13.256762843639525,13.37565803527832,217100,0.0,0.0
2005-11-29,13.40538188995493,13.643172284295998,13.375658657596613,13.482664108276367,144000,0.0,0.0
2005-11-30,13.524274147632132,13.756118484467942,13.488606049780866,13.559942245483398,199200,0.0,0.0
2005-12-01,13.702621665301606,13.73234603785471,13.494556726774269,13.548059463500977,246200,0.0,0.0
2005-12-02,13.530225923418502,13.530225923418502,13.048702388188415,13.161651611328125,468200,0.0,0.0
2005-12-05,13.203256299144135,13.203256299144135,12.781180645345307,12.959522247314453,493500,0.0,0.0
2005-12-06,13.04870170892009,13.125982811985809,12.834690756016704,12.846580505371094,217600,0.0,0.0
2005-12-07,12.90602974414046,13.018980119421865,12.751467504958512,12.858471870422363,309000,0.0,0.0
2005-12-08,12.900082848202695,13.024921810990687,12.745519512939797,12.935750961303711,312600,0.0,0.0
2005-12-09,12.983309897204082,13.209209477352466,12.923862281206413,13.161651611328125,329500,0.0,0.0
2005-12-12,13.203257649228213,13.203257649228213,12.983303059899612,13.030860900878906,210100,0.0,0.0
2005-12-13,13.007086214290382,13.143816049706816,12.935749993425864,13.048700332641602,144100,0.0,0.0
2005-12-14,13.03681435432631,13.203266340388062,13.013034851249422,13.096261978149414,183200,0.0,0.0
2005-12-15,13.078422870174686,13.203261816951184,12.977362284459497,13.197318077087402,319000,0.0,0.0
2005-12-16,13.221100550375823,13.286493047904054,13.054647435698996,13.250824928283691,417100,0.0,0.0
2005-12-19,13.250819697685591,13.375658634012765,13.19731697244005,13.3043212890625,255300,0.0,0.0
2005-12-20,13.280546882049277,13.3221598732083,13.0784256673892,13.179486274719238,217900,0.0,0.0
2005-12-21,13.24488268244915,13.518340210281554,13.108152784663645,13.14976692199707,208900,0.0,0.0
2005-12-22,13.185425349971275,13.286485912848732,13.078419914704735,13.25676155090332,168600,0.0,0.0
2005-12-23,13.310265547579345,13.50644181979663,13.25676282480476,13.423215866088867,125500,0.0,0.0
2005-12-27,13.375656730948025,13.518330266680588,13.14381237711617,13.25676155090332,119000,0.0,0.0
2005-12-28,13.345935801003376,13.399438527849663,13.256763833680452,13.280543327331543,101400,0.0,0.0
2005-12-29,13.256762262131257,13.328099600759035,13.256762262131257,13.286486625671387,123900,0.0,0.0
2005-12-30,13.185430493746932,13.292435970757438,13.078425016736427,13.232988357543945,175000,0.0,0.0
2006-01-03,13.286485375993506,13.286485375993506,12.959524211016035,13.137866973876953,236400,0.0,0.0
2006-01-04,13.227691413830756,13.311524311594555,13.054036248877093,13.251643180847168,151600,0.16,0.0
2006-01-05,13.113916164164989,13.119904390898467,12.497143658403731,12.652832984924316,612200,0.0,0.0
2006-01-06,12.772597780008022,12.92230005175783,12.640860192037762,12.874395370483398,342300,0.0,0.0
2006-01-09,13.083978040901846,13.293561437950242,13.077989813313305,13.203739166259766,346500,0.0,0.0
2006-01-10,13.113918167196069,13.29356157022692,13.05403703285245,13.185775756835938,232800,0.0,0.0
2006-01-11,13.179787529187811,13.203739297642676,13.08397817109308,13.185775756835938,252400,0.0,0.0
2006-01-12,13.125898216704023,13.125898216704023,12.67080307006836,12.67080307006836,254400,0.0,0.0
2006-01-13,12.724693522124712,12.922300481723962,12.664812383004813,12.850442886352539,187300,0.0,0.0
2006-01-17,12.838467145062,12.874395370483398,12.634871964111246,12.874395370483398,223000,0.0,0.0
2006-01-18,12.814507794302546,13.137865087027157,12.814507794302546,12.99415111541748,537900,0.0,0.0
2006-01-19,13.054033223908643,13.293557691393966,12.970200345571163,13.263616561889648,218500,0.0,0.0
2006-01-20,13.323496959426187,13.323496959426187,13.042057210104346,13.173794746398926,659800,0.0,0.0
2006-01-23,13.233678180859751,13.305534616117617,13.089964168206572,13.215713500976562,272700,0.0,0.0
2006-01-24,13.29954921629428,13.497157310598405,13.185776312597445,13.485180854797363,242600,0.0,0.0
2006-01-25,13.521111208688671,13.527099437531918,13.29356422333464,13.473206520080566,167000,0.0,0.0
2006-01-26,13.563025003046372,13.563025003046372,13.32350160707701,13.461227416992188,211600,0.0,0.0
2006-01-27,13.503145458787884,13.503145458787884,13.125896208474623,13.479193687438965,237400,0.0,0.0
2006-01-30,13.479194143507884,13.59296820214369,13.443265914199984,13.580991744995117,194400,0.0,0.0
2006-01-31,13.61691934044177,14.137883780775857,13.485181744353246,13.892372131347656,527300,0.0,0.0
2006-02-01,13.952248382053682,13.976201288801393,13.724701478637712,13.898355484008789,262900,0.0,0.0
2006-02-02,13.323497363163646,13.503139567385098,13.083974043489285,13.281580924987793,667000,0.0,0.0
2006-02-03,14.22171948040493,14.22171948040493,13.293565613275804,13.311529159545898,685200,0.0,0.0
2006-02-06,13.29356074261592,13.31152428230431,13.083977356530013,13.113917350769043,212400,0.0,0.0
2006-02-07,13.042062200011149,13.233680923257609,12.886371701838979,13.083978652954102,193700,0.0,0.0
2006-02-08,13.095954496078926,13.221703849025387,12.946252232778305,13.203739166259766,220800,0.0,0.0
2006-02-09,13.263627995742509,13.29356915105747,13.173806814074206,13.191771507263184,161600,0.0,0.0
2006-02-10,13.23367586003728,13.251639394632715,13.000139631061426,13.173794746398926,193900,0.0,0.0
2006-02-13,13.173799636766809,13.233680772634193,12.91631155203343,12.964216232299805,111900,0.0,0.0
2006-02-14,12.940258233296712,13.08996042982393,12.820496019220089,12.99415111541748,228100,0.0,0.0
2006-02-15,12.934275129519893,13.305536084306059,12.86840577148401,13.251643180847168,225400,0.0,0.0
2006-02-16,13.293559944770738,13.311523483381002,13.125893017537436,13.233678817749023,104600,0.0,0.0
2006-02-17,13.263619022628902,13.383381278590514,13.209726121659928,13.221702575683594,112300,0.0,0.0
2006-02-21,13.263623072575196,13.329492447680547,13.04206431617371,13.072004318237305,117700,0.0,0.0
2006-02-22,13.149845601217883,13.287572544578143,13.125893834201472,13.251643180847168,132800,0.0,0.0
2006-02-23,13.203734760866714,13.257627649044721,13.02409256169819,13.09595012664795,118700,0.0,0.0
2006-02-24,13.137868839090965,13.263618171860955,12.988166599810057,13.215713500976562,234500,0.0,0.0
2006-02-27,13.215714348671762,13.293560157688065,13.161821447702788,13.221702575683594,137300,0.0,0.0
2006-02-28,13.221701309355206,13.263617752285905,12.880380397333912,12.904332160949707,111700,0.0,0.0
2006-03-01,12.934276430402306,13.173799835344672,12.694753025459942,13.155835151672363,354600,0.0,0.0
2006-03-02,13.054034278121657,13.083975410043951,12.634868710446131,12.69474983215332,344700,0.0,0.0
2006-03-03,12.694752738687473,12.700739824305309,12.401335289356432,12.425288200378418,271800,0.0,0.0
2006-03-06,12.341450892087195,12.545045994571474,12.341450892087195,12.395343780517578,335200,0.0,0.0
2006-03-07,12.335469955551044,12.425291108631638,12.257624118646715,12.359421730041504,193900,0.0,0.0
2006-03-08,12.395348931477697,12.455228928272938,12.281574881718829,12.299539566040039,164400,0.0,0.0
2006-03-09,11.976183547375962,12.389362199559034,11.862409483877288,11.86839771270752,736300,0.0,0.0
2006-03-10,12.574990305742837,13.02409710237651,11.664800257118891,11.964204788208008,2059000,0.0,0.0
2006-03-13,11.68276993257899,12.036067521610637,11.257614722838309,11.413305282592773,1700700,0.0,0.0
2006-03-14,11.47318205051179,11.77258659492418,11.437253824980857,11.64683723449707,590100,0.0,0.0
2006-03-15,11.682762340316593,11.802523440818474,11.658809434933781,11.736655235290527,439000,0.0,0.0
2006-03-16,11.736660446157396,11.760612220036974,11.509112312542962,11.574981689453125,528500,0.0,0.0
2006-03-17,11.658812096168752,11.730669686581974,11.58096742018061,11.682765007019043,391100,0.0,0.0
2006-03-20,11.796537036971978,11.796537036971978,11.586953671334287,11.622881889343262,425300,0.0,0.0
2006-03-21,11.676777117834687,11.736658254558812,11.43725371307587,11.46120548248291,369700,0.0,0.0
2006-03-22,11.533062580934116,11.916300012131364,11.515097898045132,11.766597747802734,524100,0.0,0.0
2006-03-23,11.886358755299385,11.886358755299385,11.616894251235697,11.7186918258667,209000,0.0,0.0
2006-03-24,11.796537634657328,11.81450117350323,11.50910844961022,11.7186918258667,347400,0.0,0.0
2006-03-27,11.676775795430139,11.784561600899195,11.509108860018545,11.545038223266602,218000,0.0,0.0
2006-03-28,11.598933690259175,11.598933690259175,11.449231403375869,11.509111404418945,289300,0.0,0.0
2006-03-29,11.62887309311864,11.760610687635728,11.586956637687646,11.754622459411621,636700,0.0,0.0
2006-03-30,11.814503663143581,11.874384803569392,11.59893315660352,11.676777839660645,726100,0.0,0.0
2006-03-31,11.796538353191428,11.80851366577228,11.533062060073716,11.59294319152832,185100,0.0,0.0
2006-04-03,11.832464843710415,11.832464843710415,11.533060372388201,11.580965042114258,381900,0.0,0.0
2006-04-04,11.604918610600517,11.646836202499703,11.521085711077337,11.586955070495605,398200,0.0,0.0
2006-04-05,11.665448313130934,11.683562778190442,11.52657420265564,11.538650512695312,463100,0.16,0.0
2006-04-06,11.599029285832163,11.623181904925039,11.448078871482487,11.49034595489502,389500,0.0,0.0
2006-04-07,11.59903020504655,11.62922098130524,11.466194244489381,11.532612800598145,380900,0.0,0.0
2006-04-10,11.60506818165843,11.629220802293595,11.47223222314604,11.550725936889648,420100,0.0,0.0
2006-04-11,11.623182406100335,11.629220561133911,11.429966051667176,11.592992782592773,341800,0.0,0.0
2006-04-12,11.562802425196478,11.580916890951693,11.472232399741118,11.532612800598145,550600,0.0,0.0
2006-04-13,11.502418163598357,11.502418163598357,11.32127817348656,11.381658554077148,336000,0.0,0.0
2006-04-17,11.35750778116811,11.381660397981218,11.06164513516849,11.07975959777832,661600,0.0,0.0
2006-04-18,11.079762765924496,11.442044060090677,11.079762765924496,11.405815124511719,483700,0.0,0.0
2006-04-19,11.405813795125047,11.448079730047105,11.27297783513281,11.423928260803223,381700,0.0,0.0
2006-04-20,11.411857097187296,11.514503479003906,11.254868445487723,11.514503479003906,235200,0.0,0.0
2006-04-21,11.592996359963372,11.695642723888177,11.502425158171562,11.653375625610352,357800,0.0,0.0
2006-04-24,11.659411145259424,11.701677082316428,11.417890682319124,11.44204330444336,252400,0.0,0.0
2006-04-25,11.448076721496792,11.460153028775261,11.297126335496085,11.399772644042969,220200,0.0,0.0
2006-04-26,11.429965558823096,11.50845926755441,11.321281076225686,11.49034595489502,328800,0.0,0.0
2006-04-27,11.423925258599905,11.502418952589851,11.309202642774554,11.399772644042969,223200,0.0,0.0
2006-04-28,11.097876128754988,11.448081112535231,11.097876128754988,11.36354923248291,201000,0.0,0.0
2006-05-01,11.429967356413947,11.442043667859625,11.176370574356916,11.218636512756348,367600,0.0,0.0
2006-05-02,11.291091465044337,11.4420418795414,11.146178053666123,11.39373779296875,270700,0.0,0.0
2006-05-03,11.321279559819068,11.381659947803458,11.188443627581497,11.279013633728027,425000,0.0,0.0
2006-05-04,11.47223442507666,11.502424055004743,10.808052201713794,11.091839790344238,1048500,0.0,0.0
2006-05-05,11.158253605264637,11.200519534187125,10.989189889574687,11.049569129943848,500600,0.0,0.0
2006-05-08,11.031456337968304,11.109950045140593,10.952961479135773,10.958999633789062,387300,0.0,0.0
2006-05-09,10.995228968873427,11.007305279892101,10.832203376762957,10.880507469177246,554700,0.0,0.0
2006-05-10,10.868432590080014,10.898622219943789,10.681254351271368,10.777862548828125,369200,0.0,0.0
2006-05-11,10.741634201814488,10.7899382980708,10.608797073364258,10.608797073364258,429000,0.0,0.0
2006-05-12,10.578607115499787,10.596720431243773,10.506150397542463,10.58464527130127,337400,0.0,0.0
2006-05-15,11.019381980544427,11.520537388935647,11.019381980544427,11.218636512756348,904500,0.0,0.0
2006-05-16,11.194484485644853,11.194484485644853,10.886545469033933,10.952962875366211,397000,0.0,0.0
2006-05-17,10.874467306349844,10.928809544242435,10.77785913935417,10.8140869140625,288500,0.0,0.0
2006-05-18,10.868430137634277,11.043533175981993,10.80201158492855,10.868430137634277,247700,0.0,0.0
2006-05-19,10.874470087048499,10.959001966870218,10.80201336744382,10.898621559143066,188700,0.0,0.0
2006-05-22,10.91069855579406,11.134105732907779,10.86843261323052,11.091839790344238,482600,0.0,0.0
2006-05-23,11.170329611623423,11.272975929796639,10.874466965514777,10.886543273925781,338900,0.0,0.0
2006-05-24,10.886547506063481,11.128068009873694,10.777862991433734,11.03145980834961,374400,0.0,0.0
2006-05-25,11.091837629670167,11.218635432660758,10.886544961500352,10.946924209594727,366900,0.0,0.0
2006-05-26,11.031460659530262,11.260904867938587,11.031460659530262,11.170334815979004,323700,0.0,0.0
2006-05-30,11.146178494154697,11.158254804190173,10.892582893371582,10.892582893371582,456100,0.0,0.0
2006-05-31,10.946925661346736,11.14618020079965,10.874470093360488,11.103914260864258,377200,0.0,0.0
2006-06-01,11.073723337272979,11.351471568160004,11.067685182037128,11.327320098876953,331100,0.0,0.0
2006-06-02,11.381663893099464,11.381663893099464,10.940888865847048,10.989192962646484,307400,0.0,0.0
2006-06-05,10.977118394666848,10.977118394666848,10.6872937678205,10.747673034667969,296900,0.0,0.0
2006-06-06,10.928807991235816,10.965035760796102,10.693324609943875,10.795970916748047,336400,0.0,0.0
2006-06-07,10.832203242418876,10.965039206995598,10.657100189801003,10.705404281616211,237900,0.0,0.0
2006-06-08,10.723519399753975,10.723519399753975,10.512188553343945,10.58464527130127,365700,0.0,0.0
2006-06-09,10.614833429991464,10.681251982957708,10.566529341923369,10.578605651855469,176100,0.0,0.0
2006-06-12,10.614830994179535,10.638983608501372,10.445766148906786,10.475956916809082,175800,0.0,0.0
2006-06-13,10.4518085340016,10.608797135671763,10.403504437461589,10.415580749511719,273400,0.0,0.0
2006-06-14,10.421617929506793,10.77786103999834,10.421617929506793,10.663138389587402,202100,0.0,0.0
2006-06-15,10.687288789798398,11.103911064959169,10.67521248138964,10.98315143585205,479700,0.0,0.0
2006-06-16,10.983154723337112,11.049572136145077,10.868432062435355,10.922774314880371,576800,0.0,0.0
2006-06-19,10.916736241617075,11.085801156245356,10.747671326988796,10.989192962646484,208600,0.0,0.0
2006-06-20,10.9469251837176,11.067685993973042,10.856355151856238,11.001267433166504,152700,0.0,0.0
2006-06-21,11.001264605773391,11.502419881710715,10.989189449179587,11.152215003967285,323700,0.0,0.0
2006-06-22,11.140141524264202,11.381661967397722,11.031457036939038,11.345434188842773,264700,0.0,0.0
2006-06-23,11.321279559819068,11.375621793839008,11.206556937814737,11.279013633728027,241500,0.0,0.0
2006-06-26,11.339395789114755,11.478269896962235,11.230711304134887,11.351470947265625,200800,0.0,0.0
2006-06-27,11.38166073830167,11.442041130479701,11.182406250276303,11.200519561767578,276800,0.0,0.0
2006-06-28,11.206610589827251,11.602496065882868,11.06043754459195,11.498956680297852,420300,0.16,0.0
2006-06-29,11.328423238706325,11.55377293829212,11.182250178025754,11.413690567016602,614300,0.0,0.0
2006-06-30,11.693855945008963,11.76085120208921,11.121343945180353,11.139616012573242,441900,0.0,0.0
2006-07-03,11.090891298875253,11.11525405715499,10.914265948068167,11.072620391845703,113800,0.0,0.0
2006-07-05,11.023893696392529,11.036075072946069,10.70109418780375,10.926445007324219,318400,0.0,0.0
2006-07-06,10.987353188383835,11.036077543826945,10.74982093912844,10.944718360900879,206100,0.0,0.0
2006-07-07,10.895992166228167,11.036075680951422,10.822906226240448,10.883811950683594,190500,0.0,0.0
2006-07-10,10.841176538140772,10.877720667818286,10.725456945868668,10.810724258422852,321000,0.0,0.0
2006-07-11,10.768091190409624,10.920354920677452,10.719366843191123,10.883811950683594,165000,0.0,0.0
2006-07-12,10.859450109457192,10.877722176830742,10.68891429901123,10.68891429901123,127100,0.0,0.0
2006-07-13,10.658461311465363,10.658461311465363,10.43920116417759,10.463563919067383,192500,0.0,0.0
2006-07-14,10.451382036348635,10.542740039408459,10.372205410144797,10.49401569366455,331500,0.0,0.0
2006-07-17,10.463567396997536,10.475748778491338,10.33566521467357,10.420933723449707,311700,0.0,0.0
2006-07-18,10.469654607789831,10.481834823554635,10.293028119879104,10.463563919067383,166000,0.0,0.0
2006-07-19,10.45747480646978,11.0238961645461,10.433112047908091,10.944718360900879,491900,0.0,0.0
2006-07-20,10.914268942462984,11.023899061438977,10.676737792468717,10.701099395751953,397900,0.0,0.0
2006-07-21,10.701098723779918,10.725461487213874,10.536653555642213,10.61583137512207,158400,0.0,0.0
2006-07-24,10.658460204144879,10.94471557427998,10.585373108748698,10.908172607421875,252100,0.0,0.0
2006-07-25,10.908177089258675,11.23706741115252,10.871634107386175,11.188343048095703,262800,0.0,0.0
2006-07-26,11.267514488334541,11.413687509862697,11.084798501844324,11.206608772277832,424000,0.0,0.0
2006-07-27,11.358872481579649,11.480683913693069,11.145703056221121,11.206608772277832,377000,0.0,0.0
2006-07-28,11.218793621917625,11.34669461973154,10.871632443073834,11.163978576660156,271000,0.0,0.0
2006-07-31,11.115252685999495,11.182249101323976,10.99344123298773,11.090889930725098,233700,0.0,0.0
2006-08-01,11.02389430372678,11.084800028169925,10.774181879021945,10.883811950683594,175600,0.0,0.0
2006-08-02,10.84726705655395,11.023893528855968,10.749818368966626,10.859448432922363,285700,0.0,0.0
2006-08-03,11.26752084635706,11.468509009581611,10.463568193458851,10.841181755065918,595400,0.0,0.0
2006-08-04,11.036078936479836,11.163979950027844,10.835090799704096,10.950810432434082,372800,0.0,0.0
2006-08-07,11.054346517413931,11.054346517413931,10.780272501618251,10.804634094238281,271900,0.0,0.0
2006-08-08,10.85336047413268,10.944718496510442,10.591466624750892,10.652372360229492,222300,0.0,0.0
2006-08-09,10.74373024879346,10.762002317713545,10.414841139993797,10.445293426513672,216600,0.0,0.0
2006-08-10,10.414841895220032,10.536652211812804,10.329573395756707,10.469656944274902,219700,0.0,0.0
2006-08-11,10.749820139443875,10.774182896193206,10.390477609152512,10.396568298339844,577900,0.0,0.0
2006-08-14,10.353935241699219,10.536651281292398,10.323482955660438,10.353935241699219,226000,0.0,0.0
2006-08-15,10.408750285913221,10.506198995253618,10.341753862611606,10.353935241699219,236600,0.0,0.0
2006-08-16,10.353933158200373,10.621917635800669,10.353933158200373,10.518378257751465,335600,0.0,0.0
2006-08-17,10.518382221423648,10.731551746169531,10.518382221423648,10.609740257263184,285200,0.0,0.0
2006-08-18,10.609737317762283,10.621918695614074,10.335662124497649,10.506197929382324,258600,0.0,0.0
2006-08-21,10.463564544737595,10.463564544737595,10.293028735352106,10.30521011352539,262000,0.0,0.0
2006-08-22,10.30521011352539,10.366115842711649,10.262576451599058,10.30521011352539,472000,0.0,0.0
2006-08-23,10.335663451430865,10.414841255952531,10.219943832022706,10.29302978515625,245800,0.0,0.0
2006-08-24,10.32348323369546,10.335663451430865,10.213853142314864,10.29302978515625,179400,0.0,0.0
2006-08-25,10.280846052797779,10.299118117739438,10.201669428077281,10.262575149536133,154200,0.0,0.0
2006-08-28,10.262579253505274,10.29912223632199,10.183401435441834,10.20167350769043,124600,0.0,0.0
2006-08-29,10.232124658305382,10.28693970725576,10.171220080965272,10.250396728515625,142600,0.0,0.0
2006-08-30,10.34175232043965,10.390476667844027,10.262575691537565,10.28084659576416,117600,0.0,0.0
2006-08-31,10.286938570546704,10.420931413921545,10.286938570546704,10.29911994934082,127800,0.0,0.0
2006-09-01,10.317393740797591,10.402661083237769,10.286940288725804,10.347846031188965,141800,0.0,0.0
2006-09-05,10.384387265823324,10.469655755605718,10.293029248330962,10.439202308654785,249400,0.0,0.0
2006-09-06,10.366117182476941,10.396569470165785,10.171219753235594,10.232124328613281,182600,0.0,0.0
2006-09-07,10.201670823664532,10.238213796866912,10.110312809818497,10.152946472167969,114100,0.0,0.0
2006-09-08,10.171219753235594,10.256487088108605,10.104223326303762,10.232124328613281,193400,0.0,0.0
2006-09-11,10.177309891494797,10.262578393159432,10.079861171032686,10.189491271972656,194000,0.0,0.0
2006-09-12,10.201671216603971,10.500108026225387,10.189489837840595,10.414840698242188,262000,0.0,0.0
2006-09-13,10.47574822433263,10.597558547785548,10.451385462633796,10.59146785736084,531700,0.0,0.0
2006-09-14,10.536650974829996,10.585375328083028,10.487926621576964,10.530561447143555,197000,0.0,0.0
2006-09-15,10.658461587081577,10.664552275961523,10.360024802044906,10.402658462524414,296400,0.0,0.0
2006-09-18,10.408749586118189,10.48183553236969,10.183398734869025,10.268667221069336,193800,0.0,0.0
2006-09-19,10.280848685923617,10.311302135292774,10.140766303866437,10.232124328613281,146800,0.0,0.0
2006-09-20,10.232122248359783,10.396567356479583,10.19557927822652,10.28084659576416,225600,0.0,0.0
2006-09-21,10.262579253505274,10.262579253505274,10.146858452625118,10.20167350769043,177600,0.0,0.0
2006-09-22,10.201669174671109,10.2138505509963,9.897141736621224,9.976318359375,356000,0.0,0.0
2006-09-25,10.00677361657154,10.067679347572842,9.921506290177835,9.98850154876709,347300,0.0,0.0
2006-09-26,10.049408602924352,10.262578108655786,10.012865624184215,10.250396728515625,287700,0.0,0.0
2006-09-27,10.232121618445403,10.353933060297374,10.092039273491638,10.159035682678223,452600,0.0,0.0
2006-09-28,10.19558013451744,10.226033580252901,10.085950053230128,10.152946472167969,480300,0.0,0.0
2006-09-29,10.152945158452074,10.372205292656062,10.152945158452074,10.226032257080078,365800,0.0,0.0
2006-10-02,10.195581374027157,10.329573066512467,10.03113623210406,10.092041969299316,217400,0.0,0.0
2006-10-03,10.092039273491638,10.201669338822411,10.01895333772446,10.159035682678223,177400,0.0,0.0
2006-10-04,10.24513105189437,10.42961673780697,10.208234149298127,10.398869514465332,253900,0.16,0.0
2006-10-05,10.361974864149982,10.454217727156209,10.282030189394716,10.423470497131348,152900,0.0,0.0
2006-10-06,10.417316846953373,10.454213743509731,10.282026271361401,10.38041877746582,134800,0.0,0.0
2006-10-09,10.343526482872262,10.361975525824246,10.1467413831113,10.300479888916016,197900,0.0,0.0
2006-10-10,10.300474947003773,10.48496059628511,10.202082444329571,10.23897933959961,141500,0.0,0.0
2006-10-11,10.208234097554563,10.730945102232587,10.066794994209737,10.54645824432373,839400,0.0,0.0
2006-10-12,10.589501384080078,10.687893873812012,10.435762972257558,10.491108894348145,825000,0.0,0.0
2006-10-13,10.472663479534832,10.607952891255,10.454214443555653,10.595653533935547,281600,0.0,0.0
2006-10-16,10.601803031941666,10.724794257177894,10.552606776433423,10.583353996276855,252100,0.0,0.0
2006-10-17,10.558758060528524,10.847785958971945,10.558758060528524,10.780141830444336,191400,0.0,0.0
2006-10-18,10.817035110030597,10.878530711394497,10.73094197187976,10.761689186096191,211700,0.0,0.0
2006-10-19,10.767840760073712,10.88468230595141,10.743242046023147,10.810887336730957,153000,0.0,0.0
2006-10-20,10.878536710688053,10.884686391508971,10.706349166497382,10.743246078491211,119400,0.0,0.0
2006-10-23,10.687898789211832,10.835488764617846,10.614104974440362,10.749394416809082,200900,0.0,0.0
2006-10-24,10.724796295166016,10.823188824879619,10.638701951968006,10.724796295166016,164900,0.0,0.0
2006-10-25,10.700199333037315,10.798591878905068,10.614106148635948,10.663302421569824,181200,0.0,0.0
2006-10-26,10.700196238709871,10.810888114033672,10.546457783633777,10.730944633483887,272000,0.0,0.0
2006-10-27,10.706348984139783,10.804741529735226,10.620255799976688,10.712498664855957,301100,0.0,0.0
2006-10-30,10.71249555106269,10.884683042270936,10.650999934707508,10.878533363342285,301400,0.0,0.0
2006-10-31,10.87853534356168,10.884685023609757,10.386571496099386,10.392721176147461,585800,0.0,0.0
2006-11-01,10.361974871229664,10.546460597368165,10.337376148847657,10.44191837310791,563600,0.0,0.0
2006-11-02,10.59565310327467,10.921579021405268,10.589503424864896,10.798587799072266,538900,0.0,0.0
2006-11-03,10.792440793259065,10.896983006251162,10.638702313737246,10.767843246459961,237800,0.0,0.0
2006-11-06,10.786290909147674,10.91543065245131,10.737093475967585,10.872384071350098,169500,0.0,0.0
2006-11-07,10.841636279481902,11.007674106918762,10.761692791974209,10.780141830444336,143100,0.0,0.0
2006-11-08,10.767838857142806,10.90312824171836,10.761689179716956,10.860081672668457,101400,0.0,0.0
2006-11-09,10.872382540256195,10.91542911529541,10.7678403553333,10.91542911529541,148900,0.0,0.0
2006-11-10,10.915429632918729,11.161410911186984,10.823186800184539,11.118364334106445,157000,0.0,0.0
2006-11-13,11.222908773418538,11.333600664058281,11.12451624239021,11.259805679321289,161800,0.0,0.0
2006-11-14,11.27210424454468,11.333599865336428,11.056870158239267,11.321300506591797,209500,0.0,0.0
2006-11-15,11.302852679242333,11.622629003268903,11.272105452018506,11.542685508728027,277800,0.0,0.0
2006-11-16,11.57343343363475,11.745620966090186,11.57343343363475,11.67797565460205,307200,0.0,0.0
2006-11-17,11.776365114204241,11.776365114204241,11.554982542316344,11.714869499206543,357300,0.0,0.0
2006-11-20,11.807113056850755,12.409767480343332,11.807113056850755,11.967000007629395,542700,0.0,0.0
2006-11-21,11.991601087695148,11.997750767466258,11.65952541764417,11.813263893127441,184900,0.0,0.0
2006-11-22,11.837865083564033,11.95470667774477,11.745622213603127,11.800968170166016,205400,0.0,0.0
2006-11-24,11.74561653518998,11.77636375266831,11.684120927302157,11.702569961547852,77900,0.0,0.0
2006-11-27,11.745619840713761,11.745619840713761,11.505787019749159,11.598031044006348,219700,0.0,0.0
2006-11-28,11.56112669391021,11.647220991653809,11.419687653737608,11.591875076293945,167600,0.0,0.0
2006-11-29,11.653373709823827,11.837859360556132,11.530382494048181,11.702569961547852,151000,0.0,0.0
2006-11-30,11.684123434557831,12.219133813177407,11.591880589397606,12.133039474487305,1081900,0.0,0.0
2006-12-01,12.145336901644866,12.256028767404802,11.991598459851891,12.231430053710938,511000,0.0,0.0
2006-12-04,12.237578927926476,12.458962644897841,12.151485781518124,12.440513610839844,491200,0.0,0.0
2006-12-05,12.237581270406128,12.262179987192066,12.028496869451144,12.188385009765625,347500,0.0,0.0
2006-12-06,12.133040890497567,12.133040890497567,11.942405498527101,11.979302406311035,187500,0.0,0.0
2006-12-07,12.003902999890387,12.114594913446227,11.899360767413397,12.010052680969238,197000,0.0,0.0
2006-12-08,11.99159945463668,12.102291329579261,11.95470255396626,12.034646034240723,138000,0.0,0.0
2006-12-11,12.01004545373374,12.096138591166268,11.979297066842818,12.022343635559082,90400,0.0,0.0
2006-12-12,12.022350694334406,12.05924878026777,11.942407187342218,11.997753143310547,189400,0.0,0.0
2006-12-13,12.053095315962846,12.139188476920362,11.807114018276124,11.850160598754883,152900,0.0,0.0
2006-12-14,11.83171229671402,12.046946385412209,11.825562617273338,11.936254501342773,174700,0.0,0.0
2006-12-15,11.979301431902098,12.028497695922852,11.930105167881345,12.028497695922852,232600,0.0,0.0
2006-12-18,12.022345212277312,12.022345212277312,11.573429261174232,11.733317375183105,287200,0.0,0.0
2006-12-19,11.714871374976854,11.819413585332716,11.65337692306404,11.745619773864746,237100,0.0,0.0
2006-12-20,11.727171924884802,11.794817236372937,11.622629703917504,11.67797565460205,226700,0.0,0.0
2006-12-21,11.708722855813042,11.868609838135937,11.653376910804546,11.813263893127441,158300,0.0,0.0
2006-12-22,11.856313773247905,11.911659728160725,11.70257527025267,11.776369094848633,106500,0.0,0.0
2006-12-26,11.74561930614828,11.960853398066854,11.74561930614828,11.948554039001465,90700,0.0,0.0
2006-12-27,11.991601277942825,12.169938475339865,11.954704371662283,12.163788795471191,116500,0.0,0.0
2006-12-28,12.163786582938288,12.206833161257542,11.825561289271745,11.942402839660645,307500,0.0,0.0
2006-12-29,11.942403438770985,11.942403438770985,11.739468721563021,11.850160598754883,252000,0.0,0.0
2007-01-03,11.974180722584379,12.265629697839948,11.91217022682244,12.216021537780762,322100,0.16,0.0
2007-01-04,12.18501753814935,12.309038548397224,12.054796541865889,12.166415214538574,215100,0.0,0.0
2007-01-05,12.154011697010475,12.154011697010475,11.843960384243635,11.8501615524292,226000,0.0,0.0
2007-01-08,11.893571985164652,11.893571985164652,11.645531099798013,11.825360298156738,180800,0.0,0.0
2007-01-09,11.831561069708163,12.042396110858014,11.781952894305388,11.99898910522461,117900,0.0,0.0
2007-01-10,12.029988230620289,12.036189397533565,11.831555620402069,11.862560272216797,128700,0.0,0.0
2007-01-11,11.868767013855038,12.12300906295783,11.788154171622141,12.09820556640625,184700,0.0,0.0
2007-01-12,12.12300314626118,12.588080011454089,12.12300314626118,12.340039253234863,285000,0.0,0.0
2007-01-16,12.358644971784733,12.43305662123022,12.234623979039796,12.284232139587402,142900,0.0,0.0
2007-01-17,12.259426792515466,12.296632611598886,12.15400931948606,12.197416305541992,110700,0.0,0.0
2007-01-18,12.2098211069494,12.216022275175098,12.060996617788367,12.172614097595215,149300,0.0,0.0
2007-01-19,12.185013692357906,12.222219510588694,12.036189236683116,12.135405540466309,184400,0.0,0.0
2007-01-22,12.15401163969385,12.197418634036202,12.054795314696504,12.073397636413574,274100,0.0,0.0
2007-01-23,12.091998176548564,12.767909964114228,12.091998176548564,12.631487846374512,435400,0.0,0.0
2007-01-24,12.767906656693407,12.86712293166688,12.650086886630675,12.81131362915039,230200,0.0,0.0
2007-01-25,12.811317223332725,12.885730041814803,12.519869481677143,12.544672966003418,390300,0.0,0.0
2007-01-26,12.60668657140284,12.65009356678181,12.284232916084893,12.439258575439453,325200,0.0,0.0
2007-01-29,12.420657345532849,12.637692341513446,12.420657345532849,12.56948184967041,253200,0.0,0.0
2007-01-30,12.594280820376289,12.681095970349816,12.495064519907915,12.600481986999512,125300,0.0,0.0
2007-01-31,12.650090163531255,12.674894830075711,12.55707502949274,12.631487846374512,175600,0.0,0.0
2007-02-01,12.69349728787929,13.115167161794464,12.643889136992307,13.071760177612305,217100,0.0,0.0
2007-02-02,13.133775064932857,13.14617740250032,12.873331889776184,12.910537719726562,141900,0.0,0.0
2007-02-05,13.394211827805048,13.648453712463379,13.14617110896173,13.648453712463379,683500,0.0,0.0
2007-02-06,13.698068421864152,13.828289418141432,13.54924391922497,13.68566608428955,549500,0.0,0.0
2007-02-07,13.753880306180797,13.822091992725687,13.580251096226634,13.741477966308594,284500,0.0,0.0
2007-02-08,13.741473575486378,14.039122540797916,13.524437428081436,13.735272407531738,303500,0.0,0.0
2007-02-09,13.815884189013502,13.952306313847188,13.642255062428362,13.7910795211792,228300,0.0,0.0
2007-02-12,13.766281068390187,13.846893902816545,13.580249539883669,13.716672897338867,279800,0.0,0.0
2007-02-13,13.85929782959007,13.85929782959007,13.62985927296322,13.741477966308594,133000,0.0,0.0
2007-02-14,13.784884212336307,13.828291216741205,13.71667371230811,13.75387954711914,153000,0.0,0.0
2007-02-15,13.877893853579137,14.163141627324732,13.642255416790768,14.156940460205078,356300,0.0,0.0
2007-02-16,14.014320175555387,14.206551666557035,13.809686347649905,14.13833999633789,273500,0.0,0.0
2007-02-20,14.169345741971437,14.429788901416169,14.070129412921249,14.373979568481445,210800,0.0,0.0
2007-02-21,14.367773735801505,14.367773735801505,14.06392367888142,14.187943458557129,178900,0.0,0.0
2007-02-22,14.262357071625392,14.262357071625392,13.939903497449995,14.088727951049805,152000,0.0,0.0
2007-02-23,14.38638195394835,14.38638195394835,13.989515453653649,14.256159782409668,159000,0.0,0.0
2007-02-26,14.39258055813131,14.40498289380205,14.187946750571449,14.380179405212402,290600,0.0,0.0
2007-02-27,13.828285068365217,14.20034679930476,12.90433249922886,13.50583267211914,407000,0.0,0.0
2007-02-28,13.952313450415009,14.05152980699778,13.18338609552241,13.245396614074707,355200,0.0,0.0
2007-03-01,13.022157018824728,13.543043394197882,12.910538340851614,13.270197868347168,540900,0.0,0.0
2007-03-02,13.307398598637578,13.32600209875205,12.99114737595281,13.071760177612305,277900,0.0,0.0
2007-03-05,13.028352490283115,13.294996730441582,12.860924546543863,12.879528045654297,251800,0.0,0.0
2007-03-06,12.99114871687384,13.400416299623165,12.84232306609978,13.350808143615723,322800,0.0,0.0
2007-03-07,13.456227992767882,13.505836157511876,13.31980465265794,13.394217491149902,283100,0.0,0.0
2007-03-08,13.530639029176779,13.747675183529449,13.481030866703474,13.642257690429688,274000,0.0,0.0
2007-03-09,13.778678749947671,13.803483420595155,13.567843780451245,13.679462432861328,111400,0.0,0.0
2007-03-12,13.698066135098264,13.766277797619251,13.611252152072872,13.691864967346191,261000,0.0,0.0
2007-03-13,13.69186396581277,13.72906978685186,13.381812697399662,13.524435997009277,195300,0.0,0.0
2007-03-14,13.580248337225793,13.716671682599431,13.400419176622348,13.654661178588867,287800,0.0,0.0
2007-03-15,13.828287451883055,14.367777232147493,13.741473466709037,13.803483963012695,431200,0.0,0.0
2007-03-16,13.797283707580263,13.915103540073957,13.443825392851098,13.468628883361816,246500,0.0,0.0
2007-03-19,13.611254563777084,13.92750589590496,13.549244058020866,13.815888404846191,193000,0.0,0.0
2007-03-20,13.766278451282773,13.766278451282773,13.18958283322674,13.326004981994629,513600,0.0,0.0
2007-03-21,13.450030185780674,13.648462894349224,13.319807981562414,13.487236022949219,454700,0.0,0.0
2007-03-22,13.611253094614392,13.722870573625464,13.549242595551423,13.55544376373291,175400,0.0,0.0
2007-03-23,13.617453756944078,13.636057262413285,13.35081060839716,13.462428092956543,185600,0.0,0.0
2007-03-26,13.443826553060902,14.187949073879462,13.443826553060902,13.815888404846191,492200,0.0,0.0
2007-03-27,13.766280240080413,13.766280240080413,13.450027725124961,13.512038230895996,222800,0.0,0.0
2007-03-28,13.487231001204485,13.487231001204485,13.133772722827,13.170978546142578,165400,0.0,0.0
2007-03-29,13.38181628593472,13.50583729965875,13.084167272299496,13.208187103271484,183800,0.0,0.0
2007-03-30,13.245394327469752,13.332208328804564,12.650095107989731,12.916739463806152,299300,0.0,0.0
2007-04-02,12.991144911873992,13.31359724010285,12.966340249759485,13.18337631225586,348500,0.0,0.0
2007-04-03,13.295845348267052,13.489534484743535,13.270852586543393,13.339581489562988,212400,0.16,0.0
2007-04-04,13.395813795883013,13.395813795883013,12.96469819685992,13.277100563049316,266700,0.0,0.0
2007-04-05,13.527020686135039,13.964384425970296,13.402060468839478,13.914400100708008,1245000,0.0,0.0
2007-04-09,13.87691539427313,14.389256381467334,13.745706945456075,14.30803108215332,419100,0.0,0.0
2007-04-10,14.264291087373424,14.651670521223433,14.264291087373424,14.595438003540039,381000,0.0,0.0
2007-04-11,14.351769393284874,14.714156219666389,14.308033237092069,14.62043571472168,277100,0.0,0.0
2007-04-12,14.595443121932927,14.789132310921504,14.482978047126402,14.714155197143555,305500,0.0,0.0
2007-04-13,14.714154419101261,14.814123104371939,14.58919415837328,14.739147186279297,341900,0.0,0.0
2007-04-16,14.839119333544831,14.97032781667851,14.789134979248045,14.789134979248047,323400,0.0,0.0
2007-04-17,14.957826803737754,14.957826803737754,14.720400319389233,14.751641273498535,300900,0.0,0.0
2007-04-18,14.751646431031945,14.845366942685729,14.501723477660576,14.564204216003418,316000,0.0,0.0
2007-04-19,14.495474431376191,14.726651581393345,14.314280434916611,14.714155197143555,272700,0.0,0.0
2007-04-20,14.989065170288086,14.989065170288086,14.75163989977005,14.989065170288086,337500,0.0,0.0
2007-04-23,15.001565510454192,15.026557086290344,14.701659450095873,14.839116096496582,278800,0.0,0.0
2007-04-24,14.845364063344483,14.851612255138992,14.657921884671413,14.739147186279297,207500,0.0,0.0
2007-04-25,14.714150037120204,14.857856022155755,14.57044524380503,14.595438003540039,222000,0.0,0.0
2007-04-26,14.620430664906063,15.039049888009822,14.5392065731339,14.976569175720215,243400,0.0,0.0
2007-04-27,14.982816346352944,15.251482556707826,14.92658382829167,15.032800674438477,276700,0.0,0.0
2007-04-30,15.114026158513989,15.114026158513989,14.233051619167309,14.276787757873535,220200,0.0,0.0
2007-05-01,14.370505211502891,14.370505211502891,13.964382476478361,14.19555950164795,323500,0.0,0.0
2007-05-02,14.214306852867445,14.457980303280364,13.876911744553817,14.44548511505127,131500,0.0,0.0
2007-05-03,14.501716641465615,14.626678059243748,14.270539567812587,14.276787757873535,101200,0.0,0.0
2007-05-04,14.46423283389489,14.470481025744679,14.314279804662183,14.451736450195312,142400,0.0,0.0
2007-05-07,14.395505340811733,14.55170656443137,14.339272804971003,14.38300895690918,61400,0.0,0.0
2007-05-08,14.339272572061338,14.46423283389489,14.045613513724973,14.451736450195312,93300,0.0,0.0
2007-05-09,14.589192647623893,14.589192647623893,14.308030004589787,14.457983016967773,93800,0.0,0.0
2007-05-10,14.951574575439249,15.320209392340209,14.26428926299406,14.63292407989502,822600,0.0,0.0
2007-05-11,14.745394451020847,14.814122172998022,14.657920963117972,14.776634216308594,225300,0.0,0.0
2007-05-14,14.82662027195008,14.870356425103553,14.65167565933619,14.714155197143555,149600,0.0,0.0
2007-05-15,14.795381203843828,14.795381203843828,14.514218503509973,14.53921127319336,148900,0.0,0.0
2007-05-16,14.564201520050027,14.632930438676961,14.351767764040174,14.451736450195312,166600,0.0,0.0
2007-05-17,14.445485384932446,14.489221523852349,14.326772156635275,14.351763725280762,167600,0.0,0.0
2007-05-18,14.364263736073065,14.489225186046076,14.320527586098724,14.42674446105957,98600,0.0,0.0
2007-05-21,14.476726460158462,14.901593891252084,14.432990317261268,14.532958984375,140200,0.0,0.0
2007-05-22,14.639175374120969,14.639175374120969,14.35176457156738,14.501717567443848,222900,0.0,0.0
2007-05-23,14.58294437990126,14.839114257000247,14.476727514392856,14.514215469360352,106800,0.0,0.0
2007-05-24,14.526708156948402,14.75163821298713,14.189313072890307,14.40174674987793,153500,0.0,0.0
2007-05-25,14.526709691695732,14.564197641089358,14.358012131843784,14.414244651794434,69100,0.0,0.0
2007-05-29,14.432987857894975,14.570444453823768,14.220554178546646,14.52046012878418,130100,0.0,0.0
2007-05-30,14.495474089183967,14.526713857350176,14.076854760464615,14.289288520812988,135900,0.0,0.0
2007-05-31,14.383005780917097,14.501717826615602,13.970634736956876,14.108091354370117,254500,0.0,0.0
2007-06-01,14.245546943643555,14.351763792253442,14.10809033615093,14.295531272888184,264200,0.0,0.0
2007-06-04,14.245546877166536,14.439237194840974,14.233051688703998,14.351763725280762,280400,0.0,0.0
2007-06-05,14.320525281689058,14.358013233960246,14.120587947282033,14.170572280883789,218600,0.0,0.0
2007-06-06,14.170570098369737,14.170570098369737,13.545765428718305,13.614494323730469,516900,0.0,0.0
2007-06-07,13.601997661653872,13.670725363517434,13.352076037331125,13.414555549621582,389100,0.0,0.0
2007-06-08,13.62074638349079,13.901909066008486,13.46454515803002,13.826931953430176,218500,0.0,0.0
2007-06-11,13.901905482754865,13.970634385593192,13.776944057907084,13.79568862915039,143500,0.0,0.0
2007-06-12,13.851921365153101,13.995626171743766,13.689471987029552,13.858169555664062,205400,0.0,0.0
2007-06-13,13.970632615593122,13.989375992741282,13.758198935298319,13.914400100708008,119500,0.0,0.0
2007-06-14,13.98313233683337,14.058109444896594,13.789443162607702,13.94564437866211,103300,0.0,0.0
2007-06-15,14.239300940554044,14.370509367097355,14.045610608437018,14.070603370666504,178400,0.0,0.0
2007-06-18,14.164325063388848,14.176821445577989,13.845674467889337,13.9393949508667,127300,0.0,0.0
2007-06-19,13.833179673991634,13.901908592202597,13.701971221102417,13.895660400390625,122600,0.0,0.0
2007-06-20,14.014374954442074,14.058111109440553,13.589507405792535,13.633243560791016,136400,0.0,0.0
2007-06-21,13.714463465482432,13.75819960324524,13.4333008774067,13.583253860473633,111500,0.0,0.0
2007-06-22,13.745707229527943,13.770699996516667,13.514528901765127,13.739459037780762,238100,0.0,0.0
2007-06-25,13.764456110068275,13.764456110068275,13.29585230794451,13.420812606811523,243000,0.0,0.0
2007-06-26,13.6832220270223,13.6832220270223,13.320835366293283,13.614494323730469,249100,0.0,0.0
2007-06-27,13.595613479614258,13.664849582525148,13.38790276980989,13.595613479614258,115300,0.16,0.0
2007-06-28,13.658556445385022,13.778146624012221,13.538965066221968,13.545259475708008,122600,0.0,0.0
2007-06-29,13.658560035816267,13.809622301583467,13.394200770589624,13.696325302124023,606600,0.0,0.0
2007-07-02,13.83480343602671,14.218754242024387,13.815921396739336,14.155811309814453,215300,0.0,0.0
2007-07-03,14.143215576814324,14.269101379761318,14.023625384604271,14.21245288848877,65600,0.0,0.0
2007-07-05,14.237630763690092,14.256512794067808,13.847385728558509,14.06139087677002,138100,0.0,0.0
2007-07-06,14.036208378824735,14.16209414028596,13.992148722473985,14.017326354980469,128000,0.0,0.0
2007-07-09,14.073978352504215,14.15580327757268,14.004741046306046,14.086565971374512,113300,0.0,0.0
2007-07-10,14.080266138943793,14.237622705894042,13.878848724797797,14.036205291748047,150400,0.0,0.0
2007-07-11,14.036212442760256,14.13062739146014,13.94809310454537,14.055095672607422,112800,0.0,0.0
2007-07-12,14.111745202721377,14.199864547437356,14.0047426267651,14.193570137023926,85400,0.0,0.0
2007-07-13,14.130627397505855,14.199863505903197,14.067684498524317,14.187275886535645,64600,0.0,0.0
2007-07-16,14.25651255935942,14.319455460832918,14.130627956948418,14.21245288848877,118400,0.0,0.0
2007-07-17,14.162095999457922,14.19356684368686,14.048799039376537,14.067682266235352,103200,0.0,0.0
2007-07-18,14.017330012406857,14.017330012406857,13.86626777955932,13.985857963562012,224200,0.0,0.0
2007-07-19,14.048800932803141,14.048800932803141,13.910327518783008,13.973270416259766,64700,0.0,0.0
2007-07-20,13.941796755363649,13.941796755363649,13.406783989470933,13.457138061523438,252200,0.0,0.0
2007-07-23,13.482319120967173,13.583027290641901,13.33125686645508,13.331256866455078,268800,0.0,0.0
2007-07-24,13.324956741678678,13.324956741678678,12.67664712694138,12.727001190185547,320000,0.0,0.0
2007-07-25,12.846598895737925,12.903247394978283,12.343058014197139,12.563356399536133,324600,0.0,0.0
2007-07-26,12.3682317347039,12.387114963804931,11.959104708468727,12.084990501403809,318700,0.0,0.0
2007-07-27,12.066106388314655,12.116460461692464,11.814336021425609,11.996869087219238,290300,0.0,0.0
2007-07-30,12.00945843944698,12.022047258484884,11.707333985752483,11.833218574523926,382100,0.0,0.0
2007-07-31,11.959108249561208,12.00946234153791,11.644394874572754,11.644394874572754,346600,0.0,0.0
2007-08-01,11.64439015512832,12.028340701171564,11.631801337102301,11.870984077453613,187000,0.0,0.0
2007-08-02,11.883573929523221,11.959105651346508,11.694746425768988,11.952811241149902,244400,0.0,0.0
2007-08-03,11.977985893784227,12.047221987602567,11.512210460256412,11.537386894226074,297200,0.0,0.0
2007-08-06,11.839513575408319,12.261229429955225,11.392621282063942,12.217169761657715,396600,0.0,0.0
2007-08-07,12.135343259502214,12.67664922900335,12.028340707298076,12.57594108581543,278500,0.0,0.0
2007-08-08,12.75218442362368,14.105451518217972,12.638887431423361,13.834797859191895,1068300,0.0,0.0
2007-08-09,13.690028560995191,14.697111361911226,13.576731580818443,14.508282661437988,1526200,0.0,0.0
2007-08-10,14.206160214938803,14.325751622304459,13.035426186236192,13.343846321105957,1017400,0.0,0.0
2007-08-13,13.570434530681991,13.696320306506971,12.261227504352282,12.494115829467773,566200,0.0,0.0
2007-08-14,12.538176854642446,12.607414158930805,12.273817657083821,12.525588035583496,262700,0.0,0.0
2007-08-15,12.462648147223282,12.846598817391671,12.387117615720875,12.519296646118164,248300,0.0,0.0
2007-08-16,12.387115182320123,13.048012605548138,12.27381820678711,12.588531494140625,417200,0.0,0.0
2007-08-17,13.155015053285393,13.217957950298759,12.739593613747447,13.010247230529785,319500,0.0,0.0
2007-08-20,13.085777597982348,13.268310659913471,12.739592300366562,13.035422325134277,266500,0.0,0.0
2007-08-21,13.003951550411962,13.211662249889567,12.620000996621078,13.022834777832031,170000,0.0,0.0
2007-08-22,13.123540636913786,13.217954356495927,12.752178966093197,12.903241157531738,147200,0.0,0.0
2007-08-23,13.079484159604991,13.161309082984394,12.512999303378852,12.569647789001465,238700,0.0,0.0
2007-08-24,12.594822233022892,12.815121710068313,12.387111571931054,12.76476764678955,215300,0.0,0.0
2007-08-27,12.752181028453847,12.834005945182106,12.506705077733294,12.620000839233398,147200,0.0,0.0
2007-08-28,12.557062795590873,12.714419466209625,12.437471389770508,12.437471389770508,167000,0.0,0.0
2007-08-29,12.481531065457979,12.6514765578549,12.267525897373586,12.437471389770508,185800,0.0,0.0
2007-08-30,12.267521953521381,12.657766899432996,12.267521953521381,12.349348068237305,171400,0.0,0.0
2007-08-31,12.557064230562895,12.657772415224544,12.399707541962039,12.5130033493042,135900,0.0,0.0
2007-09-04,12.399706207726444,12.531885235671005,12.084992864388576,12.387117385864258,187400,0.0,0.0
2007-09-05,12.35564123595315,12.613707196447931,12.34934802764406,12.494115829467773,167100,0.0,0.0
2007-09-06,12.494118371216626,12.601120942275273,12.36193815965666,12.506707191467285,173300,0.0,0.0
2007-09-07,12.28640528571888,12.43746749818234,12.066105775675428,12.116459846496582,181300,0.0,0.0
2007-09-10,12.229753878286912,12.229753878286912,11.870981059506157,11.877275466918945,274100,0.0,0.0
2007-09-11,11.959105817568016,12.494118686355892,11.959105817568016,12.399704933166504,193700,0.0,0.0
2007-09-12,12.393408047969105,12.651472815402416,12.305287522125115,12.336759567260742,128500,0.0,0.0
2007-09-13,12.42488083491862,12.657769203186035,12.42488083491862,12.657769203186035,186400,0.0,0.0
2007-09-14,12.632590398771494,12.808830261230469,12.336760358732068,12.808830261230469,296200,0.0,0.0
2007-09-17,12.758477155683904,13.098366887028298,12.73959392595635,12.997658729553223,141600,0.0,0.0
2007-09-18,13.048010922337848,13.463432312011719,12.947302779419077,13.463432312011719,165500,0.0,0.0
2007-09-19,13.532673347015104,13.834797859191896,13.526378936277743,13.834797859191895,204200,0.0,0.0
2007-09-20,13.828502330580557,13.94179931362213,13.501201402448897,13.74667739868164,87400,0.0,0.0
2007-09-21,13.878856173449023,14.004741974785077,13.746677162528545,13.803325653076172,176900,0.0,0.0
2007-09-24,13.87886022883615,14.036216926217676,13.5263815628517,13.570441246032715,159900,0.0,0.0
2007-09-25,13.375311660847943,13.43196013568968,13.173895394982054,13.287192344665527,175100,0.0,0.0
2007-09-26,13.431962506030994,13.765559005575996,13.431962506030994,13.545259475708008,157100,0.0,0.0
2007-09-27,13.576732471536966,13.859974940561315,13.576732471536966,13.80962085723877,141400,0.0,0.0
2007-09-28,13.778145356870422,13.834793836499108,13.406783635098247,13.652260780334473,143400,0.0,0.0
2007-10-01,13.595615781455665,13.797032115908394,13.406787067504196,13.75926685333252,134900,0.0,0.0
2007-10-02,13.746676055368223,13.872561846565407,13.721498416914434,13.771852493286133,111400,0.0,0.0
2007-10-03,13.702103099915288,14.114243846627767,13.632355776383575,14.095221519470215,187100,0.16,0.0
2007-10-04,14.031816501232184,14.088882279546134,13.784532268124702,13.981091499328613,96800,0.0,0.0
2007-10-05,14.076202433539718,14.126927437235848,13.885982762644623,13.974752426147461,104000,0.0,0.0
2007-10-08,13.92403102308062,13.936712580730324,13.771855959423881,13.790878295898438,88500,0.0,0.0
2007-10-09,13.90500545501709,14.082542367891746,13.835258119599466,13.90500545501709,115200,0.0,0.0
2007-10-10,13.930367514571602,14.02547795829244,13.816237158989747,13.828917503356934,179400,0.0,0.0
2007-10-11,13.854283102920105,14.107908176578144,13.645042265979754,13.76551342010498,143900,0.0,0.0
2007-10-12,13.765514796688498,14.019141105089505,13.765514796688498,13.860625267028809,75500,0.0,0.0
2007-10-15,13.94305058748705,14.012797931313798,13.88598479878874,13.94939136505127,156100,0.0,0.0
2007-10-16,13.885987990773486,13.885987990773486,13.543594389256958,13.670406341552734,149500,0.0,0.0
2007-10-17,13.638697230899911,13.759169556801687,13.359709132267145,13.57529067993164,131500,0.0,0.0
2007-10-18,13.632359906760993,13.75283226316798,13.499207204453013,13.511887550354004,351300,0.0,0.0
2007-10-19,13.473838247903965,13.543585562306207,12.991950240735783,12.998291015625,225200,0.0,0.0
2007-10-22,12.903186110938488,13.353370393681237,12.776372989652883,13.22021770477295,195600,0.0,0.0
2007-10-23,13.35336594376713,13.46115669812553,12.934884476111975,12.998291015625,129400,0.0,0.0
2007-10-24,12.877823511233554,13.068043200670177,12.72564848531202,12.846120834350586,131200,0.0,0.0
2007-10-25,12.865142806683915,12.928548158678446,12.668582345486254,12.731988906860352,160000,0.0,0.0
2007-10-26,12.801735023419267,12.92854692468405,12.643219239803702,12.877821922302246,103600,0.0,0.0
2007-10-29,12.922207151544287,13.055361048997263,12.59249521515218,12.776372909545898,168500,0.0,0.0
2007-10-30,12.738328468097151,12.915866581123188,12.693944242185506,12.877821922302246,106100,0.0,0.0
2007-10-31,12.903190398220072,13.106090492190047,12.814420700073242,12.814420700073242,125800,0.0,0.0
2007-11-01,12.611516429359535,12.681263767079932,12.224738706841695,12.57347297668457,281800,0.0,0.0
2007-11-02,12.592496431101363,12.592496431101363,11.958433186181933,12.269124031066895,546400,0.0,0.0
2007-11-05,12.116948305955052,12.231079877028348,12.034519411566741,12.1740140914917,251900,0.0,0.0
2007-11-06,12.205715316834352,12.269121872044447,11.939408752455515,12.180352210998535,136800,0.0,0.0
2007-11-07,11.90770595245348,12.09792440667418,11.818936292354975,11.971111297607422,238100,0.0,0.0
2007-11-08,12.07890310466311,12.07890310466311,11.57165304401955,12.002816200256348,179400,0.0,0.0
2007-11-09,11.793579693978245,11.844304718515312,11.635063841127408,11.730173110961914,219100,0.0,0.0
2007-11-12,11.692126851375285,11.831620333178899,11.584336048815318,11.6287202835083,270500,0.0,0.0
2007-11-13,11.761869916270479,12.243758013095027,11.742848797443054,12.186692237854004,264100,0.0,0.0
2007-11-14,12.307160368132765,12.364226123916541,11.869656643583454,11.952085494995117,195600,0.0,0.0
2007-11-15,11.876001458527382,12.002814561059468,11.679442238044087,11.806255340576172,151400,0.0,0.0
2007-11-16,11.837961492006368,11.952093075965273,11.616039102017357,11.692127227783203,203400,0.0,0.0
2007-11-19,11.597017104460551,11.825279045812577,11.349731621374701,11.406797409057617,238800,0.0,0.0
2007-11-20,11.343386801779376,11.71748407244702,11.260959143043092,11.654077529907227,448200,0.0,0.0
2007-11-21,11.565312432709943,11.66676244629147,11.343390074483022,11.463862419128418,174400,0.0,0.0
2007-11-23,11.609695230279604,11.837958337368732,11.514586005452271,11.603354454040527,80400,0.0,0.0
2007-11-26,11.603354800301478,11.704804804395303,11.362411342923503,11.438499450683594,206100,0.0,0.0
2007-11-27,11.476540475726637,11.654077340700654,11.375090493061716,11.546286582946777,192100,0.0,0.0
2007-11-28,11.584338036546928,11.933072405584387,11.476547215491367,11.787238121032715,224400,0.0,0.0
2007-11-29,11.793574181777252,11.907705735986681,11.514586072529694,11.635058403015137,138300,0.0,0.0
2007-11-30,11.755528038597475,11.907703006198135,11.597012296174398,11.742846488952637,269800,0.0,0.0
2007-12-03,11.603359163605035,11.945753963209723,11.565315700108924,11.787238121032715,321600,0.0,0.0
2007-12-04,11.654079605514738,12.009155823225452,11.63505848593056,11.761870384216309,296600,0.0,0.0
2007-12-05,11.983795695253527,11.996477251046597,11.60969826501604,11.660423278808594,332000,0.0,0.0
2007-12-06,11.654077549469713,12.433975968073637,11.641397208443838,12.427635192871094,220900,0.0,0.0
2007-12-07,12.42763672165675,12.535427494601452,12.20571439978479,12.313505172729492,155800,0.0,0.0
2007-12-10,12.28180460757045,12.484704636276323,12.17401381614801,12.31984806060791,209600,0.0,0.0
2007-12-11,12.326189720605782,12.529089763845441,11.895026524031682,11.926729202270508,175700,0.0,0.0
2007-12-12,12.205715051664987,12.491043939221912,11.558970379455571,11.761870384216309,303800,0.0,0.0
2007-12-13,11.565311023322359,11.717486025150091,11.368751797133964,11.552629470825195,185600,0.0,0.0
2007-12-14,11.463862839277908,11.514587847927737,11.286324704313703,11.292665481567383,219000,0.0,0.0
2007-12-17,11.267303417409233,11.451181117562568,11.260962640248142,11.368753433227539,298300,0.0,0.0
2007-12-18,11.400456639198579,11.57165400236134,11.241940830947053,11.53995132446289,346500,0.0,0.0
2007-12-19,11.495568539169422,11.856985681393788,11.425822389796934,11.7935791015625,210500,0.0,0.0
2007-12-20,11.888686506057022,11.99013653415833,11.660423338139212,11.692127227783203,232700,0.0,0.0
2007-12-21,11.850645847703367,12.17401834219383,11.742855016206546,12.053545951843262,727800,0.0,0.0
2007-12-24,11.869663392935589,12.186695012281536,11.869663392935589,12.110608100891113,92200,0.0,0.0
2007-12-26,11.983794969400874,12.193035789794012,11.920388403655753,12.110608100891113,131700,0.0,0.0
2007-12-27,12.01549614134419,12.028176484123613,11.413135716974349,11.47020149230957,162600,0.0,0.0
2007-12-28,11.508248902454657,11.685787065677804,11.508248902454657,11.577996253967285,125500,0.0,0.0
2007-12-31,11.622381284255804,11.812599807584556,11.514590465201543,11.520931243896484,176900,0.0,0.0
2008-01-02,11.578502680683501,11.757616854625509,11.488944373588696,11.71923542022705,345700,0.16,0.0
2008-01-03,11.834381206145768,12.032686711749214,11.514533065439124,11.655265808105469,405000,0.0,0.0
2008-01-04,11.520932335524279,11.559313777973195,11.329022683031587,11.418581008911133,503200,0.0,0.0
2008-01-07,11.514526411435458,11.840771472840904,11.335411116902138,11.757610321044922,524600,0.0,0.0
2008-01-08,11.783207054218186,12.02629113528204,11.348213332196993,11.386594772338867,227100,0.0,0.0
2008-01-09,11.303432079668656,11.488943346107023,11.20108078367707,11.392989158630371,698100,0.0,0.0
2008-01-10,11.322621936798559,11.514530286863538,11.092330940621757,11.44416332244873,252700,0.0,0.0
2008-01-11,11.271448409459524,11.284241407105993,10.631752162433129,10.702117919921875,411100,0.0,0.0
2008-01-14,10.766085484896617,10.862039657393321,10.618955672393438,10.759688377380371,233100,0.0,0.0
2008-01-15,10.561384732321686,10.631751706919344,10.337490811430355,10.510209083557129,205100,0.0,0.0
2008-01-16,10.484619543292489,10.98358298121367,10.484619543292489,10.82365894317627,160200,0.0,0.0
2008-01-17,10.7660860979252,10.977185777487517,10.49741366756193,10.574177742004395,262600,0.0,0.0
2008-01-18,10.561385184820622,10.862041981678473,10.2991098211497,10.702117919921875,305800,0.0,0.0
2008-01-22,10.273519812872053,10.95159860940443,10.273519812872053,10.682926177978516,447000,0.0,0.0
2008-01-23,10.375873847877262,11.719236360888226,10.363080848800129,11.610487937927246,517900,0.0,0.0
2008-01-24,11.73202311903909,11.834374367308666,11.431366479762598,11.757610321044922,357900,0.0,0.0
2008-01-25,11.89195382444943,11.994305130620823,11.309830313053205,11.616884231567383,343600,0.0,0.0
2008-01-28,11.770408422242877,11.898348134925632,11.437766145366538,11.591294288635254,302200,0.0,0.0
2008-01-29,11.604088069189276,11.732027790531209,11.36740117086739,11.508133888244629,194000,0.0,0.0
2008-01-30,11.399381798192252,11.680848361886307,11.111519348614364,11.437763214111328,252400,0.0,0.0
2008-01-31,11.277844904461725,11.84077831537476,11.271449015356561,11.655265808105469,493000,0.0,0.0
2008-02-01,11.71923530054801,11.898350692784659,11.59129678048508,11.789602279663086,428300,0.0,0.0
2008-02-04,11.891954128122718,11.891954128122718,11.706441618372432,11.770411491394043,301800,0.0,0.0
2008-02-05,11.520932335524279,11.693650656730485,11.322626792726815,11.418581008911133,295700,0.0,0.0
2008-02-06,11.61048524946272,11.687249326769921,11.27784294800421,11.329018592834473,185700,0.0,0.0
2008-02-07,11.22027336164845,11.661662917334462,11.22027336164845,11.655265808105469,255400,0.0,0.0
2008-02-08,11.65526526957427,11.776807899061593,11.45056266420011,11.674456596374512,226100,0.0,0.0
2008-02-11,11.62967860415951,11.8023968931616,11.380197444572376,11.700045585632324,100000,0.0,0.0
2008-02-12,11.712837916443192,11.96232028193567,11.668059374466628,11.77680778503418,145500,0.0,0.0
2008-02-13,11.898348627153275,12.167021058803057,11.738424589745632,11.783203125,212500,0.0,0.0
2008-02-14,11.821586961194043,11.93673248681019,11.309830425259861,11.482548713684082,223300,0.0,0.0
2008-02-15,11.405784370433219,11.67445685087474,11.38019715426554,11.578502655029297,128500,0.0,0.0
2008-02-19,11.706438932600832,11.770408790946037,11.392987968845244,11.48894214630127,272700,0.0,0.0
2008-02-20,11.386594252224027,11.738427967846162,11.322625594950845,11.623282432556152,147800,0.0,0.0
2008-02-21,11.732028725441642,11.827982914032756,11.265050779540843,11.367402076721191,229600,0.0,0.0
2008-02-22,11.361005555457266,11.578502378240279,11.188287274990094,11.56570816040039,153500,0.0,0.0
2008-02-25,11.572103541188875,11.700043260234207,11.444163822143542,11.680851936340332,124200,0.0,0.0
2008-02-26,11.578504173543681,11.891955238480422,11.578504173543681,11.8535737991333,128200,0.0,0.0
2008-02-27,11.706441031840834,12.026289160799585,11.43776855471053,11.540121078491211,234900,0.0,0.0
2008-02-28,11.501735871818395,11.64886568565555,11.265048992188797,11.297033309936523,247400,0.0,0.0
2008-02-29,11.213876709345367,11.213876709345367,11.085936959800087,11.105128288269043,154900,0.0,0.0
2008-03-03,11.13710983075355,11.482546336074913,11.085934187756708,11.322622299194336,344900,0.0,0.0
2008-03-04,11.245858001831436,11.610484603475305,11.041155433899688,11.450560569763184,330500,0.0,0.0
2008-03-05,11.456958382271397,11.642470858448078,11.207477264773843,11.514531135559082,367200,0.0,0.0
2008-03-06,11.418581008911133,11.700047767159313,11.271451129420242,11.418581008911133,252600,0.0,0.0
2008-03-07,11.271448996488116,11.706441442216956,11.271448996488116,11.546517372131348,224600,0.0,0.0
2008-03-10,11.488941996219499,11.642470142291858,11.418576251070178,11.450560569763184,289700,0.0,0.0
2008-03-11,11.770408940876985,11.898348659197087,11.70004319391215,11.859967231750488,352400,0.0,0.0
2008-03-12,11.81518434493378,12.122239343500087,11.719230191685734,11.847169876098633,393100,0.0,0.0
2008-03-13,11.725631449349468,12.32054911828904,11.661661584494647,12.2181978225708,394000,0.0,0.0
2008-03-14,13.356852548154295,13.356852548154295,12.25657581756083,12.659584999084473,777400,0.0,0.0
2008-03-17,12.333345492175868,13.363255737969796,12.333345492175868,13.0498046875,684100,0.0,0.0
2008-03-18,13.331268552636335,13.491192598402007,12.793923661253785,13.23531436920166,503900,0.0,0.0
2008-03-19,13.382444390396628,13.408031603621795,12.985832214355469,12.985832214355469,276700,0.0,0.0
2008-03-20,13.369646363831317,13.593540211336821,13.024211152924996,13.171340942382812,617500,0.0,0.0
2008-03-24,13.254504587180117,13.64471965262543,13.241711590703412,13.593544006347656,460800,0.0,0.0
2008-03-25,13.740670500908909,13.843021768615529,13.471998118148194,13.785449028015137,163900,0.0,0.0
2008-03-26,13.926188396477611,13.926188396477611,13.260903675411933,13.523179054260254,256300,0.0,0.0
2008-03-27,13.574355500891132,13.638325377056045,13.254507340190479,13.267301559448242,209700,0.0,0.0
2008-03-28,13.395238677051504,13.465604428881063,13.152153439462365,13.203329086303711,240300,0.0,0.0
2008-03-31,13.766265272180739,14.002952230284945,13.209728929934236,13.273698806762695,512500,0.0,0.0
2008-04-01,13.062594481113853,13.875008825316279,12.65958647279901,13.811038970947266,660000,0.0,0.0
2008-04-02,13.92060201651208,14.436179368176711,13.92060201651208,14.313729286193848,427400,0.16,0.0
2008-04-03,14.313726040417551,14.313726040417551,13.79170393657652,13.907709121704102,339900,0.0,0.0
2008-04-04,13.965715682567518,14.023718291612509,13.765929600986688,13.849710464477539,350800,0.0,0.0
2008-04-07,14.01727613036097,14.030165874692328,13.591924401295607,13.63703727722168,188400,0.0,0.0
2008-04-08,13.585475104918958,13.714370047789577,13.31479670827728,13.45658016204834,410500,0.0,0.0
2008-04-09,13.527475342778446,13.720817797664253,12.992563307291391,12.999008178710938,260800,0.0,0.0
2008-04-10,13.09567910393585,13.09567910393585,12.754109515186423,12.812110900878906,679300,0.0,0.0
2008-04-11,12.676770692859007,12.766996425082178,12.38675765466537,12.438315391540527,445900,0.0,0.0
2008-04-14,12.425418512592532,12.483421081175235,12.03873513178537,12.148295402526855,526200,0.0,0.0
2008-04-15,12.199859120503097,12.373866912055405,12.174079642095414,12.360977172851562,308600,0.0,0.0
2008-04-16,12.43186996099761,12.56720853985642,12.412535351489252,12.522095680236816,341700,0.0,0.0
2008-04-17,12.451205710312685,12.547876317781132,12.28364275039176,12.354535102844238,293600,0.0,0.0
2008-04-18,12.528541733216962,12.812108657385716,12.50920712188272,12.805665016174316,654300,0.0,0.0
2008-04-21,12.728329299302223,13.050565484094683,12.715439556894486,12.908782005310059,451600,0.0,0.0
2008-04-22,12.786333566430008,13.024787685679817,12.754110435472029,12.883004188537598,308200,0.0,0.0
2008-04-23,12.88944422838009,12.979669944624128,12.786328772891704,12.876554489135742,149100,0.0,0.0
2008-04-24,12.895890175031035,13.044118501021057,12.812108092178732,12.889445304870605,313400,0.0,0.0
2008-04-25,12.921664842317725,12.96033405255451,12.741213444811201,12.844328880310059,150000,0.0,0.0
2008-04-28,12.876556010599218,13.050563823258669,12.766995672543269,12.979671478271484,278300,0.0,0.0
2008-04-29,12.870114444460945,13.050567173833123,12.825001569426313,12.883004188537598,139500,0.0,0.0
2008-04-30,12.799220638973491,13.295463390009205,12.799220638973491,13.089232444763184,431400,0.0,0.0
2008-05-01,12.97967308404853,13.72726093177677,12.889447345981376,13.501696586608887,532000,0.0,0.0
2008-05-02,13.533915826455939,13.656365885261533,13.276127199417692,13.353463172912598,296400,0.0,0.0
2008-05-05,13.417912107212617,13.443691587357726,13.07634259992279,13.192346572875977,117700,0.0,0.0
2008-05-06,13.173012115476741,13.334130165516997,13.115009519123594,13.250348091125488,176800,0.0,0.0
2008-05-07,13.185902538547571,13.347020611966188,12.721882929625961,12.805665016174316,167600,0.0,0.0
2008-05-08,12.863662423781959,12.979667597537716,12.573650718625538,12.721879005432129,184300,0.0,0.0
2008-05-09,13.192347211511693,14.848642014017459,13.173013829700212,14.036606788635254,877600,0.0,0.0
2008-05-12,13.997941996419309,14.249287102610758,13.933495731008202,14.075279235839844,296600,0.0,0.0
2008-05-13,14.165500762001928,14.30728545374057,14.023717299496639,14.178390502929688,375800,0.0,0.0
2008-05-14,14.307286172924323,14.468404254920168,14.101053995413576,14.15261173248291,268600,0.0,0.0
2008-05-15,14.120387897988126,14.268616230957294,14.043051910888277,14.178390502929688,331300,0.0,0.0
2008-05-16,14.204174225129496,14.204174225129496,13.823935358882114,14.075279235839844,205600,0.0,0.0
2008-05-19,14.101054527835215,14.184836622007175,13.8948235717711,13.991494178771973,189800,0.0,0.0
2008-05-20,13.959267800773597,14.133275590376831,13.714368904809664,13.978602409362793,312200,0.0,0.0
2008-05-21,13.89482097849226,14.197723714258043,13.71436954023169,13.946378707885742,260600,0.0,0.0
2008-05-22,13.901268202602704,14.204170989667302,13.73370524638756,13.849710464477539,137600,0.0,0.0
2008-05-23,13.7659282785224,13.7659282785224,13.469470390857724,13.695035934448242,135700,0.0,0.0
2008-05-27,13.753038545820942,13.856154012224412,13.385689543104418,13.437247276306152,171600,0.0,0.0
2008-05-28,13.463027519842257,13.643480227358905,13.211683686957302,13.372801780700684,198200,0.0,0.0
2008-05-29,13.282573144192487,13.443691202790715,13.173012815176364,13.295461654663086,121800,0.0,0.0
2008-05-30,13.327685296007408,13.3534635448126,13.07634153129922,13.250348091125488,171500,0.0,0.0
2008-06-02,13.263235497501965,13.269680365878079,12.857218623670446,13.095672607421875,325900,0.0,0.0
2008-06-03,13.08278610131163,13.250349032769437,12.831442318741546,13.06345272064209,229500,0.0,0.0
2008-06-04,13.089232805719783,13.43080358647374,13.0183416846074,13.127902030944824,151800,0.0,0.0
2008-06-05,13.102119780104413,13.366353283831781,13.089230041085232,13.250348091125488,120100,0.0,0.0
2008-06-06,13.134345046901883,13.250350258584012,12.908780723334822,13.018341064453125,227400,0.0,0.0
2008-06-09,13.121456364073923,13.211682092325375,12.870111332292467,12.92811393737793,157900,0.0,0.0
2008-06-10,12.76699574444621,12.870111212699216,12.696104628293108,12.728327751159668,217500,0.0,0.0
2008-06-11,12.754110365116208,12.792778367899206,12.502765273942595,12.683218002319336,268400,0.0,0.0
2008-06-12,12.792775154078004,13.1021215570948,12.72188280909082,12.979671478271484,183700,0.0,0.0
2008-06-13,13.082788292541718,13.347021859303355,13.069899779681085,13.282575607299805,226200,0.0,0.0
2008-06-16,13.282572374872156,13.521026399415776,13.26968263591489,13.385687828063965,127100,0.0,0.0
2008-06-17,13.405024469493322,13.43724882472856,13.10212290568286,13.282575607299805,107900,0.0,0.0
2008-06-18,13.282575930499974,13.32768879969356,12.760552426088072,12.908782005310059,323300,0.0,0.0
2008-06-19,12.97322691021959,13.160124468001921,12.876556310678168,13.011896133422852,258600,0.0,0.0
2008-06-20,12.902337174580113,13.21168361793524,12.657436984998848,12.766997337341309,525400,0.0,0.0
2008-06-23,12.721884436504663,12.760552434519932,12.238530158996582,12.238530158996582,580500,0.0,0.0
2008-06-24,12.167634630074195,12.244971835158848,11.954958852632869,12.01940631866455,359600,0.0,0.0
2008-06-25,12.090913966770376,12.298929488284397,12.019408166298566,12.175419807434082,460100,0.16,0.0
2008-06-26,12.025903911432492,12.058405858488442,11.297848642603054,11.330351829528809,522500,0.0,0.0
2008-06-27,11.349856719418332,11.42786315715751,11.200345723611028,11.32385540008545,517700,0.0,0.0
2008-06-30,11.27185113254212,11.27835177211856,10.894822716200109,10.972827911376953,557000,0.0,0.0
2008-07-01,10.90782334635179,11.141840157828854,10.849318833514987,11.102837562561035,853600,0.0,0.0
2008-07-02,11.044332661802754,11.05733393972542,10.576297815417748,10.59579849243164,391200,0.0,0.0
2008-07-03,10.654306067661825,10.842820932151808,10.517796329820497,10.556798934936523,136400,0.0,0.0
2008-07-07,10.543795585632324,10.628302659994057,10.400785235004294,10.543795585632324,371200,0.0,0.0
2008-07-08,10.504790681332935,10.777811283391808,10.498290043204157,10.706305503845215,350700,0.0,0.0
2008-07-09,10.667302938871446,10.732308080435082,10.413784250630206,10.44628620147705,255000,0.0,0.0
2008-07-10,10.446288776492084,10.81681656290915,10.433287497000546,10.62180233001709,268800,0.0,0.0
2008-07-11,10.459287401960893,10.745309278846003,10.361779690322118,10.634800910949707,327100,0.0,0.0
2008-07-14,10.836315810988921,10.836315810988921,10.355279747209929,10.44628620147705,179400,0.0,0.0
2008-07-15,10.420288213514432,10.914325711209818,10.186270125166526,10.660805702209473,348900,0.0,0.0
2008-07-16,10.64130676717806,11.141843747335756,10.491794497388597,11.122343063354492,250600,0.0,0.0
2008-07-17,11.193844331236978,11.427862388850981,10.842818484686156,11.232848167419434,397400,0.0,0.0
2008-07-18,11.167841996785377,11.206844589546343,10.63480201619526,11.031331062316895,362000,0.0,0.0
2008-07-21,11.050837033036826,11.544874602121759,11.037835750723152,11.213349342346191,237000,0.0,0.0
2008-07-22,11.180841596084393,11.642375720778062,11.024828768717923,11.60987377166748,195800,0.0,0.0
2008-07-23,11.616378291334478,11.93490221056559,11.590375731460773,11.882898330688477,278000,0.0,0.0
2008-07-24,11.817890865885834,12.019405706121947,11.23934766010955,11.37585735321045,211500,0.0,0.0
2008-07-25,11.304356766766334,11.518872983069336,11.12884440060615,11.26535415649414,275700,0.0,0.0
2008-07-28,11.213345585076633,11.271850096014468,10.855819120341074,10.953326225280762,235300,0.0,0.0
2008-07-29,11.031332995119568,11.739886627084998,10.927325236287054,11.713885307312012,262600,0.0,0.0
2008-07-30,11.817894082537144,12.032410258562356,11.18734559553092,11.356358528137207,226400,0.0,0.0
2008-07-31,11.271847789321424,11.525366458258077,10.933822070825983,10.979325294494629,254300,0.0,0.0
2008-08-01,10.498293965146384,10.842820475459723,10.472292642787677,10.667306900024414,310500,0.0,0.0
2008-08-04,10.64130460699264,10.959828526021909,10.51129428744709,10.71930980682373,320600,0.0,0.0
2008-08-05,10.725810609279579,11.265351335787921,10.71930996921679,11.161343574523926,263400,0.0,0.0
2008-08-06,11.135338365523491,11.466863490644368,11.08983513577808,11.297850608825684,298700,0.0,0.0
2008-08-07,11.174343234983343,11.642378092831967,10.465789689154787,11.343356132507324,637600,0.0,0.0
2008-08-08,11.330357180837861,11.999907029428233,11.271852656609719,11.785390853881836,289800,0.0,0.0
2008-08-11,11.759389302843067,12.240425528337425,11.590376373906611,12.181921005249023,294400,0.0,0.0
2008-08-12,12.058411455615722,12.402937957728026,11.954403688915853,12.246926307678223,330900,0.0,0.0
2008-08-13,12.129915454500162,12.532946420369289,11.772388964674962,12.1624174118042,336400,0.0,0.0
2008-08-14,12.064909394872942,12.565447434972379,12.064909394872942,12.467940330505371,273300,0.0,0.0
2008-08-15,12.422442506082582,12.75396779750208,12.422442506082582,12.662960052490234,291300,0.0,0.0
2008-08-18,12.753960717270935,12.818964619216604,12.09741114068606,12.253422737121582,170300,0.0,0.0
2008-08-19,12.168913218553937,12.318425386438706,12.006401016832424,12.142911911010742,225500,0.0,0.0
2008-08-20,12.142915358895253,12.155916636293313,11.590373468178274,11.993404388427734,218700,0.0,0.0
2008-08-21,11.92840126277596,12.064910978979292,11.720385748635497,11.804891586303711,168100,0.0,0.0
2008-08-22,11.837390496340136,12.097411061909408,11.661878226411806,11.947898864746094,163000,0.0,0.0
2008-08-25,11.973905296344087,12.006407257634681,11.62937880326019,11.66838264465332,106800,0.0,0.0
2008-08-26,11.674880396941344,11.824392621435223,11.43436294165454,11.54487133026123,144800,0.0,0.0
2008-08-27,11.395358561308202,11.486365017721154,10.992327666006592,11.200343132019043,481500,0.0,0.0
2008-08-28,11.265349744686342,11.479865876979174,11.265349744686342,11.414860725402832,161700,0.0,0.0
2008-08-29,11.479865479951792,11.544870629279952,11.271849993997755,11.421360969543457,178800,0.0,0.0
2008-09-02,11.629376575419833,11.869895258453234,11.440863004281319,11.642377853393555,249100,0.0,0.0
2008-09-03,11.557872392285093,11.798389843064378,11.440863366556728,11.739885330200195,295900,0.0,0.0
2008-09-04,11.648878706266864,11.720384496565147,11.343356107495342,11.44736385345459,140700,0.0,0.0
2008-09-05,11.375859422748356,11.505869740670734,11.200345865514228,11.388860702514648,219500,0.0,0.0
2008-09-08,11.531867501821484,12.058406771173738,11.531867501821484,12.03890609741211,232900,0.0,0.0
2008-09-09,12.07791497272228,12.597953874936263,11.96740655101799,12.16892147064209,355900,0.0,0.0
2008-09-10,12.246922680403776,12.415935561200687,12.012904654704974,12.103912353515625,228600,0.0,0.0
2008-09-11,11.999902808027649,12.30542660260009,11.785386707945062,12.253422737121582,185800,0.0,0.0
2008-09-12,12.227418676350249,12.480938574175715,12.071407099156778,12.35092830657959,303700,0.0,0.0
2008-09-15,11.830891098083855,12.253422657329006,11.752884680439085,11.947898864746094,174200,0.0,0.0
2008-09-16,11.798389076926762,12.493941307067871,11.45386390117653,12.493941307067871,257500,0.0,0.0
2008-09-17,12.259925232099137,12.532945877178731,11.954401391254033,12.461440086364746,451000,0.0,0.0
2008-09-18,12.415940830800578,12.968482937172721,12.298931768289943,12.545949935913086,1050200,0.0,0.0
2008-09-19,13.234998989867332,13.300002902652485,12.24042350189047,12.597949981689453,959100,0.0,0.0
2008-09-22,12.454941151803931,12.708459914120978,12.422439191460318,12.552448272705078,362700,0.0,0.0
2008-09-23,12.636960387379455,12.747468832387694,12.428944782627662,12.682463645935059,339700,0.0,0.0
2008-09-24,12.675956218936559,12.831967839000592,12.337930422196084,12.461440086364746,401200,0.0,0.0
2008-09-25,12.402931829083343,12.571944676424126,12.30542475096706,12.324925422668457,272300,0.0,0.0
2008-09-26,12.181917786320087,13.091986114074269,12.181917786320087,12.981477737426758,310400,0.0,0.0
2008-09-29,12.74096367481804,12.94247856552789,12.090914520387226,12.181921005249023,265600,0.0,0.0
2008-09-30,12.246924342208132,12.500443077868846,11.908898534747056,12.454939842224121,368400,0.0,0.0
2008-10-01,12.45494330048981,12.940030415839924,11.714202485913543,12.68437671661377,587200,0.16,0.0
2008-10-02,12.586045843925206,12.645043031499174,11.274999453945966,11.35366153717041,316500,0.0,0.0
2008-10-03,11.668311554074387,11.82563821013518,10.90790480112902,11.274998664855957,182200,0.0,0.0
2008-10-06,11.268444658868095,11.412659319165078,10.921016897316,11.170116424560547,449400,0.0,0.0
2008-10-07,11.242222377791762,11.242222377791762,10.717804329678176,10.901350021362305,600500,0.0,0.0
2008-10-08,10.514593095588983,11.517542826438522,9.564083922248285,10.658807754516602,671500,0.0,0.0
2008-10-09,10.547367797768118,10.685027061914951,10.154053649716694,10.285158157348633,510300,0.0,0.0
2008-10-10,9.832847812194736,10.036060275381903,8.00393814413274,9.334650039672852,1258700,0.0,0.0
2008-10-13,9.472307952683424,9.701741270371928,8.974110284371847,9.380535125732422,161900,0.0,0.0
2008-10-14,9.623080246567303,9.754184754322523,9.137992630139577,9.177324295043945,352000,0.0,0.0
2008-10-15,8.967557159999823,9.223210796039158,8.84956278942437,8.915115356445312,248600,0.0,0.0
2008-10-16,8.974111500375413,9.190434711449628,8.61357427394808,9.092105865478516,389000,0.0,0.0
2008-10-17,8.941337205224487,9.01999991888764,8.587354681162463,8.600464820861816,454000,0.0,0.0
2008-10-20,8.725015704568445,8.784012278510112,8.521803199361297,8.679128646850586,627600,0.0,0.0
2008-10-21,8.561134575300457,8.77090183130531,8.489026612181988,8.52180290222168,310900,0.0,0.0
2008-10-22,8.502134952935426,8.61357393218778,8.233370576558181,8.357919692993164,284300,0.0,0.0
2008-10-23,8.377585036362879,8.495579394319787,7.99082630764239,8.207149505615234,347300,0.0,0.0
2008-10-24,7.899053288326177,8.18748317025773,7.492629051208496,7.492629051208496,733300,0.0,0.0
2008-10-27,7.479520614140166,7.499186137731529,6.882994522237806,6.981322765350342,536200,0.0,0.0
2008-10-28,7.086206606083901,7.354971038502684,6.784665886140848,7.328750133514404,414600,0.0,0.0
2008-10-29,7.302527985457633,8.062934725833628,7.217309902463002,7.630289554595947,527600,0.0,0.0
2008-10-30,7.7351724305150675,8.10882038420478,7.7351724305150675,8.017046928405762,267800,0.0,0.0
2008-10-31,7.859722674863316,9.373981475830078,7.7941707328182295,9.373981475830078,573400,0.0,0.0
2008-11-03,9.328094314276688,10.075390945542162,9.328094314276688,9.767294883728027,445500,0.0,0.0
2008-11-04,9.898400083602723,10.331045274315356,9.845958280192441,10.095056533813477,262700,0.0,0.0
2008-11-05,10.06883628433779,10.24582785117919,9.413313074090796,9.491975784301758,284700,0.0,0.0
2008-11-06,9.550970234947975,9.550970234947975,8.515243909717007,8.541464805603027,371100,0.0,0.0
2008-11-07,7.276307336096241,8.423472867678178,7.276307336096241,7.754838943481445,848200,0.0,0.0
2008-11-10,7.944938727064679,8.069488447811453,7.302526483736518,7.3746337890625,311600,0.0,0.0
2008-11-11,7.3156386165558125,7.427077607591445,7.086205877777927,7.125536918640137,313400,0.0,0.0
2008-11-12,7.053429940461608,7.374636165638739,6.961656465344291,6.987877368927002,271900,0.0,0.0
2008-11-13,7.033763135895544,7.9383851626047015,6.9354349129479465,7.931830406188965,240400,0.0,0.0
2008-11-14,7.8007251864069564,7.958051216546431,7.08620548248291,7.08620548248291,231700,0.0,0.0
2008-11-17,7.040318800145021,7.236975879091855,6.797775298667656,6.961656093597412,278000,0.0,0.0
2008-11-18,6.95510201371783,7.217311709782955,6.3847968156231065,6.647006511688232,370700,0.0,0.0
2008-11-19,6.666670588635393,6.78466495751037,6.489679035322927,6.49623441696167,348200,0.0,0.0
2008-11-20,6.312689175162826,6.574898233517746,5.814491339132773,5.8472676277160645,576400,0.0,0.0
2008-11-21,5.939040338731626,6.096365753294624,5.4605080879913075,6.089810371398926,494200,0.0,0.0
2008-11-24,6.168472873424554,6.56834240357772,6.168472873424554,6.3651299476623535,356500,0.0,0.0
2008-11-25,6.437239278999133,6.843663692474365,6.306134730322574,6.843663692474365,366000,0.0,0.0
2008-11-26,6.738779116829007,7.695843126867726,6.54212200857201,7.4860758781433105,262000,0.0,0.0
2008-11-28,7.538515382463184,8.017046928405762,7.538515382463184,8.017046928405762,88400,0.0,0.0
2008-12-01,7.8466134133279875,8.174375035645632,6.856773163891339,6.909214973449707,306800,0.0,0.0
2008-12-02,7.387747454689955,7.69584293737902,7.132093157735063,7.315639495849609,411400,0.0,0.0
2008-12-03,7.118980683333168,7.5844021121106895,6.771553613308006,7.381190299987793,437700,0.0,0.0
2008-12-04,7.2173096903165055,7.761393829080783,7.2173096903165055,7.531960487365723,396800,0.0,0.0
2008-12-05,7.407412703660234,7.715508800115829,6.797775893156873,7.649956226348877,331400,0.0,0.0
2008-12-08,7.826943001220062,8.58079469689381,7.656507525598173,8.226812362670898,356800,0.0,0.0
2008-12-09,8.154706754026247,8.725012377741267,7.90560853639333,8.135041236877441,441300,0.0,0.0
2008-12-10,8.102265487967815,8.416916908700115,7.7745039299975955,7.944940090179443,224800,0.0,0.0
2008-12-11,7.787614388418478,8.141596832203158,7.151756815732014,7.2435302734375,223000,0.0,0.0
2008-12-12,6.876438480322977,7.2959735693857475,6.7715548643462,7.1976447105407715,374200,0.0,0.0
2008-12-15,7.171422646880155,7.964605645886178,7.158312509580886,7.531960487365723,421800,0.0,0.0
2008-12-16,7.57129241237872,7.833501419021165,6.889548369952778,7.36152458190918,533600,0.0,0.0
2008-12-17,7.256641262183154,7.518850904204539,6.84366159175285,7.269752025604248,401200,0.0,0.0
2008-12-18,7.236975837204574,7.341859445327658,6.5290108572181405,6.869882583618164,353200,0.0,0.0
2008-12-19,7.020654953190107,7.5450737469931655,6.5224570678194125,7.164870262145996,1858500,0.0,0.0
2008-12-22,7.223866126071805,7.2894180724484405,6.75188923644402,7.13864803314209,331500,0.0,0.0
2008-12-23,7.11242582561344,7.256640456296039,6.384794790595751,6.7715535163879395,436900,0.0,0.0
2008-12-24,6.699447075577929,6.738778116296267,6.476569094321945,6.515900135040283,186100,0.0,0.0
2008-12-26,6.489679407374091,6.7191127766386405,6.32579860794388,6.52245569229126,119800,0.0,0.0
2008-12-29,6.470011525615513,6.647003024491652,5.991480065967421,6.07014274597168,243400,0.0,0.0
2008-12-30,6.190213857933994,6.597114110110775,6.18354385214305,6.577102184295654,305600,0.16,0.0
2008-12-31,6.537078674816182,7.190786224224131,6.497055465028169,7.0173540115356445,219700,0.0,0.0
2009-01-02,6.984004892436229,7.230813005620623,6.830583254639218,7.0373687744140625,170600,0.0,0.0
2009-01-05,6.930637587117731,7.044035939345206,6.623795099234094,7.0173540115356445,422400,0.0,0.0
2009-01-06,7.05070618276908,7.984574959998719,7.0306948952716,7.831153392791748,325000,0.0,0.0
2009-01-07,7.677734394986125,7.677734394986125,6.9172982809830765,7.064049243927002,335900,0.0,0.0
2009-01-08,6.970661313725779,7.557664458775495,6.803899078296227,7.504300594329834,269000,0.0,0.0
2009-01-09,7.444264476544156,7.657719888126199,6.597112834717438,6.7371931076049805,583300,0.0,0.0
2009-01-12,6.643805989120726,7.037364877909129,6.403668653181652,6.797226905822754,420300,0.0,0.0
2009-01-13,6.697169729244004,6.8706025648097295,6.503725608389092,6.750533580780029,239400,0.0,0.0
2009-01-14,6.590443320428302,6.803898768491594,6.590443320428302,6.703841686248779,438800,0.0,0.0
2009-01-15,6.683831823304443,7.17744797035814,6.6104560202643325,7.050708293914795,273000,0.0,0.0
2009-01-16,7.070718383493368,7.2775031800810845,6.95064938150864,7.270832538604736,284600,0.0,0.0
2009-01-20,7.1240832613814185,7.330868087528571,6.657148469647899,6.697171688079834,292300,0.0,0.0
2009-01-21,6.770546020055301,6.8439218055341255,6.457033497882245,6.717182159423828,334300,0.0,0.0
2009-01-22,6.6371362928169475,6.93063815909169,6.4570334242756475,6.6438069343566895,279500,0.0,0.0
2009-01-23,6.637136469887455,7.124082500774093,6.537079388711489,6.903956413269043,243800,0.0,0.0
2009-01-26,6.870603750226274,7.417583640917104,6.777216675852089,6.984002113342285,263800,0.0,0.0
2009-01-27,6.97733085069178,7.184116269776938,6.870603138704864,6.970660209655762,109200,0.0,0.0
2009-01-28,6.930636482714847,7.597685207806458,6.930636482714847,7.3842291831970215,133300,0.0,0.0
2009-01-29,7.264163306883749,7.310856529896082,7.050707209939972,7.157434940338135,197900,0.0,0.0
2009-01-30,7.184117068325835,7.284174150398557,6.803898756925187,6.850592613220215,171300,0.0,0.0
2009-02-02,6.643807111605161,7.070718639327257,6.497056174552658,6.903956413269043,232400,0.0,0.0
2009-02-03,6.890614849593223,7.057377068869239,6.497055910318242,6.870603561401367,169400,0.0,0.0
2009-02-04,6.777213649277586,7.631035676014488,6.770543010626825,6.897282600402832,194400,0.0,0.0
2009-02-05,6.830580801641987,7.117412041376786,6.68383049697772,7.024024963378906,128400,0.0,0.0
2009-02-06,7.037365819195485,7.544323121244712,6.9439787468767165,7.264162540435791,125200,0.0,0.0
2009-02-09,7.184115263204487,7.317524884495998,7.084057570125413,7.170773983001709,135500,0.0,0.0
2009-02-10,7.084058797221845,7.284173581896502,6.503726366968494,6.610454082489014,164000,0.0,0.0
2009-02-11,6.603782347954183,6.777215175036333,6.497054650102785,6.590441703796387,151600,0.0,0.0
2009-02-12,6.523738368250179,6.683830595191466,6.116838749278941,6.670489311218262,168900,0.0,0.0
2009-02-13,6.617125887363438,6.91729779908679,6.477045577072878,6.697171688079834,186500,0.0,0.0
2009-02-17,6.503724997688062,6.577100127623335,6.270257692030111,6.383656024932861,167300,0.0,0.0
2009-02-18,6.390327507123738,6.510396495705783,6.2702585185416915,6.336963653564453,127800,0.0,0.0
2009-02-19,6.503725296793094,6.510395936952327,6.0167800158197835,6.063473224639893,200600,0.0,0.0
2009-02-20,5.956747078890649,6.096827378000367,5.8433487112233795,5.936735153198242,191000,0.0,0.0
2009-02-23,5.863359313968844,5.983428309469403,5.463129753065211,5.543176174163818,209700,0.0,0.0
2009-02-24,5.589869934016153,5.830007312254187,5.5098241412701405,5.763302803039551,234300,0.0,0.0
2009-02-25,5.830006769878203,5.830006769878203,5.556516844402402,5.669915199279785,291400,0.0,0.0
2009-02-26,5.723277590392451,5.890039759427539,5.603208625120087,5.696595668792725,202000,0.0,0.0
2009-02-27,5.876700133315985,7.410911844925466,5.870029492725297,6.797226905822754,582100,0.0,0.0
2009-03-02,6.703843555175408,7.084061337073766,6.617127096187651,6.730525493621826,369100,0.0,0.0
2009-03-03,6.957320199912209,6.963990205410793,6.637136398526335,6.690500259399414,466800,0.0,0.0
2009-03-04,6.903957014210188,6.9573208803019755,6.690500913695576,6.80389928817749,344500,0.0,0.0
2009-03-05,6.757203839772557,6.757203839772557,6.30361049117723,6.470372676849365,693200,0.0,0.0
2009-03-06,6.63713633723408,6.63713633723408,6.136849669058434,6.323623180389404,318500,0.0,0.0
2009-03-09,6.223566666729202,6.350306323759342,6.043463780617231,6.24357795715332,281800,0.0,0.0
2009-03-10,6.356976430468105,6.750535419876855,6.316953848986092,6.677160263061523,268900,0.0,0.0
2009-03-11,6.663817417274695,6.990671179441734,6.610453563702415,6.810568332672119,299600,0.0,0.0
2009-03-12,6.763877633409296,7.090731517040997,6.643808600178242,7.050708293914795,294800,0.0,0.0
2009-03-13,7.024022046254155,7.190784207326694,6.963987566484494,7.097397804260254,289300,0.0,0.0
2009-03-16,7.130753040313721,7.37089107095405,7.0373665938624415,7.130753040313721,222500,0.0,0.0
2009-03-17,7.084060331003357,7.350880313721653,7.084060331003357,7.344209671020508,162900,0.0,0.0
2009-03-18,7.337536463592389,7.924539457017454,7.330865823222868,7.704413414001465,361000,0.0,0.0
2009-03-19,7.90453159423636,8.111316446038538,7.724428043169088,8.051281929016113,246000,0.0,0.0
2009-03-20,8.1246554552098,8.331440249050127,7.724425878009832,7.791131019592285,293100,0.0,0.0
2009-03-23,7.837825511325457,8.331441603618645,7.57100617390954,8.298089027404785,270700,0.0,0.0
2009-03-24,8.144667836109553,8.498203607181692,8.11798590312576,8.23138427734375,206300,0.0,0.0
2009-03-25,8.218040417114905,8.691645056252698,7.7511064181692415,8.271404266357422,298400,0.0,0.0
2009-03-26,8.438167412887028,8.591588973999023,8.17134813636269,8.591588973999023,252500,0.0,0.0
2009-03-27,8.42482831730449,8.55156733793672,8.324770593086724,8.338111877441406,271800,0.0,0.0
2009-03-30,8.017925262451172,8.111311668461243,7.72442349346963,8.017925262451172,197000,0.0,0.0
2009-03-31,8.037939706692123,8.304759023335645,7.824483617229875,7.904530048370361,340600,0.0,0.0
2009-04-01,7.764448461270905,8.15800672905768,7.617697543364711,8.097972869873047,412100,0.0,0.0
2009-04-02,8.284747638712858,8.931785269345122,8.218042492242446,8.658294677734375,266500,0.0,0.0
2009-04-03,8.751682822255649,8.951797649910302,8.578249929211783,8.825057983398438,552100,0.0,0.0
2009-04-06,8.791702937837803,9.031840264540827,8.564906255655755,8.758350372314453,316300,0.0,0.0
2009-04-07,8.711083492660276,9.116250436316843,8.684072406016178,8.900161743164062,339800,0.16,0.0
2009-04-08,9.021707267601574,9.53491832781708,8.91366296944985,9.298571586608887,481900,0.0,0.0
2009-04-09,9.420124716015893,10.007616295724942,9.345844393522242,9.825291633605957,679200,0.0,0.0
2009-04-13,9.53491954111608,9.879311268293955,9.325583847808279,9.555177688598633,241900,0.0,0.0
2009-04-14,9.474147046151236,9.656472355350616,9.285069448607308,9.453888893127441,141400,0.0,0.0
2009-04-15,9.440380446206007,9.723997086941328,9.406617081733385,9.555177688598633,112600,0.0,0.0
2009-04-16,9.615955242585576,9.886066735643972,9.440382868696878,9.825291633605957,313500,0.0,0.0
2009-04-17,9.8590548582156,10.183187851036108,9.845548994850573,10.135918617248535,157200,0.0,0.0
2009-04-20,9.933337001382329,10.041381352190804,9.453889711673375,9.487653732299805,176400,0.0,0.0
2009-04-21,9.42012259098997,9.751008467448868,9.413369660287973,9.717245101928711,210200,0.0,0.0
2009-04-22,9.609199658639485,10.122410774230957,9.55517750373458,10.122410774230957,261600,0.0,0.0
2009-04-23,10.257468130948837,10.257468130948837,9.892818193329731,10.129165649414062,230600,0.0,0.0
2009-04-24,10.162930026701828,10.372265763629386,9.980604729382634,10.250716209411621,274400,0.0,0.0
2009-04-27,10.102151632742133,10.392521169769834,10.02787133805834,10.169679641723633,322700,0.0,0.0
2009-04-28,10.041380214352047,10.365513874043405,9.960346960427973,10.14942455291748,182300,0.0,0.0
2009-04-29,10.216952288040925,10.527580074339411,10.088649156746422,10.210199356079102,157200,0.0,0.0
2009-04-30,10.237209648268088,10.750420845768412,10.176434553301604,10.183187484741211,224200,0.0,0.0
2009-05-01,10.142668319668076,10.216948612541035,9.967096015792201,10.0211181640625,191100,0.0,0.0
2009-05-04,10.000862747576592,10.14267108646846,9.933334721820472,10.054884910583496,265600,0.0,0.0
2009-05-05,9.973851073597698,10.14942277094318,9.940087062725317,10.1156587600708,177200,0.0,0.0
2009-05-06,10.162928673862927,10.304737004902687,9.66997565872664,9.791525840759277,210000,0.0,0.0
2009-05-07,9.946839832152001,10.21019835693623,9.79152627619885,10.034626007080078,257500,0.0,0.0
2009-05-08,9.953593290265417,10.568095903290669,9.791526794433594,10.129165649414062,245100,0.0,0.0
2009-05-11,9.926579094808703,10.061634465650663,9.602446204788,9.649715423583984,195100,0.0,0.0
2009-05-12,9.649720261771327,9.784775700327529,9.4336315600814,9.663226127624512,314900,0.0,0.0
2009-05-13,9.460638434127336,9.609199028374325,8.79211382803136,8.82587718963623,176500,0.0,0.0
2009-05-14,8.83263168898044,9.048720332822544,8.636801194499794,8.711081504821777,170000,0.0,0.0
2009-05-15,8.684070434430517,8.79211540047205,8.137095893070985,8.380195617675781,189000,0.0,0.0
2009-05-18,8.447722238804102,8.59628283496266,8.28565578263394,8.46798038482666,145100,0.0,0.0
2009-05-19,8.373444030945063,8.711082913547607,8.069569165401786,8.508500099182129,144400,0.0,0.0
2009-05-20,8.50849944028513,8.630048990692623,8.245140900411371,8.278904914855957,296600,0.0,0.0
2009-05-21,8.211373137171542,8.251890064806574,7.96152057474055,8.2316312789917,157700,0.0,0.0
2009-05-22,8.251894767199625,8.33292802465227,8.076322387388018,8.103333473205566,113500,0.0,0.0
2009-05-26,7.995285703125677,8.447721679650156,7.96152169932635,8.373440742492676,214000,0.0,0.0
2009-05-27,8.29240904628177,8.48823953157361,8.022298254153345,8.089825630187988,188100,0.0,0.0
2009-05-28,8.083074168403138,8.184365564791163,7.738682390291866,8.123590469360352,223500,0.0,0.0
2009-05-29,8.130344223828768,8.191119325411412,7.934513698726387,8.157355308532715,201800,0.0,0.0
2009-06-01,8.312670470665854,8.657061678672859,8.211378408550157,8.501748085021973,175900,0.0,0.0
2009-06-02,8.48824136305608,8.508500159833087,8.238388665428586,8.461230278015137,169000,0.0,0.0
2009-06-03,8.373441255045929,8.447722196750277,8.204621869710365,8.299160957336426,125800,0.0,0.0
2009-06-04,8.30591730373277,8.54226415402081,8.272153283978733,8.515253067016602,131900,0.0,0.0
2009-06-05,8.54226193326279,9.068978958905268,8.50849856628143,8.96093463897705,195200,0.0,0.0
2009-06-08,8.866393691331567,8.947426914409101,8.38694663846004,8.913662910461426,210500,0.0,0.0
2009-06-09,8.93392408349638,9.143260463733283,8.859643764829109,9.055474281311035,136800,0.0,0.0
2009-06-10,9.197281650333922,9.622706653339925,9.116248408427298,9.386359214782715,218600,0.0,0.0
2009-06-11,9.379609621386463,9.50791213025424,9.102745160364682,9.123003959655762,126700,0.0,0.0
2009-06-12,9.035216799587875,9.12300298851901,8.832633336207952,8.947430610656738,160000,0.0,0.0
2009-06-15,8.852888997143372,9.298572748711427,8.636800373833935,9.224291801452637,727500,0.0,0.0
2009-06-16,9.183774632760016,9.514660466718125,9.183774632760016,9.237796783447266,202900,0.0,0.0
2009-06-17,9.26480758243777,9.46739096346966,9.055471271772692,9.298571586608887,322800,0.0,0.0
2009-06-18,9.31207975756758,9.561932437346274,9.150013258899513,9.42687702178955,267900,0.0,0.0
2009-06-19,9.507909774780273,9.649718114710739,9.298574052594102,9.507909774780273,280600,0.0,0.0
2009-06-22,9.36610189027604,9.44038220756769,9.19728246043546,9.251304626464844,155700,0.0,0.0
2009-06-23,9.224290362210919,9.339087586431273,8.981190698918004,9.143257141113281,228900,0.0,0.0
2009-06-24,9.279930941004837,9.580606536954738,9.184261314712412,9.252596855163574,196400,0.16,0.0
2009-06-25,9.184262434786152,9.648942602454055,9.102260167261715,9.642108917236328,173900,0.0,0.0
2009-06-26,9.642108917236328,9.970118639030169,9.51910584179772,9.642108917236328,355500,0.0,0.0
2009-06-29,9.751445798555661,10.079454864378958,9.614774702766537,9.826614379882812,275000,0.0,0.0
2009-06-30,9.758277949800684,9.908615750559928,9.6216075180632,9.635274887084961,341300,0.0,0.0
2009-07-01,9.573773696980387,10.175124290223497,9.396101797493454,9.990618705749512,374400,0.0,0.0
2009-07-02,9.799281011676593,9.983785961846166,9.416603088378906,9.416603088378906,228500,0.0,0.0
2009-07-06,9.519103786352597,9.99061688572905,9.49176970307999,9.874446868896484,233200,0.0,0.0
2009-07-07,9.97694999277259,9.98378302469744,9.566938099268425,9.771944046020508,188400,0.0,0.0
2009-07-08,9.778779859002976,9.894949247372955,9.601107956349463,9.751445770263672,178700,0.0,0.0
2009-07-09,9.744610528670904,9.799278697417492,9.566938654396505,9.689942359924316,153000,0.0,0.0
2009-07-10,9.594273375934941,10.011118353234751,9.587439691463793,9.758277893066406,217100,0.0,0.0
2009-07-13,9.833444371709426,10.113618839794627,9.744608453490438,10.045283317565918,201100,0.0,0.0
2009-07-14,10.154623000025113,10.17512405451135,9.901782526626,10.07945442199707,90900,0.0,0.0
2009-07-15,10.154623174162323,10.33229507258021,10.065787224953379,10.325461387634277,200100,0.0,0.0
2009-07-16,10.277624953587111,10.311792720161854,10.072619005834591,10.250290870666504,97800,0.0,0.0
2009-07-17,10.250290070519858,10.270790468186048,9.881279654048978,10.017950057983398,180800,0.0,0.0
2009-07-20,10.079452689488729,10.311792720161854,9.93594859123156,10.250290870666504,108100,0.0,0.0
2009-07-21,10.359627202348928,10.475797217685491,10.113620456063472,10.250290870666504,187500,0.0,0.0
2009-07-22,10.18195738535366,10.468965639592266,10.106788805127769,10.352795600891113,216500,0.0,0.0
2009-07-23,10.270791018793371,10.598800657516156,10.270791018793371,10.530465126037598,262500,0.0,0.0
2009-07-24,10.441630357524906,10.53729998189986,10.277625845764408,10.509965896606445,103900,0.0,0.0
2009-07-27,10.46213115417285,10.550966440429926,10.257125193642407,10.455297470092773,74400,0.0,0.0
2009-07-28,10.441631537395745,10.626137122746842,10.17512433859448,10.421131134033203,238500,0.0,0.0
2009-07-29,10.291294117354227,10.509966818890808,10.14778999404683,10.434798240661621,129300,0.0,0.0
2009-07-30,10.489463779524225,10.940476438929643,10.475796413265446,10.680802345275879,193400,0.0,0.0
2009-07-31,10.632970868068798,10.99514770410938,10.632970868068798,10.783308029174805,300100,0.0,0.0
2009-08-03,10.892643907238254,10.892643907238254,10.57830157695254,10.749139785766602,107200,0.0,0.0
2009-08-04,10.673970316946612,11.275320839947321,10.626135831016827,11.172818183898926,199400,0.0,0.0
2009-08-05,11.056647038784053,11.179650734931412,10.769638848904165,11.001978874206543,184100,0.0,0.0
2009-08-06,11.16598592039027,11.234321467581056,10.585135724356817,10.783308029174805,108700,0.0,0.0
2009-08-07,10.878977304629405,11.165985550612286,10.352795303095439,10.844809532165527,224900,0.0,0.0
2009-08-10,11.172817053022039,11.616996053201367,10.91997597719524,11.070314407348633,213100,0.0,0.0
2009-08-11,11.077148833875496,11.077148833875496,10.667137523739378,10.749139785766602,107400,0.0,0.0
2009-08-12,10.673969105328782,11.104481384916758,10.673969105328782,10.906309127807617,237900,0.0,0.0
2009-08-13,10.926809288635747,10.97464376809512,10.475796620316208,10.59196662902832,105000,0.0,0.0
2009-08-14,10.632970551596145,10.714972814766782,10.195624496323358,10.366462707519531,232200,0.0,0.0
2009-08-17,10.277624953587111,10.448463134764886,10.15462125459641,10.250290870666504,242900,0.0,0.0
2009-08-18,10.28446103250511,10.632971159683242,10.222959168685898,10.42796516418457,107500,0.0,0.0
2009-08-19,10.352795325889348,10.503133134043775,10.332294923044307,10.434798240661621,112700,0.0,0.0
2009-08-20,10.386961499531848,10.65346930227724,10.386961499531848,10.63296890258789,63900,0.0,0.0
2009-08-21,10.742304406286072,10.769638487657959,10.50313070551013,10.66030216217041,185900,0.0,0.0
2009-08-24,10.762803967579737,10.919974760324033,10.516797254359851,10.61929988861084,182500,0.0,0.0
2009-08-25,10.578303214489026,10.94048074246159,10.578303214489026,10.694473266601562,94200,0.0,0.0
2009-08-26,10.68763863034012,10.68763863034012,10.291294036086857,10.414297103881836,91000,0.0,0.0
2009-08-27,10.386961548016309,10.386961548016309,10.079452944456818,10.304959297180176,153600,0.0,0.0
2009-08-28,10.345962265053673,10.414297158252971,10.072620737168323,10.07945442199707,132300,0.0,0.0
2009-08-31,9.976952662338162,10.065787966394605,9.642109243979712,9.717278480529785,142700,0.0,0.0
2009-09-01,9.703607980927934,9.744609428707655,9.355097955735971,9.525936126708984,185000,0.0,0.0
2009-09-02,9.498602606417236,9.498602606417236,9.211594410095937,9.443934440612793,126000,0.0,0.0
2009-09-03,9.519105690131553,9.751445770263672,9.409769335174339,9.751445770263672,178200,0.0,0.0
2009-09-04,9.724107405634694,9.83344437153789,9.614771091427336,9.785609245300293,78200,0.0,0.0
2009-09-08,9.867614237820716,9.93594977914017,9.607940744877242,9.758277893066406,82400,0.0,0.0
2009-09-09,9.724111527514731,10.120456812063965,9.724111527514731,10.004286766052246,100400,0.0,0.0
2009-09-10,10.024782798539325,10.14095279388485,9.847110964281955,10.086284637451172,77100,0.0,0.0
2009-09-11,10.065784275939276,10.236622439360072,9.976949004452832,10.031617164611816,94700,0.0,0.0
2009-09-14,10.045286513178693,10.236625123913665,9.833447499931843,10.120455741882324,65600,0.0,0.0
2009-09-15,10.113621529923325,10.298126446304083,9.976951100808689,10.209290504455566,101200,0.0,0.0
2009-09-16,10.291290937650992,10.66713436436852,10.072617651981904,10.61929988861084,119700,0.0,0.0
2009-09-17,10.578302445219549,10.653471680353098,10.250293370187674,10.311795234680176,113800,0.0,0.0
2009-09-18,10.339127021553795,10.455297039345092,10.209289636165424,10.229790687561035,183400,0.0,0.0
2009-09-21,10.15462344570611,10.15462344570611,9.676276565532426,9.826614379882812,112500,0.0,0.0
2009-09-22,9.867612829377451,9.949615727934606,9.443934228079808,9.601105690002441,261700,0.0,0.0
2009-09-23,9.628440761854534,9.847113442625274,9.607940360956276,9.744610786437988,173500,0.0,0.0
2009-09-24,9.812946966901398,9.812946966901398,9.375601547707804,9.607941627502441,145000,0.0,0.0
2009-09-25,9.614771542839485,9.717274830993276,9.252594822099505,9.293596267700195,138300,0.0,0.0
2009-09-28,9.307265199218975,9.724110178942306,9.279931112871479,9.635274887084961,164800,0.0,0.0
2009-09-29,9.621605923404749,9.77877738262571,9.409766952245263,9.76511001586914,230000,0.0,0.0
2009-09-30,9.80657789427666,10.145212877928978,9.66144880387582,9.813488960266113,236500,0.16,0.0
2009-10-01,9.758201422068037,9.910241573341088,9.619983402308675,9.66144847869873,259200,0.0,0.0
2009-10-02,9.564694875684582,9.606159946357693,9.170773408912954,9.398833274841309,148100,0.0,0.0
2009-10-05,9.467942054020321,9.578516455848083,9.35736765219256,9.502496719360352,90100,0.0,0.0
2009-10-06,9.537050176228753,9.848040806731523,9.495584451259893,9.76511001586914,79400,0.0,0.0
2009-10-07,9.702912086575516,9.910239400290985,9.606159164421536,9.87568473815918,110400,0.0,0.0
2009-10-08,9.965527080112347,10.359448533952339,9.951704950958117,10.262696266174316,170500,0.0,0.0
2009-10-09,10.235053731220464,10.276518804844056,9.785844373128482,10.034637451171875,78300,0.0,0.0
2009-10-12,10.020814946862792,10.083013214054011,9.730556806020733,9.841131210327148,109300,0.0,0.0
2009-10-13,9.78584400817394,9.924062013556961,9.530140533446493,9.841131210327148,87300,0.0,0.0
2009-10-14,9.986257996937749,9.993169060395232,9.543960480863456,9.730554580688477,141900,0.0,0.0
2009-10-15,9.675270657498226,9.8134886779331,9.592339845237303,9.744379997253418,79800,0.0,0.0
2009-10-16,9.682180191589396,9.778932461050056,9.509407528609179,9.67526912689209,74300,0.0,0.0
2009-10-19,9.696001800658475,9.86877446611107,9.61307100033028,9.820398330688477,96700,0.0,0.0
2009-10-20,9.86186270844707,9.917149901086654,9.689090066679535,9.848040580749512,144300,0.0,0.0
2009-10-21,9.848038253365372,10.262692759242402,9.81348360136309,9.924057960510254,445300,0.0,0.0
2009-10-22,9.930973756193982,10.165944710915108,9.737468535454724,10.145212173461914,238500,0.0,0.0
2009-10-23,10.21431852309242,10.276516780350091,9.889506427086216,9.951704025268555,225600,0.0,0.0
2009-10-26,9.965526019692419,10.32489277148244,9.875684166976082,9.937882423400879,264600,0.0,0.0
2009-10-27,9.917150069827274,10.013902329055128,9.772021021910156,9.903327941894531,456400,0.0,0.0
2009-10-28,9.84113115470803,9.951705558389513,9.530140479585,9.557784080505371,297300,0.0,0.0
2009-10-29,9.619983747971862,9.917152995438942,9.543963999141564,9.854954719543457,207900,0.0,0.0
2009-10-30,9.820398358467033,9.820398358467033,8.98417862894808,9.17768383026123,298000,0.0,0.0
2009-11-02,9.198416892901756,9.440298226308354,8.977267435494511,9.163862228393555,133300,0.0,0.0
2009-11-03,9.122393480301197,9.288255024161629,9.025641242586874,9.198413848876953,123000,0.0,0.0
2009-11-04,9.184592849084634,9.668356074140412,9.184592849084634,9.253702163696289,219500,0.0,0.0
2009-11-05,9.357367262663166,9.640714320320463,9.329723663356976,9.530139923095703,111900,0.0,0.0
2009-11-06,9.018732572872663,9.716734245646013,8.852870985008312,9.696001052856445,185700,0.0,0.0
2009-11-09,10.09683439567032,10.27651812705607,10.041547195101694,10.103745460510254,212200,0.0,0.0
2009-11-10,10.0761018266873,10.159032627264203,9.792754759947359,9.86186408996582,127500,0.0,0.0
2009-11-11,9.9793507031914,10.124479795244781,9.834221611138021,9.9586181640625,112900,0.0,0.0
2009-11-12,9.903329718712692,10.269607606667206,9.834220384800314,9.889508247375488,176500,0.0,0.0
2009-11-13,9.882595363151957,10.062279070990707,9.758198848636617,9.951704025268555,107000,0.0,0.0
2009-11-16,10.055369186531973,10.615152249361818,9.785843593159012,10.511488914489746,139000,0.0,0.0
2009-11-17,10.504578197045928,10.71881659769352,10.387092728799738,10.663529396057129,101800,0.0,0.0
2009-11-18,10.663528346066354,11.029806185610537,10.43546849700343,10.981430053710938,151500,0.0,0.0
2009-11-19,10.891587465693977,10.891587465693977,10.400913138040591,10.587507247924805,195900,0.0,0.0
2009-11-20,10.497667394138158,10.628974995609148,10.35944938659668,10.35944938659668,242200,0.0,0.0
2009-11-23,10.470023044170134,10.656617835318805,10.24196318326091,10.36635971069336,183600,0.0,0.0
2009-11-24,10.32489252438114,10.359447183687413,10.096832695665162,10.200496673583984,104000,0.0,0.0
2009-11-25,10.193587831659192,10.241963969786651,10.096834896328824,10.179765701293945,112500,0.0,0.0
2009-11-27,9.861865633333911,10.006994062749325,9.778934160702933,9.799667358398438,61100,0.0,0.0
2009-11-30,9.792752399484142,9.937881430280406,9.364276370246422,9.896415710449219,186900,0.0,0.0
2009-12-01,9.972439072313277,10.200498951968738,9.813487867631178,10.131389617919922,127300,0.0,0.0
2009-12-02,10.11065699973239,10.767193031595438,10.07610233298687,10.400915145874023,200500,0.0,0.0
2009-12-03,10.366358782117764,10.608240750663983,10.152120410627514,10.186675071716309,112600,0.0,0.0
2009-12-04,10.387092572616378,10.622063505575667,10.165943769396069,10.60824203491211,133400,0.0,0.0
2009-12-07,10.608242378346532,10.725727848629687,10.470023712783684,10.628974914550781,75500,0.0,0.0
2009-12-08,10.414735824590457,10.732637548121854,10.311072491317884,10.456201553344727,111600,0.0,0.0
2009-12-09,10.43546803103684,10.82938945108782,10.42164590306822,10.725726127624512,182200,0.0,0.0
2009-12-10,10.739551080039368,10.884680175407828,10.642798130101879,10.815570831298828,232100,0.0,0.0
2009-12-11,10.815568115150532,11.105826232994,10.815568115150532,10.960697174072266,134000,0.0,0.0
2009-12-14,10.981428752083335,11.27168616815212,10.822477587563824,11.209487915039062,112400,0.0,0.0
2009-12-15,11.112739138717258,11.40990837028812,11.029808328317934,11.098917007446289,236900,0.0,0.0
2009-12-16,11.154197789718294,11.368436746566706,11.098910614630046,11.237129211425781,98200,0.0,0.0
2009-12-17,11.140380201850618,11.402994029823931,10.99525050148727,11.299330711364746,105500,0.0,0.0
2009-12-18,11.389173383162694,11.534303102393514,11.022895530037239,11.085094451904297,282000,0.0,0.0
2009-12-21,11.105826642586596,11.250956365936226,11.002163307708758,11.064361572265625,103900,0.0,0.0
2009-12-22,11.057451777379228,11.195670451856856,10.981432033676919,11.04362964630127,118800,0.0,0.0
2009-12-23,11.057449340820312,11.112736534798387,10.884676694869995,11.057449340820312,202200,0.0,0.0
2009-12-24,11.092004198302677,11.161113525643506,11.015984465488078,11.085094451904297,17400,0.0,0.0
2009-12-28,11.05744877899512,11.092002779169235,10.884676141823322,11.029805183410645,125400,0.0,0.0
2009-12-29,11.015984748261717,11.140381936113645,10.974519678053149,11.022895812988281,135600,0.0,0.0
2009-12-30,11.022897455903992,11.1066686045065,10.862336254187664,11.078744888305664,149200,0.16,0.0
2009-12-31,11.064783511403407,11.078745036814022,10.666869718015155,10.680831909179688,159000,0.0,0.0
2010-01-04,10.862336711645288,11.036860111688886,10.799508181108962,11.01591682434082,160000,0.0,0.0
2010-01-05,10.95308550136641,11.183456943185456,10.83441023208609,11.141571044921875,192700,0.0,0.0
2010-01-06,11.099686516410296,11.1694961335465,10.848373093076885,10.953086853027344,137100,0.0,0.0
2010-01-07,10.953087898912528,11.18345939115811,10.659889209903605,11.099687576293945,131700,0.0,0.0
2010-01-08,11.092706517306757,11.092706517306757,10.939125753105882,10.994973182678223,83800,0.0,0.0
2010-01-11,10.994972487074275,11.099686244459162,10.841391732589782,10.939125061035156,125500,0.0,0.0
2010-01-12,10.827428817749023,10.987989980542652,10.764600305089344,10.827428817749023,79200,0.0,0.0
2010-01-13,10.827429564298702,11.071761872233997,10.694791436037612,11.008934020996094,98800,0.0,0.0
2010-01-14,10.946105504004397,11.064781443710093,10.8623343699334,11.008934020996094,75600,0.0,0.0
2010-01-15,11.043836225673576,11.078741025191931,10.729694361515737,10.8344087600708,137900,0.0,0.0
2010-01-19,10.869315205694404,10.876296300233662,10.736677738217622,10.820448875427246,92700,0.0,0.0
2010-01-20,10.76459857325781,10.76459857325781,10.61101786321518,10.645922660827637,181400,0.0,0.0
2010-01-21,10.624981437851789,10.743657365799665,10.338763258361169,10.40857219696045,154600,0.0,0.0
2010-01-22,10.401588625834012,10.534226709361095,10.143294216456649,10.171217918395996,104100,0.0,0.0
2010-01-25,10.282916239061167,10.282916239061167,9.961793889931819,10.136317253112793,101200,0.0,0.0
2010-01-26,10.059526316627137,10.317820808323404,10.05254522247902,10.08745002746582,122000,0.0,0.0
2010-01-27,10.031602835751931,10.150278775975297,9.926889084144864,10.136317253112793,208900,0.0,0.0
2010-01-28,10.150279799763107,10.261974656944203,9.871042656810367,10.15726089477539,270500,0.0,0.0
2010-01-29,10.178201106928917,10.464419277203767,10.16423958596009,10.268953323364258,220300,0.0,0.0
2010-02-01,10.317820298064499,10.604038486444777,10.310839870015375,10.37366771697998,106400,0.0,0.0
2010-02-02,10.387628555297852,10.464418579893659,10.248010026144721,10.387628555297852,116400,0.0,0.0
2010-02-03,10.366687795945701,10.457439356806532,10.143297443604434,10.26197338104248,105300,0.0,0.0
2010-02-04,10.192165902569617,10.192165902569617,9.82217584875956,9.850099563598633,210800,0.0,0.0
2010-02-05,9.87104221152009,9.87104221152009,9.466148039626772,9.74538516998291,130800,0.0,0.0
2010-02-08,9.717460199684401,9.843117224963844,9.619726883827754,9.67557430267334,147700,0.0,0.0
2010-02-09,9.794252751862198,9.940852430455104,9.619729356668445,9.885004997253418,95100,0.0,0.0
2010-02-10,9.843115954190194,9.99669600331107,9.61274521475522,9.989715576171875,122800,0.0,0.0
2010-02-11,9.947832704683904,10.178203514058382,9.78029041891226,10.15726089477539,104700,0.0,0.0
2010-02-12,10.07349141798125,10.07349141798125,9.822177282004155,9.91292953491211,112400,0.0,0.0
2010-02-16,9.996698805821557,10.052546233113556,9.843118713645486,10.03858470916748,46400,0.0,0.0
2010-02-17,9.99670069165315,10.08047184839419,9.794253563090475,9.91292953491211,92100,0.0,0.0
2010-02-18,9.885000581838371,10.04556237988919,9.773305765326645,10.024619102478027,68400,0.0,0.0
2010-02-19,10.024621755333127,10.227068830273401,9.996698043815634,10.20612621307373,94900,0.0,0.0
2010-02-22,10.261971910236015,10.310838896488459,10.073487055631032,10.303857803344727,105100,0.0,0.0
2010-02-23,10.28989726753484,10.387630589962258,10.150278711034096,10.35970687866211,79500,0.0,0.0
2010-02-24,10.366688039251375,10.499325502337244,10.08745025870954,10.136317253112793,121600,0.0,0.0
2010-02-25,9.954813613016144,10.25499336962268,9.891985090591518,10.234050750732422,73300,0.0,0.0
2010-02-26,10.213107059116787,10.32480190247152,9.905945574137485,10.08745002746582,252200,0.0,0.0
2010-03-01,10.164238835064811,10.401590000029904,10.143295556528223,10.36668586730957,136700,0.0,0.0
2010-03-02,10.429514943434835,10.590076769169233,10.317820107665028,10.555171966552734,353400,0.0,0.0
2010-03-03,10.618002466022105,10.750639941892803,10.464421705208247,10.576116561889648,170000,0.0,0.0
2010-03-04,10.624982133054303,10.631962561343357,10.422535066088754,10.569134712219238,129100,0.0,0.0
2010-03-05,10.58309707195773,10.666868209838867,10.471402221449546,10.666868209838867,194400,0.0,0.0
2010-03-08,10.701775350720844,10.757622788153187,10.604042002337257,10.708756446838379,109100,0.0,0.0
2010-03-09,10.659886452703402,10.869313938433251,10.576114659506974,10.750638008117676,101300,0.0,0.0
2010-03-10,10.78554392778051,11.05780061947539,10.736677598150845,11.022895812988281,122000,0.0,0.0
2010-03-11,10.994971832440697,11.071761872233997,10.820448470021004,11.008934020996094,95200,0.0,0.0
2010-03-12,11.04383701848927,11.057799205600402,10.799504735828,10.911199569702148,88300,0.0,0.0
2010-03-15,10.925162801941852,10.93214389659066,10.764601619542287,10.918182373046875,106700,0.0,0.0
2010-03-16,10.932144856097647,11.029878192497435,10.848373710220924,10.987992286682129,82700,0.0,0.0
2010-03-17,11.01591225047245,11.225340376719826,10.946103318892431,11.113645553588867,81200,0.0,0.0
2010-03-18,11.064778644766616,11.253264148062463,10.987987958644474,11.029873847961426,60200,0.0,0.0
2010-03-19,10.932144165039062,11.12761015972867,10.771582978696776,10.932144165039062,165800,0.0,0.0
2010-03-22,10.82044941958913,11.357981742575728,10.792525705781634,11.309115409851074,150500,0.0,0.0
2010-03-23,11.357982661920387,11.518543862871264,11.232325606738724,11.48363971710205,104000,0.0,0.0
2010-03-24,11.46967949452093,11.46967949452093,11.155536802656252,11.18346118927002,116300,0.0,0.0
2010-03-25,11.232326153291053,11.364964310382145,11.127611713626411,11.211382865905762,238900,0.0,0.0
2010-03-26,11.281191501098341,11.413829646534847,11.225344071152618,11.385905265808105,89300,0.0,0.0
2010-03-29,11.441751937099209,11.490618268623125,11.183458090042027,11.378923416137695,192900,0.0,0.0
2010-03-30,11.378921264922097,11.427788918715123,11.120627466696051,11.246284484863281,98500,0.0,0.0
2010-03-31,11.232324799177125,11.448733416704467,11.218362609270143,11.225343704223633,157900,0.0,0.0
2010-04-01,11.323079127814735,11.34402241777506,11.050823015870705,11.18346118927002,120400,0.0,0.0
2010-04-05,11.239306876667069,11.490619659423828,11.17647834810092,11.490619659423828,158000,0.0,0.0
2010-04-06,11.413826266122028,11.476654772641629,11.295150346196932,11.323073387145996,98600,0.0,0.0
2010-04-07,11.294873757388718,11.400630730331553,11.167964851948168,11.266671180725098,120500,0.16,0.0
2010-04-08,11.210266294650879,11.316023257428457,11.111559975361503,11.273720741271973,84900,0.0,0.0
2010-04-09,11.266672764388707,11.49228803031907,11.245521501304367,11.44998550415039,71400,0.0,0.0
2010-04-12,11.499336724766888,11.774306460150996,11.499336724766888,11.598044395446777,146800,0.0,0.0
2010-04-13,11.534591506280634,11.590995320831784,11.421783877178335,11.471137046813965,142900,0.0,0.0
2010-04-14,11.541641491667523,11.901214948400716,11.464085746801612,11.788407325744629,234100,0.0,0.0
2010-04-15,11.739053207316772,11.788406370131437,11.661498813510653,11.767255783081055,133800,0.0,0.0
2010-04-16,11.774311324120559,11.894169631423823,11.71085684703216,11.781360626220703,242300,0.0,0.0
2010-04-19,11.767255318447091,12.049274341090157,11.612143847413824,11.887113571166992,145200,0.0,0.0
2010-04-20,11.950568856449651,12.15503215789795,11.887114403813623,12.15503215789795,57300,0.0,0.0
2010-04-21,12.204386100067143,12.338345658033651,12.028124019238092,12.331295013427734,89800,0.0,0.0
2010-04-22,12.183232800805207,12.50050366885534,12.035171986563688,12.493453025817871,96400,0.0,0.0
2010-04-23,12.479357514233307,12.733174029814506,12.422953694684916,12.676770210266113,114700,0.0,0.0
2010-04-26,12.704973001324568,12.733174239175888,12.45820578245303,12.479357719421387,110900,0.0,0.0
2010-04-27,12.408852425713604,12.514609419458628,11.950571222969746,12.014025688171387,149000,0.0,0.0
2010-04-28,12.063378236396575,12.197336460629467,12.021074365274863,12.162084579467773,62000,0.0,0.0
2010-04-29,12.281942858099828,12.338346674822379,11.880065495855018,12.162084579467773,429400,0.0,0.0
2010-04-30,12.197333823687975,12.317192076407876,11.873012283841645,11.887113571166992,180700,0.0,0.0
2010-05-03,11.915315932807372,12.190285682678223,11.887114700250793,12.190285682678223,70700,0.0,0.0
2010-05-04,11.999921002328817,12.267838733674731,11.858910820711332,12.232586860656738,192800,0.0,0.0
2010-05-05,12.091578969139352,12.387699330801961,11.936468815801037,11.971720695495605,200300,0.0,0.0
2010-05-06,11.915317190151837,12.260790730256122,11.083360570348304,11.457036018371582,248700,0.0,0.0
2010-05-07,11.654448683710903,12.507556466623251,11.612144818198225,11.717903137207031,380000,0.0,0.0
2010-05-10,12.1338810065402,12.444102645534137,11.696751798877475,12.070427894592285,233500,0.0,0.0
2010-05-11,12.056328174725248,12.366549854100267,11.90826730817937,12.274892807006836,248800,0.0,0.0
2010-05-12,12.3453990600307,12.620367537211916,12.324247121488586,12.408853530883789,147100,0.0,0.0
2010-05-13,12.338347554090298,12.430003258506206,11.858914405396227,11.92941951751709,170100,0.0,0.0
2010-05-14,11.809556728429545,11.858909884668314,11.386527561740225,11.506385803222656,142000,0.0,0.0
2010-05-17,11.583945010960484,11.739055169269166,11.252572086598253,11.619196891784668,178100,0.0,0.0
2010-05-18,11.746105396216953,11.908266193872015,11.287824237952513,11.330126762390137,113900,0.0,0.0
2010-05-19,11.266672128074218,11.407682333703308,10.907097986402215,10.970552444458008,162400,0.0,0.0
2010-05-20,10.695585172821563,10.716736438315404,10.279606474585252,10.462919235229492,240200,0.0,0.0
2010-05-21,10.251403405085163,10.575725686362405,10.166797680280649,10.56867504119873,243200,0.0,0.0
2010-05-24,10.526370018292317,10.660328882696463,10.265502260589024,10.286653518676758,133800,0.0,0.0
2010-05-25,10.082189341000092,10.378309637220342,9.934129192889966,10.357157707214355,158500,0.0,0.0
2010-05-26,10.399462748140992,10.63212864057967,10.202049406275005,10.23025131225586,115200,0.0,0.0
2010-05-27,10.484067319944096,10.625076834432928,10.364209064531988,10.610976219177246,94900,0.0,0.0
2010-05-28,10.582773510686547,10.681479827121702,10.336006374825955,10.434713363647461,106800,0.0,0.0
2010-06-01,10.32190965282575,10.575726855293619,9.9905366897583,9.9905366897583,128700,0.0,0.0
2010-06-02,10.053988239924623,10.385360434412254,10.053988239924623,10.364209175109863,144500,0.0,0.0
2010-06-03,10.477018733667476,10.477018733667476,10.251403466177566,10.399463653564453,155200,0.0,0.0
2010-06-04,10.216151190402217,10.265505035797899,10.032838444387519,10.089242935180664,316800,0.0,0.0
2010-06-07,10.110393542962521,10.441766458889665,10.110393542962521,10.145646095275879,226800,0.0,0.0
2010-06-08,10.202048307391125,10.286654016220634,9.870675443519078,9.997584342956543,189700,0.0,0.0
2010-06-09,10.096291144928372,10.13154369337246,9.757868293592564,9.877726554870605,373100,0.0,0.0
2010-06-10,10.046938396819705,10.138594757617419,9.94118141949198,10.13154411315918,194200,0.0,0.0
2010-06-11,10.011685379937855,10.251401901245117,10.011685379937855,10.251401901245117,87900,0.0,0.0
2010-06-14,10.31485907251205,10.39946480720632,10.152697576724746,10.187950134277344,84700,0.0,0.0
2010-06-15,10.413564839095026,10.822492843495215,10.37126164067346,10.773138999938965,173900,0.0,0.0
2010-06-16,10.737888862694696,10.780192070634554,10.568677375708624,10.65328311920166,92000,0.0,0.0
2010-06-17,10.674432545979606,10.836593348062458,10.491119808713888,10.815442085266113,167200,0.0,0.0
2010-06-18,10.857745624671907,11.055159670492547,10.801341803690747,10.977603912353516,201400,0.0,0.0
2010-06-21,11.132714039541547,11.146815330072315,10.766089226766637,10.907098770141602,121300,0.0,0.0
2010-06-22,10.907096560781708,11.005802884956793,10.582774340521274,10.646228790283203,142300,0.0,0.0
2010-06-23,10.667608123908746,10.788750018537337,10.596347946037541,10.631978034973145,120600,0.16,0.0
2010-06-24,10.56071656131226,10.667606815003733,10.389692970910707,10.46807861328125,91300,0.0,0.0
2010-06-25,10.489456108139573,10.624849601539138,10.33268415821328,10.546463966369629,283000,0.0,0.0
2010-06-28,10.510837023788993,10.567844899042546,10.254301585148008,10.297057151794434,87800,0.0,0.0
2010-06-29,10.104653300885344,10.133157231624043,9.66284203464183,9.78398323059082,99600,0.0,0.0
2010-06-30,9.79823561021428,9.876621250444558,9.534574078980809,9.577329635620117,167700,0.0,0.0
2010-07-01,9.641465827517573,9.684222073399928,9.27091464141621,9.4063081741333,161200,0.0,0.0
2010-07-02,9.484691765264145,9.555951248317532,9.121266159053858,9.292289733886719,159800,0.0,0.0
2010-07-06,9.470440518740075,9.577330095053256,8.943117430976974,9.085637092590332,124200,0.0,0.0
2010-07-07,9.092766125152425,9.456191887050167,9.08563996991814,9.420561790466309,97300,0.0,0.0
2010-07-08,9.527448888339626,9.527448888339626,9.19965330946208,9.356425285339355,87300,0.0,0.0
2010-07-09,9.363552873598122,9.477568626403809,9.320796626502243,9.477568626403809,94000,0.0,0.0
2010-07-12,9.484693507221072,9.712724982211768,9.441937265866615,9.634339332580566,113300,0.0,0.0
2010-07-13,9.741227742318777,10.047645509590616,9.698471506118418,10.026267051696777,111500,0.0,0.0
2010-07-14,10.00489022074247,10.040520307685323,9.855244399252388,9.955008506774902,49300,0.0,0.0
2010-07-15,9.990639931983846,9.997765406656981,9.698473723586105,9.962135314941406,55100,0.0,0.0
2010-07-16,9.86949729331072,9.890875074913914,9.513197761849502,9.548827171325684,120200,0.0,0.0
2010-07-19,9.570205957831657,9.73410342167314,9.527449713584453,9.712725639343262,88600,0.0,0.0
2010-07-20,9.584457132528495,9.862371008012227,9.434811304127626,9.833867073059082,75100,0.0,0.0
2010-07-21,9.94075495576397,9.94075495576397,9.570203864871633,9.584455490112305,64700,0.0,0.0
2010-07-22,9.705598981836728,10.16166261860037,9.705598981836728,10.133158683776855,79300,0.0,0.0
2010-07-23,10.111779910534098,10.567843533206252,10.090402129973848,10.361189842224121,93900,0.0,0.0
2010-07-26,10.361193412799507,10.574973330834975,10.311311681106693,10.553595542907715,97900,0.0,0.0
2010-07-27,10.65335397508697,10.75311807094513,10.411070227708084,10.425322532653809,92300,0.0,0.0
2010-07-28,10.318436877614374,10.503712846861275,10.268555147273903,10.389697074890137,67100,0.0,0.0
2010-07-29,10.489459067892694,10.503710696677874,10.026269239593656,10.411072731018066,93600,0.0,0.0
2010-07-30,10.254301071166992,10.46095477849979,10.154536954680058,10.254301071166992,66200,0.0,0.0
2010-08-02,10.432450273081878,10.646229443109297,10.41107181240921,10.582096099853516,70300,0.0,0.0
2010-08-03,10.567843391139242,10.567843391139242,10.254300121983533,10.325559616088867,47500,0.0,0.0
2010-08-04,10.354063457992183,10.560717144366858,10.304181744601273,10.53221321105957,53400,0.0,0.0
2010-08-05,10.432448685126671,10.49658201862052,10.261424423714496,10.425322532653809,71900,0.0,0.0
2010-08-06,10.232921662123289,10.389693636494835,10.06189806076563,10.325559616088867,86000,0.0,0.0
2010-08-09,10.403947193121404,10.667608780124057,10.332687010866648,10.639104843139648,59600,0.0,0.0
2010-08-10,10.482331590460412,10.482331590460412,10.111779774598102,10.325559616088867,83700,0.0,0.0
2010-08-11,10.019143773438904,10.111781059589317,9.691348156053882,9.705599784851074,161000,0.0,0.0
2010-08-12,9.570207074166728,9.719852927106501,9.555954764559356,9.598711013793945,86000,0.0,0.0
2010-08-13,10.304181820346844,10.860008863718491,10.268551733553975,10.475205421447754,250300,0.0,0.0
2010-08-16,10.446699874673392,10.589219520248534,10.418195945558363,10.546463966369629,123300,0.0,0.0
2010-08-17,10.710364312345707,10.98827820676604,10.674734221329643,10.788750648498535,272100,0.0,0.0
2010-08-18,10.831506515062605,11.002530141187611,10.681860672306353,10.781624794006348,211000,0.0,0.0
2010-08-19,10.817254342800723,10.9170177799034,10.525088826278692,10.56784439086914,127200,0.0,0.0
2010-08-20,10.496582161129696,10.817252230889107,10.097527131453806,10.760244369506836,295000,0.0,0.0
2010-08-23,10.838632669381349,10.945522265812608,10.603475013562596,10.781624794006348,169600,0.0,0.0
2010-08-24,10.65335397508697,10.724614140640984,10.403944754822525,10.425322532653809,271000,0.0,0.0
2010-08-25,10.375445724476096,10.624855062527788,10.282807737341138,10.553595542907715,215000,0.0,0.0
2010-08-26,10.567844474219182,10.724616464658014,10.482332664776395,10.510836601257324,124300,0.0,0.0
2010-08-27,10.610600986118927,10.696112797716589,10.375443334328486,10.653356552124023,161200,0.0,0.0
2010-08-30,10.639104295775711,10.788750127141702,10.475206156857041,10.496583938598633,213500,0.0,0.0
2010-08-31,10.439578805230608,10.724618914746056,10.32556303325947,10.389697074890137,214700,0.0,0.0
2010-09-01,10.58921939326919,10.824376975545128,10.446699749403054,10.810125350952148,271500,0.0,0.0
2010-09-02,10.79587563375619,11.08091566937904,10.717489980743306,11.059537887573242,115200,0.0,0.0
2010-09-03,11.244813021419713,11.365954916470466,11.116545652226947,11.337450981140137,150700,0.0,0.0
2010-09-07,11.308948960332566,11.501350386487589,11.202059354645057,11.266193389892578,159700,0.0,0.0
2010-09-08,11.330321736535764,11.401581895215758,11.159298171208466,11.287566184997559,70800,0.0,0.0
2010-09-09,11.408712340651133,11.472846371682417,11.173554679928094,11.31607437133789,99600,0.0,0.0
2010-09-10,11.32319774616862,11.515599112443981,11.237685952314314,11.330323219299316,89000,0.0,0.0
2010-09-13,11.479973925218692,11.871902954463307,11.422966041707198,11.750761032104492,160500,0.0,0.0
2010-09-14,11.693750381469727,11.743632097841743,11.59398694872569,11.693750381469727,157000,0.0,0.0
2010-09-15,11.65812083661478,11.822018291121022,11.615363915215468,11.729379653930664,114600,0.0,0.0
2010-09-16,11.672371622092493,11.750757951058603,11.529852630269785,11.700876235961914,99500,0.0,0.0
2010-09-17,11.779263989166651,12.27095640529183,11.544106333010056,12.14268970489502,213600,0.0,0.0
2010-09-20,12.235324428733373,12.470482035609303,12.092804090370823,12.278079986572266,206100,0.0,0.0
2010-09-21,12.270953454115148,12.342213621091874,12.028669701899055,12.121308326721191,152100,0.0,0.0
2010-09-22,12.035797098211546,12.249577621232353,11.886151955354281,12.11418342590332,118100,0.0,0.0
2010-09-23,12.042924201996085,12.1996968697522,11.750758687400445,11.793514251708984,185400,0.0,0.0
2010-09-24,11.993041403898989,12.192569617997773,11.950285843440236,12.149812698364258,230100,0.0,0.0
2010-09-27,12.092806055929554,12.221074109469539,12.042924337147316,12.0785551071167,192300,0.0,0.0
2010-09-28,12.171189736678608,12.206819139703864,11.957410600177859,12.128434181213379,219600,0.0,0.0
2010-09-29,12.15001352246459,12.51688799856268,11.97736695231366,12.459339141845703,117900,0.16,0.0
2010-09-30,12.596017665013276,12.653566519326771,12.380208432282984,12.430564880371094,155500,0.0,0.0
2010-10-01,12.567245494227418,12.59602061415783,12.430567790777676,12.55285930633545,56800,0.0,0.0
2010-10-04,12.545668656740173,12.545668656740173,12.193181582079701,12.466538429260254,125700,0.0,0.0
2010-10-05,12.631990032440253,12.941315757618186,12.610410061336127,12.768669128417969,172800,0.0,0.0
2010-10-06,12.725506258479657,12.797442688204088,12.596020959390339,12.711118698120117,131100,0.0,0.0
2010-10-07,12.811829093126025,12.811829093126025,12.588827392075496,12.703925132751465,58700,0.0,0.0
2010-10-08,12.747085153974705,13.358542697053721,12.70392384860241,13.257832527160645,116000,0.0,0.0
2010-10-11,13.257834531652609,13.315383404874376,13.070800350663522,13.085187911987305,65600,0.0,0.0
2010-10-12,13.020444437094305,13.29380122464274,12.898152917700019,13.250639915466309,77300,0.0,0.0
2010-10-13,13.308186564229834,13.41609050520087,13.135539984261564,13.214670181274414,94300,0.0,0.0
2010-10-14,13.236251188437917,13.322575171255668,13.106765900247872,13.257832527160645,116200,0.0,0.0
2010-10-15,13.372932403934135,13.430481277697432,12.9485089454023,13.049219131469727,161300,0.0,0.0
2010-10-18,13.049223246952154,13.113965921863672,12.962900595119338,13.070804595947266,88500,0.0,0.0
2010-10-19,12.869376835668982,13.17870250115569,12.747085325408499,12.833409309387207,97700,0.0,0.0
2010-10-20,12.912544902401699,13.07080400498918,12.84780223041733,12.890963554382324,89300,0.0,0.0
2010-10-21,12.948505523758138,13.034829497628653,12.631986115663606,12.898150444030762,86100,0.0,0.0
2010-10-22,12.934125247738788,12.962900379253085,12.826221248707744,12.955706596374512,50000,0.0,0.0
2010-10-25,13.02764135292091,13.092384018305085,12.898156022152559,12.948511123657227,65000,0.0,0.0
2010-10-26,12.84780273047337,13.099578273463454,12.768672490062883,12.919737815856934,77600,0.0,0.0
2010-10-27,12.804635047912598,12.912540378128027,12.567245791170537,12.804635047912598,76000,0.0,0.0
2010-10-28,12.890960570287122,13.006058322265927,12.639183723305948,12.739893913269043,95800,0.0,0.0
2010-10-29,12.682343586100286,12.962895525010675,12.653569837434741,12.912540435791016,112600,0.0,0.0
2010-11-01,12.991670449982507,13.056413105433577,12.775862513194541,12.90534782409668,121900,0.0,0.0
2010-11-02,13.063609805303852,13.322580484974548,12.905350707768264,13.272225379943848,121600,0.0,0.0
2010-11-03,13.293802362385435,13.308189924033357,12.941315334451737,13.121155738830566,113900,0.0,0.0
2010-11-04,13.351348653995238,13.682255647514259,13.257832265521918,13.653480529785156,135700,0.0,0.0
2010-11-05,13.516806161919204,13.516806161919204,12.624796501906914,13.207480430603027,170600,0.0,0.0
2010-11-08,13.157122317330765,13.552770588201044,13.113959640016326,13.351348876953125,130500,0.0,0.0
2010-11-09,13.408900476576504,13.581547104832929,13.315384067465146,13.40170669555664,92900,0.0,0.0
2010-11-10,13.380127597453972,13.75419600244949,13.257836056285187,13.682259559631348,139500,0.0,0.0
2010-11-11,13.646290111778189,13.926842090451437,13.595935015421661,13.869293212890625,74300,0.0,0.0
2010-11-12,13.73261243366882,13.811742645159166,13.559965822113492,13.660676002502441,105500,0.0,0.0
2010-11-15,13.696645389402917,13.818935543023285,13.50241742999407,13.552772521972656,139600,0.0,0.0
2010-11-16,13.502417510250398,13.675064128948886,13.408899734242867,13.59593391418457,136000,0.0,0.0
2010-11-17,13.653481150788872,13.797354001831916,13.595932284786294,13.696643829345703,69700,0.0,0.0
2010-11-18,13.76138588064071,14.200196866251742,13.732612132050116,13.840516090393066,166900,0.0,0.0
2010-11-19,13.746998435999735,13.898063689458871,13.703835758948713,13.818933486938477,88400,0.0,0.0
2010-11-22,13.804547427231956,13.962806461658277,13.567158189555894,13.76857852935791,116700,0.0,0.0
2010-11-23,13.610324410800656,13.660679513938756,13.466451511485806,13.639098167419434,95800,0.0,0.0
2010-11-24,13.7613885329256,14.013165398967244,13.7613885329256,13.970004081726074,138600,0.0,0.0
2010-11-26,13.912450692139693,14.04193597396856,13.782965410310826,13.883675575256348,32800,0.0,0.0
2010-11-29,13.811743622487521,14.034745340017075,13.581546752051564,13.99877643585205,92800,0.0,0.0
2010-11-30,13.862094947326936,14.135451684292084,13.739803450562075,13.984386444091797,144500,0.0,0.0
2010-12-01,14.200197219848633,14.329682521913773,14.092293258818785,14.200197219848633,117300,0.0,0.0
2010-12-02,14.243356945520919,14.459166215648905,14.185808081234754,14.43758487701416,100100,0.0,0.0
2010-12-03,14.322486000519122,14.797264435845598,14.257743361877054,14.739715576171875,97900,0.0,0.0
2010-12-06,14.703754582854653,14.862013674216763,14.595850594558957,14.775691032409668,102200,0.0,0.0
2010-12-07,14.890784863612923,14.948333733618044,14.696556912818156,14.746912002563477,117700,0.0,0.0
2010-12-08,14.797264874404059,14.905168817981194,14.689360930826922,14.710942268371582,111000,0.0,0.0
2010-12-09,14.790070533752441,14.869200729672457,14.689360373180081,14.790070533752441,147200,0.0,0.0
2010-12-10,14.847621573029265,14.919558000603276,14.50952214712662,14.905170440673828,203900,0.0,0.0
2010-12-13,14.905166981212417,15.005878505270369,14.732520418349678,14.754101753234863,106400,0.0,0.0
2010-12-14,14.818847825243601,15.041849515857125,14.76129895759904,14.905170440673828,65900,0.0,0.0
2010-12-15,14.854815957581298,15.092205217785954,14.854815957581298,14.962719917297363,90100,0.0,0.0
2010-12-16,14.977102755176952,15.272040792367441,14.933941459314964,15.25765323638916,114700,0.0,0.0
2010-12-17,15.27923974602189,15.27923974602189,14.84762252497811,15.106593132019043,348800,0.0,0.0
2010-12-20,15.12816917910657,15.797174059717978,15.12816917910657,15.638915061950684,125000,0.0,0.0
2010-12-21,15.754015431088654,15.789984326719491,15.617336371837617,15.646111488342285,87100,0.0,0.0
2010-12-22,15.69647126354037,15.718052607371892,15.423114435375187,15.617341041564941,53000,0.0,0.0
2010-12-23,15.646114347819559,15.667695689142258,15.43030642288586,15.444692611694336,54000,0.0,0.0
2010-12-27,15.401530398734712,15.61014590307789,15.236077574507997,15.566983222961426,45200,0.0,0.0
2010-12-28,15.581370783000247,15.674888551179343,15.444691706777931,15.566983222961426,69000,0.0,0.0
2010-12-29,15.64611204237942,15.660499601141227,15.451884115314403,15.581369400024414,63400,0.0,0.0
2010-12-30,15.63210181931499,15.791539998780058,15.530642164952944,15.53788948059082,57700,0.16,0.0
2010-12-31,15.530641248523496,15.646595527319088,15.327720569489191,15.378450393676758,64100,0.0,0.0
2011-01-03,15.248005963842374,15.668340655423654,14.972613459053486,15.392948150634766,126300,0.0,0.0
2011-01-04,15.458169617568286,15.458169617568286,14.805926447912874,14.950868606567383,118000,0.0,0.0
2011-01-05,14.91463148399587,15.320471410950596,14.769687961798674,15.298730850219727,78000,0.0,0.0
2011-01-06,15.334971503232259,15.392948656310695,14.929131431683205,15.14654541015625,97300,0.0,0.0
2011-01-07,15.197273839135104,15.255250986845194,14.697221458492171,15.037837028503418,83900,0.0,0.0
2011-01-10,15.016093633914338,15.617607001845725,14.878398785288624,15.501652717590332,166000,0.0,0.0
2011-01-11,15.559630921667624,15.668339280075024,15.40744143155198,15.58862018585205,88200,0.0,0.0
2011-01-12,15.748053550720215,15.82777262752283,15.58136946493647,15.748053550720215,84800,0.0,0.0
2011-01-13,15.704571113626814,15.806030751968184,15.603111475285443,15.6973237991333,91000,0.0,0.0
2011-01-14,15.69007995518719,15.827776196453668,15.58862029440358,15.733562469482422,70200,0.0,0.0
2011-01-18,15.675580355783993,15.76979405290121,15.494401657633405,15.639345169067383,84100,0.0,0.0
2011-01-19,15.61036643562102,15.646601643552415,15.074075958701208,15.088570594787598,105100,0.0,0.0
2011-01-20,15.066823575732318,15.153788590468501,14.842160959381877,14.965362548828125,134600,0.0,0.0
2011-01-21,15.059578387712305,15.132048782799734,14.603007157870088,14.6754789352417,86500,0.0,0.0
2011-01-24,14.631995206461797,14.849409138234979,14.595758629643555,14.660983085632324,139600,0.0,0.0
2011-01-25,14.56677028163063,14.624747420389712,14.371096919962218,14.523287773132324,85400,0.0,0.0
2011-01-26,14.530538551015335,15.02334508593007,14.530538551015335,14.94362735748291,110700,0.0,0.0
2011-01-27,14.885645495976705,15.2769908438657,14.885645495976705,15.110306739807129,69400,0.0,0.0
2011-01-28,15.11031017117522,15.11031017117522,14.450819538151556,14.537784576416016,136800,0.0,0.0
2011-01-31,14.559522432760604,14.733453842661675,14.414578900034394,14.494297981262207,61300,0.0,0.0
2011-02-01,14.646491324613445,14.863906681269203,14.49430181901032,14.827670097351074,94000,0.0,0.0
2011-02-02,14.755196328168651,14.76244364329904,14.49429851261077,14.523287773132324,92600,0.0,0.0
2011-02-03,14.47255925588546,14.660985337428679,14.349357640348906,14.624750137329102,74400,0.0,0.0
2011-02-04,14.62474571497259,14.943620632104993,14.523286079546587,14.834912300109863,117800,0.0,0.0
2011-02-07,14.834917694003018,15.276994350153823,14.827670377082667,15.14654541015625,71100,0.0,0.0
2011-02-08,15.117550787950021,15.276987542295094,14.979854592393428,15.168280601501465,65500,0.0,0.0
2011-02-09,15.037836229183897,15.124802637268546,14.871152111162829,14.936376571655273,52000,0.0,0.0
2011-02-10,14.856656272556155,15.023340377036662,14.856656272556155,14.950868606567383,36600,0.0,0.0
2011-02-11,14.863901009923723,15.197269161067322,14.791429252023521,15.153786659240723,62800,0.0,0.0
2011-02-14,15.18277893076187,15.269743951687163,14.936375734333396,15.052330017089844,65900,0.0,0.0
2011-02-15,15.074067434502643,15.103056690282358,14.805923729959263,14.820418357849121,85500,0.0,0.0
2011-02-16,14.914634812973286,15.059578367522183,14.885646931434014,15.03058910369873,53200,0.0,0.0
2011-02-17,15.016092837752923,15.182778322030885,14.929127820314363,15.07406997680664,94000,0.0,0.0
2011-02-18,15.117553934516524,15.117553934516524,14.97261039510065,14.994352340698242,97400,0.0,0.0
2011-02-22,14.813173782595161,14.972610572009216,14.385591856778689,14.407332420349121,152500,0.0,0.0
2011-02-23,14.443568503206395,14.479803696108249,13.900032315974547,13.943514823913574,138800,0.0,0.0
2011-02-24,13.965256502472734,14.131940598294202,13.776830461954733,13.929019927978516,100000,0.0,0.0
2011-02-25,14.023236479677456,14.342111488392348,13.943517381927668,14.284132957458496,63600,0.0,0.0
2011-02-28,14.450816312058087,14.624747732041797,14.160930612085236,14.407332420349121,94600,0.0,0.0
2011-03-01,14.44356936987565,14.472557249479717,14.015987433013995,14.15368366241455,100600,0.0,0.0
2011-03-02,14.124695803033402,14.298627244780526,14.059471339592703,14.291379928588867,59600,0.0,0.0
2011-03-03,14.450819538151556,14.675480832999833,14.356605800699969,14.537784576416016,66300,0.0,0.0
2011-03-04,14.552275876129714,14.552275876129714,14.182671092475513,14.400086402893066,74400,0.0,0.0
2011-03-07,14.429072746693572,14.429072746693572,13.936266420909973,14.044973373413086,102200,0.0,0.0
2011-03-08,14.088456968813032,14.733452738302073,14.04497308288416,14.595756530761719,65000,0.0,0.0
2011-03-09,14.603006013432674,14.762444187611885,14.566770818728713,14.581265449523926,50000,0.0,0.0
2011-03-10,14.371097597439354,14.38559222838343,14.124694400526398,14.15368366241455,80600,0.0,0.0
2011-03-11,14.131942749023438,14.262391672487587,13.92902204782541,14.131942749023438,50100,0.0,0.0
2011-03-14,13.94351528162883,14.153683277753856,13.907280087537506,14.023234367370605,61900,0.0,0.0
2011-03-15,13.581158031289672,14.00149264805567,13.34924946787175,13.900032997131348,79600,0.0,0.0
2011-03-16,15.400194089724115,17.07428538961455,15.00884731759471,15.450923919677734,727300,0.0,0.0
2011-03-17,16.095918192218953,16.472770293664198,15.878504262615031,15.987211227416992,347800,0.0,0.0
2011-03-18,16.13215692082576,17.48737326856867,16.074179773044527,17.480127334594727,530300,0.0,0.0
2011-03-21,17.393158345273328,17.74826849561524,17.327933890895828,17.52360725402832,286000,0.0,0.0
2011-03-22,17.509110117943038,17.683041510630492,17.356920667697953,17.545345306396484,252700,0.0,0.0
2011-03-23,17.422150712820773,17.66855256161717,17.204735365363796,17.567092895507812,143300,0.0,0.0
2011-03-24,17.7120364157993,18.103381828579817,17.465633185340195,17.922203063964844,152800,0.0,0.0
2011-03-25,18.146858912402465,18.60342861956546,17.88596114700432,18.161352157592773,173600,0.0,0.0
2011-03-28,18.30629897029174,18.328040915425163,18.030906527737685,18.103378295898438,232000,0.0,0.0
2011-03-29,18.161351533422675,18.226575972530576,18.009162097026717,18.1251163482666,121000,0.0,0.0
2011-03-30,18.262817996156997,18.400512846714662,18.2265814178912,18.299053192138672,120700,0.0,0.0
2011-03-31,18.320797168302075,18.654165431566412,18.212088803748312,18.581693649291992,140100,0.0,0.0
2011-04-01,18.726634904967028,18.726634904967028,17.864223705028202,18.0671443939209,256400,0.0,0.0
2011-04-04,18.262818742728996,18.922309289000705,18.262818742728996,18.588939666748047,237300,0.0,0.0
2011-04-05,18.480226443292466,19.08898695436009,18.415002004086382,18.501968383789062,156900,0.0,0.0
2011-04-06,18.69887771812888,19.00517765007802,18.509263342064983,18.677000045776367,187100,0.16,0.0
2011-04-07,18.66241208382799,18.793683668445997,18.16649782682726,18.275890350341797,125000,0.0,0.0
2011-04-08,18.414458137976602,18.5092646371413,17.831030317728494,17.882080078125,102500,0.0,0.0
2011-04-11,17.882079651145336,18.159207511395646,17.816443849059436,17.831029891967773,104400,0.0,0.0
2011-04-12,17.750809774437265,17.852909302728456,17.35699492359682,17.47368049621582,155200,0.0,0.0
2011-04-13,17.72893123207145,17.78727402010576,17.174674050244633,17.386167526245117,136300,0.0,0.0
2011-04-14,17.07257544104919,17.444511256482354,17.07257544104919,17.34970474243164,117200,0.0,0.0
2011-04-15,17.298650571582737,17.809150948836688,17.298650571582737,17.76539421081543,122800,0.0,0.0
2011-04-18,17.473680718111016,17.51014582939361,16.919424936633227,17.269481658935547,106900,0.0,0.0
2011-04-19,17.327822580714635,17.92583643135772,17.189257954760237,17.90395736694336,157300,0.0,0.0
2011-04-20,18.195673329962588,18.77180813734769,18.188380308223326,18.385286331176758,233600,0.0,0.0
2011-04-21,18.48738526198555,18.48738526198555,17.911249125382124,18.224842071533203,134100,0.0,0.0
2011-04-25,18.268600094506372,18.268600094506372,17.765394131990575,17.90395736694336,106300,0.0,0.0
2011-04-26,17.925838413473354,18.71346673645991,17.925838413473354,18.399873733520508,250300,0.0,0.0
2011-04-27,18.377993486715866,18.589485539180423,18.188379107022584,18.480093002319336,59100,0.0,0.0
2011-04-28,18.46550541524873,18.54572725137074,18.348819866890246,18.370698928833008,73500,0.0,0.0
2011-04-29,18.392577710721607,18.684292990239452,18.392577710721607,18.42904281616211,92000,0.0,0.0
2011-05-02,18.429043806615084,18.538436346812713,18.064401078621916,18.07898712158203,102000,0.0,0.0
2011-05-03,18.086278730724864,18.09357175219632,17.72163600316185,17.90395736694336,105000,0.0,0.0
2011-05-04,17.99876077965639,18.173789078445438,17.604946064130075,17.75809669494629,148000,0.0,0.0
2011-05-05,17.670587926350297,18.035230688632403,17.50285258954095,17.648710250854492,89700,0.0,0.0
2011-05-06,16.233892364521164,17.3205273896237,15.592120465439564,17.087156295776367,378100,0.0,0.0
2011-05-09,17.09445486403565,17.13821161058214,16.387046941357646,16.408926010131836,226000,0.0,0.0
2011-05-10,16.430801632796868,16.824615051122713,16.394336525821217,16.7735652923584,245200,0.0,0.0
2011-05-11,16.74439533367252,16.76627440063702,16.284946055432265,16.481853485107422,242300,0.0,0.0
2011-05-12,16.45997294651066,16.773565923288935,16.372459468480514,16.62041664123535,188000,0.0,0.0
2011-05-13,16.700636524417405,16.810029063701478,16.408922622659336,16.459972381591797,205900,0.0,0.0
2011-05-16,16.175549322904295,16.335991599514195,15.971348923672354,16.029691696166992,209800,0.0,0.0
2011-05-17,15.891128652527374,16.14637741557278,15.708807312636981,15.825492858886719,340700,0.0,0.0
2011-05-18,15.774445679619982,15.927596366937614,15.577539640214143,15.832788467407227,210200,0.0,0.0
2011-05-19,15.810908458992516,15.985936796534677,15.665050815539928,15.781736373901367,221000,0.0,0.0
2011-05-20,15.679634861821093,15.752563674262401,15.307699170271679,15.533777236938477,295600,0.0,0.0
2011-05-23,15.300407529015853,15.781735787110616,15.191014995994593,15.672343254089355,133800,0.0,0.0
2011-05-24,15.76714788382146,15.905711081266265,15.453555000444158,15.4681396484375,135500,0.0,0.0
2011-05-25,15.468146061163056,15.803618142110977,15.453561407123262,15.686932563781738,150800,0.0,0.0
2011-05-26,15.781739232122021,15.942182947178042,15.504611328573537,15.869254112243652,116200,0.0,0.0
2011-05-27,15.92029950448753,15.956763216433556,15.781734895290027,15.883835792541504,76800,0.0,0.0
2011-05-31,16.131795041468383,16.19013782282444,15.789029983875123,15.978644371032715,236300,0.0,0.0
2011-06-01,15.942183179804138,16.007818993102653,15.366046905517578,15.366046905517578,137900,0.0,0.0
2011-06-02,15.431682166584283,15.621296576994327,15.300410544684883,15.380632400512695,70900,0.0,0.0
2011-06-03,15.13996364263054,15.33687101589485,14.89929953897462,15.001399040222168,100000,0.0,0.0
2011-06-06,14.957644979926812,15.191016105009755,14.702394790241732,14.819080352783203,211200,0.0,0.0
2011-06-07,14.870127947418407,15.19101389318704,14.85554329747548,14.913886070251465,139900,0.0,0.0
2011-06-08,14.84096240419276,14.99411171422479,14.622175887144554,14.716983795166016,97400,0.0,0.0
2011-06-09,14.7607382036597,14.935766554967717,14.636759614274643,14.665931701660156,126100,0.0,0.0
2011-06-10,14.600298054935315,14.69510457095354,14.374218517273123,14.410683631896973,115300,0.0,0.0
2011-06-13,14.498194930069793,14.709688389863883,14.286702861277385,14.417974472045898,71800,0.0,0.0
2011-06-14,14.600295391157967,14.870130235134486,14.498194479841064,14.75344467163086,99000,0.0,0.0
2011-06-15,14.571121762469666,14.716979396911405,14.47631527378358,14.556535720825195,149800,0.0,0.0
2011-06-16,14.54924409100445,14.68780731362246,14.345043680986315,14.556535720825195,155400,0.0,0.0
2011-06-17,14.65134649973199,15.015989266990623,14.62217441067045,14.76803207397461,191200,0.0,0.0
2011-06-20,14.687808668356768,15.212895087977332,14.687808668356768,15.096209526062012,108000,0.0,0.0
2011-06-21,15.183724967663595,15.511904022412093,15.11079613427484,15.380632400512695,123100,0.0,0.0
2011-06-22,15.314495540294535,15.534953167185915,15.145477932902116,15.343889236450195,112400,0.16,0.0
2011-06-23,15.189567766485663,15.483511708905008,14.925017517490614,15.461466789245605,90900,0.0,0.0
2011-06-24,15.512903931017794,15.82154536380739,15.42472006380576,15.579041481018066,230200,0.0,0.0
2011-06-27,15.615785812947616,15.924427282727752,15.512905790232631,15.71131706237793,80500,0.0,0.0
2011-06-28,15.762757271227931,15.895030975341797,15.623133392755701,15.895030975341797,64300,0.0,0.0
2011-06-29,15.983217470196152,16.144886291742758,15.718667215269607,16.06405258178711,64500,0.0,0.0
2011-06-30,16.137541979014276,16.299212246889713,16.034661918828597,16.247772216796875,81800,0.0,0.0
2011-07-01,16.291850622298387,16.593143190914372,16.122833113393728,16.51230812072754,99400,0.0,0.0
2011-07-05,16.48292041140313,16.534360419557913,16.13018772551165,16.211021423339844,125000,0.0,0.0
2011-07-06,16.181633421041813,16.394742301389684,16.019963165292815,16.284513473510742,89900,0.0,0.0
2011-07-07,16.475569969975503,16.6886787538387,16.34329487575388,16.600496292114258,85600,0.0,0.0
2011-07-08,16.409434087753993,16.475571641575073,16.086095091477063,16.357994079589844,128800,0.0,0.0
2011-07-11,16.181627027085923,16.196324572098398,15.86563681749288,16.100791931152344,140700,0.0,0.0
2011-07-12,16.042005772214623,16.313904792803292,15.953821889375378,16.122840881347656,73500,0.0,0.0
2011-07-13,16.218374685437684,16.49762252362432,16.18163221276678,16.32125473022461,82300,0.0,0.0
2011-07-14,16.402092491433443,16.549065209038403,15.814204424285034,15.865644454956055,115000,0.0,0.0
2011-07-15,15.924427486345516,16.08609629576984,15.90972993958825,16.027307510375977,122600,0.0,0.0
2011-07-18,15.946471450698624,15.975865138235605,15.623132477981855,15.64517879486084,86100,0.0,0.0
2011-07-19,15.843590499974168,16.22571826048831,15.71131539813196,16.100791931152344,93800,0.0,0.0
2011-07-20,16.159575181866142,16.18897026183593,15.953813826981321,16.034648895263672,61600,0.0,0.0
2011-07-21,16.13018916815276,16.380041860080823,15.975867728251202,16.181629180908203,111400,0.0,0.0
2011-07-22,16.211020720184166,16.350644594573165,16.064049474921834,16.174278259277344,59700,0.0,0.0
2011-07-25,16.005258539994887,16.144880993936585,15.953817139367324,16.019954681396484,89600,0.0,0.0
2011-07-26,16.034662040798814,16.034662040798814,15.490865230253359,15.505562782287598,56700,0.0,0.0
2011-07-27,15.461466420852801,15.549648900659886,14.60167953373989,14.785394668579102,214600,0.0,0.0
2011-07-28,14.829487068359784,15.152826123424381,14.800091971701477,14.880927085876465,92200,0.0,0.0
2011-07-29,14.68251415130583,15.123430782614827,14.616376586527712,14.873578071594238,97100,0.0,0.0
2011-08-01,15.086685175699584,15.1087300916163,14.682511097060935,14.822134971618652,148900,0.0,0.0
2011-08-02,14.741301138273938,14.82948501439958,14.065229426761212,14.094624519348145,138400,0.0,0.0
2011-08-03,14.146066129877275,14.39591883858775,13.881515873210814,14.366523742675781,166000,0.0,0.0
2011-08-04,14.146060878134318,14.212198417747288,13.66840195997882,13.719841957092285,209900,0.0,0.0
2011-08-05,13.043773136413433,14.80743795622119,12.558765346007178,13.572872161865234,303000,0.0,0.0
2011-08-08,13.234839979810316,13.763939123437124,12.125200271606447,12.125200271606445,316500,0.0,0.0
2011-08-09,12.404445469682104,12.477931805023385,11.39033852720528,12.117850303649902,450500,0.0,0.0
2011-08-10,11.765118255351409,11.765118255351409,11.125789623907682,11.169880867004395,226500,0.0,0.0
2011-08-11,11.265412013493687,11.97822623215825,11.015559317954512,11.757768630981445,185100,0.0,0.0
2011-08-12,11.860647923384168,12.522023489222446,11.698979119309897,11.956180572509766,155500,0.0,0.0
2011-08-15,12.117851497184981,12.213384163028616,11.93413634155458,12.125200271606445,97700,0.0,0.0
2011-08-16,11.985573556758196,12.132546207531368,11.743069664127015,11.845951080322266,128000,0.0,0.0
2011-08-17,11.91208746333033,12.176637679219477,11.743069892794532,11.897391319274902,103200,0.0,0.0
2011-08-18,11.515262841618283,11.515262841618283,11.037603848773022,11.177227020263672,168700,0.0,0.0
2011-08-19,10.956772194592212,11.316853745396244,10.574645020486512,10.618736267089844,149100,0.0,0.0
2011-08-22,10.949420709150232,11.2360165443906,10.751008746920403,10.817146301269531,276000,0.0,0.0
2011-08-23,10.839192123260814,11.280108693347604,10.736311403355877,11.250714302062988,220400,0.0,0.0
2011-08-24,11.236018767119305,11.831256173194793,11.221321919255228,11.728375434875488,178800,0.0,0.0
2011-08-25,11.845953337693377,11.941484597755872,11.27276157241237,11.287458419799805,146200,0.0,0.0
2011-08-26,11.213972471739176,11.68428278823996,10.986165386570871,11.662237167358398,146100,0.0,0.0
2011-08-29,11.831255762275088,12.529372480787712,11.831255762275088,12.522025108337402,138600,0.0,0.0
2011-08-30,12.433842423779263,12.566117566846405,12.13989844009421,12.455888748168945,105700,0.0,0.0
2011-08-31,12.558769415867708,12.8968046634875,12.499980616210546,12.654300689697266,260300,0.0,0.0
2011-09-01,12.705740041738697,12.926197654056585,12.206034625407147,12.294217109680176,136600,0.0,0.0
2011-09-02,11.985576667322164,12.051714237170977,11.625495121276096,11.867999076843262,198700,0.0,0.0
2011-09-06,11.316851813641748,11.787163503126425,11.316851813641748,11.632842063903809,197500,0.0,0.0
2011-09-07,11.86064765028147,12.499976881992257,11.86064765028147,12.44853687286377,202300,0.0,0.0
2011-09-08,12.301566153870736,12.441190058944686,12.06641098846325,12.183988571166992,134500,0.0,0.0
2011-09-09,12.066407667556469,12.183985217900615,11.397684824361024,11.618143081665039,147600,0.0,0.0
2011-09-12,11.397686222371362,11.772465235675853,11.133136000830515,11.529960632324219,141100,0.0,0.0
2011-09-13,11.559354068065563,11.88269304526345,11.441776513018151,11.684280395507812,111800,0.0,0.0
2011-09-14,11.81655621164424,12.294215233183593,11.51526353336703,12.088455200195312,188000,0.0,0.0
2011-09-15,12.191337345290394,12.235428588395463,11.948833405759506,12.183988571166992,123400,0.0,0.0
2011-09-16,12.191335193693417,12.294215209993498,12.007620077937501,12.103151321411133,117900,0.0,0.0
2011-09-19,11.882693277238717,12.257472266881948,11.787162037510857,12.04436206817627,123900,0.0,0.0
2011-09-20,12.16194063263546,12.257473281909315,11.647539127072589,11.654887199401855,118300,0.0,0.0
2011-09-21,11.698978713180459,11.750418721707664,10.897980690480843,10.934723854064941,94200,0.0,0.0
2011-09-22,10.751009914655127,11.162531429586995,10.412974034123705,10.905330657958984,283400,0.0,0.0
2011-09-23,10.942072844141968,11.184576747466066,10.839192124227853,11.103741645812988,178100,0.0,0.0
2011-09-26,11.184578351218851,11.471173532159805,10.986165655966497,11.441779136657715,122200,0.0,0.0
2011-09-27,11.69897817314676,12.448536152719006,11.676932556340965,11.92678451538086,162300,0.0,0.0
2011-09-28,11.934205941543432,11.934205941543432,11.25882499394911,11.30335521697998,130800,0.16,0.0
2011-09-29,11.615070973861108,11.87483323397234,11.414683531091338,11.845146179199219,108600,0.0,0.0
2011-09-30,11.622494851876969,11.874835213409167,11.414685433825001,11.46663761138916,180200,0.0,0.0
2011-10-03,11.392417628326704,11.74866226094334,10.895158964452941,10.947111129760742,198500,0.0,0.0
2011-10-04,10.806099920804934,12.13459702853579,10.791256037643716,12.060379028320312,169600,0.0,0.0
2011-10-05,12.097486930548163,12.409201388929421,11.800616354849481,12.216235160827637,103200,0.0,0.0
2011-10-06,12.21623210991072,12.668960509529622,12.060375627439422,12.6541166305542,82000,0.0,0.0
2011-10-07,12.720917949249268,12.899040324100495,12.097488929474572,12.245924949645996,92500,0.0,0.0
2011-10-10,12.498265084299158,12.988101959228516,12.468577314623065,12.988101959228516,126600,0.0,0.0
2011-10-11,12.83224214687607,13.092002987427882,12.735758335593614,12.99552059173584,112300,0.0,0.0
2011-10-12,13.10685074737519,13.29981701145684,12.995524437679464,13.143959045410156,143000,0.0,0.0
2011-10-13,13.017784826378444,13.084579451813106,12.61700858022903,12.958409309387207,76600,0.0,0.0
2011-10-14,13.143955913425625,13.210751966444848,12.839663412156055,13.19590950012207,124200,0.0,0.0
2011-10-17,13.121693150847387,13.24044138985672,12.765448433819387,12.861930847167969,139000,0.0,0.0
2011-10-18,12.906460705560157,13.411141414390103,12.654120351145183,13.284971237182617,109600,0.0,0.0
2011-10-19,13.195909460197099,13.314657683962993,12.668962978594262,12.802555084228516,101800,0.0,0.0
2011-10-20,12.861930546897172,12.861930546897172,12.357249835094294,12.780290603637695,101100,0.0,0.0
2011-10-21,13.054899102508973,13.589266260449886,13.054899102508973,13.574423789978027,111000,0.0,0.0
2011-10-24,13.596683882475567,14.101364523495127,13.596683882475567,14.07909870147705,91600,0.0,0.0
2011-10-25,13.915822486793102,14.049414609160822,13.455672000369917,13.515046119689941,133500,0.0,0.0
2011-10-26,13.804493784792333,13.990038052287955,13.43340524980109,13.900976181030273,112400,0.0,0.0
2011-10-27,14.368550155914097,14.850965022945843,14.145896160336736,14.591202735900879,218700,0.0,0.0
2011-10-28,13.233018572642996,13.774807554234103,12.79513393941441,13.670903205871582,302100,0.0,0.0
2011-10-31,13.492783832223804,13.886136903750394,13.388879460966349,13.574423789978027,134700,0.0,0.0
2011-11-01,12.988100045662838,13.188488214680513,12.37951501287484,12.468575477600098,223300,0.0,0.0
2011-11-02,12.720916782497884,12.928726908559552,12.4759983625923,12.861930847167969,170100,0.0,0.0
2011-11-03,13.032629470698778,13.08458164116868,12.572480461744949,12.772867202758789,180600,0.0,0.0
2011-11-04,12.624431555448485,12.787709993797574,12.520527223370916,12.735757827758789,87300,0.0,0.0
2011-11-07,12.661541996524107,12.765447761880962,12.30529729824786,12.676385879516602,90000,0.0,0.0
2011-11-08,12.780288442028207,12.943568300930623,12.320139458335062,12.713492393493652,227100,0.0,0.0
2011-11-09,12.297873228600363,12.42404338102157,11.956472472396126,11.978736877441406,122100,0.0,0.0
2011-11-10,12.216233940583951,12.320139693392575,11.845146111925112,11.889677047729492,172900,0.0,0.0
2011-11-11,12.06038007947402,12.431468697303991,12.06038007947402,12.223658561706543,90200,0.0,0.0
2011-11-14,12.134596898327976,12.2756109556652,11.904522374160313,12.023270606994629,140300,0.0,0.0
2011-11-15,12.001003517300038,12.216234135775327,11.785772191029524,12.06779956817627,118500,0.0,0.0
2011-11-16,11.9416294124943,12.260765785581453,11.793194137033494,11.815459251403809,92900,0.0,0.0
2011-11-17,11.80803969338588,11.926787937716327,11.555699320285996,11.681869506835938,99000,0.0,0.0
2011-11-18,11.68928820397228,11.785771302654775,11.577961932766803,11.644757270812988,81400,0.0,0.0
2011-11-21,11.370149644335212,11.563115804180937,11.154918376136532,11.25882339477539,166200,0.0,0.0
2011-11-22,11.266249293458683,11.362732407294336,11.00648700945536,11.102970123291016,99700,0.0,0.0
2011-11-23,11.021329692805999,11.036172866045002,10.872893713644745,10.910002708435059,103900,0.0,0.0
2011-11-25,10.835787377663213,11.132657973847685,10.820943493956323,10.924848556518555,137000,0.0,0.0
2011-11-28,11.392419684082489,11.667025148225672,11.325623626464767,11.48890209197998,152000,0.0,0.0
2011-11-29,11.488897590466191,11.548272391147727,11.221714172476867,11.318197250366211,74600,0.0,0.0
2011-11-30,11.837723484221524,12.134594720830426,11.77092743828964,12.082642555236816,226800,0.0,0.0
2011-12-01,11.99357966359418,12.238498005878842,11.845144411875461,11.941627502441406,101500,0.0,0.0
2011-12-02,12.171703267410056,12.394357230493453,12.164281327081572,12.275609016418457,85400,0.0,0.0
2011-12-05,12.520530881526353,12.7060751947846,12.386938749485894,12.57248306274414,113100,0.0,0.0
2011-12-06,12.542790907437812,12.542790907437812,12.26818621256448,12.424042701721191,90000,0.0,0.0
2011-12-07,12.35724886120683,12.572480907168014,12.104908525192593,12.505684852600098,65100,0.0,0.0
2011-12-08,12.372090022355426,12.386933901348105,11.87483140082238,11.926783561706543,77300,0.0,0.0
2011-12-09,11.978740768103671,12.334986936029797,11.978740768103671,12.134598731994629,132000,0.0,0.0
2011-12-12,11.889680728112536,12.164285537360254,11.874836842317832,12.127177238464355,85500,0.0,0.0
2011-12-13,12.268187260099273,12.379513535515557,11.615070657300393,11.696710586547852,103500,0.0,0.0
2011-12-14,11.533434687935559,11.726400947010077,11.451795443463446,11.48148250579834,141200,0.0,0.0
2011-12-15,11.644758347474907,11.785772392354701,11.53343206597632,11.741241455078125,87600,0.0,0.0
2011-12-16,11.859987644317599,12.030688007725733,11.637335119488748,11.95647144317627,320700,0.0,0.0
2011-12-19,12.060379412750724,12.253345653225614,11.585385753380685,11.637338638305664,123500,0.0,0.0
2011-12-20,11.94163075386582,12.097487279760196,11.83030375391873,11.919364929199219,157600,0.0,0.0
2011-12-21,11.874832989971559,12.142017185234847,11.65217972985055,12.097485542297363,116900,0.0,0.0
2011-12-22,12.17912597789394,12.372092191865752,12.11975186710188,12.231078147888184,67200,0.0,0.0
2011-12-23,12.283033089399138,12.342407213588247,12.075224362532653,12.334986686706543,74900,0.0,0.0
2011-12-27,12.24592196684241,12.46857452727609,12.067799635377375,12.34240436553955,91200,0.0,0.0
2011-12-28,12.342406435357912,12.357250319366928,12.082645543153603,12.11975383758545,111300,0.0,0.0
2011-12-29,12.208813236510592,12.453731610354486,12.186547415037362,12.349825859069824,84900,0.0,0.0
2011-12-30,12.320139242798987,12.401777755231564,12.268187076089973,12.275609016418457,89800,0.0,0.0
2012-01-03,12.609590620141798,12.936148988702927,12.609590620141798,12.765448570251465,133200,0.0,0.0
2012-01-04,12.645581080494853,12.802902449042827,12.518226231244508,12.67554759979248,57000,0.16,0.0
2012-01-05,12.555683744559833,12.787918541827176,12.345922406745391,12.705512046813965,116300,0.0,0.0
2012-01-06,12.720499256220771,12.862837402117044,12.563179275663831,12.683042526245117,121300,0.0,0.0
2012-01-09,12.727987498530599,12.90029069674654,12.645580999869813,12.862833976745605,120100,0.0,0.0
2012-01-10,13.080088490269048,13.214934999056581,12.945243410364117,13.184969902038574,184100,0.0,0.0
2012-01-11,13.162494166687182,13.162494166687182,12.727989571066225,12.997682571411133,125700,0.0,0.0
2012-01-12,13.095073130604408,13.267376386008552,12.952736404252855,13.192462921142578,158600,0.0,0.0
2012-01-13,13.020154718595506,13.274864431184765,12.990189626522728,13.147509574890137,142300,0.0,0.0
2012-01-17,13.252394837141848,13.34229156847945,12.840363627049031,12.90029525756836,123900,0.0,0.0
2012-01-18,12.810393997191387,12.907782326523181,12.735479128307242,12.862833976745605,125300,0.0,0.0
2012-01-19,12.9077842083173,13.117545585997048,12.817887495656327,12.952733993530273,116300,0.0,0.0
2012-01-20,12.952732675491937,13.334795808746993,12.952732675491937,13.274864196777344,127100,0.0,0.0
2012-01-23,13.304830918778945,13.582014092507178,13.304830918778945,13.409710884094238,81800,0.0,0.0
2012-01-24,13.31232302198701,13.686895973001509,13.259883037466167,13.664421081542969,80600,0.0,0.0
2012-01-25,13.559542957966565,13.559542957966565,13.304833202299902,13.507102966308594,104500,0.0,0.0
2012-01-26,13.656930801785688,13.874183820724907,13.619474074532572,13.761812210083008,126600,0.0,0.0
2012-01-27,13.65693118607203,13.701880974699655,13.462153055333436,13.694389343261719,178600,0.0,0.0
2012-01-30,13.589505321465623,13.649436932573652,13.507100249243534,13.567031860351562,88700,0.0,0.0
2012-01-31,13.626968472099946,13.649441941461017,13.432190307301223,13.611985206604004,87400,0.0,0.0
2012-02-01,13.686895862404613,14.158857148160939,13.649437710276397,14.02401065826416,127500,0.0,0.0
2012-02-02,14.009027339090817,14.331158839901457,13.919129212409123,14.12139892578125,138500,0.0,0.0
2012-02-03,14.376110258500502,14.750683209475318,14.241263767528382,14.683259963989258,136400,0.0,0.0
2012-02-06,14.570889992528507,14.623329982903094,14.45851695157431,14.563398361206055,78600,0.0,0.0
2012-02-07,14.510957452336985,14.645802520958156,14.39858441849562,14.473499298095703,87900,0.0,0.0
2012-02-08,14.525939394562513,14.533431025467197,14.128892958791681,14.286212921142578,76600,0.0,0.0
2012-02-09,14.278722763418026,14.346146019633961,14.083944626447842,14.196317672729492,80700,0.0,0.0
2012-02-10,14.009027563394604,14.1064158923837,13.80675784678386,13.994044303894043,54800,0.0,0.0
2012-02-13,14.218790488416076,14.39858535380599,14.136385401497309,14.226282119750977,37000,0.0,0.0
2012-02-14,14.106416559157369,14.226279783062928,13.859198481241862,14.04648494720459,86100,0.0,0.0
2012-02-15,14.143875454813013,14.173841979836645,13.866692242757221,13.919132232666016,55700,0.0,0.0
2012-02-16,13.964077549340018,14.623326667421399,13.964077549340018,14.383600234985352,105600,0.0,0.0
2012-02-17,14.421060209834295,14.555906715742267,14.151367198018347,14.316180229187012,69900,0.0,0.0
2012-02-21,14.316177009523049,14.323668639153377,13.956585931678518,14.12139892578125,76800,0.0,0.0
2012-02-22,14.061467542764293,14.12139915188426,13.949095954274636,13.994044303894043,38800,0.0,0.0
2012-02-23,14.046487637605367,14.16635088446899,13.814252775417422,14.158859252929688,52200,0.0,0.0
2012-02-24,14.17384206681845,14.271230415977783,13.85920069655223,13.904149055480957,71500,0.0,0.0
2012-02-27,13.799268821516113,14.05397856557062,13.574525602118628,13.949098587036133,80100,0.0,0.0
2012-02-28,13.949098757689647,14.098927096160127,13.72435410666009,13.919132232666016,52400,0.0,0.0
2012-02-29,13.964077884571214,14.173839232429554,13.529573358129301,13.544556617736816,98500,0.0,0.0
2012-03-01,13.656932490245257,13.851710639584253,13.544560865710416,13.55205249786377,84000,0.0,0.0
2012-03-02,13.589505134630667,13.694386524289497,13.222423843030514,13.342287063598633,110700,0.0,0.0
2012-03-05,14.653295774003157,14.803125549790265,14.016521370231908,14.196317672729492,269800,0.0,0.0
2012-03-06,14.016518016173954,14.26373751572952,12.960222493398872,13.259881973266602,309900,0.0,0.0
2012-03-07,13.357270901436591,13.626963873827185,13.34977927121659,13.409710884094238,132200,0.0,0.0
2012-03-08,13.50709960941058,13.649436285998192,13.379744763228548,13.596996307373047,87700,0.0,0.0
2012-03-09,13.597000723121434,13.881677026512353,13.597000723121434,13.739338874816895,143500,0.0,0.0
2012-03-12,14.18133667715808,14.660789750135509,14.18133667715808,14.376114845275879,565600,0.0,0.0
2012-03-13,14.555904094380944,14.788138907798041,14.271227871201768,14.780647277832031,256500,0.0,0.0
2012-03-14,14.810616796871184,15.147731640314143,14.780650270938867,14.840581893920898,218200,0.0,0.0
2012-03-15,14.863053778575841,14.870545408541853,14.615835705226722,14.780647277832031,153400,0.0,0.0
2012-03-16,14.758176488942073,14.833089944401443,14.503466739509017,14.563398361206055,152900,0.0,0.0
2012-03-19,14.563398540820868,14.900513381193484,14.503466918384674,14.69824504852295,141300,0.0,0.0
2012-03-20,14.645804584141546,14.743194370005888,14.421061342563755,14.451027870178223,197500,0.0,0.0
2012-03-21,14.525942466563437,14.638315525016289,14.406079204504337,14.421062469482422,139400,0.0,0.0
2012-03-22,14.248756143277733,14.451025890315387,14.203806358014374,14.211297988891602,171300,0.0,0.0
2012-03-23,14.271231133902464,14.466009270902157,14.09143626026028,14.443535804748535,136400,0.0,0.0
2012-03-26,14.615838269922135,14.758176406488323,14.533431754718146,14.660786628723145,99700,0.0,0.0
2012-03-27,14.720722170108045,14.803128707256302,14.48099562082178,14.645807266235352,110700,0.0,0.0
2012-03-28,14.615842151479228,14.720722159495622,14.308692331817262,14.488487243652344,86900,0.0,0.0
2012-03-29,14.368620233470038,14.615838351580642,14.308688611772999,14.563398361206055,67000,0.0,0.0
2012-03-30,14.72820809279349,14.765664815765215,14.53342998979927,14.638311386108398,90500,0.0,0.0
2012-04-02,14.61584002252523,15.012887954711914,14.61584002252523,15.012887954711914,184100,0.0,0.0
2012-04-03,15.005394707829728,15.185189574128355,14.690753334586484,14.795633316040039,127000,0.0,0.0
2012-04-04,14.61437041484718,14.61437041484718,14.297159222691246,14.463316917419434,160400,0.16,0.0
2012-04-05,14.357578712740741,14.644578596790863,14.357578712740741,14.508630752563477,99700,0.0,0.0
2012-04-09,14.304712244726652,14.448211484712312,14.15365874515414,14.214079856872559,102400,0.0,0.0
2012-04-10,14.229184225375501,14.229184225375501,13.655182994987946,13.760919570922852,159600,0.0,0.0
2012-04-11,13.942182540893555,13.987499449919367,13.768472044619582,13.942182540893555,96300,0.0,0.0
2012-04-12,13.91197325018975,14.380237911144391,13.874210598418026,14.274499893188477,96900,0.0,0.0
2012-04-13,14.214076577111731,14.214076577111731,13.82889153857719,13.94973373413086,99500,0.0,0.0
2012-04-16,14.002607345581055,14.183870689272826,13.77602708555159,14.002607345581055,99900,0.0,0.0
2012-04-17,14.183864778455142,14.493523041621017,14.183864778455142,14.251838684082031,121500,0.0,0.0
2012-04-18,14.168766811132455,14.191425272116886,13.8666612007726,13.972397804260254,56800,0.0,0.0
2012-04-19,13.949734913595712,14.070577119366716,13.745814591702594,13.828892707824707,103100,0.0,0.0
2012-04-20,14.010158566946146,14.06302830207921,13.82889522529174,13.934633255004883,78500,0.0,0.0
2012-04-23,13.783578162593216,13.866657724824105,13.579656386509846,13.62497329711914,93700,0.0,0.0
2012-04-24,13.685393050537018,13.866656353388496,13.587207861147045,13.677840232849121,70500,0.0,0.0
2012-04-25,13.91197293991785,13.972394045736763,13.730709622461115,13.821340560913086,130200,0.0,0.0
2012-04-26,13.783578688730287,14.010157488214292,13.68539492643465,13.9950532913208,70600,0.0,0.0
2012-04-27,13.949737097676755,13.995054012350598,13.609868880940624,13.670289993286133,134300,0.0,0.0
2012-04-30,13.65518400653079,13.692946660575535,12.824392652570197,12.922577857971191,181000,0.0,0.0
2012-05-01,12.937679688811594,13.096285976005072,12.801733294784876,12.84704875946045,146100,0.0,0.0
2012-05-02,12.786629333975592,13.00565530904708,12.688444133677502,12.930130004882812,124000,0.0,0.0
2012-05-03,12.937678907054721,13.058522539808708,12.718652973896846,12.915021896362305,257800,0.0,0.0
2012-05-04,12.869708228690206,13.005654633455725,12.65068082444347,12.658233642578125,149000,0.0,0.0
2012-05-07,12.628023310438076,12.771523984577392,12.575155020111188,12.69599723815918,122000,0.0,0.0
2012-05-08,12.597814156160405,12.726209199835534,12.386339542885795,12.65068244934082,152800,0.0,0.0
2012-05-09,12.484522875693463,12.71865447056612,12.461864421782149,12.61291790008545,99000,0.0,0.0
2012-05-10,12.718654632568361,12.89236512644286,12.59025960654096,12.71865463256836,100000,0.0,0.0
2012-05-11,12.66578494311008,12.899916515019935,12.514731479621572,12.605363845825195,87000,0.0,0.0
2012-05-14,12.4694190382531,12.552498607357995,12.325918357222717,12.393892288208008,126300,0.0,0.0
2012-05-15,12.431655004161692,12.90747252340142,12.431655004161692,12.688445091247559,144000,0.0,0.0
2012-05-16,12.771522113718486,12.899917131655416,12.499626442663187,12.507179260253906,64700,0.0,0.0
2012-05-17,12.57515547380542,12.57515547380542,12.27304991778589,12.288155555725098,102500,0.0,0.0
2012-05-18,12.257939050122731,12.492072016631244,12.159755326512808,12.212623596191406,126900,0.0,0.0
2012-05-21,12.310811979464685,12.69599708505494,12.273049326987405,12.59026050567627,109700,0.0,0.0
2012-05-22,12.575153401742707,12.748863887761788,12.295706348677694,12.386337280273438,94000,0.0,0.0
2012-05-23,12.265496508381377,12.650681613971631,12.242838052563297,12.59026050567627,59000,0.0,0.0
2012-05-24,12.643127960593636,12.643127960593636,12.303259789079593,12.49207592010498,57500,0.0,0.0
2012-05-25,12.492077373127525,12.53739284648974,12.38633934787846,12.454313278198242,45200,0.0,0.0
2012-05-29,12.62046882693532,12.922575772756293,12.529837895631172,12.892364501953125,93600,0.0,0.0
2012-05-30,12.748864122772938,12.748864122772938,12.49207551814959,12.582706451416016,89200,0.0,0.0
2012-05-31,12.635574131967406,12.794180418431768,12.401442551575164,12.680891036987305,122400,0.0,0.0
2012-06-01,12.424102799788734,12.492076726590474,12.144654273986816,12.144654273986816,84400,0.0,0.0
2012-06-04,12.242837480688689,12.2730487537016,11.706600349684603,11.93317985534668,129800,0.0,0.0
2012-06-05,11.819890965875798,12.061576133061601,11.774575492218531,11.940733909606934,78500,0.0,0.0
2012-06-06,12.0917848608885,12.469417112232104,12.084232042995303,12.431653022766113,70500,0.0,0.0
2012-06-07,12.673336618065115,12.733757709904118,12.461862076352372,12.575151443481445,89700,0.0,0.0
2012-06-08,12.52228469685293,13.050970395398021,12.341021399208149,12.945232391357422,96500,0.0,0.0
2012-06-11,13.126495902950117,13.126495902950117,12.446758165565024,12.469416618347168,117100,0.0,0.0
2012-06-12,12.612917675793275,12.74886407518547,12.38633746236754,12.733759880065918,78300,0.0,0.0
2012-06-13,12.673340993508067,12.847051512449317,12.325918515072606,12.46186637878418,105700,0.0,0.0
2012-06-14,12.507180160990531,12.703549110833299,12.378785133806906,12.658233642578125,70400,0.0,0.0
2012-06-15,12.695995177026766,12.998100673101403,12.567600161125966,12.945232391357422,134400,0.0,0.0
2012-06-18,12.854601402687841,12.945232330810017,12.71865356995195,12.779074668884277,116500,0.0,0.0
2012-06-19,12.869708827608097,13.322866412353958,12.847050372149672,13.118946075439453,98800,0.0,0.0
2012-06-20,13.103698663545876,13.164681494306926,12.905504100086118,12.966486930847168,76300,0.16,0.0
2012-06-21,12.989355896843007,12.989355896843007,12.387149177401707,12.402395248413086,80800,0.0,0.0
2012-06-22,12.463381134178741,12.547231637408368,12.425265947305533,12.432888984680176,112900,0.0,0.0
2012-06-25,12.249938142864943,12.295674904554854,12.158463892512401,12.211824417114258,148800,0.0,0.0
2012-06-26,12.242313511739017,12.333788477144992,12.11272555252124,12.20419979095459,130300,0.0,0.0
2012-06-27,12.188952537789305,12.349033348223198,12.127969718087133,12.326164245605469,75200,0.0,0.0
2012-06-28,12.17370996439085,12.326167048311754,12.006006808591497,12.211824417114258,62600,0.0,0.0
2012-06-29,12.51673998122305,12.570099784804578,12.219448816157053,12.478626251220703,119400,0.0,0.0
2012-07-02,12.577721913192155,12.577721913192155,12.280430769597444,12.570098876953125,70700,0.0,0.0
2012-07-03,12.577723785160538,13.07320958287772,12.577723785160538,13.042718887329102,40900,0.0,0.0
2012-07-05,13.073211553520327,13.439108678932985,13.073211553520327,13.385748863220215,130300,0.0,0.0
2012-07-06,13.256156825485427,13.286648972006669,12.928373520109934,13.027471542358398,85600,0.0,0.0
2012-07-09,13.065585545045893,13.202797299372378,12.775917416758782,12.882637023925781,102400,0.0,0.0
2012-07-10,12.958865937878894,13.019848778252264,12.76067134317904,12.882637023925781,69500,0.0,0.0
2012-07-11,12.875014123407208,12.943620001296587,12.714934710962403,12.844523429870605,54500,0.0,0.0
2012-07-12,12.798784059780175,12.882634540412871,12.661572331905353,12.722555160522461,77800,0.0,0.0
2012-07-13,12.768290998931995,13.10369725914293,12.768290998931995,13.035091400146484,81000,0.0,0.0
2012-07-16,13.012225741462393,13.073208581835765,12.844523293922025,12.882637023925781,112400,0.0,0.0
2012-07-17,13.012226637184702,13.210421245527673,12.798787408158194,13.195175170898438,71300,0.0,0.0
2012-07-18,13.179931382570352,13.690661829392754,13.172308344774315,13.416239738464355,76600,0.0,0.0
2012-07-19,13.52295738964744,13.538203463018418,13.19517408189935,13.27902603149414,79500,0.0,0.0
2012-07-20,13.149435680083048,13.27902437972574,13.08082981239307,13.157058715820312,119000,0.0,0.0
2012-07-23,12.890259107906088,13.073207615503192,12.844522344493186,12.905505180358887,57400,0.0,0.0
2012-07-24,12.97411046243892,12.97411046243892,12.0060067148942,12.173709869384766,106700,0.0,0.0
2012-07-25,12.295676727254222,12.516740440425705,12.127974273567535,12.387151718139648,78000,0.0,0.0
2012-07-26,12.63870533977867,12.669197486159723,12.2804313434747,12.463379859924316,41400,0.0,0.0
2012-07-27,12.570098654119617,13.172305420818084,12.478625128763818,13.11894416809082,101600,0.0,0.0
2012-07-30,13.157060997827399,13.157060997827399,12.66919825758905,12.83690071105957,71500,0.0,0.0
2012-07-31,12.79116322260106,13.149437220552223,12.79116322260106,13.027471542358398,112800,0.0,0.0
2012-08-01,13.134190319641428,13.172305500391156,12.989356994628908,12.989356994628906,148900,0.0,0.0
2012-08-02,12.890259211660725,13.004601848086079,12.310921539300685,12.417642593383789,97400,0.0,0.0
2012-08-03,12.410020374518558,13.187551225792634,12.196579706238959,12.882637023925781,131400,0.0,0.0
2012-08-06,12.943617955634787,13.78975601324629,12.943617955634787,13.553447723388672,115500,0.0,0.0
2012-08-07,13.644922309951141,14.041311471880459,13.61443161885031,13.759264945983887,141600,0.0,0.0
2012-08-08,13.660168084229168,13.698281810759438,13.340007837960302,13.454350471496582,69500,0.0,0.0
2012-08-09,13.400993380046332,13.561074262493058,13.271404648140225,13.515336036682129,98800,0.0,0.0
2012-08-10,13.332385170003128,13.606808661224042,13.301894478726087,13.583939552307129,80000,0.0,0.0
2012-08-13,13.538200062458289,13.622051990990935,13.248530556951994,13.545823097229004,57300,0.0,0.0
2012-08-14,13.583939903586293,13.591562940089062,13.164683073552858,13.263779640197754,85400,0.0,0.0
2012-08-15,13.240909285147884,13.538200378417969,13.23328625019926,13.538200378417969,74600,0.0,0.0
2012-08-16,13.568696848179524,13.812629708680713,13.423863484253472,13.766891479492188,82600,0.0,0.0
2012-08-17,13.690656672653729,13.751640952051622,13.591560126522646,13.736394882202148,85100,0.0,0.0
2012-08-20,13.69066061302867,13.728775798622468,13.48484442660482,13.675415992736816,44500,0.0,0.0
2012-08-21,13.698281036053693,13.88122953015419,13.439103639258308,13.53057861328125,71500,0.0,0.0
2012-08-22,13.515330590887638,13.522953625451208,13.096073867507505,13.218039512634277,67000,0.0,0.0
2012-08-23,13.218040635280817,13.218040635280817,12.79878387629199,12.935994148254395,67600,0.0,0.0
2012-08-24,12.890257900111049,13.080829426078326,12.783538310831888,13.004600524902344,64000,0.0,0.0
2012-08-27,13.027472953958632,13.210421491072875,12.859770491757008,12.981736183166504,37500,0.0,0.0
2012-08-28,12.94361737971931,13.111321249013843,12.897880621705038,13.012223243713379,42600,0.0,0.0
2012-08-29,13.0122234349399,13.118943023189981,12.935994534498978,13.065583229064941,41200,0.0,0.0
2012-08-30,12.98935572046256,13.057960131191487,12.791161161841943,12.974109649658203,42600,0.0,0.0
2012-08-31,13.08845438145531,13.111323491346242,12.890259790903954,13.027471542358398,49300,0.0,0.0
2012-09-04,13.012223690431613,13.035092797196523,12.684440429861453,12.966486930847168,84200,0.0,0.0
2012-09-05,13.027472711813937,13.256158015469682,12.943620755298838,13.195175170898438,68000,0.0,0.0
2012-09-06,13.324763730691526,13.728775979638769,13.324763730691526,13.705906867980957,78800,0.0,0.0
2012-09-07,13.782138020319811,13.835497835558677,13.644926236022204,13.721155166625977,75300,0.0,0.0
2012-09-10,13.71352627053706,13.75926302778483,13.446725854358691,13.492464065551758,67000,0.0,0.0
2012-09-11,13.530577343469345,13.812623820787433,13.50008520367485,13.538200378417969,82000,0.0,0.0
2012-09-12,13.622054733835318,13.751643443140138,13.522956715807538,13.583939552307129,194300,0.0,0.0
2012-09-13,13.599185861824969,13.911723086073163,13.51533391494771,13.797380447387695,190000,0.0,0.0
2012-09-14,13.835491887466688,14.003195753485684,13.736395338047066,13.957457542419434,174600,0.0,0.0
2012-09-17,13.858362383295697,13.926968252832443,13.805002585643882,13.888853073120117,75900,0.0,0.0
2012-09-18,13.896478577031736,13.904101614328027,13.606810429501145,13.667793273925781,63100,0.0,0.0
2012-09-19,13.728771564007028,13.774508318666498,13.492463301997006,13.522953987121582,99900,0.0,0.0
2012-09-20,13.469596621148524,13.469596621148524,13.29427115178826,13.301894187927246,63700,0.0,0.0
2012-09-21,13.492462941142104,13.576313413451023,13.187547374379996,13.218039512634277,172200,0.0,0.0
2012-09-24,13.187548344015159,13.515331584623578,13.141811587216045,13.507708549499512,89800,0.0,0.0
2012-09-25,13.606810645124712,13.660170453098635,13.24853515625,13.24853515625,102200,0.0,0.0
2012-09-26,13.36393906639327,13.36393906639327,13.110047376165994,13.225452423095703,47800,0.16,0.0
2012-09-27,13.256226526590568,13.36393917640581,13.179289338852483,13.294695854187012,52900,0.0,0.0
2012-09-28,13.202374166678219,13.333166977607934,13.102356825357925,13.148518562316895,48000,0.0,0.0
2012-10-01,13.256229192453992,13.587058139039993,13.186985856310173,13.425491333007812,60500,0.0,0.0
2012-10-02,13.479342014024969,13.57935931446589,13.371629381871792,13.517809867858887,51000,0.0,0.0
2012-10-03,13.587056657191818,13.879417704014347,13.356246540188716,13.625524520874023,66300,0.0,0.0
2012-10-04,13.68707583696385,13.956353825248598,13.587057040639534,13.940967559814453,49500,0.0,0.0
2012-10-05,14.010205937334328,14.110224708775174,13.594747524873947,13.756314277648926,132400,0.0,0.0
2012-10-08,13.694768490681803,13.694768490681803,13.548589427881085,13.610138893127441,26300,0.0,0.0
2012-10-09,13.656300137824864,13.656300137824864,13.22545389647665,13.379326820373535,47200,0.0,0.0
2012-10-10,13.417795596578495,13.417795596578495,13.040804967570523,13.110048294067383,82200,0.0,0.0
2012-10-11,13.294697083545763,13.310083348552306,13.110048696372827,13.233147621154785,37000,0.0,0.0
2012-10-12,13.271613626035885,13.363938540418825,12.910010768566726,12.994640350341797,49500,0.0,0.0
2012-10-15,13.048494836886762,13.148513607975284,12.902315813687549,13.125432014465332,45000,0.0,0.0
2012-10-16,13.202372450035696,13.240840314590516,13.025417925155578,13.133129119873047,39700,0.0,0.0
2012-10-17,13.194679836832472,13.479347050922032,13.194679836832472,13.456265449523926,69600,0.0,0.0
2012-10-18,13.456262840092062,13.456262840092062,13.233146606330713,13.240839004516602,33900,0.0,0.0
2012-10-19,13.148517012678575,13.294697541184673,12.917706887631041,13.04080581665039,73300,0.0,0.0
2012-10-22,13.002333117321465,13.179287598533946,12.979252991266119,13.125432014465332,53500,0.0,0.0
2012-10-23,12.986949721608525,13.056193057787869,12.809995181352463,13.002337455749512,40800,0.0,0.0
2012-10-24,13.102354000916035,13.102354000916035,12.771525111206532,12.833074569702148,29900,0.0,0.0
2012-10-25,12.948475524597047,13.063880539335184,12.840764373168703,13.05618667602539,35200,0.0,0.0
2012-10-26,13.071576525584607,13.071576525584607,12.702279831463768,12.879234313964844,57300,0.0,0.0
2012-10-31,13.010031883984825,13.325473110205579,12.925400810014079,13.148518562316895,85600,0.0,0.0
2012-11-01,13.379324717912011,13.44856803639377,12.94078467916402,13.394712448120117,94700,0.0,0.0
2012-11-02,13.487037237221319,13.587054547739871,13.356244466571082,13.363938331604004,71600,0.0,0.0
2012-11-05,13.417792640527697,13.533197670112818,13.356243193585327,13.433178901672363,64200,0.0,0.0
2012-11-06,13.41010165853344,13.756316821702697,13.387020060673537,13.740930557250977,95000,0.0,0.0
2012-11-07,13.548588903706493,13.617832232861598,13.287003319666082,13.302391052246094,79400,0.0,0.0
2012-11-08,13.317776376767982,13.41779516401902,13.248533052503369,13.263920783996582,97700,0.0,0.0
2012-11-09,13.20237044824017,13.27930763313926,13.102353135089679,13.217758178710938,66300,0.0,0.0
2012-11-12,13.294695744744486,13.294695744744486,13.079271914342185,13.225452423095703,88000,0.0,0.0
2012-11-13,13.163902784324284,13.233146105012686,13.117739592228837,13.202370643615723,67000,0.0,0.0
2012-11-14,13.225450590393582,13.233144454783366,13.086963966286646,13.140819549560547,79100,0.0,0.0
2012-11-15,13.094662957955569,13.317779242803224,13.094662957955569,13.148518562316895,75300,0.0,0.0
2012-11-16,13.117743296958084,13.271617712490775,13.086969294324655,13.248536109924316,89300,0.0,0.0
2012-11-19,13.3793260919984,13.671687126159668,13.3793260919984,13.671687126159668,71700,0.0,0.0
2012-11-20,13.617831350967544,13.740930268725828,13.463956970042263,13.648605346679688,65300,0.0,0.0
2012-11-21,13.717851362640928,13.925581377407926,13.648608024385261,13.894805908203125,71600,0.0,0.0
2012-11-23,13.987131209820657,14.12561788991079,13.871726132230604,14.056374549865723,36900,0.0,0.0
2012-11-26,14.002520090918049,14.156393051147463,13.902501272686395,14.156393051147461,56700,0.0,0.0
2012-11-27,14.156389408290917,14.225632736185156,13.994822621507637,14.025596618652344,77400,0.0,0.0
2012-11-28,13.994821435759748,14.202549934387207,13.894802651740235,14.202549934387207,64300,0.0,0.0
2012-11-29,14.317956986070955,14.556460955630156,14.27948765713892,14.54876708984375,49300,0.0,0.0
2012-11-30,14.618010597164254,14.69494778853504,14.317957165018546,14.57184886932373,109000,0.0,0.0
2012-12-03,14.548770418331756,14.810356045096102,14.464139342774118,14.625707626342773,78800,0.0,0.0
2012-12-04,14.633399703234884,14.818048099393225,14.464137572831815,14.810354232788086,165600,0.0,0.0
2012-12-05,14.848824204974225,14.925761414485766,14.379510015118727,14.448753356933594,107100,0.0,0.0
2012-12-06,14.417974850353978,14.487218177589238,14.202551002571514,14.425668716430664,36800,0.0,0.0
2012-12-07,14.525688456074148,14.525688456074148,14.325653774635096,14.464138984680176,30500,0.0,0.0
2012-12-10,14.379510015118727,14.52568909898992,14.379510015118727,14.448753356933594,86700,0.0,0.0
2012-12-11,14.579542735206298,14.610316731281689,14.348731161093939,14.57184886932373,99800,0.0,0.0
2012-12-12,14.687255006195388,15.09502112332483,14.641093274949313,14.756498336791992,152200,0.0,0.0
2012-12-13,14.80265992241757,14.85651551958402,14.448750873920922,14.45644474029541,121600,0.0,0.0
2012-12-14,14.502608299255371,14.725724582421222,14.448752695299998,14.502608299255371,91300,0.0,0.0
2012-12-17,14.587238464706747,14.694951144204554,14.517996590861651,14.648789405822754,115500,0.0,0.0
2012-12-18,14.664175319572212,15.118103227155993,14.664175319572212,15.102715492248535,118800,0.0,0.0
2012-12-19,15.070901604073796,15.301537294922309,15.054995275901915,15.17428970336914,109000,0.64,0.0
2012-12-20,15.166333692672419,15.452641478384624,15.047039287595888,15.436735153198242,124300,0.0,0.0
2012-12-21,15.389021389259888,15.587845951092934,15.229961133029043,15.365161895751953,394600,0.0,0.0
2012-12-24,15.53217473598171,15.548079547481544,15.285631196347182,15.33335018157959,71800,0.0,0.0
2012-12-26,15.40492714251723,15.484455750749305,15.309490688963386,15.33335018157959,60500,0.0,0.0
2012-12-27,15.39697241281502,15.675325547147487,15.21405268851121,15.532173156738281,100700,0.0,0.0
2012-12-28,15.476502529985556,15.738952397071772,15.476502529985556,15.548079490661621,75900,0.0,0.0
2012-12-31,15.611701134489524,16.26384685482715,15.611701134489524,16.22408103942871,165000,0.0,0.0
2013-01-02,16.71716557938325,16.71716557938325,16.343374520491793,16.518341064453125,190900,0.0,0.0
2013-01-03,16.55810677630986,16.58991942953562,16.367235407687676,16.47857666015625,117200,0.0,0.0
2013-01-04,16.574013952355497,16.58992027978359,16.33542510857758,16.42290687561035,114900,0.0,0.0
2013-01-07,16.359281777961897,16.359281777961897,16.16045725170196,16.22408103942871,68200,0.0,0.0
2013-01-08,16.096837414900723,16.13660324005958,15.961636643182871,16.01730728149414,105700,0.0,0.0
2013-01-09,16.120693687144165,16.375188849637613,16.120693687144165,16.128646850585938,83400,0.0,0.0
2013-01-10,16.22408888567508,16.22408888567508,15.993453112467746,16.049123764038086,66000,0.0,0.0
2013-01-11,16.096840680597545,16.152511330203172,15.834392248948564,15.969593048095703,174500,0.0,0.0
2013-01-14,15.953680635160438,16.06502340885251,15.953680635160438,16.03321075439453,85400,0.0,0.0
2013-01-15,15.9059587404324,16.45471474171224,15.9059587404324,16.40699577331543,96400,0.0,0.0
2013-01-16,16.319520528037746,16.319520528037746,15.985495200847113,16.065025329589844,200400,0.0,0.0
2013-01-17,16.192270605341463,16.391095140212904,16.128646814859035,16.34337615966797,90500,0.0,0.0
2013-01-18,16.343376300994766,16.343376300994766,16.001399372263787,16.168411254882812,66500,0.0,0.0
2013-01-22,16.16841480174745,16.34337988624149,16.08888466628246,16.33542823791504,72000,0.0,0.0
2013-01-23,16.359283598977385,16.359283598977385,16.04911778889756,16.18431854248047,72300,0.0,0.0
2013-01-24,16.232038130973255,16.43881587035706,16.12865001973691,16.32747459411621,71600,0.0,0.0
2013-01-25,16.383136607572826,16.43880721638627,16.216123264222176,16.311559677124023,91100,0.0,0.0
2013-01-28,16.383141976788746,16.494483230905292,16.30361185945801,16.34337615966797,118800,0.0,0.0
2013-01-29,16.35928356080226,16.43086051940918,16.279753438248914,16.43086051940918,135700,0.0,0.0
2013-01-30,16.383146468364338,16.422910779476016,16.049121097528058,16.176368713378906,79300,0.0,0.0
2013-01-31,16.096837526224054,16.152508164920334,15.937778775221988,16.120697021484375,77700,0.0,0.0
2013-02-01,16.168411006336456,16.6296838634597,16.12864670639391,16.581966400146484,119500,0.0,0.0
2013-02-04,16.478580348922378,16.51834617435625,16.072978030963732,16.120697021484375,79300,0.0,0.0
2013-02-05,16.200224286902092,16.351329846061446,16.080928348635094,16.136600494384766,103800,0.0,0.0
2013-02-06,16.06502668748078,16.399052042904795,16.041167191767936,16.33542823791504,95700,0.0,0.0
2013-02-07,16.351330396855836,16.454720011248458,16.12864787399957,16.43086051940918,72500,0.0,0.0
2013-02-08,16.446766596343195,16.605825322111915,16.319519008963866,16.56606101989746,35400,0.0,0.0
2013-02-11,16.5581116741466,16.645594979483928,16.486534700127187,16.597877502441406,53900,0.0,0.0
2013-02-12,16.717168056851644,17.250017896508638,16.701261729241374,17.122770309448242,126600,0.0,0.0
2013-02-13,17.210252179949144,17.409076725528635,17.01938079822214,17.162534713745117,90400,0.0,0.0
2013-02-14,17.07505214999584,17.162535439159992,16.90804025276715,17.003475189208984,59400,0.0,0.0
2013-02-15,17.00347795347168,17.11482075330282,16.892136670551753,16.94780731201172,89900,0.0,0.0
2013-02-19,16.987567206635635,17.409074211573515,16.987567206635635,17.393169403076172,104500,0.0,0.0
2013-02-20,17.44883963874612,17.44883963874612,16.92394304718888,16.931896209716797,84100,0.0,0.0
2013-02-21,16.923948560674575,16.98757236471462,16.621734353801006,16.788747787475586,71300,0.0,0.0
2013-02-22,16.931898670346918,17.226158142089844,16.87622652456095,17.226158142089844,139200,0.0,0.0
2013-02-25,17.345450372573783,17.448839970491726,16.796695799910264,16.80464744567871,76600,0.0,0.0
2013-02-26,16.884185025419548,17.130728626815607,16.86032704373766,17.043245315551758,130300,0.0,0.0
2013-02-27,17.043248028765856,17.37727347768988,17.01143535891043,17.305696487426758,139600,0.0,0.0
2013-02-28,17.28183079235411,17.56813865081252,17.210253827739507,17.29773712158203,125300,0.0,0.0
2013-03-01,16.51038697162003,16.74102260715125,14.919790941794329,15.54012393951416,337800,0.0,0.0
2013-03-04,15.444693288448379,15.62761153625312,15.134527432004589,15.563987731933594,211100,0.0,0.0
2013-03-05,15.587843536098328,15.691231624792941,15.277676236192903,15.373112678527832,240300,0.0,0.0
2013-03-06,15.34925454541818,15.37311403733852,15.047041898981817,15.062948226928711,260200,0.0,0.0
2013-03-07,15.062946304435359,15.333347777377346,15.0470399785186,15.29358196258545,108900,0.0,0.0
2013-03-08,15.468553061257952,15.508317370828939,15.309492789151646,15.444693565368652,110200,0.0,0.0
2013-03-11,15.46059667441088,15.579891095177441,15.444690347132441,15.52422046661377,109000,0.0,0.0
2013-03-12,15.508318804431738,15.60375527989999,15.404930679843172,15.420835494995117,96300,0.0,0.0
2013-03-13,15.444695562301817,15.532178874962622,15.404931247589472,15.48445987701416,67800,0.0,0.0
2013-03-14,15.49240698023524,15.659420373869795,15.444689517872844,15.595796585083008,64600,0.0,0.0
2013-03-15,15.611704047152136,15.699187340439634,15.4049278361452,15.468551635742188,165300,0.0,0.0
2013-03-18,15.325394614418967,15.420829536098063,15.269723990621038,15.29358196258545,63500,0.0,0.0
2013-03-19,15.309490096007854,15.436737684543878,15.110665549306454,15.253819465637207,73400,0.0,0.0
2013-03-20,15.301536093721639,15.325395584106445,15.150429021772851,15.325395584106445,56000,0.0,0.0
2013-03-21,15.222008510581821,15.349256113333372,15.110667237401984,15.14247989654541,63600,0.0,0.0
2013-03-22,15.16633765039352,15.182243979730726,14.911842448642458,14.967513084411621,52400,0.0,0.0
2013-03-25,14.967512018603257,15.10271277452,14.784593794983826,14.89593505859375,45600,0.0,0.0
2013-03-26,14.943654792021576,14.967512768612949,14.617581115132898,14.784594535827637,61400,0.0,0.0
2013-03-27,15.05499268427089,15.094756980944453,14.752778568673344,15.07089900970459,96800,0.0,0.0
2013-03-28,15.110665836200823,15.126572164297555,14.665299267868916,14.856170654296875,110200,0.0,0.0
2013-04-01,14.872076516116307,14.959558284083677,14.47442742763096,14.553956031799316,139800,0.0,0.0
2013-04-02,14.657345644275606,14.864123352317293,14.530098057313166,14.553956031799316,87000,0.0,0.0
2013-04-03,14.617579262486245,14.617579262486245,14.251742843282093,14.259696006774902,103000,0.0,0.0
2013-04-04,14.219934653794668,14.386948105757424,14.132452861729709,14.363088607788086,65300,0.0,0.0
2013-04-05,14.076780812986373,14.371040340708333,14.076780812986373,14.355134010314941,92400,0.0,0.0
2013-04-08,14.371035240478964,14.50623596701822,14.01315203510607,14.466471672058105,172600,0.0,0.0
2013-04-09,14.450568778588671,14.546005232829142,14.227884729968224,14.498286247253418,160800,0.0,0.0
2013-04-10,14.545999340370411,14.927741968869697,14.442609763749545,14.880023002624512,130100,0.0,0.0
2013-04-11,14.848217478576537,14.927747602086738,14.728923051766705,14.824357986450195,65900,0.0,0.0
2013-04-12,14.736870654620054,14.895929324706241,14.665293722162643,14.880023002624512,66800,0.0,0.0
2013-04-15,14.720971780766401,14.720971780766401,13.830237013347896,13.893860816955566,145900,0.0,0.0
2013-04-16,14.021105426221329,14.18811882305063,13.869999873031496,14.132448196411133,107800,0.0,0.0
2013-04-17,13.989295399931372,14.044966030989153,13.528022506567131,13.647316932678223,104800,0.0,0.0
2013-04-18,13.655272866144287,13.710943508492813,13.535978415838697,13.607555389404297,98100,0.0,0.0
2013-04-19,13.639361162719974,13.85409199883961,13.528019921877483,13.790468215942383,85400,0.0,0.0
2013-04-22,13.909767147085265,14.021108424170905,13.52802432543925,13.893860816955566,64100,0.0,0.0
2013-04-23,14.060872044172694,14.32332038250554,13.973388759091447,14.307414054870605,64600,0.0,0.0
2013-04-24,14.339226710140474,14.410803667586787,14.19607279524785,14.307414054870605,77700,0.0,0.0
2013-04-25,14.394896385089814,14.713015332132132,14.29945994252172,14.60167407989502,55400,0.0,0.0
2013-04-26,14.538051267595673,14.713016321000733,14.211979135347988,14.339226722717285,108200,0.0,0.0
2013-04-29,14.39489956407,14.514194005942093,14.30741626547194,14.490334510803223,58300,0.0,0.0
2013-04-30,14.426707521338647,14.61757888956404,14.41875435804874,14.60167407989502,67400,0.0,0.0
2013-05-01,14.49033081220732,14.498283975223599,13.965434188418861,14.02110481262207,100600,0.0,0.0
2013-05-02,14.084727684814334,14.434659250243262,14.06882287672579,14.331271171569824,43400,0.0,0.0
2013-05-03,14.61758017810598,14.951605481172496,14.601675367034947,14.80049991607666,72500,0.0,0.0
2013-05-06,14.720974078106773,14.911845518716987,14.378995511505044,14.458525657653809,67500,0.0,0.0
2013-05-07,14.458521725552703,14.51419235764339,14.11654325195453,14.371038436889648,76600,0.0,0.0
2013-05-08,14.371042818759822,14.697115063494397,14.315372169694614,14.450572967529297,159700,0.0,0.0
2013-05-09,14.386946855891965,14.705065883290029,14.180169108855429,14.196075439453125,173900,0.0,0.0
2013-05-10,14.235839107343919,14.5221469775522,14.164262139791848,14.410805702209473,52600,0.0,0.0
2013-05-13,14.37899272907643,14.434663365534524,14.052920558183814,14.211980819702148,58000,0.0,0.0
2013-05-14,14.251743190710865,14.498285197354765,14.227883699650796,14.474427223205566,69300,0.0,0.0
2013-05-15,14.418757078618054,14.56986417581599,14.355133277204882,14.530099868774414,50000,0.0,0.0
2013-05-16,14.474426148341765,14.593720560961625,14.315365920241446,14.402849197387695,21600,0.0,0.0
2013-05-17,14.498288453991385,14.760736846960384,14.474430474483155,14.713019371032715,58300,0.0,0.0
2013-05-20,14.67325364068898,14.83231238402662,14.617581487764191,14.73687744140625,57100,0.0,0.0
2013-05-21,14.68915415089174,14.864120689301732,14.410801052349697,14.466471672058105,50400,0.0,0.0
2013-05-22,14.442618662813654,14.58577261593521,13.917721845975484,14.005205154418945,105400,0.0,0.0
2013-05-23,13.862049783592889,14.052921195930328,13.830237123081076,13.9972505569458,65200,0.0,0.0
2013-05-24,13.949533749346939,14.148358336308592,13.917721087315691,14.100639343261719,60300,0.0,0.0
2013-05-28,14.227883437784985,14.641438840416095,14.227883437784985,14.561908721923828,86100,0.0,0.0
2013-05-29,14.482379080806416,14.673251978243831,14.3869441489986,14.569862365722656,61600,0.0,0.0
2013-05-30,14.58576761082945,14.689155698766676,14.442613706831153,14.482378005981445,101500,0.0,0.0
2013-05-31,14.339225618893925,14.69710886197889,14.339225618893925,14.482378005981445,128600,0.0,0.0
2013-06-03,14.482379657613409,14.768687498261762,14.34718041831941,14.61758041381836,141400,0.0,0.0
2013-06-04,14.60167383094929,14.649391292964399,14.116541496911587,14.44261360168457,188900,0.0,0.0
2013-06-05,14.442614568458808,14.593721644684171,14.33127331066689,14.474427223205566,112100,0.0,0.0
2013-06-06,14.490334049147416,14.641441146390461,14.434663412508156,14.546006202697754,80500,0.0,0.0
2013-06-07,14.673254862783075,14.689159676603762,14.458523948636312,14.585771560668945,82100,0.0,0.0
2013-06-10,14.665298600953507,14.681203411416018,14.35513128481609,14.474427223205566,93400,0.0,0.0
2013-06-11,14.315370941522415,14.482382874389424,14.204029652944408,14.251747131347656,53500,0.0,0.0
2013-06-12,14.442613983065936,14.633485353077416,14.108588706318145,14.132448196411133,62500,0.0,0.0
2013-06-13,14.116543824829938,14.514192946656134,13.782518501819494,14.434662818908691,60500,0.0,0.0
2013-06-14,14.434663365534524,14.434663365534524,14.076780052484887,14.211980819702148,62600,0.0,0.0
2013-06-17,14.33127688587023,14.4426181714383,14.124499129164354,14.283557891845703,52200,0.0,0.0
2013-06-18,14.275603506587988,14.633486791701614,14.275603506587988,14.386944770812988,138000,0.0,0.0
2013-06-19,14.426711544525933,14.426711544525933,14.0767813636495,14.100639343261719,27200,0.0,0.0
2013-06-20,13.838188443592419,13.893859075156106,13.567786932930844,13.750706672668457,87900,0.0,0.0
2013-06-21,13.814331363830338,14.005202763098277,13.623458447651359,13.981343269348145,121100,0.0,0.0
2013-06-24,13.75866174971244,13.909768870848223,13.528026001894863,13.78252124786377,73400,0.0,0.0
2013-06-25,13.893858658815825,14.09268320382017,13.877953848067758,14.029059410095215,48000,0.0,0.0
2013-06-26,14.148354298882293,14.148354298882293,13.655268796485146,13.742752075195312,83400,0.0,0.0
2013-06-27,13.822278764023979,13.989292135130917,13.695031203614205,13.97338581085205,83400,0.0,0.0
2013-06-28,13.885905887601076,13.989295503396711,13.679129689831687,13.687081336975098,131700,0.0,0.0
2013-07-01,13.862048265261622,14.060872820949456,13.798424468117954,13.949531555175781,77700,0.0,0.0
2013-07-02,13.90181570479778,13.981345848390895,13.63936729277843,13.78252124786377,53800,0.0,0.0
2013-07-03,13.71889591217041,13.862049851351017,13.702989581836754,13.71889591217041,37300,0.0,0.0
2013-07-05,13.901812777918435,14.07677936036819,13.798424674852582,14.060873031616211,62000,0.0,0.0
2013-07-08,14.108590500961144,14.13244999408911,13.909765942294424,14.060873031616211,84600,0.0,0.0
2013-07-09,14.132452775657818,14.188123420335911,13.82228537159068,14.005205154418945,111400,0.0,0.0
2013-07-10,14.06087100427674,14.06087100427674,13.909763936742031,13.989294052124023,67800,0.0,0.0
2013-07-11,14.219929959597138,14.259695776418786,14.084729216225156,14.132448196411133,69300,0.0,0.0
2013-07-12,14.116541973658466,14.21993006433464,14.060871346608923,14.172212600708008,114300,0.0,0.0
2013-07-15,14.219930913008694,14.386944321035834,14.076778513585172,14.11654281616211,123800,0.0,0.0
2013-07-16,14.204025625683755,14.25174309055769,13.965435267492353,14.124495506286621,99600,0.0,0.0
2013-07-17,14.227887170197127,14.601678370094444,14.172216527721671,14.593725204467773,67600,0.0,0.0
2013-07-18,14.681204480020973,14.681204480020973,14.426709291166372,14.514192581176758,116400,0.0,0.0
2013-07-19,14.490331663692453,14.546003808077828,14.418754709250662,14.522144317626953,49000,0.0,0.0
2013-07-22,14.593724139493865,14.609630469586445,14.442617037436612,14.490334510803223,71200,0.0,0.0
2013-07-23,14.52214574004128,14.705063967348622,14.482379918728176,14.498286247253418,110100,0.0,0.0
2013-07-24,14.617579349795163,14.617579349795163,14.418754812019918,14.561908721923828,54700,0.0,0.0
2013-07-25,14.538055803802573,14.538055803802573,14.418759826123743,14.458525657653809,88000,0.0,0.0
2013-07-26,14.386943081256431,14.514190658830302,14.323319292469497,14.482378005981445,37600,0.0,0.0
2013-07-29,14.458520033255581,14.561908121192808,14.410802570893074,14.482378005981445,55500,0.0,0.0
2013-07-30,14.60167789140082,14.673254862783075,14.490335093188875,14.585771560668945,72000,0.0,0.0
2013-07-31,14.601673937253878,14.665297726040812,14.47442635968001,14.482378005981445,54400,0.0,0.0
2013-08-01,14.569865707587763,14.625536350063218,14.418758594503501,14.593725204467773,161000,0.0,0.0
2013-08-02,14.59372351056463,14.74483060610979,14.553957687046923,14.73687744140625,161000,0.0,0.0
2013-08-05,14.673255063543985,14.784596346368124,14.673255063543985,14.728925704956055,58700,0.0,0.0
2013-08-06,14.720971111999166,14.872078207544327,14.633487817171273,14.73687744140625,83200,0.0,0.0
2013-08-07,14.657347942953056,14.657347942953056,14.31536943051823,14.490334510803223,95100,0.0,0.0
2013-08-08,14.64143990617604,14.824358130185399,14.546004970567221,14.61758041381836,152100,0.0,0.0
2013-08-09,14.538052073973494,14.736876629880026,14.482379924114444,14.514192581176758,56700,0.0,0.0
2013-08-12,14.378991569045272,14.657346245790439,14.378991569045272,14.649393081665039,60100,0.0,0.0
2013-08-13,14.64143788945212,14.64143788945212,14.49033082582233,14.577814102172852,46200,0.0,0.0
2013-08-14,14.553957850579579,14.689158618236814,14.482380884354509,14.546006202697754,157500,0.0,0.0
2013-08-15,14.339225746972462,14.450566999116408,14.283553603989697,14.29150676727295,123300,0.0,0.0
2013-08-16,14.283558277979392,14.347183605065439,14.219934467804633,14.251747131347656,140000,0.0,0.0
2013-08-19,14.219935349384803,14.251748014900087,13.838192464669689,13.862051963806152,58800,0.0,0.0
2013-08-20,13.85409141258171,14.076775401754102,13.726843852171935,13.97338581085205,58000,0.0,0.0
2013-08-21,13.941576348023354,14.100635059119746,13.655268544374788,13.846139907836914,67400,0.0,0.0
2013-08-22,13.88590666359529,14.259697810483917,13.750707417848707,14.20402717590332,60500,0.0,0.0
2013-08-23,14.211978789314553,14.25174309055769,13.973388431123151,14.124495506286621,76100,0.0,0.0
2013-08-26,14.13244904183503,14.204025999485026,14.00520145421524,14.076778411865234,68200,0.0,0.0
2013-08-27,13.9177205243753,14.140404598853321,13.9177205243753,14.068827629089355,91500,0.0,0.0
2013-08-28,14.037013538488246,14.156307970306077,14.00520239789529,14.060873031616211,46000,0.0,0.0
2013-08-29,14.068822986716036,14.211976879006624,13.99724604057074,14.140399932861328,77100,0.0,0.0
2013-08-30,14.076779518269886,14.076779518269886,13.806377994097126,13.870001792907715,67500,0.0,0.0
2013-09-03,14.037013695943882,14.092684330289272,13.798424829631925,13.870001792907715,70300,0.0,0.0
2013-09-04,13.933624363569985,14.037012458682646,13.933624363569985,13.95748233795166,62800,0.0,0.0
2013-09-05,13.997248156772596,14.068825113739395,13.95748233795166,13.95748233795166,52400,0.0,0.0
2013-09-06,14.068825229242623,14.172213325204089,13.790470562854358,14.029059410095215,56900,0.0,0.0
2013-09-09,14.052918920344936,14.14835536951523,13.99724829037514,14.076778411865234,59100,0.0,0.0
2013-09-10,14.124497033082317,14.211980325566808,14.013155764037347,14.1563081741333,78700,0.0,0.0
2013-09-11,14.180166234441527,14.474427223205565,14.100636114485502,14.474427223205566,156300,0.0,0.0
2013-09-12,14.458521667944794,14.975465199898434,14.347180404207043,14.94365406036377,159700,0.0,0.0
2013-09-13,14.951609625704984,14.951609625704984,14.593726248372468,14.633490562438965,70300,0.0,0.0
2013-09-16,14.792546401459047,14.87207652257282,14.514191736016283,14.569862365722656,50900,0.0,0.0
2013-09-17,14.561913785809244,14.561913785809244,14.402855010423085,14.458525657653809,75400,0.0,0.0
2013-09-18,14.482380880031224,14.641441142019692,14.315368970163304,14.530099868774414,67100,0.0,0.0
2013-09-19,14.538048845827344,14.585766303914268,14.25969422598412,14.331271171569824,72000,0.0,0.0
2013-09-20,14.418754224807389,14.450566877673042,14.180165395958108,14.219929695129395,172300,0.0,0.0
2013-09-23,14.219934083390914,14.363088031642,14.140405460505864,14.283557891845703,106800,0.0,0.0
2013-09-24,14.25969801695707,14.35513295850251,14.227885358501227,14.31536865234375,101800,0.0,0.0
2013-09-25,14.29944594591036,14.33129399482617,14.211866848588997,14.24371337890625,54400,0.02,0.0
2013-09-26,14.243713965280465,14.32333257224911,14.156134864353712,14.315370559692383,36800,0.0,0.0
2013-09-27,14.203901116250103,14.243709648370151,14.124282533411849,14.148168563842773,41900,0.0,0.0
2013-09-30,13.988933236234645,14.275559564674209,13.98097122504484,14.195940971374512,132100,0.0,0.0
2013-10-01,14.148169902856383,14.251673007323163,14.148169902856383,14.211864471435547,99700,0.0,0.0
2013-10-02,14.13224489050654,14.211863475299454,13.980969731259819,14.076512336730957,54400,0.0,0.0
2013-10-03,14.012819813097103,14.211865544764395,13.957087251206007,13.996895790100098,88500,0.0,0.0
2013-10-04,14.044663776522171,14.164092408598586,14.044663776522171,14.092435836791992,46300,0.0,0.0
2013-10-07,14.004854202270508,14.076510768742457,13.98096817391385,14.004854202270508,82200,0.0,0.0
2013-10-08,13.97301033038758,14.05262893004931,13.933201789855955,13.933201789855957,81000,0.0,0.0
2013-10-09,13.965047836303711,14.068550938015512,13.933199793562688,13.965047836303711,90700,0.0,0.0
2013-10-10,14.140208675382462,14.259635808260342,14.068552091936057,14.156132698059082,40200,0.0,0.0
2013-10-11,14.124284298963525,14.323330021641024,14.092437773006266,14.227788925170898,54400,0.0,0.0
2013-10-14,14.180014916023888,14.379060611437017,14.180014916023888,14.275557518005371,59600,0.0,0.0
2013-10-15,14.203901292327606,14.410909002833959,14.195939282085265,14.387022972106934,109000,0.0,0.0
2013-10-16,14.506453095524481,14.657728284289787,14.40294997811569,14.426836013793945,100300,0.0,0.0
2013-10-17,14.426832295337018,14.625877985557132,14.39498425597471,14.578105926513672,139000,0.0,0.0
2013-10-18,14.681613086962416,14.801040218126868,14.554223944573888,14.785116195678711,57100,0.0,0.0
2013-10-21,14.856775222241026,14.856775222241026,14.729386058895226,14.769194602966309,57600,0.0,0.0
2013-10-22,14.816961990626377,15.039892196655273,14.713457379028844,15.039892196655273,173500,0.0,0.0
2013-10-23,15.00804554031473,15.063778091321081,14.928426959477891,14.936388969421387,96900,0.0,0.0
2013-10-24,15.000088907123084,15.342447864420691,14.96824085593323,15.278753280639648,132800,0.0,0.0
2013-10-25,15.374287944679267,15.525563087146086,15.215052311354533,15.302631378173828,44300,0.0,0.0
2013-10-28,15.390215135814554,15.453909705992746,15.302634532345163,15.398177146911621,82600,0.0,0.0
2013-10-29,15.493719851304496,15.493719851304496,15.26282757991368,15.422064781188965,133400,0.0,0.0
2013-10-30,15.46983488291249,15.485758906295251,15.2469031113492,15.27078914642334,112800,0.0,0.0
2013-10-31,15.262825512404088,15.374290627038572,14.928428649902344,14.928428649902344,112500,0.0,0.0
2013-11-01,15.055814960558898,15.246898629183361,14.785112717024738,15.063776969909668,133400,0.0,0.0
2013-11-04,15.119510524398425,15.20709111449565,14.984159393610945,15.199129104614258,77900,0.0,0.0
2013-11-05,15.135434544161214,15.230975625541724,14.99212140349234,15.199129104614258,76600,0.0,0.0
2013-11-06,15.2309809877584,15.262829038496395,15.071745289864353,15.1354398727417,47000,0.0,0.0
2013-11-07,15.16728430725225,15.24690290448738,14.912506010978587,14.944354057312012,107900,0.0,0.0
2013-11-08,14.928430290564286,15.039895417448992,14.904544255403938,14.968238830566406,99200,0.0,0.0
2013-11-11,14.968238573463648,15.111551744767192,14.9284300341453,14.944354057312012,57900,0.0,0.0
2013-11-12,14.944354314004517,14.968238830566406,14.904544255403938,14.968238830566406,49000,0.0,0.0
2013-11-13,14.928427781472465,15.055816910386506,14.928427781472465,15.016008377075195,96000,0.0,0.0
2013-11-14,15.111547866290437,15.230974972192172,15.095623847210728,15.17524242401123,121600,0.0,0.0
2013-11-15,15.215056638094627,15.215056638094627,14.928430290564286,14.968238830566406,144500,0.0,0.0
2013-11-18,14.976199380692305,15.047855960581606,14.689574579733419,14.801039695739746,116400,0.0,0.0
2013-11-19,14.840848166091297,14.840848166091297,14.402948196351245,14.5303373336792,108700,0.0,0.0
2013-11-20,14.641801313586962,14.76122994934266,14.570144739572818,14.65772533416748,71000,0.0,0.0
2013-11-21,14.729381565867074,14.952313293018774,14.705495535551414,14.912503242492676,61400,0.0,0.0
2013-11-22,14.928427479581241,14.944351500023023,14.840846885749617,14.920465469360352,77300,0.0,0.0
2013-11-25,14.960274532586729,15.127472180390283,14.9284264938062,15.087663650512695,81000,0.0,0.0
2013-11-26,15.111554732229294,15.238943905550189,14.928432985405351,15.047860145568848,112700,0.0,0.0
2013-11-27,15.087664003470957,15.238937635423119,15.008045423255126,15.199129104614258,92700,0.0,0.0
2013-11-29,15.246899208766322,15.764417687454849,15.183204650136936,15.716647148132324,148300,0.0,0.0
2013-12-02,15.716650364992839,15.867925542174683,15.52556664999395,15.644993782043457,180100,0.0,0.0
2013-12-03,15.644993998002075,15.756460638905526,15.302635101095525,15.33448314666748,98500,0.0,0.0
2013-12-04,15.31856251852543,15.541494331136361,14.968241532593606,15.047860145568848,95800,0.0,0.0
2013-12-05,15.008044518725395,15.167280150961872,14.97619648111929,15.151357650756836,72200,0.0,0.0
2013-12-06,15.342440869513638,15.366325378417969,15.286708323939573,15.366325378417969,90800,0.0,0.0
2013-12-09,15.334484624601494,15.374293166804781,15.207095467232724,15.318560600280762,109500,0.0,0.0
2013-12-10,15.334484624601494,15.366331154644415,15.230979985115278,15.318560600280762,63900,0.0,0.0
2013-12-11,15.294672771584512,15.302634782811896,15.016009971617857,15.103589057922363,110900,0.0,0.0
2013-12-12,15.127472788222702,15.230975881222099,15.023969695223304,15.039892196655273,96900,0.0,0.0
2013-12-13,15.11155088234722,15.358368671550007,15.047856311913868,15.230978012084961,81900,0.0,0.0
2013-12-16,15.28670682977556,15.597217563965467,15.28670682977556,15.430018424987793,113800,0.0,0.0
2013-12-17,15.477793604082738,15.525564145476727,15.207091338519907,15.390213012695312,111700,0.0,0.0
2013-12-18,15.366328276295402,15.549451484484948,15.183206586704115,15.501679420471191,107600,0.0,0.0
2013-12-19,15.501684159103677,15.541494224617812,15.159326707274438,15.215059280395508,86600,0.0,0.0
2013-12-20,15.191170903860286,15.700727515253984,15.191170903860286,15.65295696258545,361300,0.0,0.0
2013-12-23,15.844038657679741,16.003275837595435,15.724611532042116,15.867924690246582,192800,0.0,0.0
2013-12-24,15.788310935881867,16.05105130019523,15.788310935881867,15.97143268585205,70900,0.0,0.0
2013-12-26,16.066968483917734,16.146587064351635,15.93957936266273,16.051044464111328,92600,0.0,0.0
2013-12-27,16.13066301827581,16.44913582089467,15.995311887338033,16.401365280151367,153400,0.0,0.0
2013-12-30,16.449140225720203,16.520796815322736,16.313789058537473,16.337675094604492,82200,0.0,0.0
2013-12-31,16.377831541205808,16.586671172239022,16.28144496198251,16.570606231689453,91900,0.18,0.0
2014-01-02,16.482256233602843,16.49832117815919,16.11277016899404,16.40996551513672,77600,0.0,0.0
2014-01-03,16.40193265131995,16.434061007628255,16.152932144790327,16.185060501098633,92400,0.0,0.0
2014-01-06,16.28947945756939,16.353737695719996,15.992284148599564,16.000316619873047,110200,0.0,0.0
2014-01-07,16.00834310424048,16.24931102417716,16.00834310424048,16.072601318359375,78800,0.0,0.0
2014-01-08,16.112763632303867,16.128828570342925,15.86376322084571,15.895893096923828,134200,0.0,0.0
2014-01-09,16.016380233989484,16.016380233989484,15.767378241276022,15.911959648132324,96600,0.0,0.0
2014-01-10,15.96818902325774,16.47422406174868,15.871802418236824,16.337675094604492,138300,0.0,0.0
2014-01-13,16.35373676510673,16.377832645518748,16.024413121820466,16.080638885498047,98700,0.0,0.0
2014-01-14,16.09670382713083,16.241283705714405,16.016380651004074,16.080638885498047,100700,0.0,0.0
2014-01-15,16.13686430335337,16.27341324023139,16.056541128947984,16.104734420776367,46000,0.0,0.0
2014-01-16,16.016378685271388,16.152927608316716,15.887862232056603,16.032442092895508,51500,0.0,0.0
2014-01-17,16.072608280784294,16.08867322428229,15.863768611422355,15.944091796875,46900,0.0,0.0
2014-01-21,16.096703484475487,16.12883183501997,15.863766431870205,16.016380310058594,71700,0.0,0.0
2014-01-22,15.99228670627853,16.096707317496744,15.871802681981547,15.960158348083496,39500,0.0,0.0
2014-01-23,15.879833821250681,16.040478662812905,15.735252391418527,15.84770393371582,88600,0.0,0.0
2014-01-24,15.743282775444257,15.743282775444257,15.205119486904879,15.325603485107422,102600,0.0,0.0
2014-01-27,15.381831742845954,15.381831742845954,14.948088972581287,14.956121444702148,115800,0.0,0.0
2014-01-28,14.93202341497792,15.140863085429602,14.899893527814271,15.076604843139648,111100,0.0,0.0
2014-01-29,15.028409313988359,15.100700024709703,14.779408828191102,14.923990249633789,98500,0.0,0.0
2014-01-30,15.028409331551504,15.116764985211354,14.956120152782951,15.036441802978516,77000,0.0,0.0
2014-01-31,14.795470755355312,14.923987207768024,14.546470320310304,14.626791954040527,91900,0.0,0.0
2014-02-03,14.63482683016206,14.658924243465536,14.032405285910052,14.088632583618164,141700,0.0,0.0
2014-02-04,14.09666204467089,14.16895274496455,13.751275015757576,13.759305953979492,154600,0.0,0.0
2014-02-05,13.759308188531751,13.815535489476005,13.566533467120491,13.767340660095215,101500,0.0,0.0
2014-02-06,13.855695437564911,13.992244381419503,13.799469672219587,13.927986145019531,69300,0.0,0.0
2014-02-07,13.976181687677775,14.120763125846027,13.960116742984091,14.104698181152344,83600,0.0,0.0
2014-02-10,14.136824874015272,14.2171480472841,14.048469230215849,14.096662521362305,104200,0.0,0.0
2014-02-11,14.120762215990004,14.34566683109774,14.024374086076017,14.29747200012207,98400,0.0,0.0
2014-02-12,14.361730308366129,14.562537508903917,14.353699368537493,14.458118438720703,64400,0.0,0.0
2014-02-13,14.369762780232124,14.5866349245019,14.321569481073514,14.458118438720703,82500,0.0,0.0
2014-02-14,14.490245129400165,14.54647088802045,14.39385702031038,14.450082778930664,45800,0.0,0.0
2014-02-18,14.514344836069906,14.586635553945996,14.353699987929927,14.393860816955566,61700,0.0,0.0
2014-02-19,14.33763018130059,14.602695546277644,14.225177140496726,14.233209609985352,75000,0.0,0.0
2014-02-20,14.289437596001228,14.514340624546161,14.289437596001228,14.361726760864258,48500,0.0,0.0
2014-02-21,14.45811593718691,14.538439109912035,14.401890175890452,14.490245819091797,71300,0.0,0.0
2014-02-24,14.562536577119182,14.67498964401043,14.425987628209086,14.48221492767334,45100,0.0,0.0
2014-02-25,14.498281478881836,14.634830457370457,14.474185591643462,14.498281478881836,71400,0.0,0.0
2014-02-26,14.498276741734795,14.650890616542545,14.458115921434537,14.522374153137207,68000,0.0,0.0
2014-02-27,14.522374834580308,14.658923774860495,14.442051658173641,14.650891304016113,55400,0.0,0.0
2014-02-28,14.74728073954281,14.85169980577362,14.562536957692451,14.683022499084473,47200,0.0,0.0
2014-03-03,14.642857569226857,14.763341557418318,14.417954533146002,14.69908332824707,58100,0.0,0.0
2014-03-04,14.923986937828694,15.341666166633665,14.915954468193567,15.261343002319336,146700,0.0,0.0
2014-03-05,15.205119073147655,15.24527989410994,14.932021200900197,15.068570137023926,72100,0.0,0.0
2014-03-06,15.092666302634768,15.333634272586183,14.97218078562207,15.172987937927246,62400,0.0,0.0
2014-03-07,15.341670455974265,15.82360804456708,15.261347269202568,15.791478157043457,207500,0.0,0.0
2014-03-10,15.711155952514915,16.04047966003418,15.558543573348642,16.04047966003418,106200,0.0,0.0
2014-03-11,16.056536381820482,16.36176404791273,15.984245699432144,16.072601318359375,187700,0.0,0.0
2014-03-12,16.064575212422202,16.193091691558596,15.911961318933752,16.177026748657227,168600,0.0,0.0
2014-03-13,16.281444961828758,16.353735662264075,15.751314179994468,15.807539939880371,137000,0.0,0.0
2014-03-14,15.799507703055767,15.86376593416584,15.606733009725541,15.654926300048828,111600,0.0,0.0
2014-03-17,15.799508996280611,15.839669819497757,15.518378637648988,15.662960052490234,112200,0.0,0.0
2014-03-18,15.695092152503902,15.78344628246277,15.446090110884809,15.703123092651367,92000,0.0,0.0
2014-03-19,15.638862256490597,15.711152962141508,15.462152493809016,15.518378257751465,117100,0.0,0.0
2014-03-20,15.518377367435285,15.670991240835617,15.389860905215135,15.654926300048828,74700,0.0,0.0
2014-03-21,15.679023479559152,15.83163581866744,15.590667838574419,15.807539939880371,225300,0.0,0.0
2014-03-24,15.807542841216705,15.976220151833655,15.719187184015064,15.944091796875,174000,0.0,0.0
2014-03-25,16.064568850089927,16.217182683136052,15.99227816770159,16.072601318359375,101300,0.0,0.0
2014-03-26,16.185057595181753,16.22521994840301,16.04850865830373,16.104734420776367,109800,0.0,0.0
2014-03-27,16.104732789333443,16.104732789333443,15.91195810951127,16.032442092895508,122000,0.0,0.0
2014-03-28,16.00835071130945,16.409965123406376,16.00835071130945,16.185060501098633,86700,0.0,0.0
2014-03-31,16.152932212662275,16.54651415432654,16.152932212662275,16.458158493041992,133100,0.0,0.0
2014-04-01,16.458152630668152,16.819606087139835,16.458152630668152,16.779443740844727,186600,0.0,0.0
2014-04-02,16.80354096254746,17.028445503199006,16.787476024207308,16.988283157348633,145000,0.0,0.0
2014-04-03,17.036484779280208,17.349745102099092,16.924033219930532,17.277454376220703,164700,0.0,0.0
2014-04-04,17.38990350872257,17.38990350872257,16.61880458301391,16.642900466918945,327000,0.0,0.0
2014-04-07,16.642900564604627,17.012386617703427,16.426029947999506,16.940095901489258,186100,0.0,0.0
2014-04-08,17.02042037666204,17.277453372841435,16.940097182346605,17.173032760620117,150300,0.0,0.0
2014-04-09,17.221228596545863,17.462196661448765,17.148937870667474,17.277454376220703,115000,0.0,0.0
2014-04-10,17.24504962915503,17.552851606827936,17.058746846519757,17.074947357177734,203200,0.18,0.0
2014-04-11,16.937250893404798,17.147852956582685,16.840050891917258,16.961551666259766,163800,0.0,0.0
2014-04-14,17.0911488393056,17.115448061708012,16.70234583120877,16.888647079467773,83700,0.0,0.0
2014-04-15,16.872450643845593,16.985851162360404,16.499848057316242,16.53224754333496,205800,0.0,0.0
2014-04-16,16.62944236293225,16.66994209031072,16.507940090865702,16.645641326904297,78500,0.0,0.0
2014-04-17,16.64563814794103,16.937241073265866,16.57273741660982,16.88054084777832,100100,0.0,0.0
2014-04-21,16.912948373614224,17.147851185384006,16.742847616097627,17.123550415039062,70600,0.0,0.0
2014-04-22,17.083049243229766,17.633854298454185,17.074948987127538,17.58525276184082,153200,0.0,0.0
2014-04-23,17.52855235696021,17.609553372290485,17.3908510943885,17.496152877807617,129100,0.0,0.0
2014-04-24,17.63385555981431,17.63385555981431,17.342252499139107,17.552854537963867,201600,0.0,0.0
2014-04-25,17.504253351792162,17.54475308747865,17.099249815063725,17.285551071166992,109100,0.0,0.0
2014-04-28,17.398952708700737,17.439453992010616,16.90484941204807,17.115449905395508,66300,0.0,0.0
2014-04-29,17.245044504434365,17.245044504434365,16.815740369368942,16.88054084777832,62900,0.0,0.0
2014-04-30,16.904849661798583,17.155951442165655,16.80764812538481,17.123550415039062,80100,0.0,0.0
2014-05-01,17.099246158068283,17.099246158068283,16.710441671788065,16.92914390563965,132800,0.0,0.0
2014-05-02,17.042549268481892,17.042549268481892,16.378342182114725,16.394542694091797,114500,0.0,0.0
2014-05-05,16.26494121708055,16.370241451949692,15.730336697049317,15.746537208557129,219400,0.0,0.0
2014-05-06,15.616933483369442,15.68173397313589,15.382030742362602,15.390130996704102,161100,0.0,0.0
2014-05-07,15.5845365524292,15.79513858563356,15.244333505709223,15.5845365524292,196900,0.0,0.0
2014-05-08,15.616935870939404,15.738436614706245,15.32533284992636,15.373932838439941,138700,0.0,0.0
2014-05-09,15.552138427477567,15.932841244751279,15.503536884447328,15.900440216064453,195800,0.0,0.0
2014-05-12,15.989539138552628,16.362143188592235,15.900437867788968,16.248741149902344,117900,0.0,0.0
2014-05-13,16.2973424832451,16.2973424832451,15.924738437835446,15.940938949584961,133800,0.0,0.0
2014-05-14,15.916641994110256,15.924742251925084,15.730340699267854,15.8680419921875,185700,0.0,0.0
2014-05-15,15.762740502312715,15.859942053077694,15.673640754491574,15.689841270446777,135200,0.0,0.0
2014-05-16,15.657433588501663,15.90043504475703,15.53593286037398,15.87613582611084,120800,0.0,0.0
2014-05-19,15.746535996923953,16.34594097189879,15.746535996923953,16.111038208007812,264300,0.0,0.0
2014-05-20,16.119137515703173,16.119137515703173,15.74653507138916,15.811335563659668,263600,0.0,0.0
2014-05-21,15.932840998934934,16.094843049937488,15.819440490212783,16.03814125061035,111500,0.0,0.0
2014-05-22,16.086742303301513,16.41074485047976,16.046241019300474,16.240642547607422,109600,0.0,0.0
2014-05-23,16.289238890831005,16.418839868349163,16.2001376394252,16.32973861694336,212700,0.0,0.0
2014-05-27,16.459338446049752,16.459338446049752,16.264936993336416,16.35403823852539,81000,0.0,0.0
2014-05-28,16.2973439393701,16.34594393399509,16.111041127536687,16.143442153930664,72300,0.0,0.0
2014-05-29,16.200140745872776,16.200140745872776,16.05433923196539,16.151540756225586,73600,0.0,0.0
2014-05-30,16.18394112977018,16.24064137832335,16.09484140131487,16.119140625,140100,0.0,0.0
2014-06-02,16.11913917293989,16.143439939401834,15.843736666234223,15.916637420654297,100900,0.0,0.0
2014-06-03,15.787032929034948,16.07053562848728,15.746533205526937,15.884234428405762,112400,0.0,0.0
2014-06-04,15.770840443375784,15.900441478480602,15.738440957082682,15.8680419921875,106800,0.0,0.0
2014-06-05,15.876136802460868,16.329740269683843,15.79513579707249,16.321640014648438,123500,0.0,0.0
2014-06-06,16.44314386050928,16.694247179206634,16.410744379204896,16.588945388793945,92900,0.0,0.0
2014-06-09,16.645647158996038,16.78334844328067,16.556547418552647,16.637548446655273,81200,0.0,0.0
2014-06-10,16.629447673746014,16.66184715700284,16.321644085492828,16.402645111083984,140900,0.0,0.0
2014-06-11,16.36214444719208,16.36214444719208,16.021941394885204,16.143442153930664,149600,0.0,0.0
2014-06-12,16.05433680295185,16.127237548875694,15.932836074733968,16.062437057495117,119200,0.0,0.0
2014-06-13,16.159640230134354,16.175839195922446,15.957138480608691,16.054338455200195,90900,0.0,0.0
2014-06-16,16.078640888880848,16.17584087355317,15.949039879340488,16.119140625,75900,0.0,0.0
2014-06-17,16.062441155512758,16.426944978128,16.005740904209492,16.362144470214844,87800,0.0,0.0
2014-06-18,16.37023938974436,16.532241394482984,16.27303942287368,16.435041427612305,117500,0.0,0.0
2014-06-19,16.53224638850134,16.62134767251963,16.30544382234845,16.41074562072754,75700,0.0,0.0
2014-06-20,16.443137972989234,16.483639241325566,16.200136542832908,16.426939010620117,278200,0.0,0.0
2014-06-23,16.491745486041157,16.49984574265105,16.25684267925223,16.362144470214844,98100,0.0,0.0
2014-06-24,16.38644053124718,16.49174230187853,16.005737813882757,16.02193832397461,235000,0.0,0.0
2014-06-25,15.916639626466662,16.402644208298327,15.876139888383179,16.362144470214844,141200,0.0,0.0
2014-06-26,16.435043242999825,16.556543987491754,16.192040209050173,16.516042709350586,104500,0.0,0.0
2014-06-27,16.41074204374052,16.7995450338572,16.386441277496072,16.791444778442383,134000,0.0,0.0
2014-06-30,16.807647043207364,16.81574729946747,16.605145271602456,16.702346801757812,96600,0.0,0.0
2014-07-01,16.69417314264781,17.045543648705866,16.69417314264781,16.816743850708008,166300,0.18,0.0
2014-07-02,16.75137196142387,17.12725565732221,16.75137196142387,16.99651336669922,103900,0.0,0.0
2014-07-03,17.03737449645996,17.135430453500277,16.988346517939803,17.03737449645996,29000,0.0,0.0
2014-07-07,17.00469056244766,17.00469056244766,16.743205894969936,16.77589225769043,64100,0.0,0.0
2014-07-08,16.792225345397377,16.849426451084305,16.612455117522188,16.759540557861328,125500,0.0,0.0
2014-07-09,16.88211661511152,16.89845979336978,16.694174740855292,16.735031127929688,92800,0.0,0.0
2014-07-10,16.35914638801478,16.83308761878359,16.350974799380865,16.751373291015625,138000,0.0,0.0
2014-07-11,16.702347129890065,16.824917855554638,16.6860039508491,16.808574676513672,56100,0.0,0.0
2014-07-14,16.947488188405085,17.127258477974934,16.849432233574735,17.012859344482422,122800,0.0,0.0
2014-07-15,16.963831760260177,16.97200334978066,16.751375108441625,16.808574676513672,99900,0.0,0.0
2014-07-16,16.914803274849923,16.955659662656725,16.45720362684304,16.58794593811035,132300,0.0,0.0
2014-07-17,16.563430089110142,16.64514441027207,16.32645871359765,16.45720100402832,108000,0.0,0.0
2014-07-18,16.416348510317263,16.939317795885223,16.400005330500413,16.882118225097656,188500,0.0,0.0
2014-07-21,16.85760579166299,16.939320143500602,16.465378773128393,16.67783546447754,140000,0.0,0.0
2014-07-22,16.800405653773133,17.135433082442027,16.751377667731035,16.914806365966797,197300,0.0,0.0
2014-07-23,16.89846109720249,17.021031826454106,16.506234140168765,16.547090530395508,187900,0.0,0.0
2014-07-24,16.677828178173286,16.68599976564416,16.375487234605654,16.473543167114258,82800,0.0,0.0
2014-07-25,16.35914545066259,16.571602067257427,16.269259539411024,16.48171615600586,180800,0.0,0.0
2014-07-28,16.538913611820146,16.67782747583315,16.25291429666738,16.57159996032715,118100,0.0,0.0
2014-07-29,16.66966523690558,16.81675077052959,16.481723303306794,16.514408111572266,89600,0.0,0.0
2014-07-30,16.669659033920347,16.669659033920347,16.20388938981077,16.465373992919922,131600,0.0,0.0
2014-07-31,16.081312448206944,16.105825646146833,15.23965784419467,15.28868579864502,244200,0.0,0.0
2014-08-01,15.215150303382629,15.272349864603768,15.076236415315082,15.264178276062012,163400,0.0,0.0
2014-08-04,15.280522942940543,15.280522942940543,14.87195282744557,15.2151517868042,123500,0.0,0.0
2014-08-05,15.100750799961265,15.24783628804064,14.978180079418877,15.133437156677246,98600,0.0,0.0
2014-08-06,15.108921069655057,15.354064047902394,15.108921069655057,15.33772087097168,71800,0.0,0.0
2014-08-07,15.362234138127532,15.452120053028338,15.198807043891962,15.321377754211426,79700,0.0,0.0
2014-08-08,15.354064770945133,15.52566346108505,15.280522029864823,15.468463897705078,52700,0.0,0.0
2014-08-11,15.591032045760427,15.721774328689873,15.48480452534436,15.550175666809082,55000,0.0,0.0
2014-08-12,15.509321686382865,15.664578771438459,15.370407780506039,15.47663688659668,44300,0.0,0.0
2014-08-13,15.582861921728824,15.591033510000722,15.378576890644657,15.54200553894043,76700,0.0,0.0
2014-08-14,15.525665191597023,15.672750690151995,15.468465621841508,15.582864761352539,54500,0.0,0.0
2014-08-15,15.7544600756195,15.7544600756195,15.403089619233135,15.656402587890625,106200,0.0,0.0
2014-08-18,15.778975448501496,15.852518184768808,15.607376769591843,15.754462242126465,62300,0.0,0.0
2014-08-19,15.754462606031256,15.877033316450941,15.689091456569349,15.819833755493164,45300,0.0,0.0
2014-08-20,15.713604360326812,15.836175068381575,15.525662504071436,15.738119125366211,58200,0.0,0.0
2014-08-21,15.762638502793445,15.868866065239077,15.591038214447032,15.811666488647461,47300,0.0,0.0
2014-08-22,15.787150891763375,15.852522055677802,15.680923334866739,15.778979301452637,43300,0.0,0.0
2014-08-25,15.901551762707616,15.926066536297249,15.697266658508978,15.828010559082031,68100,0.0,0.0
2014-08-26,15.901545426097726,15.926060189918466,15.81983266383733,15.893375396728516,61300,0.0,0.0
2014-08-27,15.885206047602432,15.909719256306957,15.705434204722563,15.770805358886719,98000,0.0,0.0
2014-08-28,15.672746465425197,15.81983192433199,15.672746465425197,15.762632369995117,46300,0.0,0.0
2014-08-29,15.811661075897083,15.926060189918466,15.697260403304666,15.893375396728516,36400,0.0,0.0
2014-09-02,15.90154633428035,16.26926001973745,15.86068995081673,16.2447452545166,88100,0.0,0.0
2014-09-03,16.301946929394973,16.301946929394973,15.95874799745283,16.154861450195312,76300,0.0,0.0
2014-09-04,16.236575224680777,16.35914593364277,16.081318162090987,16.2447452545166,66700,0.0,0.0
2014-09-05,16.179373601261656,16.28560268866801,16.07314607242638,16.25291633605957,66400,0.0,0.0
2014-09-08,16.21206040041209,16.21206040041209,15.811661921356656,15.991432189941406,62900,0.0,0.0
2014-09-09,15.942409718690337,15.942409718690337,15.697266658508978,15.828010559082031,61600,0.0,0.0
2014-09-10,15.877032499102391,15.877032499102391,15.656404296562199,15.74629020690918,36400,0.0,0.0
2014-09-11,15.689089640541722,15.778973986540679,15.664574877866935,15.762632369995117,58000,0.0,0.0
2014-09-12,15.795318541084889,15.795318541084889,15.41943483200415,15.54200553894043,108800,0.0,0.0
2014-09-15,15.582862490627866,15.582862490627866,15.435777013506094,15.517491340637207,58800,0.0,0.0
2014-09-16,15.533832102131017,15.566516892757999,15.435774613108247,15.525660514831543,45000,0.0,0.0
2014-09-17,15.484807051153334,15.574691411221997,15.403092721350834,15.509320259094238,39900,0.0,0.0
2014-09-18,15.558349344091353,15.65640529017371,15.419435454998709,15.501148223876953,37300,0.0,0.0
2014-09-19,15.525667358817202,15.558353722423817,14.929155250140884,14.98635482788086,179300,0.0,0.0
2014-09-22,14.896461805342193,15.002690877994969,14.782062704243074,14.97817611694336,67700,0.0,0.0
2014-09-23,14.970011745940662,15.206983207954625,14.871955771609898,14.929155349731445,96100,0.0,0.0
2014-09-24,14.994522577910006,15.084406937660964,14.806580711028401,15.027207374572754,82200,0.0,0.0
2014-09-25,15.027204417912614,15.027204417912614,14.659492345306651,14.77389144897461,53200,0.0,0.0
2014-09-26,14.77389220905766,14.896462906232296,14.77389220905766,14.863778114318848,36000,0.0,0.0
2014-09-29,14.757552146911621,14.986351972854834,14.667667781260358,14.757552146911621,63500,0.0,0.0
2014-09-30,14.71669358450158,14.71669358450158,14.299951940909406,14.324466705322266,103500,0.0,0.0
2014-10-01,14.324467811450988,14.382260800112352,14.068526758204598,14.109807014465332,105700,0.18,0.0
2014-10-02,14.15109009012424,14.53913150514641,14.15109009012424,14.423543930053711,46900,0.0,0.0
2014-10-03,14.6216875836851,14.81158083684594,14.473077731926272,14.737275123596191,105600,0.0,0.0
2014-10-06,14.745532218390498,14.877630920760383,14.638201038501997,14.671226501464844,128600,0.0,0.0
2014-10-07,14.55563995107208,14.844606472791966,14.456566704890943,14.580409049987793,138000,0.0,0.0
2014-10-08,14.539130749307837,15.141831398010254,14.530874381891781,15.141831398010254,112800,0.0,0.0
2014-10-09,15.174852213722255,15.199621310944389,14.638201038501997,14.671226501464844,96400,0.0,0.0
2014-10-10,14.547385595500211,14.646458844650624,14.299699323142375,14.398774147033691,128800,0.0,0.0
2014-10-13,14.456568131940164,14.89414614086719,14.291443939017247,14.62169075012207,88300,0.0,0.0
2014-10-14,14.729017888890002,14.976702535275903,14.522613491988226,14.613431930541992,113000,0.0,0.0
2014-10-15,14.679483219998742,15.10054843445003,14.572152037530744,14.69599437713623,192200,0.0,0.0
2014-10-16,14.481335764383013,15.084036330356863,14.481335764383013,14.98496150970459,113900,0.0,0.0
2014-10-17,15.224392015708524,15.381258257123287,14.852863391850581,14.902400016784668,88900,0.0,0.0
2014-10-20,14.918912242165776,15.13357304256093,14.902399509502873,15.092292785644531,57800,0.0,0.0
2014-10-21,15.207876006855189,15.240899891451253,14.885885652025834,15.051008224487305,133900,0.0,0.0
2014-10-22,15.108800322976366,15.108800322976366,14.894141148761824,14.927165031433105,52200,0.0,0.0
2014-10-23,15.108802795241964,15.3977692959168,14.98496045916439,15.33997631072998,67200,0.0,0.0
2014-10-24,15.38951229371206,15.406025024436978,15.207876979959991,15.282182693481445,37900,0.0,0.0
2014-10-27,15.20787655965443,15.20787655965443,14.910653713783068,15.05926513671875,31900,0.0,0.0
2014-10-28,15.117060019636595,15.893141117742083,15.108803653463674,15.835348129272461,115400,0.0,0.0
2014-10-29,15.884890839645848,16.01698959955938,15.579413047873844,15.77756118774414,48000,0.0,0.0
2014-10-30,15.76104395701098,15.893142679275027,15.554639506630785,15.752787590026855,73500,0.0,0.0
2014-10-31,16.083030435176408,16.297691199679658,16.06651770527448,16.107799530029297,142900,0.0,0.0
2014-11-03,16.10780191401555,16.140825803966408,15.719762152333223,15.835348129272461,139500,0.0,0.0
2014-11-04,14.852859941340123,15.439049236721015,14.374001812246409,15.24915599822998,299800,0.0,0.0
2014-11-05,15.422539952781408,15.472076577274159,15.075780431850358,15.257415771484375,85200,0.0,0.0
2014-11-06,15.315211502499942,15.455566609290527,15.249162133112677,15.381260871887207,62200,0.0,0.0
2014-11-07,15.397769759895459,15.397769759895459,15.108803250513239,15.298696517944336,74300,0.0,0.0
2014-11-10,15.240902500196738,15.339977320424458,14.795069746024108,15.306953430175781,160900,0.0,0.0
2014-11-11,15.306952390546622,15.306952390546622,14.902398345606013,15.02624225616455,112800,0.0,0.0
2014-11-12,14.894143943235575,15.224390705612473,14.844605747823454,15.191365242004395,64200,0.0,0.0
2014-11-13,15.191362978258917,15.505098536821158,15.100546116351358,15.166595458984375,124900,0.0,0.0
2014-11-14,15.183110214693414,15.29044140614155,15.042755131466485,15.100549697875977,50500,0.0,0.0
2014-11-17,15.10879871962827,15.199617143132476,15.084031203938261,15.133567810058594,36000,0.0,0.0
2014-11-18,15.323462804959153,15.554636308764941,15.183107744566472,15.265669822692871,61900,0.0,0.0
2014-11-19,15.216135431479794,15.216135431479794,14.836350446440912,14.894145011901855,72700,0.0,0.0
2014-11-20,14.877629147543834,15.100546271752025,14.877629147543834,15.03449535369873,32100,0.0,0.0
2014-11-21,15.31520638927176,15.339975485050365,14.877630053700978,15.125314712524414,91200,0.0,0.0
2014-11-24,15.19962294795327,15.315208931290416,14.99321850642784,15.100549697875977,47700,0.0,0.0
2014-11-25,15.067521590785681,15.232645744964522,14.894142646164477,14.935422897338867,58300,0.0,0.0
2014-11-26,14.993214950359866,15.224388436945699,14.82809080640705,15.166595458984375,66800,0.0,0.0
2014-11-28,15.084038860589471,15.240905122052485,14.943683759720747,14.960196495056152,36300,0.0,0.0
2014-12-01,14.844607490256749,15.017988045068705,14.729021503542754,14.861120223999023,79800,0.0,0.0
2014-12-02,14.927168416353155,15.224391301496075,14.927168416353155,15.108803749084473,40600,0.0,0.0
2014-12-03,15.158341850105572,15.447306792446131,15.067523396946637,15.290440559387207,51800,0.0,0.0
2014-12-04,15.240899891451253,15.249156256285413,15.034495494818986,15.051008224487305,50300,0.0,0.0
2014-12-05,15.042754612847416,15.323464769623413,15.042754612847416,15.174853324890137,66200,0.0,0.0
2014-12-08,15.166599024161936,15.290441373867612,14.819839500141494,14.902400016784668,44600,0.0,0.0
2014-12-09,14.70424819562517,15.455560043776348,14.671224312330656,15.397767066955566,86200,0.0,0.0
2014-12-10,15.290444310818193,15.802326541186966,15.216138571774142,15.604178428649902,137500,0.0,0.0
2014-12-11,15.719759944440835,16.07477419156855,15.529866698616436,15.893138885498047,142900,0.0,0.0
2014-12-12,15.637197869048567,15.992213690916891,15.571148523682874,15.893138885498047,150500,0.0,0.0
2014-12-15,15.9261637874712,16.05000610884965,15.686733934697717,15.711503028869629,111900,0.0,0.0
2014-12-16,15.554639679647531,15.959192217923698,15.52161421134368,15.538126945495605,73300,0.0,0.0
2014-12-17,15.628941014878045,15.88488202331704,15.216132225577475,15.851858139038086,120900,0.0,0.0
2014-12-18,15.93441803740367,16.01698010710462,15.637196791116953,15.876625061035156,76200,0.0,0.0
2014-12-19,15.802327350731602,16.165599696363735,15.794070982110268,16.008731842041016,286300,0.0,0.0
2014-12-22,15.992212099702089,16.322458793671217,15.95918664293495,16.272920608520508,62200,0.0,0.0
2014-12-23,16.34723134834976,16.718759977751727,16.33072018961929,16.537124633789062,63400,0.0,0.0
2014-12-24,16.52060971615156,16.5536336039874,16.50409698486328,16.50409698486328,43700,0.0,0.0
2014-12-26,16.52060835470984,16.71875638961792,16.45455900974048,16.512351989746094,78600,0.0,0.0
2014-12-29,16.42153761378282,16.611430905461336,16.28943889115315,16.487586975097656,89400,0.0,0.0
2014-12-30,16.454261289589414,16.637548691385113,16.445929827362708,16.47925567626953,50900,0.18,0.0
2014-12-31,16.57922988055532,16.65421145078863,16.479255512953518,16.487586975097656,57200,0.0,0.0
2015-01-02,16.554233139781594,16.637544563249396,15.9710436411257,16.329288482666016,65800,0.0,0.0
2015-01-05,16.262642857282778,16.262642857282778,15.85441073172073,15.987710952758789,48100,0.0,0.0
2015-01-06,15.829414237532205,15.946051518150458,15.329537680639488,15.396187782287598,66800,0.0,0.0
2015-01-07,15.596140137474778,15.596140137474778,15.25455812299143,15.471171379089355,67100,0.0,0.0
2015-01-08,15.629463568415373,15.64612649070509,15.346200245745102,15.496163368225098,171600,0.0,0.0
2015-01-09,15.454507889528745,15.454507889528745,15.254557565605255,15.337870597839355,40300,0.0,0.0
2015-01-12,15.429512641120441,15.67111864824827,15.22123088815412,15.479499816894531,102500,0.0,0.0
2015-01-13,15.496166496940035,16.270975060146643,15.496166496940035,15.837748527526855,170600,0.0,0.0
2015-01-14,15.687784475838464,15.80442177060492,15.512828533688783,15.754434585571289,51900,0.0,0.0
2015-01-15,15.829416653591133,15.829416653591133,15.379527207001502,15.454508781433105,58600,0.0,0.0
2015-01-16,15.354531082927473,15.571144296700087,15.204567966541534,15.479499816894531,65100,0.0,0.0
2015-01-20,15.662791568171926,15.671123031308447,15.262890872003544,15.421185493469238,87200,0.0,0.0
2015-01-21,15.329538646867249,15.554483350006903,15.271220002882272,15.36286449432373,51200,0.0,0.0
2015-01-22,15.412851004976417,15.787758827209473,15.296213722087824,15.787758827209473,72200,0.0,0.0
2015-01-23,15.846077545071601,15.862740468154271,15.571145670462768,15.621132850646973,64200,0.0,0.0
2015-01-26,15.521156114896456,15.621132059263784,15.44617614295062,15.612800598144531,115000,0.0,0.0
2015-01-27,15.412851079305012,15.804420237364925,15.412851079305012,15.621132850646973,73000,0.0,0.0
2015-01-28,15.70444516440418,15.70444516440418,15.362863202027821,15.412850379943848,74700,0.0,0.0
2015-01-29,15.404519899933177,15.704446164659862,15.296214076039561,15.687783241271973,85500,0.0,0.0
2015-01-30,15.529486934143304,15.587805570503903,15.071267714969732,15.204567909240723,111700,0.0,0.0
2015-02-02,15.179576617755668,15.771097740708417,15.14625235693432,15.62946605682373,111400,0.0,0.0
2015-02-03,15.662790032065555,16.620887540968038,15.64612869649066,16.14600372314453,147000,0.0,0.0
2015-02-04,16.16266026540216,16.429260598091652,16.16266026540216,16.262636184692383,70400,0.0,0.0
2015-02-05,16.370947898405664,16.454260929786987,16.23764768382111,16.254310607910156,73300,0.0,0.0
2015-02-06,16.262636184692383,16.437592057121115,16.121004559318173,16.262636184692383,118600,0.0,0.0
2015-02-09,16.16266636519317,16.329292430540452,16.037697610714673,16.07935333251953,84400,0.0,0.0
2015-02-10,16.146000937903118,16.146000937903118,15.929389311220142,15.946050643920898,79600,0.0,0.0
2015-02-11,15.929389648861722,16.004369620263617,15.754432144754057,15.896063804626465,94700,0.0,0.0
2015-02-12,16.05435988404453,16.154334247947713,15.871070901782256,16.11267852783203,67700,0.0,0.0
2015-02-13,16.154333921426975,16.154333921426975,15.962715070265766,16.12934112548828,66800,0.0,0.0
2015-02-17,16.1959922138882,16.237647935693055,15.937721653693519,16.07935333251953,47900,0.0,0.0
2015-02-18,16.012703781827977,16.229317038697324,16.00437231936408,16.21265411376953,58300,0.0,0.0
2015-02-19,16.220987427729785,16.32929486305888,16.171000236304753,16.295969009399414,28400,0.0,0.0
2015-02-20,16.295965591646965,16.295965591646965,16.037696636209514,16.12934112548828,45500,0.0,0.0
2015-02-23,16.037695223251063,16.195989802859945,15.904395026442643,16.104345321655273,34600,0.0,0.0
2015-02-24,16.08768745769646,16.23765062351971,15.996044536743293,16.137676239013672,33900,0.0,0.0
2015-02-25,16.162663895572006,16.329289935459176,16.13767110193351,16.270971298217773,33600,0.0,0.0
2015-02-26,16.212651103623905,16.312627045564493,16.087682367995935,16.187658309936523,29500,0.0,0.0
2015-02-27,16.121010273642238,16.312629132051956,16.037697242879435,16.17932891845703,42400,0.0,0.0
2015-03-02,16.220987427729785,16.320963399644015,16.15433730947502,16.295969009399414,95100,0.0,0.0
2015-03-03,16.154335185463957,16.287635404446853,16.129342387569636,16.14600372314453,81900,0.0,0.0
2015-03-04,16.121011055785935,16.129342518172823,15.837747690887648,15.912729263305664,36000,0.0,0.0
2015-03-05,15.97938000185975,15.97938000185975,15.796091000266795,15.92939281463623,48600,0.0,0.0
2015-03-06,15.779425987706968,16.096013551784655,15.637794332683454,15.646125793457031,88700,0.0,0.0
2015-03-09,15.737771229229459,16.096016155116736,15.662789659203568,15.971047401428223,96400,0.0,0.0
2015-03-10,16.012700911602245,16.021032372572755,15.471168661028807,15.512825965881348,85400,0.0,0.0
2015-03-11,15.496165758955595,15.496165758955595,14.68803138292731,14.921307563781738,122800,0.0,0.0
2015-03-12,14.904643671058247,15.612802041002094,14.904643671058247,15.587807655334473,107100,0.0,0.0
2015-03-13,15.612800081010976,15.771094658906263,15.39618686627629,15.721107482910156,106400,0.0,0.0
2015-03-16,15.829413537442163,15.862739381324197,15.487831582969823,15.512825965881348,165800,0.0,0.0
2015-03-17,15.471171379089354,15.587808675040552,15.387858343811079,15.471171379089355,103100,0.0,0.0
2015-03-18,15.354531082927473,15.537818453474916,15.287880985540795,15.479499816894531,142700,0.0,0.0
2015-03-19,15.454507241562284,15.746102047623882,15.346201416543673,15.679451942443848,72600,0.0,0.0
2015-03-20,15.712781511981936,16.071026508093134,15.679455656964974,16.037700653076172,261200,0.0,0.0
2015-03-23,16.037695191557486,16.287632662813426,16.012700808806414,16.187658309936523,98700,0.0,0.0
2015-03-24,16.1376733604259,16.245979189165553,16.104347512158988,16.170997619628906,75600,0.0,0.0
2015-03-25,16.195992277185194,16.220985074740213,15.95438464039378,15.962716102600098,99400,0.0,0.0
2015-03-26,15.92106149535174,16.054361721858026,15.712779692802666,15.954385757446289,59500,0.0,0.0
2015-03-27,15.912728918426124,16.04602913559934,15.837747347633197,15.962716102600098,69100,0.0,0.0
2015-03-30,16.04602632015799,16.162663592453352,15.796087265014648,15.796087265014648,109000,0.0,0.0
2015-03-31,15.81290907550301,16.006366105136888,15.81290907550301,15.92225456237793,113000,0.18,0.0
2015-04-01,15.812914136338994,16.04842621057957,15.695158901366083,15.9811372756958,104400,0.0,0.0
2015-04-02,16.065250858851403,16.174594790131206,15.981139278631195,16.166183471679688,219000,0.0,0.0
2015-04-06,16.149357608956638,16.342813062596015,15.989545814765885,16.275524139404297,177500,0.0,0.0
2015-04-07,16.250290589489616,16.435336336018583,16.21664692921722,16.368045806884766,139100,0.0,0.0
2015-04-08,16.39327600024914,16.418509942894207,16.006365172122972,16.065242767333984,126400,0.0,0.0
2015-04-09,16.056832371543095,16.11570997012181,15.619453633109451,15.779265403747559,69600,0.0,0.0
2015-04-10,15.871788860436231,15.972721432012642,15.804499944620524,15.888609886169434,48000,0.0,0.0
2015-04-13,15.88861364204618,15.939081544058688,15.779269729608433,15.85496997833252,42100,0.0,0.0
2015-04-14,15.997956769159622,16.536268142527913,15.997956769159622,16.527856826782227,178300,0.0,0.0
2015-04-15,16.527861311363722,16.55309526544762,16.29235082376016,16.32599449157715,144700,0.0,0.0
2015-04-16,16.368049477422108,16.46898368946283,16.29235082376016,16.32599449157715,101300,0.0,0.0
2015-04-17,16.241883004528464,16.3512285351959,16.09048248778579,16.33440589904785,128600,0.0,0.0
2015-04-20,16.46897690591234,16.46897690591234,16.300753823233627,16.435333251953125,124000,0.0,0.0
2015-04-21,16.544678335789992,16.544678335789992,16.300755008597587,16.342811584472656,140400,0.0,0.0
2015-04-22,16.334401562738012,16.376456537648874,16.07365718884285,16.25870132446289,103900,0.0,0.0
2015-04-23,16.283934150818666,16.283934150818666,15.989544533828312,16.07365608215332,80900,0.0,0.0
2015-04-24,16.098887426923515,16.216644229005656,15.905432000759335,15.95589828491211,227500,0.0,0.0
2015-04-27,15.972720353865489,16.30916491023426,15.972720353865489,16.132532119750977,78000,0.0,0.0
2015-04-28,16.166180589692296,16.393281334512526,16.115714292274912,16.30916976928711,66500,0.0,0.0
2015-04-29,16.27552721099667,16.27552721099667,16.082071720847487,16.14936065673828,70200,0.0,0.0
2015-04-30,16.031600459228724,16.073657038039467,15.560578006609475,15.644689559936523,140600,0.0,0.0
2015-05-01,15.65309789325491,15.678330231439302,15.35870831484862,15.4932861328125,70800,0.0,0.0
2015-05-04,15.552166663611885,15.82973366609895,15.484877741926974,15.526932716369629,58600,0.0,0.0
2015-05-05,15.459643022001098,15.661511381260752,15.28301021301685,15.400765419006348,64300,0.0,0.0
2015-05-06,16.14935674610568,16.199823034729462,15.350299422139564,15.997956275939941,195500,0.0,0.0
2015-05-07,15.939075798866153,16.073653613801977,15.804497983930325,16.02318572998047,92900,0.0,0.0
2015-05-08,16.08206912305401,16.1914130246033,15.972723617210198,16.056835174560547,92500,0.0,0.0
2015-05-11,16.073657532252284,16.216646696016387,16.031600952148438,16.031600952148438,70600,0.0,0.0
2015-05-12,15.905433810593118,16.04842296887485,15.661512072521006,15.947488784790039,69800,0.0,0.0
2015-05-13,16.065249085801096,16.292349846043066,16.0484264507547,16.14936065673828,126000,0.0,0.0
2015-05-14,16.191415786743164,16.309171024545144,16.14094948544157,16.191415786743164,89900,0.0,0.0
2015-05-15,16.149357608956638,16.317579114788693,16.0568347379576,16.275524139404297,94100,0.0,0.0
2015-05-18,16.275524628680884,16.426925111487282,16.149358094440394,16.37645721435547,105500,0.0,0.0
2015-05-19,16.35122844566105,16.401694749533974,16.1998279297474,16.32599449157715,125500,0.0,0.0
2015-05-20,16.30916486078929,16.468976626190276,16.233464635299047,16.410099029541016,101400,0.0,0.0
2015-05-21,16.410102599971676,16.511035186389634,16.250290799799615,16.359636306762695,97400,0.0,0.0
2015-05-22,16.359630658159546,16.51102948551196,16.30075146473507,16.393274307250977,63800,0.0,0.0
2015-05-26,16.309170876794678,16.33440482936427,16.098892751599102,16.14936065673828,51400,0.0,0.0
2015-05-27,16.149359141386114,16.359637246850546,16.08207021180928,16.241880416870117,58500,0.0,0.0
2015-05-28,16.17459097799106,16.452158004292347,16.17459097799106,16.426925659179688,104700,0.0,0.0
2015-05-29,16.376456473592295,16.460568027379477,16.132534732333365,16.22505760192871,69600,0.0,0.0
2015-06-01,16.26711487906048,16.384870108452485,16.098891747676454,16.317581176757812,114200,0.0,0.0
2015-06-02,16.21664555014807,16.39327836121988,16.073656396487582,16.157766342163086,89400,0.0,0.0
2015-06-03,16.2250619726753,16.37646088512309,16.20823933652725,16.33440589904785,78400,0.0,0.0
2015-06-04,16.233470202933255,16.25029283754394,16.05683735240526,16.08207130432129,53200,0.0,0.0
2015-06-05,16.040008824688915,16.157764015110942,15.897019691621821,16.065242767333984,57000,0.0,0.0
2015-06-08,16.01477375436633,16.056828713973115,15.838139394571328,15.964305877685547,46700,0.0,0.0
2015-06-09,15.922256379736641,16.216646010847366,15.913845064071259,16.1998233795166,69200,0.0,0.0
2015-06-10,16.241873782301642,16.468974428466638,16.199818820105445,16.384862899780273,123700,0.0,0.0
2015-06-11,16.35963767099916,16.401692651464536,16.267114788821733,16.30916976928711,98300,0.0,0.0
2015-06-12,16.216646286120547,16.27552389248324,16.183001022887893,16.22505760192871,46100,0.0,0.0
2015-06-15,16.174590729591603,16.183002045931506,15.90543502389292,16.115713119506836,48800,0.0,0.0
2015-06-16,16.065248845374203,16.107303828066026,15.947492006106536,15.9811372756958,115400,0.0,0.0
2015-06-17,16.03160060963753,16.393279169331002,16.03160060963753,16.25870132446289,84100,0.0,0.0
2015-06-18,16.241883182126177,16.452161323391437,16.149361890889995,16.351228713989258,82100,0.0,0.0
2015-06-19,16.30075284941518,16.435332270094804,16.28393182558758,16.292343139648438,119900,0.0,0.0
2015-06-22,16.29234624568282,16.4521564304236,15.871790088228165,15.91384506225586,135400,0.0,0.0
2015-06-23,15.964308947316786,16.174586994370888,15.939076608418569,16.124120712280273,102000,0.0,0.0
2015-06-24,16.07365508699425,16.166176340558632,15.6699200008893,15.95589828491211,111800,0.0,0.0
2015-06-25,15.972723257478432,16.023189549034253,15.728801511379906,15.880200386047363,77900,0.0,0.0
2015-06-26,15.880200511731546,16.00636864806138,15.602633499536006,15.720390319824219,288300,0.0,0.0
2015-06-29,15.72039208937562,15.728803406364054,15.383947431311643,15.417591094970703,86800,0.0,0.0
2015-06-30,15.518522229290205,15.518522229290205,15.350299131338614,15.400765419006348,113700,0.0,0.0
2015-07-01,15.468721503078816,15.52818527810473,15.298829863671385,15.417754173278809,116600,0.18,0.0
2015-07-02,15.563609784477004,15.589349530669251,15.4863921823518,15.55502986907959,67300,0.18,0.0
2015-07-06,15.434914644497688,15.563610105207974,15.306219183787404,15.400596618652344,108600,0.0,0.0
2015-07-07,15.340535489431575,15.36627523326795,14.945869235982139,15.194680213928223,126200,0.0,0.0
2015-07-08,15.117467146366305,15.28048064581701,14.70563934848383,14.911552429199219,173600,0.0,0.0
2015-07-09,15.08314736511712,15.091727281303937,14.662741290673244,14.679901123046875,102600,0.0,0.0
2015-07-10,14.808597722578996,15.126046463448473,14.808597722578996,15.00593090057373,110900,0.0,0.0
2015-07-13,15.117469062546425,15.349120284931345,15.10888914520596,15.2890625,47200,0.0,0.0
2015-07-14,15.306220563251358,15.452075868255223,15.211843119880706,15.229002952575684,55700,0.0,0.0
2015-07-15,15.211841477224397,15.229001308066362,15.06598618797077,15.108885765075684,35500,0.0,0.0
2015-07-16,15.168945672338692,15.271901398983436,14.945872749339385,15.023090362548828,86100,0.0,0.0
2015-07-17,15.057405449826419,15.091725109635153,14.85149240032836,15.048827171325684,74400,0.0,0.0
2015-07-20,15.143205414681423,15.177525080046738,14.928712415503353,14.98019027709961,45600,0.0,0.0
2015-07-21,15.083144216370911,15.168941723876362,14.860071351437277,14.928709030151367,58100,0.0,0.0
2015-07-22,14.920130491055987,15.014507921656591,14.825754696906875,14.877232551574707,27400,0.0,0.0
2015-07-23,14.911550508387823,14.988768108265873,14.611261660474831,14.619841575622559,99700,0.0,0.0
2015-07-24,14.594105446069118,14.645583313258339,14.319554639124092,14.336712837219238,82200,0.0,0.0
2015-07-27,14.29381406605431,14.413929628078561,14.242336201822745,14.396771430969238,54500,0.0,0.0
2015-07-28,14.456828706837461,14.49114673630878,14.259495537135088,14.35387134552002,57400,0.0,0.0
2015-07-29,14.276652940578812,14.585523370921681,14.276652940578812,14.422508239746094,76200,0.0,0.0
2015-07-30,14.371031192044367,14.602684027888424,14.362451275555504,14.482566833496094,44600,0.0,0.0
2015-07-31,14.542626460962502,14.662742020654482,14.431089181432721,14.516886711120605,54300,0.0,0.0
2015-08-03,14.482567700117768,14.645582850257325,14.310974269427776,14.37961196899414,50100,0.0,0.0
2015-08-04,14.353871927512142,14.482567407038221,14.268074395677484,14.371031761169434,64600,0.0,0.0
2015-08-05,15.246164756962758,15.443497949119713,14.92871435685867,15.323382377624512,112600,0.0,0.0
2015-08-06,15.563611412489697,16.678975984052038,15.426336024674594,16.584598541259766,197500,0.0,0.0
2015-08-07,16.58459580835978,16.91920430646402,16.58459580835978,16.807668685913086,181700,0.0,0.0
2015-08-10,16.859149727471646,17.1251205932843,16.773352198884798,17.07364273071289,138500,0.0,0.0
2015-08-11,17.270973379643333,17.348190980453708,16.902046842545595,17.056480407714844,109000,0.0,0.0
2015-08-12,16.979265367723603,17.082221083441443,16.67897486338531,16.927785873413086,64500,0.0,0.0
2015-08-13,16.92778422134508,17.15085709889839,16.76477074795921,16.807668685913086,48500,0.0,0.0
2015-08-14,16.687550775786285,16.944941639784812,16.66181103480595,16.884883880615234,58300,0.0,0.0
2015-08-17,16.833414499431843,17.073645656905303,16.747616956140455,17.03932762145996,49900,0.0,0.0
2015-08-18,16.884888985382588,16.944946762709286,16.550280433732873,16.61033821105957,87800,0.0,0.0
2015-08-19,16.3872634284346,16.593176485687362,16.198508565280935,16.327205657958984,82200,0.0,0.0
2015-08-20,16.129873475720895,16.301468535943112,16.00117799878012,16.035497665405273,58400,0.0,0.0
2015-08-21,15.75236611698884,16.29288774574064,15.692308340066607,16.258569717407227,156300,0.0,0.0
2015-08-24,15.70946519495443,16.318626101274837,15.443494361381514,15.89822006225586,128000,0.0,0.0
2015-08-25,16.24999004929566,16.34436585599212,15.743786441149187,15.760946273803711,99100,0.0,0.0
2015-08-26,16.001178953760682,16.164194107055664,15.812425685412514,16.164194107055664,81400,0.0,0.0
2015-08-27,16.19851236786682,16.318629573466968,16.069816881429134,16.20709228515625,78300,0.0,0.0
2015-08-28,16.121294061778194,16.455902605583045,16.121294061778194,16.378684997558594,44900,0.0,0.0
2015-08-31,16.24998887331061,16.498799882988315,16.20708929477887,16.387264251708984,39100,0.0,0.0
2015-09-01,16.06981577604845,16.189932973386203,16.001178078906214,16.00975799560547,67600,0.0,0.0
2015-09-02,16.181352775056368,16.26714866765208,16.02691755006128,16.129873275756836,53400,0.0,0.0
2015-09-03,16.155610954004537,16.2671465819494,16.05265360505797,16.061233520507812,80200,0.0,0.0
2015-09-04,15.803844904178762,16.198511253633672,15.709467456938768,16.00975799560547,114500,0.0,0.0
2015-09-08,16.20708955852782,16.29288708053594,16.08697400958742,16.147031784057617,69200,0.0,0.0
2015-09-09,16.249995845012535,16.352951604756417,15.863907654842249,15.923965454101562,163200,0.0,0.0
2015-09-10,15.932537406012921,16.12987054388408,15.932537406012921,16.069812774658203,68100,0.0,0.0
2015-09-11,15.958278388394078,16.104133683442875,15.949698472632194,16.078393936157227,127500,0.0,0.0
2015-09-14,16.05265469335427,16.198509992986825,15.984017001553754,16.121294021606445,30700,0.0,0.0
2015-09-15,16.121295366146203,16.37868632275201,16.121295366146203,16.361526489257812,27800,0.0,0.0
2015-09-16,16.395843984263166,16.696132848372944,16.395843984263166,16.601757049560547,76400,0.0,0.0
2015-09-17,16.490221177224598,16.799091619509593,16.413003566653348,16.55885887145996,47800,0.0,0.0
2015-09-18,16.3615242624754,16.558857411446514,16.18993086024243,16.2242488861084,108900,0.0,0.0
2015-09-21,16.352946704999496,16.413004486263976,16.02691804822726,16.172773361206055,88600,0.0,0.0
2015-09-22,16.086971844197752,16.086971844197752,15.572188417893145,15.700883865356445,166500,0.0,0.0
2015-09-23,15.760943562288183,15.898218927004073,15.443493258600542,15.709464073181152,149700,0.0,0.0
2015-09-24,15.54645431007016,16.095555899960768,15.54645431007016,15.992598533630371,106500,0.0,0.0
2015-09-25,16.069815032009952,16.17277239118223,15.99259742174367,16.044076919555664,100900,0.0,0.0
2015-09-28,16.061235579809214,16.370106029799388,16.035497466611204,16.129873275756836,102100,0.0,0.0
2015-09-29,16.198510583632498,16.198510583632498,15.984017584378376,16.01833724975586,90500,0.0,0.0
2015-09-30,16.07839627686878,16.267149541754307,16.026918411254883,16.026918411254883,84400,0.0,0.0
2015-10-01,16.46007439576355,16.46007439576355,15.983599218940927,16.226167678833008,91000,0.18,0.0
2015-10-02,16.156866402270783,16.24349872595068,16.000928550121795,16.07889747619629,92600,0.0,0.0
2015-10-05,16.208843848660997,16.529382925115833,16.208843848660997,16.520719528198242,102200,0.0,0.0
2015-10-06,16.486067054959847,16.719972154606424,16.486067054959847,16.607351303100586,71500,0.0,0.0
2015-10-07,16.607349520621984,16.841256247537142,16.529380611650264,16.667991638183594,149400,0.0,0.0
2015-10-08,16.71131020919577,16.77195233253621,16.564035772923024,16.745962142944336,97900,0.0,0.0
2015-10-09,16.80660396904192,17.04917411048749,16.80660396904192,16.95387840270996,94900,0.0,0.0
2015-10-12,17.023185175232886,17.023185175232886,16.919227715794662,16.979869842529297,121200,0.0,0.0
2015-10-13,16.875911053573393,17.092491025982827,16.875911053573393,16.901901245117188,51000,0.0,0.0
2015-10-14,16.87590976671441,16.971205476067563,16.564035753840887,16.61601448059082,62000,0.0,0.0
2015-10-15,16.650666551467634,16.823931178560002,16.40809805638705,16.806604385375977,55900,0.0,0.0
2015-10-16,16.867246610366223,16.867246610366223,16.555372593051928,16.7372989654541,36400,0.0,0.0
2015-10-19,16.633343734357897,16.74596460103946,16.520721215302157,16.659332275390625,35500,0.0,0.0
2015-10-20,16.702643271051826,17.014517218155166,16.676653086970887,16.86724281311035,52900,0.0,0.0
2015-10-21,16.875909645246207,16.979868750371732,16.55537223815918,16.55537223815918,53800,0.0,0.0
2015-10-22,16.676653769263975,16.979865986452594,16.650663584119698,16.849918365478516,66200,0.0,0.0
2015-10-23,16.927889429294645,17.09248899909772,16.849920516283138,16.97120475769043,98400,0.0,0.0
2015-10-26,16.901896391884936,16.95387510767323,16.719968408065537,16.86724281311035,50800,0.0,0.0
2015-10-27,16.841258604653078,16.919227524537387,16.468740799066705,16.520719528198242,96300,0.0,0.0
2015-10-28,16.564037558376768,16.96254392749728,16.451415043712895,16.94521713256836,100800,0.0,0.0
2015-10-29,16.84125785240727,16.89323657921708,16.633341292794086,16.745962142944336,55600,0.0,0.0
2015-10-30,16.6766555892486,17.10115207869007,16.520717766112178,17.04917335510254,103900,0.0,0.0
2015-11-02,17.00585551425239,17.71623907839832,17.00585551425239,17.5429744720459,131200,0.0,0.0
2015-11-03,16.416761842807237,16.425423587230984,15.68038963873988,15.801673889160156,307700,0.0,0.0
2015-11-04,15.79300864988496,16.581359490392465,15.76702011489768,16.399433135986328,106000,0.0,0.0
2015-11-05,16.364782923762924,16.66799522927126,16.364782923762924,16.546710968017578,111900,0.0,0.0
2015-11-06,16.460079191537144,16.737301313541057,16.36478346745798,16.719974517822266,53800,0.0,0.0
2015-11-09,16.693985531685684,16.693985531685684,16.39077322418488,16.477405548095703,51500,0.0,0.0
2015-11-10,16.47740269464292,16.797940089517926,16.47740269464292,16.7113094329834,54600,0.0,0.0
2015-11-11,16.763288716851935,16.936551688077483,16.74596192401721,16.75462532043457,44900,0.0,0.0
2015-11-12,16.719975443324792,16.719975443324792,16.538049035329855,16.56403923034668,76200,0.0,0.0
2015-11-13,16.43408675848774,16.598687990637693,16.312802509731966,16.408098220825195,51900,0.0,0.0
2015-11-16,16.356113217098315,16.486062478171974,16.24349239685777,16.364776611328125,55600,0.0,0.0
2015-11-17,16.373446867690788,16.546711520155444,16.234835806668737,16.33013153076172,42100,0.0,0.0
2015-11-18,16.44274469798059,16.590019087893943,16.408092775139846,16.529376983642578,96100,0.0,0.0
2015-11-19,16.460076647967092,16.693983396902684,16.45141325144645,16.61601448059082,39900,0.0,0.0
2015-11-20,16.719973038974878,16.719973038974878,16.416762402585324,16.57269859313965,81400,0.0,0.0
2015-11-23,16.61601446114704,16.693983377367665,16.43408643917427,16.486066818237305,60100,0.0,0.0
2015-11-24,16.46007919232001,16.659332385973023,16.330131529171265,16.59002685546875,80800,0.0,0.0
2015-11-25,16.572694003020718,16.875906207803997,16.460073176750488,16.86724281311035,113200,0.0,0.0
2015-11-27,16.93655329582954,17.083827744157364,16.87591116752527,16.962543487548828,85000,0.0,0.0
2015-11-30,17.109817820345356,17.109817820345356,16.71997320905875,16.901901245117188,218000,0.0,0.0
2015-12-01,16.88457276396254,17.04917398921456,16.642002624242405,16.89323616027832,126200,0.0,0.0
2015-12-02,16.84125731410039,16.962541556904586,16.719971418922313,16.83259391784668,229200,0.0,0.0
2015-12-03,16.832595207735487,16.945216062916153,16.51205613128065,16.520719528198242,55900,0.0,0.0
2015-12-04,16.659329810820108,17.023184202817497,16.555372357320245,16.61601448059082,98200,0.0,0.0
2015-12-07,16.564038315876747,16.590026857084514,16.295477939319113,16.33013153076172,87000,0.0,0.0
2015-12-08,16.182855507019756,16.20018230106558,15.819001093927536,15.888306617736816,157100,0.0,0.0
2015-12-09,15.767025029604753,16.052910570194186,15.697719494079264,15.793013572692871,105100,0.0,0.0
2015-12-10,15.72370341241046,15.966273541590537,15.689051481026917,15.85365104675293,120500,0.0,0.0
2015-12-11,15.853655164508547,15.862318562698078,15.377179830704037,15.619750022888184,150700,0.0,0.0
2015-12-14,15.63707148774982,15.801672709874495,15.429154937243112,15.57642936706543,160500,0.0,0.0
2015-12-15,15.593756404501466,16.035579700913875,15.593756404501466,15.931620597839355,96200,0.0,0.0
2015-12-16,15.914293583154901,16.174188831668307,15.914293583154901,16.165525436401367,110900,0.0,0.0
2015-12-17,16.16553076826767,16.24349969901287,15.819003105163574,15.819003105163574,83900,0.0,0.0
2015-12-18,15.723704119235181,15.914295533720654,15.69771558262272,15.732367515563965,282700,0.0,0.0
2015-12-21,15.844988753592375,15.983599779066362,15.481134398629724,15.706376075744629,92600,0.0,0.0
2015-12-22,15.628412473297034,16.026918851602698,15.628412473297034,16.009592056274414,79100,0.0,0.0
2015-12-23,16.052907519509066,16.208843705526665,15.948948409790006,16.20018196105957,80300,0.0,0.0
2015-12-24,16.174187576550235,16.44274619949041,16.148197392766257,16.34745216369629,44700,0.0,0.0
2015-12-28,16.32146551396379,16.32146551396379,16.02691664346161,16.217506408691406,55600,0.0,0.0
2015-12-29,16.21750901015146,16.50339453004218,16.174193673224515,16.460079193115234,72100,0.0,0.0
2015-12-30,16.42509414686733,16.538792143487935,16.21518899821387,16.442584991455078,121600,0.18,0.0
2015-12-31,16.433840020141364,16.45133086432136,16.101488958054503,16.1102352142334,79900,0.0,0.0
2016-01-04,15.804124723395391,15.9178243985125,15.454282777223487,15.699172973632812,135700,0.0,0.0
2016-01-05,15.707916741091518,15.707916741091518,15.3580748132167,15.384313583374023,99000,0.0,0.0
2016-01-06,15.18315316849352,15.419295403637125,15.121931045746003,15.29685115814209,127500,0.0,0.0
2016-01-07,15.025725445627828,15.156915960467678,14.763342747770224,14.772089004516602,133600,0.0,0.0
2016-01-08,14.894532878182034,15.025723374942606,14.632150216483215,14.667135238647461,210600,0.0,0.0
2016-01-11,14.780833994390393,14.955755777969497,14.632150978801484,14.91202449798584,121100,0.0,0.0
2016-01-12,15.025724048159022,15.043216560024883,14.649643383931737,14.920770645141602,127800,0.0,0.0
2016-01-13,14.920769643905759,14.938262154597812,14.387261413219232,14.500959396362305,155100,0.0,0.0
2016-01-14,14.535946745076032,14.912025776102828,14.299802817457559,14.772089004516602,130200,0.0,0.0
2016-01-15,14.422245839413215,14.98199287778193,14.422245839413215,14.91202449798584,141300,0.0,0.0
2016-01-19,14.912024172036462,15.078199695986545,14.754596572069659,14.938262939453125,177700,0.0,0.0
2016-01-20,14.868294256103598,15.235628651510911,14.649642869984428,15.07819938659668,195700,0.0,0.0
2016-01-21,15.218138475138696,15.35807525027089,15.025725826376414,15.235630989074707,171900,0.0,0.0
2016-01-22,15.358070198511495,15.646689910807655,15.253118485773289,15.48926067352295,122500,0.0,0.0
2016-01-25,15.471773632994509,15.524249502250358,15.349327713827119,15.375566482543945,102600,0.0,0.0
2016-01-26,15.49801058362723,15.865345001220703,15.49801058362723,15.865345001220703,111700,0.0,0.0
2016-01-27,15.865342799087324,15.865342799087324,15.576723058766007,15.637945175170898,175500,0.0,0.0
2016-01-28,15.847854096443942,15.917822477233148,15.664186054261164,15.81286907196045,101300,0.0,0.0
2016-01-29,15.821612728876026,16.101486206054688,15.769136868949404,16.101486206054688,196100,0.0,0.0
2016-02-01,16.03152094362447,16.162711452954138,15.804123282303394,15.909076690673828,93900,0.0,0.0
2016-02-02,15.81286624373355,15.996534253066192,15.751644130015164,15.92656421661377,93700,0.0,0.0
2016-02-03,16.005284206889943,16.32014280380517,15.86534742341163,16.258920669555664,103300,0.0,0.0
2016-02-04,16.27641121175844,16.669982742021734,16.21518908492934,16.626253128051758,114900,0.0,0.0
2016-02-05,16.591267995075455,16.766189786180217,16.188950210983474,16.21518898010254,220200,0.0,0.0
2016-02-08,16.127727508561765,16.512552766163992,15.996537004007473,16.433839797973633,146700,0.0,0.0
2016-02-09,16.162709670172465,16.53004405668446,16.162709670172465,16.320138931274414,128600,0.0,0.0
2016-02-10,16.47757001698624,16.704967678405282,16.43384040325012,16.442584991455078,85100,0.0,0.0
2016-02-11,16.223935864464774,16.608762858452955,16.223935864464774,16.486318588256836,84400,0.0,0.0
2016-02-12,16.600014577195584,16.696221731008887,16.346379810112147,16.608760833740234,134100,0.0,0.0
2016-02-16,16.774935039805914,17.063554810151597,16.687474149481645,17.00233268737793,132000,0.0,0.0
2016-02-17,17.11603501777567,17.31719394881186,17.01982784720264,17.151020050048828,139800,0.0,0.0
2016-02-18,17.220982028512307,17.247219124760996,16.95859938878269,17.185997009277344,104700,0.0,0.0
2016-02-19,17.142269491533774,17.30844501678684,16.897379331591246,16.941110610961914,213700,0.0,0.0
2016-02-22,17.116030277724636,17.43963506392079,17.011078546326427,17.264713287353516,98600,0.0,0.0
2016-02-23,17.25596751303769,17.395904270923765,17.072301143878864,17.168506622314453,90200,0.0,0.0
2016-02-24,16.958594427298724,17.04605528162065,16.687467280260098,16.949848175048828,85900,0.0,0.0
2016-02-25,16.958598625228312,17.116027868342385,16.94110778457588,17.054805755615234,106100,0.0,0.0
2016-02-26,17.142271314201448,17.33468395935763,16.888634871416656,17.063556671142578,97300,0.0,0.0
2016-02-29,17.019823966568477,17.360921280746663,17.019823966568477,17.273460388183594,124200,0.0,0.0
2016-03-01,17.352178007448817,17.999386054583777,17.352178007448817,17.98189353942871,219900,0.0,0.0
2016-03-02,17.929411381043785,18.314238238751006,17.929411381043785,18.261760711669922,151800,0.0,0.0
2016-03-03,18.366714486918323,19.06639818105373,18.29674611750478,18.73404884338379,275800,0.0,0.0
2016-03-04,18.742798965516023,18.87398947671438,18.445432917104885,18.67283058166504,376000,0.0,0.0
2016-03-07,18.84775217594876,20.49201182684553,18.699069140156794,19.9585018157959,718800,0.0,0.0
2016-03-08,18.891480607927445,19.241322501593597,18.707812571141627,19.12762451171875,239500,0.0,0.0
2016-03-09,19.188844855802692,19.424987069526132,19.066398953236842,19.232574462890625,165800,0.0,0.0
2016-03-10,19.24132213373294,19.285051744038526,18.78652684657297,19.02267074584961,128900,0.0,0.0
2016-03-11,19.188847383915352,19.328784146846367,19.092640233833606,19.25881576538086,125000,0.0,0.0
2016-03-14,19.276308059692386,19.51245030185554,19.2150842669472,19.276308059692383,171100,0.0,0.0
2016-03-15,19.110131199279415,19.302543815689308,19.031416567980447,19.057655334472656,166900,0.0,0.0
2016-03-16,19.022669631443666,19.486211147144623,18.987684610706566,19.459972381591797,236400,0.0,0.0
2016-03-17,19.45997419414305,19.757340225395414,19.320037434515793,19.58241844177246,401300,0.0,0.0
2016-03-18,19.661131028202934,19.75733816598516,19.407496303382857,19.47746467590332,291200,0.0,0.0
2016-03-21,19.486211733195827,19.58241720676104,19.486211733195827,19.547433853149414,173700,0.0,0.0
2016-03-22,19.39000396687911,19.556179478670185,19.39000396687911,19.521194458007812,156000,0.0,0.0
2016-03-23,19.521196778832056,19.591165160297564,19.25881576538086,19.25881576538086,134000,0.0,0.0
2016-03-24,19.197591654084697,19.381258010864258,19.040162395029284,19.381258010864258,106900,0.0,0.0
2016-03-28,19.459974774581365,19.494959799620567,19.153862478199578,19.363767623901367,79400,0.0,0.0
2016-03-29,19.41624239694787,19.809813863534774,19.372511121875387,19.722352981567383,210700,0.0,0.0
2016-03-30,19.845783750153632,19.95157996642283,19.69590437577182,19.801700592041016,117200,0.18,0.0
2016-03-31,19.74880606338737,19.889868831714356,19.457863893512855,19.4666805267334,256900,0.0,0.0
2016-04-01,19.37851512457185,19.46667977175714,19.061124748945907,19.343250274658203,175400,0.0,0.0
2016-04-04,19.554845296329567,19.616560047648054,19.263903124684663,19.334434509277344,183800,0.0,0.0
2016-04-05,19.184553731821193,19.422597768360692,19.052307605388382,19.29034996032715,146400,0.0,0.0
2016-04-06,19.378515184051707,19.660640710629956,19.10520629037913,19.49312973022461,199200,0.0,0.0
2016-04-07,19.325616129870877,19.396147508090813,18.981775871248765,19.08757209777832,431600,0.0,0.0
2016-04-08,19.087572335496247,19.387331117064377,19.043490854160055,19.255084991455078,148700,0.0,0.0
2016-04-11,19.396149720886697,19.54602912690304,19.202188829054155,19.404966354370117,196400,0.0,0.0
2016-04-12,19.404963598902942,19.836968488641272,19.404963598902942,19.58129119873047,182700,0.0,0.0
2016-04-13,19.7135411400177,20.022114893604066,19.678274607264495,20.0132999420166,125800,0.0,0.0
2016-04-14,20.066195748622796,20.14554375657856,19.836968356928438,20.0926456451416,109100,0.0,0.0
2016-04-15,20.101461812808925,20.17199319286226,19.995665583529295,20.022113800048828,78400,0.0,0.0
2016-04-18,20.013300416387036,20.09264843536168,19.748806459271268,19.819337844848633,196100,0.0,0.0
2016-04-19,20.242526788629547,22.384920004453516,20.242526788629547,22.349655151367188,821400,0.0,0.0
2016-04-20,22.349651089108786,22.878637242062965,22.182138442993164,22.182138442993164,290600,0.0,0.0
2016-04-21,22.4290009040259,22.464265753545043,21.935279557951834,22.146875381469727,193900,0.0,0.0
2016-04-22,22.04107608852776,22.146873993656982,21.961728080081006,22.10279083251953,199100,0.0,0.0
2016-04-25,22.041077359855162,22.27912139892578,21.758951838705137,22.27912139892578,187300,0.0,0.0
2016-04-26,22.41136672261401,22.570062742966854,22.270303967100524,22.437816619873047,214000,0.0,0.0
2016-04-27,22.88745612834018,23.363544252348934,22.27030691176698,23.028520584106445,316100,0.0,0.0
2016-04-28,22.940354902406774,23.04615113749196,22.543614816835227,22.587697982788086,144000,0.0,0.0
2016-04-29,22.631780480765816,23.037335536090982,22.367288199606005,23.028520584106445,354900,0.0,0.0
2016-05-02,23.11668073068789,23.434072774558434,22.755207205880087,23.319459915161133,300700,0.0,0.0
2016-05-03,23.15194823296282,23.363542377228647,22.649411930131386,22.913904190063477,139200,0.0,0.0
2016-05-04,22.711125252164525,23.14313014643931,22.649410507496793,22.984434127807617,139800,0.0,0.0
2016-05-05,23.081414233046935,23.20484371613256,22.834553585275103,22.940351486206055,140700,0.0,0.0
2016-05-06,22.94035051937818,23.381172005077527,22.931533887872128,23.36353874206543,275400,0.0,0.0
2016-05-09,23.284196521273458,23.34591127553825,23.028520870519177,23.081418991088867,113100,0.0,0.0
2016-05-10,23.28419099566497,23.645664483377715,23.151944884823816,23.531051635742188,170500,0.0,0.0
2016-05-11,23.451704069946153,23.56631691971752,23.151945316266495,23.33708953857422,137400,0.0,0.0
2016-05-12,23.33709055892041,23.460521727456126,23.116679799907406,23.178396224975586,85900,0.0,0.0
2016-05-13,23.143131487101535,23.531054923828787,23.028518623450704,23.04615020751953,123100,0.0,0.0
2016-05-16,23.08141536710496,23.38117413927001,23.08141536710496,23.266559600830078,107800,0.0,0.0
2016-05-17,23.160768359978334,23.222483117833004,22.420187902520254,22.561250686645508,182400,0.0,0.0
2016-05-18,22.53479290181229,23.054962366929903,22.47307816554417,22.67585563659668,131600,0.0,0.0
2016-05-19,22.578880887164512,22.74639186955211,22.25267219219771,22.517166137695312,113500,0.0,0.0
2016-05-20,22.640593686062985,22.81692128626931,22.446631139755173,22.79928970336914,111000,0.0,0.0
2016-05-23,22.72876327864438,22.905090917265362,22.517169103338585,22.84337615966797,151200,0.0,0.0
2016-05-24,23.028517306604538,23.32827439784272,22.869821287854478,23.24892807006836,145200,0.0,0.0
2016-05-25,23.407624216210735,23.751466177275628,23.407624216210735,23.548686981201172,90700,0.0,0.0
2016-05-26,23.672115874829913,23.672115874829913,23.34590721130371,23.34590721130371,276600,0.0,0.0
2016-05-27,23.354726556537724,23.48697269110278,23.25774527310963,23.45170783996582,259000,0.0,0.0
2016-05-31,23.495784834233696,24.24518169569341,23.451703358336275,23.92778968811035,294700,0.0,0.0
2016-06-01,23.86607776915108,23.945425780422347,23.53105414058407,23.901344299316406,211000,0.0,0.0
2016-06-02,23.874892304969713,24.18346769041397,23.76909440536576,24.165834426879883,245800,0.0,0.0
2016-06-03,24.157018212150835,24.157018212150835,23.636848700119216,23.80436134338379,153800,0.0,0.0
2016-06-06,23.92778968811035,24.007137690006118,23.716195576921816,23.92778968811035,84700,0.0,0.0
2016-06-07,24.007140656690403,24.35098260126252,23.910161061411717,24.20110321044922,108700,0.0,0.0
2016-06-08,24.342166033403075,24.41269741270273,24.21873485842814,24.350982666015625,94200,0.0,0.0
2016-06-09,24.29808219435362,24.59784096843786,24.051223214472955,24.54494285583496,181200,0.0,0.0
2016-06-10,24.368615236537224,24.4303299857237,24.183470988977806,24.377431869506836,158600,0.0,0.0
2016-06-13,24.280452908963724,24.280452908963724,23.85726292329052,24.033592224121094,137000,0.0,0.0
2016-06-14,24.139385898626877,24.20110232449127,23.848443760240233,23.945425033569336,113600,0.0,0.0
2016-06-15,24.06885493842452,24.386246979100232,23.901343967268506,24.130571365356445,111700,0.0,0.0
2016-06-16,23.927797452253113,23.998328845535468,23.61040702328304,23.795551300048828,210100,0.0,0.0
2016-06-17,23.716197052530973,23.945424440981085,23.54868440681731,23.839628219604492,364800,0.0,0.0
2016-06-20,24.06003885083458,24.553758471758236,23.93660768440321,24.253999710083008,213900,0.0,0.0
2016-06-21,24.333349162080406,24.377430643109975,24.03359038259733,24.183469772338867,116200,0.0,0.0
2016-06-22,24.09530610520141,24.33335014825013,23.866078695036062,24.042407989501953,156800,0.0,0.0
2016-06-23,24.33335079149896,24.430330392578142,24.112940008390456,24.298084259033203,153300,0.0,0.0
2016-06-24,23.689749381453154,23.689749381453154,22.711125062465648,22.79928970336914,523700,0.0,0.0
2016-06-27,22.525977983076537,22.570061142048065,21.82948088733207,22.208587646484375,227900,0.0,0.0
2016-06-28,22.66704683944596,23.037337066631355,22.517169103338585,22.84337615966797,191900,0.0,0.0
2016-06-29,23.01970146963973,23.13431433069667,22.808107331195643,23.090232849121094,155700,0.0,0.0
2016-06-30,23.250024875063495,23.773794174194336,23.11686356193012,23.773794174194336,239400,0.18,0.0
2016-07-01,24.077672078503237,24.57817256988414,24.077672078503237,24.56923484802246,273600,0.18,0.0
2016-07-05,24.35473299513158,24.35473299513158,23.961481783216403,24.211732864379883,359400,0.0,0.0
2016-07-06,24.08661113618134,24.40836061756486,23.988297894946697,24.327922821044922,181400,0.0,0.0
2016-07-07,24.354736999116735,24.64073730763936,24.30111236744282,24.622861862182617,200200,0.0,0.0
2016-07-08,24.77480043842564,25.078676200981707,24.75692669716073,25.060802459716797,244700,0.0,0.0
2016-07-11,25.15911178094686,25.740050085806054,25.15911178094686,25.614925384521484,188300,0.0,0.0
2016-07-12,25.891986991699902,26.51761388427126,25.891986991699902,26.4639892578125,303700,0.0,0.0
2016-07-13,25.650674313396912,25.72217438076731,24.33685823150877,24.855234146118164,356100,0.0,0.0
2016-07-14,25.087605707730386,25.328919035087875,24.908856420747497,25.194856643676758,203900,0.0,0.0
2016-07-15,25.275300240585523,25.64173832369451,25.185924724162213,25.597049713134766,153300,0.0,0.0
2016-07-18,25.5881116116385,25.838362712974153,25.436173747380455,25.748987197875977,270600,0.0,0.0
2016-07-19,25.659610376508972,25.94561235120269,25.65067435968061,25.811548233032227,173200,0.0,0.0
2016-07-20,25.811545596664004,26.06179665969956,25.740045536467544,25.91879653930664,110200,0.0,0.0
2016-07-21,25.918803018624942,26.231616499444165,25.856240663400364,26.17799186706543,173900,0.0,0.0
2016-07-22,26.169050590286098,26.169050590286098,25.99029956703747,26.017112731933594,112600,0.0,0.0
2016-07-25,25.963487682841787,26.526552240561966,25.963487682841787,26.347801208496094,171500,0.0,0.0
2016-07-26,26.401426519102213,27.339865139386614,26.356737910467267,27.00917625427246,249400,0.0,0.0
2016-07-27,27.23261431686423,28.707304315124727,27.03598955199487,27.974428176879883,579100,0.0,0.0
2016-07-28,27.750989615307482,27.750989615307482,26.61592625137808,26.955551147460938,201900,0.0,0.0
2016-07-29,26.884048943432948,27.47392488244523,26.884048943432948,27.31304931640625,254200,0.0,0.0
2016-08-01,27.402427371115436,27.456051996554912,26.758926751753407,27.0002384185791,218100,0.0,0.0
2016-08-02,26.910862474596296,26.991300258717523,26.16904868024187,26.213735580444336,231800,0.0,0.0
2016-08-03,26.18692695590325,26.213740123489245,25.847302023295306,26.08861541748047,193900,0.0,0.0
2016-08-04,26.151175515936895,26.615926819182697,26.034986837777385,26.061800003051758,126700,0.0,0.0
2016-08-05,26.21373558044434,26.553360454192642,26.10648463338405,26.213735580444336,127700,0.0,0.0
2016-08-08,26.32098843676445,26.49973775523634,26.222675203552445,26.410362243652344,136800,0.0,0.0
2016-08-09,26.383550072964194,26.50867476299456,26.097549807354184,26.142236709594727,167900,0.0,0.0
2016-08-10,26.15117612476391,26.231613917763596,25.677487088732,25.927738189697266,185100,0.0,0.0
2016-08-11,26.06179703386737,26.28523493827618,25.865172291678157,25.963483810424805,102000,0.0,0.0
2016-08-12,25.900925037195137,25.954551369020106,25.588111587000807,25.73111343383789,96300,0.0,0.0
2016-08-15,25.784738273674286,25.981363044566045,25.740049663451494,25.945613861083984,76100,0.0,0.0
2016-08-16,25.85623419417939,25.883045651312376,25.525545350406716,25.543420791625977,160600,0.0,0.0
2016-08-17,25.471922516569883,25.471922516569883,24.980359781461853,25.337860107421875,116700,0.0,0.0
2016-08-18,25.275296217529487,25.391483177099037,25.025045152315798,25.18592071533203,98500,0.0,0.0
2016-08-19,25.069736594097254,25.132300650260206,24.89098726200607,25.07867431640625,124900,0.0,0.0
2016-08-22,24.998232457199045,25.42723453482113,24.899920937171775,25.418296813964844,137100,0.0,0.0
2016-08-23,25.48086072261222,25.704298643675433,25.25742280154901,25.588109970092773,175000,0.0,0.0
2016-08-24,25.6059840783902,25.668546420275952,25.56129717838494,25.632797241210938,138500,0.0,0.0
2016-08-25,25.516609763668168,25.766860847577764,25.45404741886478,25.757923126220703,110100,0.0,0.0
2016-08-26,25.766860961914062,25.936674259059668,25.6774854526429,25.766860961914062,130500,0.0,0.0
2016-08-29,25.757919888821636,25.92773316387064,25.63279521494123,25.802608489990234,78900,0.0,0.0
2016-08-30,25.748990142183544,25.92774119281945,25.704303231872743,25.84730339050293,139000,0.0,0.0
2016-08-31,25.86517487358109,26.28523756211044,25.722174736860627,26.017112731933594,182900,0.0,0.0
2016-09-01,25.95455071776753,26.240550994873047,25.865175204998025,26.240550994873047,127400,0.0,0.0
2016-09-02,26.33886237012532,26.63380036724658,26.320988631433206,26.60698890686035,221200,0.0,0.0
2016-09-06,26.606988165988824,26.919801597788016,26.562299558762618,26.910863876342773,113300,0.0,0.0
2016-09-07,26.973427289926036,27.259427568715275,26.857238611232827,27.223676681518555,222800,0.0,0.0
2016-09-08,27.16111396704328,27.259427200811256,27.01811382957865,27.17898941040039,105500,0.0,0.0
2016-09-09,26.741047474866335,26.86617215118635,26.21373390366646,26.231609344482422,169700,0.0,0.0
2016-09-12,25.981361020656355,26.41929913854793,25.757923101036408,26.329923629760742,88800,0.0,0.0
2016-09-13,26.008173609839215,26.294173867879884,25.784735695157945,25.891984939575195,78800,0.0,0.0
2016-09-14,25.811548093032588,25.936674488999937,25.686423401761306,25.78473663330078,86500,0.0,0.0
2016-09-15,25.856235264736657,26.240548743383403,25.766859759635743,26.213735580444336,63800,0.0,0.0
2016-09-16,26.115423085159147,26.15117397007833,25.829422824589773,25.909860610961914,145100,0.0,0.0
2016-09-19,26.070736758586023,26.41929937075402,25.838361115575342,25.95454978942871,93700,0.0,0.0
2016-09-20,26.1601103601034,26.419297443794182,25.588108163376006,25.77579689025879,80700,0.0,0.0
2016-09-21,25.92773424897207,26.18692132781384,25.856234188805796,26.09754753112793,67700,0.0,0.0
2016-09-22,26.19586236946572,26.633800506591797,26.106486856753104,26.633800506591797,103000,0.0,0.0
2016-09-23,26.499735094592367,26.508672815323003,26.195859408534375,26.320985794067383,66700,0.0,0.0
2016-09-26,26.19586231344532,26.320988712853843,25.838361968055505,25.856237411499023,129200,0.0,0.0
2016-09-27,25.900923600580413,26.061799177739903,25.731112006641897,25.981361389160156,188100,0.0,0.0
2016-09-28,26.04392265910795,26.276298293774378,26.017111200486127,26.2584228515625,87700,0.0,0.0
2016-09-29,26.14223551892613,26.14223551892613,25.632797355924055,25.641735076904297,56700,0.0,0.0
2016-09-30,25.838362073186985,26.24055102882203,25.47192400458444,26.061800003051758,164400,0.0,0.0
2016-10-03,26.016834657181573,26.18770269821885,25.78301568399484,26.133743286132812,100000,0.18,0.0
2016-10-04,26.133744306257046,26.43051422317758,25.765030219031065,26.2056884765625,146900,0.0,0.0
2016-10-05,26.26863452966224,26.69130795253504,26.187698853982685,26.457489013671875,78900,0.0,0.0
2016-10-06,26.439504344086476,26.637352075581628,26.2776295511483,26.628358840942383,89300,0.0,0.0
2016-10-07,26.628362610901913,26.88016635531388,26.367563915293108,26.790237426757812,175900,0.0,0.0
2016-10-10,26.961099644643404,27.087003212900623,26.79023333426106,26.799224853515625,58900,0.0,0.0
2016-10-11,26.727280728351385,26.727280728351385,25.935894956012085,26.01683235168457,112100,0.0,0.0
2016-10-12,25.98085800817128,26.37655173057982,25.97186477410699,26.124746322631836,108400,0.0,0.0
2016-10-13,25.84596611141661,25.84596611141661,25.47725204578365,25.711071014404297,108900,0.0,0.0
2016-10-14,25.72006508522626,26.016834994409148,25.477252873544543,25.48624610900879,64800,0.0,0.0
2016-10-17,25.324369542002408,25.594159726050947,25.072564112348726,25.153501510620117,99600,0.0,0.0
2016-10-18,25.45026963472327,25.45026963472327,24.48801587230315,24.514995574951172,160100,0.0,0.0
2016-10-19,24.461040605243223,24.829754672683833,24.101318057734524,24.766803741455078,319800,0.0,0.0
2016-10-20,24.70384947075708,24.946661659776197,24.559961147327407,24.57794761657715,123200,0.0,0.0
2016-10-21,24.344130688178602,24.77579569439215,24.191249117400773,24.721837997436523,79300,0.0,0.0
2016-10-24,24.820760457427262,25.342356072378752,24.74881629382306,25.30638313293457,106100,0.0,0.0
2016-10-25,25.18048303775337,25.45027324132987,25.000621758512846,25.16249656677246,96100,0.0,0.0
2016-10-26,25.126524427197204,25.917910253477427,25.126524427197204,25.39631462097168,200900,0.0,0.0
2016-10-27,24.380099624452303,24.55096592262219,21.736148894001243,22.212779998779297,621600,0.0,0.0
2016-10-28,21.933998487460133,23.094100120837286,21.790110152119684,22.527538299560547,333900,0.0,0.0
2016-10-31,22.437607824611145,22.93222372872489,21.94299020521326,22.032920837402344,322800,0.0,0.0
2016-11-01,21.898027158430697,22.167817357105996,21.025702199831006,21.13361930847168,253900,0.0,0.0
2016-11-02,21.133616615207465,21.133616615207465,20.369208862664433,20.414175033569336,198400,0.0,0.0
2016-11-03,20.594039940824256,20.728935058142127,20.189354588870643,20.27928352355957,221100,0.0,0.0
2016-11-04,20.459142474367148,20.84584302415232,20.279281195072183,20.63900375366211,131000,0.0,0.0
2016-11-07,20.99872420913403,21.268514407809327,20.77389847180986,21.13361930847168,198900,0.0,0.0
2016-11-08,21.133620994225964,21.448377394643657,20.728933948648308,21.3134822845459,145300,0.0,0.0
2016-11-09,20.998721457626594,21.26851162095071,20.54907004189705,21.043685913085938,275200,0.0,0.0
2016-11-10,21.26851303672135,22.167815928043897,20.90879222324916,22.032920837402344,451500,0.0,0.0
2016-11-11,22.21278282482603,22.84229384007246,22.032921554593223,22.752363204956055,243400,0.0,0.0
2016-11-14,22.842289779561163,23.112081636951395,21.853056399698094,21.987953186035156,164000,0.0,0.0
2016-11-15,21.94299107976098,22.57250381488993,21.94299107976098,22.43760871887207,188300,0.0,0.0
2016-11-16,22.257745792073624,22.57250213623047,22.212781335172966,22.57250213623047,99700,0.0,0.0
2016-11-17,22.572505947064332,22.9322268088522,22.482575302796274,22.88726234436035,120500,0.0,0.0
2016-11-18,22.93222703083907,23.067122140904775,22.66243681070766,22.707401275634766,157500,0.0,0.0
2016-11-21,22.84229230820258,22.84229230820258,22.482571507145074,22.57250213623047,76000,0.0,0.0
2016-11-22,22.572504492854307,22.842294692993164,22.572504492854307,22.842294692993164,152300,0.0,0.0
2016-11-23,22.75236405451879,23.067120431536964,22.572504492854307,22.842294692993164,115100,0.0,0.0
2016-11-25,22.752363848735758,23.02215576171875,22.752363848735758,23.02215576171875,30000,0.0,0.0
2016-11-28,22.842295319150875,22.93222596009044,22.752364678211304,22.797330856323242,77000,0.0,0.0
2016-11-29,22.88726001527276,22.932224475188864,22.662434285123847,22.752363204956055,97600,0.0,0.0
2016-11-30,22.93222811010263,23.246984525258974,22.572507227903014,22.61747169494629,135000,0.0,0.0
2016-12-01,22.75236574056187,22.977191495766178,22.482575520430462,22.707401275634766,144400,0.0,0.0
2016-12-02,22.61746523239027,22.707395856065144,22.16781382929987,22.212779998779297,68200,0.0,0.0
2016-12-05,22.347680827886258,23.1120887529192,22.302714646834662,22.977191925048828,199300,0.0,0.0
2016-12-06,22.97718879353397,23.606701520185936,22.752363064770293,23.561737060546875,110300,0.0,0.0
2016-12-07,23.471805844266093,24.011387922982905,23.471805844266093,23.921457290649414,120100,0.0,0.0
2016-12-08,23.876493251720092,24.416075378682798,23.72361167766873,24.371110916137695,100900,0.0,0.0
2016-12-09,24.506006460203828,24.685867744190617,24.146285607514585,24.640901565551758,123100,0.0,0.0
2016-12-12,24.461041992728667,24.506006456075628,24.011390498121777,24.32614517211914,131700,0.0,0.0
2016-12-13,24.461039874043717,24.685865601873957,24.371109239854785,24.506004333496094,79200,0.0,0.0
2016-12-14,24.281177713797774,24.371108344683478,24.011387536424778,24.101316452026367,102500,0.0,0.0
2016-12-15,24.101318774461216,24.59593643435254,24.01138985019396,24.236215591430664,102200,0.0,0.0
2016-12-16,24.371110693115835,24.59593643435254,24.05635431232759,24.236215591430664,352200,0.0,0.0
2016-12-19,24.191247940063477,24.37110920820778,24.056352846597335,24.191247940063477,82800,0.0,0.0
2016-12-20,24.101319424815692,24.32614517211914,23.876493677512247,24.32614517211914,141200,0.0,0.0
2016-12-21,24.371111350750425,24.550970919422586,24.14628560344698,24.32614517211914,54100,0.0,0.0
2016-12-22,24.23621388177184,24.281178340733607,23.96642198214875,24.056352615356445,91000,0.0,0.0
2016-12-23,24.05635536724701,24.281181118342776,24.05635536724701,24.146286010742188,57600,0.0,0.0
2016-12-27,24.101316452026367,24.550967891170767,24.056351994225572,24.101316452026367,68900,0.0,0.0
2016-12-28,24.101318774461216,24.281180053564295,24.05635431232759,24.236215591430664,63100,0.0,0.0
2016-12-29,24.14628560344698,24.461041992728667,24.101319424815692,24.32614517211914,66300,0.0,0.0
2016-12-30,24.371109578105813,24.5509691336958,23.561737289740364,23.696632385253906,107500,0.0,0.0
2017-01-03,23.633248658230325,23.995443689255488,23.56986474368619,23.769071578979492,90700,0.18,0.0
2017-01-04,23.995444470456913,24.810383748565428,23.90489527798215,24.76511001586914,112900,0.0,0.0
2017-01-05,24.765109142086683,24.765109142086683,24.040717354929313,24.08599281311035,70100,0.0,0.0
2017-01-06,24.26708889668351,24.26708889668351,23.81434468796119,23.90489387512207,101100,0.0,0.0
2017-01-09,23.678525299936958,23.678525299936958,23.180507286947932,23.406879425048828,188900,0.0,0.0
2017-01-10,23.40687689110242,23.723798195551353,23.22577850939384,23.542699813842773,185900,0.0,0.0
2017-01-11,23.361599229651283,23.452148411968782,22.637209225275274,22.727758407592773,119500,0.0,0.0
2017-01-12,22.72776006205694,22.72776006205694,21.68644870730856,21.91282081604004,241800,0.0,0.0
2017-01-13,22.093915220435814,22.456110212164543,21.958092314422785,22.139190673828125,177100,0.0,0.0
2017-01-17,22.048644114987763,22.2750162276117,21.912821192829835,22.093917846679688,174500,0.0,0.0
2017-01-18,22.139192681988337,22.320289330738298,22.00336803657323,22.229740142822266,130500,0.0,0.0
2017-01-19,22.32029104584399,22.50138943559178,21.324253356395634,21.41480255126953,87400,0.0,0.0
2017-01-20,21.414799348888373,21.68644689288773,21.188427259096567,21.278976440429688,102100,0.0,0.0
2017-01-23,21.23370271330412,21.505348530221493,21.09787807776345,21.278976440429688,159600,0.0,0.0
2017-01-24,21.41480053483084,22.09391684181542,21.324251348483145,22.048643112182617,120700,0.0,0.0
2017-01-25,22.22973913669305,22.501386688146248,22.07580604232751,22.184465408325195,76600,0.0,0.0
2017-01-26,22.184468680256316,22.229742415301477,21.550626027130367,21.595901489257812,55300,0.0,0.0
2017-01-27,21.686451418646744,21.686451418646744,21.36953008138331,21.550626754760742,53700,0.0,0.0
2017-01-30,21.369527960118678,21.39669150853359,20.735685348510742,20.735685348510742,112000,0.0,0.0
2017-01-31,20.73568662035007,21.097881680449188,20.581753503922663,20.871509552001953,308500,0.0,0.0
2017-02-01,21.09788003470445,21.324252145493478,20.645135813126394,20.96205711364746,107500,0.0,0.0
2017-02-02,20.91678365978293,21.188429505500274,20.645136086983413,21.0526065826416,238000,0.0,0.0
2017-02-03,21.23370468284358,21.23370468284358,20.76285027790269,20.96205711364746,132600,0.0,0.0
2017-02-06,20.82623683139956,20.962059769666126,20.464041753661256,20.509315490722656,131000,0.0,0.0
2017-02-07,20.599861197809854,20.645134927191993,20.26482972830299,20.282939910888672,353200,0.0,0.0
2017-02-08,20.147121047973634,20.46404239863914,19.830199697308128,20.373493194580078,113700,0.0,0.0
2017-02-09,20.23766862859907,20.916785013940768,20.23766862859907,20.871509552001953,119700,0.0,0.0
2017-02-10,20.916782981556945,21.59589930091216,20.73568460556271,21.50535011291504,202500,0.0,0.0
2017-02-13,21.595901489257812,21.91282281582079,21.460078557040045,21.595901489257812,234300,0.0,0.0
2017-02-14,21.550621886024224,21.550621886024224,20.690408995886244,20.78095817565918,116900,0.0,0.0
2017-02-15,20.780963147868803,21.233707427978516,20.645138482169994,21.233707427978516,89300,0.0,0.0
2017-02-16,21.143157142388002,21.550625937343654,20.690412885493537,20.871509552001953,89800,0.0,0.0
2017-02-17,20.780961084821445,20.962057742637388,20.59986269992331,20.826234817504883,156200,0.0,0.0
2017-02-21,20.826235903914093,21.595901489257812,20.826235903914093,21.595901489257812,216900,0.0,0.0
2017-02-22,21.414799637158836,21.414799637158836,21.233702999136792,21.369525909423828,67800,0.0,0.0
2017-02-23,21.36952816840469,21.505351093049615,21.007333126990815,21.143156051635742,94700,0.0,0.0
2017-02-24,20.826235107494288,21.396692091826868,20.762851190022026,21.32425308227539,109200,0.0,0.0
2017-02-27,21.324254902334562,21.41480410377298,20.916786086485242,21.233707427978516,139900,0.0,0.0
2017-02-28,20.962056214113172,21.05260539995952,20.237666181506533,20.282939910888672,214400,0.0,0.0
2017-03-01,20.599861094739925,21.776995323606524,20.599861094739925,21.641172409057617,341700,0.0,0.0
2017-03-02,23.406876961968788,24.80132828785088,22.908857274303475,23.225778579711914,372400,0.0,0.0
2017-03-03,23.22577816890068,23.814345310201837,22.591937296377175,23.769071578979492,157400,0.0,0.0
2017-03-06,23.633247375488278,23.904893202242494,23.406875277499086,23.63324737548828,176800,0.0,0.0
2017-03-07,23.633248935046147,23.904894779726266,23.569865019759597,23.859621047973633,190400,0.0,0.0
2017-03-08,23.859621118291706,24.248981430007635,23.52458963025548,23.542699813842773,199100,0.0,0.0
2017-03-09,23.497422909155528,23.723794992183684,22.999403290244423,23.08995246887207,162900,0.0,0.0
2017-03-10,23.18050512393586,23.452150973476257,22.908857547313268,23.316328048706055,125600,0.0,0.0
2017-03-13,23.316330224391997,23.678525299936958,23.135231823078342,23.406879425048828,80100,0.0,0.0
2017-03-14,23.225775952875708,23.67852013023033,22.954130137295724,23.27105140686035,137100,0.0,0.0
2017-03-15,23.45215189149507,23.769073213086003,23.406878157160193,23.678524017333984,140800,0.0,0.0
2017-03-16,23.723796560100364,23.95016865808956,23.524588008537364,23.63324737548828,84800,0.0,0.0
2017-03-17,23.723798267377227,23.769071999400357,23.180504847688784,23.225778579711914,291800,0.0,0.0
2017-03-20,23.18050512393586,23.678523090453986,23.08995593172833,23.316328048706055,122300,0.0,0.0
2017-03-21,23.452153100747644,23.452153100747644,22.673434122124988,22.68248748779297,113300,0.0,0.0
2017-03-22,22.54666165714705,22.86358295440674,22.456112468346838,22.637210845947266,101300,0.0,0.0
2017-03-23,23.587974537924143,24.5387384912635,22.773035240120578,23.180505752563477,419200,0.0,0.0
2017-03-24,23.633249357891316,23.859621474869044,23.225778856498525,23.316328048706055,181100,0.0,0.0
2017-03-27,23.135229011643247,23.225778201296375,22.95413235941914,23.044681549072266,144100,0.0,0.0
2017-03-28,22.999405810812657,23.271053376466213,22.727759972241227,22.954132080078125,373900,0.0,0.0
2017-03-29,22.908855045145778,23.13522713739853,22.637209225275274,22.727758407592773,306500,0.0,0.0
2017-03-30,22.727759972241227,23.452150026486457,22.546661595138858,22.954132080078125,394300,0.0,0.0
2017-03-31,22.935892649781433,23.255080375369214,22.753500906183536,23.1182861328125,336100,0.18,0.0
2017-04-03,23.163881406541392,23.163881406541392,21.887132366388656,22.160720825195312,249000,0.0,0.0
2017-04-04,22.023927720157126,22.06952695857483,21.020767087597708,21.294357299804688,202300,0.0,0.0
2017-04-05,21.47675099904823,21.522350241635614,20.655983766241064,20.79277801513672,255700,0.0,0.0
2017-04-06,20.8383773662629,21.020769119262695,20.56478712761332,21.020769119262695,251900,0.0,0.0
2017-04-07,20.883974075317383,21.066367560812967,20.747179830912295,20.883974075317383,526200,0.0,0.0
2017-04-10,20.929573656940555,21.65914413192691,20.838376912708956,21.567947387695312,190600,0.0,0.0
2017-04-11,21.522349205565497,21.795937690186456,21.385554963255018,21.659143447875977,175100,0.0,0.0
2017-04-12,21.613544583010114,21.659142081091822,21.24875764062423,21.339954376220703,128700,0.0,0.0
2017-04-13,21.24875725034781,21.43115071819073,21.020766285260677,21.157562255859375,100500,0.0,0.0
2017-04-17,21.248758190066855,21.56794590319142,21.1119639528515,21.522348403930664,103500,0.0,0.0
2017-04-18,21.33995370367902,21.613543901846068,21.157561977667317,21.431150436401367,100900,0.0,0.0
2017-04-19,21.65914492756643,21.93273343087817,21.522350675910563,21.704742431640625,106300,0.0,0.0
2017-04-20,21.887133580929078,22.434312268338925,21.750339343934893,22.25191879272461,157800,0.0,0.0
2017-04-21,22.251918528664273,22.251918528664273,21.613544850455856,21.795936584472656,146000,0.0,0.0
2017-04-24,22.251920017427455,22.479911004776984,21.85065539265099,22.343116760253906,141000,0.0,0.0
2017-04-25,22.616701543908814,22.662300777567914,22.297515605459626,22.571104049682617,225000,0.0,0.0
2017-04-26,21.294356159434837,21.294356159434837,19.28803500175988,19.470428466796875,473500,0.0,0.0
2017-04-27,19.424831838155704,20.838377033345687,19.379234335492544,20.336795806884766,246500,0.0,0.0
2017-04-28,20.33679405878125,20.33679405878125,19.607223642283472,19.835214614868164,213500,0.0,0.0
2017-05-01,19.972006260530744,20.519184871661626,19.424827649399866,19.926408767700195,386100,0.0,0.0
2017-05-02,19.926412483626073,19.972009984959758,19.08740558728077,19.196840286254883,217900,0.0,0.0
2017-05-03,19.01444804130497,19.315396064717,18.695260322065995,18.786457061767578,234500,0.0,0.0
2017-05-04,18.832055562353908,18.832055562353908,18.239279331952112,18.421672821044922,137600,0.0,0.0
2017-05-05,18.421671849069483,18.51286684937098,18.011287389980225,18.284875869750977,185800,0.0,0.0
2017-05-08,18.23927879333496,18.33047553518827,17.783296823501587,18.23927879333496,184200,0.0,0.0
2017-05-09,18.239275908192305,18.312232942247757,17.7832940104875,17.87449073791504,190700,0.0,0.0
2017-05-10,17.783297269040478,17.901851818816798,17.555306278411752,17.692100524902344,152400,0.0,0.0
2017-05-11,17.555306702146964,17.874494444618108,17.327315706015188,17.646503448486328,146800,0.0,0.0
2017-05-12,17.646500451176856,17.947448445376583,17.418509493770006,17.783294677734375,159900,0.0,0.0
2017-05-15,17.965687716923764,18.05688270619545,17.78329425951455,17.82889175415039,169200,0.0,0.0
2017-05-16,17.965687716923764,18.011285211559606,17.692097530809942,17.82889175415039,105700,0.0,0.0
2017-05-17,17.82889427102075,17.82889427102075,17.236118059909117,17.28171730041504,293100,0.0,0.0
2017-05-18,17.3729137891542,17.418513033562032,17.09932528044048,17.327316284179688,267500,0.0,0.0
2017-05-19,17.32731494090134,17.555305926965833,16.944290014735667,17.008127212524414,155100,0.0,0.0
2017-05-22,16.96252874535526,17.41851069152377,16.96252874535526,17.37291145324707,221300,0.0,0.0
2017-05-23,17.418512496176117,17.418512496176117,17.09932475290196,17.144922256469727,143700,0.0,0.0
2017-05-24,17.23611601098298,17.26347555203419,16.962527558202677,17.05372428894043,187900,0.0,0.0
2017-05-25,17.23611953479734,17.46411053853655,17.053727775465966,17.327316284179688,291800,0.0,0.0
2017-05-26,17.236118959675824,17.69210095193938,17.09932470988341,17.646503448486328,120900,0.0,0.0
2017-05-30,17.692097946885042,17.874491408583708,17.50970622461934,17.783294677734375,204600,0.0,0.0
2017-05-31,17.96568813943304,17.96568813943304,17.418509493770006,17.783294677734375,266700,0.0,0.0
2017-06-01,17.874490891233027,18.239276064639228,17.69209743481347,18.102481842041016,237500,0.0,0.0
2017-06-02,18.102484129714853,18.695260328840234,18.011287389980225,18.284875869750977,218800,0.0,0.0
2017-06-05,18.284874088256263,18.284874088256263,17.73769718202619,17.783294677734375,153000,0.0,0.0
2017-06-06,17.692100524902344,17.92009151553107,17.46410953427362,17.692100524902344,155100,0.0,0.0
2017-06-07,17.692098365099312,18.23927702369682,17.555304135308187,17.73769760131836,205500,0.0,0.0
2017-06-08,17.737700194825692,17.828895201731797,17.445870258653077,17.646503448486328,129200,0.0,0.0
2017-06-09,17.64650204879855,18.056884765625,17.464108570586934,18.056884765625,197500,0.0,0.0
2017-06-12,18.10248334263837,18.649662017822262,18.10248334263837,18.649662017822266,230200,0.0,0.0
2017-06-13,18.649660042342333,18.6952575356806,18.056882192347626,18.14807891845703,229000,0.0,0.0
2017-06-14,18.14807891845703,18.239275644566437,17.92008797289995,18.14807891845703,148200,0.0,0.0
2017-06-15,17.920088482855,18.14807943490006,17.600900802105333,17.82889175415039,89600,0.0,0.0
2017-06-16,17.600904893540918,17.737700888113338,17.345556081130166,17.555307388305664,301300,0.0,0.0
2017-06-19,17.692097530809942,17.82889175415039,17.509705812833648,17.82889175415039,127000,0.0,0.0
2017-06-20,17.69210095193938,17.746818303969697,17.600904205600017,17.646503448486328,111000,0.0,0.0
2017-06-21,17.73769840172835,17.73769840172835,17.117562676629877,17.37291145324707,106400,0.0,0.0
2017-06-22,17.32731370122393,17.646501406764663,17.09932273147098,17.41851043701172,94200,0.0,0.0
2017-06-23,17.372909850060275,17.874490988219158,17.28171486078859,17.82889175415039,191000,0.0,0.0
2017-06-26,17.737697740854603,18.22103747254771,17.682978656961293,17.965688705444336,108900,0.0,0.0
2017-06-27,17.965688705444336,18.33047390090131,17.692098504276842,17.965688705444336,131300,0.0,0.0
2017-06-28,18.102481993452063,18.449027476228267,18.05688275924932,18.330472946166992,144500,0.0,0.0
2017-06-29,18.376073579055106,18.649663812694325,18.239279331952112,18.421672821044922,160700,0.0,0.0
2017-06-30,18.50411359239719,18.82472801208496,18.320903854960566,18.82472801208496,150700,0.09,0.0
2017-07-03,18.87053083211022,19.145343683941668,18.3667049407959,18.3667049407959,76400,0.0,0.0
2017-07-05,18.320906535539695,18.43999165924487,17.58807097300523,17.95448875427246,184500,0.0,0.0
2017-07-06,17.817083831624362,17.95449029297309,17.40486270036023,17.49646759033203,172100,0.0,0.0
2017-07-07,17.542266029608612,17.954487087272348,17.404859592793244,17.90868377685547,113700,0.0,0.0
2017-07-10,17.817080827544416,17.86288239119889,17.54226620396461,17.63387107849121,189100,0.0,0.0
2017-07-11,17.67967347175999,18.091894552864247,17.63387190595629,18.046092987060547,161500,0.0,0.0
2017-07-12,18.183497983133087,18.41250928834328,18.137694673760485,18.229299545288086,149700,0.0,0.0
2017-07-13,18.137695294229022,18.50411479287418,18.000288855845916,18.41250991821289,130400,0.0,0.0
2017-07-14,18.366706607273418,18.50411479287418,18.183498605168495,18.41250991821289,113400,0.0,0.0
2017-07-17,18.41250974243449,18.778927490363916,18.30258354444684,18.68732261657715,98500,0.0,0.0
2017-07-18,18.641521053292585,18.68732261657715,18.137695121074188,18.68732261657715,166900,0.0,0.0
2017-07-19,18.778931252707835,19.191152393727645,18.64152478810723,18.962141036987305,192100,0.0,0.0
2017-07-20,18.916335610652286,19.007940492590254,18.641522712056172,18.73312759399414,140200,0.0,0.0
2017-07-21,18.824729233362206,18.824729233362206,18.091893730507206,18.41250991821289,161200,0.0,0.0
2017-07-24,18.366707442121925,18.458312320947062,17.86288322941027,18.046092987060547,176700,0.0,0.0
2017-07-25,18.137695746284727,18.89801325465322,18.137695746284727,18.595718383789062,209000,0.0,0.0
2017-07-26,18.641521453857422,18.733126329612574,18.366706826591965,18.641521453857422,116700,0.0,0.0
2017-07-27,18.77892645133458,18.916332880803274,18.45831028442926,18.82472801208496,84700,0.0,0.0
2017-07-28,18.68732427941626,18.916335610652286,18.45831294818023,18.73312759399414,63200,0.0,0.0
2017-07-31,18.824729018581426,18.824729018581426,17.90868377685547,17.90868377685547,191500,0.0,0.0
2017-08-01,17.862885177511732,17.936168739120497,17.523947613059978,17.77128028869629,170800,0.0,0.0
2017-08-02,17.817082099695178,17.908685233544645,17.542267456493434,17.72547721862793,81800,0.0,0.0
2017-08-03,17.862883044666322,17.954487922544054,17.40486040249539,17.542266845703125,114300,0.0,0.0
2017-08-04,17.35905770144065,17.82623922833783,16.305604295596034,16.39720916748047,248000,0.0,0.0
2017-08-07,16.259804667355027,16.30560623513651,15.114748000639885,15.618572235107422,347200,0.0,0.0
2017-08-08,15.526968775768301,15.801781671162273,14.455194814574478,14.519318580627441,288700,0.0,0.0
2017-08-09,14.931539509325695,15.11474929052224,13.813964736237063,14.061297416687012,422300,0.0,0.0
2017-08-10,14.061295736085654,14.290307061600998,13.923888416611122,14.152899742126465,239000,0.0,0.0
2017-08-11,14.01549277355767,14.885735603338784,13.878085459207698,14.748329162597656,310300,0.0,0.0
2017-08-14,14.794132140563134,14.839935456664767,14.290307893970173,14.427714347839355,222300,0.0,0.0
2017-08-15,14.610922939046256,15.023143165653352,13.649075161223756,13.832284927368164,380100,0.0,0.0
2017-08-16,13.832284846415762,13.969691296610996,13.282657298417012,13.328459739685059,261000,0.0,0.0
2017-08-17,13.328459864213457,13.603273640780428,13.007843645950505,13.053646087646484,250200,0.0,0.0
2017-08-18,12.91623899689814,13.282656765112879,12.824634118040022,13.14525032043457,251300,0.0,0.0
2017-08-21,13.099447896544913,13.19105190190283,12.91623901222021,13.007843017578125,229100,0.0,0.0
2017-08-22,13.053645986415175,13.32845976085096,13.053645986415175,13.191052436828613,186900,0.0,0.0
2017-08-23,13.145251169735024,13.465866519235314,13.145251169735024,13.282657623291016,147000,0.0,0.0
2017-08-24,13.511667572873531,13.969690202462465,13.465865135192871,13.465865135192871,203400,0.0,0.0
2017-08-25,13.557471496326247,13.649075508117676,13.264336387210456,13.649075508117676,147700,0.0,0.0
2017-08-28,13.694877624511719,13.832284949338272,13.557471173294077,13.694877624511719,208700,0.0,0.0
2017-08-29,13.511668088649309,13.649074533327617,12.870436557469082,13.14525032043457,328700,0.0,0.0
2017-08-30,13.145251493473285,13.282657950413292,12.943721266166854,13.236855506896973,176100,0.0,0.0
2017-08-31,13.23685413729886,13.649074339076002,13.23685413729886,13.420063018798828,215300,0.0,0.0
2017-09-01,13.465865135192871,13.621592899141815,13.42006269751221,13.465865135192871,157300,0.0,0.0
2017-09-05,13.511667572873531,13.83228376302932,13.328458695759725,13.465865135192871,186200,0.0,0.0
2017-09-06,13.55747127532959,13.786482611488506,13.37426238112424,13.55747127532959,190700,0.0,0.0
2017-09-07,13.649074012306677,13.878085327101143,13.374261133440386,13.465865135192871,109200,0.0,0.0
2017-09-08,13.420064379565952,13.649075723064408,13.236855479488975,13.374262809753418,82600,0.0,0.0
2017-09-11,13.420063628294022,13.832284722401747,13.420063628294022,13.603273391723633,126400,0.0,0.0
2017-09-12,13.694877624511719,13.969691400555913,13.630754730424675,13.694877624511719,147000,0.0,0.0
2017-09-13,13.649074031448585,14.24450397491455,13.612432255974436,14.24450397491455,162800,0.0,0.0
2017-09-14,14.198703878975438,14.381912786563003,13.740681173202036,14.061297416687012,236900,0.0,0.0
2017-09-15,14.107096888898385,14.336108207702637,13.923888008576753,14.336108207702637,248400,0.0,0.0
2017-09-18,14.381911277770994,14.43687438108563,14.152899948909646,14.381911277770996,126100,0.0,0.0
2017-09-19,14.3819104145404,14.47351529003019,14.107096661679865,14.24450397491455,125900,0.0,0.0
2017-09-20,14.290307156007884,14.702526496328119,14.244504715880453,14.65672492980957,141600,0.0,0.0
2017-09-21,14.748330361652975,14.931538381796928,14.42771414237877,14.702527046203613,186900,0.0,0.0
2017-09-22,14.74833055924959,14.977341897911174,14.56512078943318,14.931538581848145,167200,0.0,0.0
2017-09-25,14.885736330763935,15.343758987095132,14.885736330763935,15.297957420349121,198600,0.0,0.0
2017-09-26,15.297959503984542,15.801783795684374,15.20635461079784,15.526970863342285,206500,0.0,0.0
2017-09-27,15.710176762716536,15.75598007668032,15.206352539639328,15.297957420349121,288800,0.0,0.0
2017-09-28,15.343759640871538,15.46284476781588,15.023143418335131,15.206353187561035,255400,0.0,0.0
2017-09-29,15.160549468106124,15.462844356229967,15.160549468106124,15.252154350280762,133300,0.0,0.0
2017-10-02,15.343759733087877,15.572771072387697,15.160549962760879,15.572771072387695,140400,0.0,0.0
2017-10-03,15.755977630615236,15.847580749886164,15.297955045390578,15.755977630615234,207600,0.0,0.0
2017-10-04,15.654686023422466,15.746772763077233,15.332383312835015,15.608643531799316,216200,0.09,0.0
2017-10-05,15.608642531773514,15.746771754201667,15.378426575590472,15.654685020446777,104200,0.0,0.0
2017-10-06,15.654684949277051,15.654684949277051,15.286339772340437,15.424468994140625,175700,0.0,0.0
2017-10-09,15.470512491930817,15.79281520143114,15.42447000046297,15.516556739807129,160300,0.0,0.0
2017-10-10,15.516554003395395,16.069072585612826,15.516554003395395,15.884899139404297,259300,0.0,0.0
2017-10-11,15.930944485978298,15.976988734009916,15.470512544112932,15.608643531799316,161400,0.0,0.0
2017-10-12,15.470512443075554,15.654685921182258,15.378427460430661,15.562599182128906,155700,0.0,0.0
2017-10-13,15.562599283767698,15.930944485978298,15.51655679214455,15.608643531799316,136500,0.0,0.0
2017-10-16,15.562599182128906,15.654685921182258,15.378427460430661,15.562599182128906,137100,0.0,0.0
2017-10-17,15.51655679214455,15.838859502732001,15.470512544112932,15.608643531799316,127000,0.0,0.0
2017-10-18,15.70072841644287,15.976988633672219,15.470512446955974,15.700728416442871,123800,0.0,0.0
2017-10-19,15.562598203200881,15.83885840298345,15.240295514992058,15.28633975982666,198200,0.0,0.0
2017-10-20,15.470512443075554,15.792815151558058,15.286340721377309,15.562599182128906,121900,0.0,0.0
2017-10-23,15.562597297540076,15.562597297540076,15.102165414438842,15.378425598144531,170500,0.0,0.0
2017-10-24,15.378426387301523,15.516555608038463,15.194252922046715,15.24029541015625,137500,0.0,0.0
2017-10-25,15.19425294102549,15.267921975937766,14.687777667350472,14.917994499206543,138400,0.0,0.0
2017-10-26,14.96403696868237,15.26792195686697,14.96403696868237,15.24029541015625,92700,0.0,0.0
2017-10-27,15.148210345811181,15.148210345811181,14.64173419751109,14.871950149536133,108600,0.0,0.0
2017-10-30,14.8259076324796,14.8259076324796,14.45756158304287,14.595691680908203,124000,0.0,0.0
2017-10-31,14.687776448937225,14.687776448937225,14.319431304931639,14.31943130493164,166300,0.0,0.0
2017-11-01,14.503604828066226,14.779863265085117,14.411518096923826,14.411518096923828,146500,0.0,0.0
2017-11-02,14.41151814211347,14.503604873544623,14.135259704228327,14.36547565460205,98700,0.0,0.0
2017-11-03,14.365475562878537,14.549648146360743,14.181302101192179,14.22734546661377,96000,0.0,0.0
2017-11-06,14.181302924108017,14.181302924108017,13.720870999582377,13.766914367675781,109100,0.0,0.0
2017-11-07,13.76691331351524,13.951085893582187,13.352524788813577,13.398568153381348,182400,0.0,0.0
2017-11-08,13.30648234331163,13.444612446555453,12.938137157736492,13.35252571105957,200100,0.0,0.0
2017-11-09,13.214394626813963,14.135258339394614,12.84604861485926,13.490653038024902,290900,0.0,0.0
2017-11-10,13.398569152089694,13.905044443678772,13.352525784089922,13.720870971679688,139400,0.0,0.0
2017-11-13,13.628784210735013,13.72087006242803,13.39856826419626,13.674827575683594,161300,0.0,0.0
2017-11-14,13.490655009885035,13.76691433967946,13.306482416090152,13.720870971679688,211400,0.0,0.0
2017-11-15,13.628784098016064,13.72086994894747,13.260438059678036,13.398568153381348,242000,0.0,0.0
2017-11-16,13.582739830017092,13.812955759339415,13.352523900694768,13.58273983001709,265500,0.0,0.0
2017-11-17,13.582741855274179,13.997130414201024,13.444612628366633,13.905044555664062,122500,0.0,0.0
2017-11-20,13.859000269769727,14.457561384347455,13.812956904447406,14.181302070617676,146500,0.0,0.0
2017-11-21,14.181302147271982,14.439144643189039,14.135259659904936,14.411518096923828,124500,0.0,0.0
2017-11-22,14.457562506622315,14.825908579589766,14.052382792382758,14.68777847290039,188400,0.0,0.0
2017-11-24,14.733820777718071,14.733820777718071,14.319432243985581,14.411518096923828,93200,0.0,0.0
2017-11-27,14.503605869708414,14.779864326568058,14.273389903522567,14.549649238586426,138000,0.0,0.0
2017-11-28,14.733821993047714,15.516556637710064,14.595692763144582,15.470512390136719,194600,0.0,0.0
2017-11-29,15.47051148260457,15.976987637749719,15.424468994140623,15.424468994140625,205700,0.0,0.0
2017-11-30,15.516554811793252,15.976986694894487,15.010078686536946,15.378425598144531,162300,0.0,0.0
2017-12-01,15.378426493087517,15.42446898151377,14.59569189498276,15.28633975982666,175000,0.0,0.0
2017-12-04,15.42446892189257,15.792814097103859,15.056123746681282,15.194252967834473,196500,0.0,0.0
2017-12-05,15.148210284417821,15.378426235509835,14.73382086988887,14.779863357543945,137600,0.0,0.0
2017-12-06,14.687778370253755,14.825908475977798,14.135260581970215,14.135260581970215,170900,0.0,0.0
2017-12-07,14.043173789978027,14.54964908591316,14.043173789978027,14.043173789978027,175800,0.0,0.0
2017-12-08,14.181303016958424,14.27338975374816,13.99713042158316,14.043173789978027,103500,0.0,0.0
2017-12-11,14.089217285782073,14.641735076904299,13.997130548159594,14.641735076904297,199700,0.0,0.0
2017-12-12,14.733820900569377,14.87195012023055,14.45756158304287,14.595691680908203,171700,0.0,0.0
2017-12-13,14.595691620444764,14.871950058622696,14.411518157387267,14.503604888916016,137100,0.0,0.0
2017-12-14,14.503604888916016,14.779863327093947,14.393101338004012,14.503604888916016,155800,0.0,0.0
2017-12-15,14.503605035635141,15.240295382500895,14.503605035635141,14.96403694152832,575600,0.0,0.0
2017-12-18,15.14821031596122,15.51655548719379,14.45756158304287,14.595691680908203,207700,0.0,0.0
2017-12-19,14.641734168659154,14.8259076324796,14.319432363381695,14.595691680908203,127000,0.0,0.0
2017-12-20,14.641733300638139,14.964035965012355,14.457560725940347,14.825906753540039,112100,0.0,0.0
2017-12-21,14.871949238561406,15.010078450033722,14.60489878569858,14.825906753540039,81500,0.0,0.0
2017-12-22,14.779864271122811,14.779864271122811,14.365476587387882,14.457562446594238,92800,0.0,0.0
2017-12-26,14.45756051438271,14.549647239486154,14.181301217276474,14.31943130493164,105600,0.0,0.0
2017-12-27,14.27338975374816,14.457562349123423,14.043173789978027,14.043173789978027,77300,0.0,0.0
2017-12-28,14.043173789978027,14.181303016958424,13.951087053188292,14.043173789978027,82800,0.0,0.0
2017-12-29,14.135259468761099,14.153676287818046,13.674827575683592,13.674827575683594,179900,0.0,0.0
2018-01-02,13.720870079982584,13.997129391823364,13.67482759317924,13.812956809997559,159500,0.0,0.0
2018-01-03,13.850013263954091,14.452188291476974,13.618407688023405,14.359545707702637,246200,0.09,0.0
2018-01-04,14.452188291476974,14.591151283633323,14.08161883988478,14.359545707702637,94700,0.0,0.0
2018-01-05,14.405868206589858,14.776436805725098,14.313225615053431,14.776436805725098,183700,0.0,0.0
2018-01-08,14.776436103580458,14.915399984281832,14.45218881562097,14.637473106384277,130200,0.0,0.0
2018-01-09,14.915399651680545,15.702858974246382,14.869077475641179,15.471253395080566,238300,0.0,0.0
2018-01-10,15.424931115326244,15.517573699771724,14.68379397378307,14.915399551391602,142300,0.0,0.0
2018-01-11,14.915399651680545,15.656536798207016,14.82275706661215,15.471253395080566,99000,0.0,0.0
2018-01-12,15.471253957388619,15.656537367249257,15.100683603646537,15.285968780517578,215700,0.0,0.0
2018-01-16,15.563895867133619,16.02710707469129,15.526839889374479,15.610218048095703,240700,0.0,0.0
2018-01-17,15.56389344586776,16.166069335621007,15.471252632376725,16.119747161865234,216000,0.0,0.0
2018-01-18,16.258709424633814,16.258709424633814,15.841820481469714,15.980783462524414,174500,0.0,0.0
2018-01-19,15.934463467381237,16.388410159565755,15.869612425346117,16.16606903076172,176800,0.0,0.0
2018-01-22,16.119747161865234,16.25871014911204,15.98078417461843,16.119747161865234,118700,0.0,0.0
2018-01-23,16.073425523904568,16.073425523904568,15.795497803689807,15.934462547302246,132300,0.0,0.0
2018-01-24,15.98078417461843,16.25871014911204,15.841821187371623,16.119747161865234,152000,0.0,0.0
2018-01-25,16.16606903076172,16.16606903076172,15.934463467381237,16.16606903076172,106000,0.0,0.0
2018-01-26,16.21239079369439,16.721922368977783,16.11974820718549,16.675601959228516,146300,0.0,0.0
2018-01-29,16.53663821734867,17.092491944328764,16.397675227356217,16.76824378967285,163500,0.0,0.0
2018-01-30,16.490315716860135,16.72192128460823,16.07342675511972,16.119747161865234,129500,0.0,0.0
2018-01-31,16.119749669604932,16.166071850567015,15.424932858268422,15.610218048095703,131100,0.0,0.0
2018-02-01,15.56389437544237,15.56389437544237,15.054362802768205,15.100683212280273,266900,0.0,0.0
2018-02-02,14.961721491822193,15.054364085751999,14.637474180078378,14.73011589050293,139000,0.0,0.0
2018-02-05,14.591151984063943,14.77643627700181,13.942656517028807,13.942656517028809,123500,0.0,0.0
2018-02-06,13.711050683481691,14.452188725414114,13.525766393874882,14.081619262695312,218100,0.0,0.0
2018-02-07,13.988977457503763,14.730114610519578,13.896334871624198,14.544830322265625,167900,0.0,0.0
2018-02-08,14.544830428464929,14.544830428464929,13.896334973088502,14.081619262695312,171300,0.0,0.0
2018-02-09,14.266903218680453,14.359545803070068,13.525766077584192,13.896334648132324,150100,0.0,0.0
2018-02-12,13.988977232521938,13.988977232521938,13.618407778468644,13.896334648132324,151500,0.0,0.0
2018-02-13,13.85001222757514,13.896333515996146,13.433122398796273,13.5720853805542,112800,0.0,0.0
2018-02-14,13.479445027803902,13.850013605016342,13.386802441748202,13.75737190246582,118100,0.0,0.0
2018-02-15,13.942656517028807,13.988977811139574,13.75737222409094,13.942656517028809,86900,0.0,0.0
2018-02-16,13.896335347401216,14.618944538084621,13.896335347401216,14.035298347473145,164600,0.0,0.0
2018-02-20,13.988977232521938,14.155732647516015,13.83148536916269,13.896334648132324,143300,0.0,0.0
2018-02-21,13.803692634696507,14.359546397015308,13.803692634696507,13.942656517028809,130300,0.0,0.0
2018-02-22,13.942656517028807,14.06309152831472,13.75737222409094,13.942656517028809,86500,0.0,0.0
2018-02-23,13.988977559644498,14.202054271816033,13.896334973088502,14.081619262695312,116100,0.0,0.0
2018-02-26,14.081619583431285,14.313225171591357,13.89633528960427,14.2669038772583,95900,0.0,0.0
2018-02-27,14.266903607000092,14.368810629303427,13.850013732910156,13.850013732910156,139800,0.0,0.0
2018-02-28,13.896335138450743,13.896335138450743,13.294160969186622,13.386802673339844,202100,0.0,0.0
2018-03-01,13.340481379510637,13.525766554827468,13.192253946061326,13.386802673339844,201800,0.0,0.0
2018-03-02,13.247839549506342,13.294160842895508,12.969912672676521,13.294160842895508,195600,0.0,0.0
2018-03-05,13.294160222380972,13.599879507572549,13.108875057472622,13.47944450378418,184400,0.0,0.0
2018-03-06,13.479445152275812,13.850013732910156,13.062555278185878,13.850013732910156,171000,0.0,0.0
2018-03-07,13.711050683481691,14.220583142529307,13.525766393874882,14.081619262695312,203600,0.0,0.0
2018-03-08,14.174261849251309,14.220583142529307,13.803692386532504,14.081619262695312,180100,0.0,0.0
2018-03-09,14.220582473781475,14.49850845336914,14.03529730938284,14.49850845336914,151000,0.0,0.0
2018-03-12,14.49850845336914,14.683793617767774,14.26690288137599,14.49850845336914,159700,0.0,0.0
2018-03-13,14.544830397255252,14.961720268852325,14.479981116908315,14.869077682495117,153000,0.0,0.0
2018-03-14,15.147006288365569,15.147006288365569,14.591152506157478,14.776436805725098,152200,0.0,0.0
2018-03-15,14.961721105292717,15.656537891300216,14.498509914621051,14.776436805725098,266800,0.0,0.0
2018-03-16,14.776436735242342,15.610217404577394,14.776436735242342,15.563895225524902,469200,0.0,0.0
2018-03-19,15.563894159179055,15.563894159179055,14.498508852112035,14.683794021606445,332600,0.0,0.0
2018-03-20,14.637472881721745,14.730114583928897,13.80369226082632,13.988977432250977,375200,0.0,0.0
2018-03-21,14.081618471697778,14.730113890646697,13.896334192498822,14.405866622924805,163400,0.0,0.0
2018-03-22,14.266903123928298,14.526302005094381,14.03529754799761,14.359545707702637,194300,0.0,0.0
2018-03-23,14.313223344775011,14.313223344775011,13.5720853805542,13.5720853805542,296700,0.0,0.0
2018-03-26,13.803692609401464,13.803692609401464,12.96991285095635,13.155197143554688,419200,0.0,0.0
2018-03-27,13.201518757425962,13.433124349661504,12.738307572954875,12.784628868103027,265700,0.0,0.0
2018-03-28,12.691985758934,12.691985758934,12.30288830920492,12.506701469421387,301600,0.0,0.0
2018-03-29,12.691983459395237,12.691983459395237,12.275093662647825,12.321414947509766,502200,0.0,0.0
2018-04-02,12.27509561041623,12.330681337771706,11.765563163094146,12.089811325073242,358000,0.0,0.0
2018-04-03,12.228772377785885,12.553020488314441,12.043488121843149,12.321414947509766,322400,0.0,0.0
2018-04-04,12.265452558592594,13.664553651490206,12.265452558592594,13.524643898010254,221000,0.09,0.0
2018-04-05,13.664553696742157,13.804464340209963,13.38473418885559,13.804464340209961,130900,0.0,0.0
2018-04-06,13.664553290822335,13.851100809904487,13.244823151936487,13.43136978149414,139000,0.0,0.0
2018-04-09,13.524643541035218,13.804463930133949,13.384733791248099,13.43136978149414,138900,0.0,0.0
2018-04-10,13.571280420805754,13.795136376274941,13.431369781494142,13.43136978149414,267800,0.0,0.0
2018-04-11,13.33809696909565,13.711190229822654,13.33809696909565,13.571280479431152,124900,0.0,0.0
2018-04-12,13.617918283334323,13.711191160082084,13.198187224633442,13.291460990905762,159800,0.0,0.0
2018-04-13,13.524644517062002,13.524644517062002,13.198187224633442,13.291460990905762,160500,0.0,0.0
2018-04-16,13.291459445926273,13.711189566313791,13.151549702305253,13.664552688598633,167500,0.0,0.0
2018-04-17,13.711190889432988,13.711190889432988,13.431370485664042,13.617918014526367,119800,0.0,0.0
2018-04-18,13.711190229822654,13.804463989766655,13.524643599459152,13.571280479431152,104100,0.0,0.0
2018-04-19,13.478007026290253,13.617917669391073,13.291460391680344,13.384734153747559,101900,0.0,0.0
2018-04-20,13.24482372682623,13.338097490415839,12.73181980613244,12.778456687927246,145200,0.0,0.0
2018-04-23,12.825093169994663,12.825093169994663,12.265452384948729,12.26545238494873,158800,0.0,0.0
2018-04-24,12.35872614563122,12.49863589713045,12.125542633449498,12.26545238494873,202300,0.0,0.0
2018-04-25,12.31208902158512,12.638546287987454,12.172179272855256,12.591909408569336,148400,0.0,0.0
2018-04-26,12.591907779551516,12.638544652936211,12.312087428767718,12.40536117553711,90900,0.0,0.0
2018-04-27,12.35872614563122,12.35872614563122,12.125542633449498,12.26545238494873,87500,0.0,0.0
2018-04-30,12.265452384948729,12.405363025972466,12.125542633449498,12.26545238494873,100100,0.0,0.0
2018-05-01,12.218816040130276,12.218816040130276,11.985632534704312,12.032268524169922,189100,0.0,0.0
2018-05-02,12.078904593252576,12.638545324559988,12.078904593252576,12.451998710632324,170400,0.0,0.0
2018-05-03,12.405363033375998,12.405363033375998,12.032268879947877,12.125542640686035,147600,0.0,0.0
2018-05-04,12.078905760316955,12.265452392268763,11.966977781145872,12.125542640686035,230800,0.0,0.0
2018-05-07,12.21881487027778,12.68518183647885,12.21881487027778,12.498634338378906,113000,0.0,0.0
2018-05-08,12.405361175537108,12.54527090616682,12.218814571522701,12.40536117553711,172600,0.0,0.0
2018-05-09,12.918367037801367,15.43674792281796,12.87173015707339,15.250202178955078,582400,0.0,0.0
2018-05-10,15.25020283769674,15.85647964477539,15.15692907221177,15.85647964477539,233700,0.0,0.0
2018-05-11,15.903116617598757,16.462757465932416,15.669933079047166,15.716570854187012,281900,0.0,0.0
2018-05-14,15.80984331094751,16.04302683011164,15.62329578399658,15.623295783996582,250700,0.0,0.0
2018-05-15,15.530022355102547,16.136299162181196,15.530022355102547,15.85647964477539,215600,0.0,0.0
2018-05-16,15.903116964921443,16.136300508565743,15.716571197435556,15.809844970703125,279000,0.0,0.0
2018-05-17,15.856477156929348,16.276208146232303,15.856477156929348,16.08966064453125,184600,0.0,0.0
2018-05-18,16.182933819860047,16.416117299169127,16.08966007232666,16.322843551635742,155200,0.0,0.0
2018-05-21,16.462755317156002,16.92912233338733,16.462755317156002,16.88248634338379,139100,0.0,0.0
2018-05-22,16.789212589137996,17.022396097320467,16.695938830055212,16.742576599121094,93700,0.0,0.0
2018-05-23,16.74257719870238,16.807868298683825,16.425447473893325,16.649303436279297,143700,0.0,0.0
2018-05-24,16.556029080955522,16.88248634822078,16.397464224229484,16.742576599121094,105300,0.0,0.0
2018-05-25,16.78921258432773,16.92912233338733,16.63064772764712,16.88248634338379,182100,0.0,0.0
2018-05-29,16.882484231506517,17.115667710452605,15.837821463046588,16.04302406311035,321400,0.0,0.0
2018-05-30,16.04302537948405,16.60266435163555,16.02437027266596,16.276208877563477,200900,0.0,0.0
2018-05-31,16.602663015187137,16.602663015187137,16.136296056568973,16.322843551635742,193000,0.0,0.0
2018-06-01,16.509393682169193,16.74257719870238,16.229572394899943,16.649303436279297,186500,0.0,0.0
2018-06-04,16.649302835268127,16.92912233338733,16.1829358190368,16.88248634338379,316700,0.0,0.0
2018-06-05,16.88248517840092,17.675309407094804,16.78921142578125,17.48876190185547,296800,0.0,0.0
2018-06-06,17.48876190185547,17.58203565447514,17.236923303497026,17.48876190185547,165400,0.0,0.0
2018-06-07,17.442127222156206,17.861856471825284,17.30221569321752,17.5820369720459,129000,0.0,0.0
2018-06-08,17.582037561622723,17.768583308048072,17.488763798885525,17.628673553466797,130800,0.0,0.0
2018-06-11,17.62867295672875,17.90849423546828,17.442127216618054,17.721946716308594,195900,0.0,0.0
2018-06-12,17.72194802005732,17.861857780195315,17.53540048717391,17.815221786499023,115900,0.0,0.0
2018-06-13,17.861856466153863,17.955130225733708,17.62867295672875,17.721946716308594,184000,0.0,0.0
2018-06-14,17.7685827010206,17.955130220121983,17.628672951219055,17.86185646057129,157600,0.0,0.0
2018-06-15,17.721945403569954,17.95512889572219,17.721945403569954,17.76858139038086,235800,0.0,0.0
2018-06-18,17.7685834038827,18.234950441034993,17.675311419691493,18.048404693603516,232800,0.0,0.0
2018-06-19,18.001764458104315,18.701314918067677,17.861854721921404,18.561405181884766,291600,0.0,0.0
2018-06-20,18.654678932356312,18.701314918067677,18.421495445701858,18.561405181884766,154300,0.0,0.0
2018-06-21,18.468131866837567,18.51476963269733,17.721945403569954,17.76858139038086,285000,0.0,0.0
2018-06-22,17.955130930363243,18.28158821217966,17.628673648546826,18.048404693603516,300100,0.0,0.0
2018-06-25,17.861857178167316,18.048404704763204,17.582037667322545,17.90849494934082,147100,0.0,0.0
2018-06-26,17.908496121827127,18.234951646169694,17.675312587840054,18.001768112182617,154500,0.0,0.0
2018-06-27,18.095039238685835,18.141677006101,17.20894300638473,17.255578994750977,199000,0.0,0.0
2018-06-28,17.16230775969209,17.255581529173135,16.845178010886055,17.022397994995117,147000,0.0,0.0
2018-06-29,17.115669118606466,17.115669118606466,16.649302122344974,16.695938110351562,112400,0.0,0.0
2018-07-02,16.509394931423156,17.11567176447616,16.136299853498986,17.022397994995117,245600,0.0,0.0
2018-07-03,16.966152900046914,16.966152900046914,16.216266632080078,16.216266632080078,157400,0.09,0.0
2018-07-05,16.45060754260787,16.919285840549588,16.366245305949096,16.778682708740234,168100,0.0,0.0
2018-07-06,16.73181636460257,16.91928661969288,16.59121322631836,16.59121322631836,143000,0.0,0.0
2018-07-09,16.778682695802623,17.15362497629372,16.68494667871339,17.059890747070312,121200,0.0,0.0
2018-07-10,17.013023996081206,17.247363174506198,16.778684817656213,17.106760025024414,75600,0.0,0.0
2018-07-11,16.919286877781804,17.06926379928818,16.59121347940281,16.638080596923828,93800,0.0,0.0
2018-07-12,16.87242106737393,16.87242106737393,16.403742704391323,16.54434585571289,97000,0.0,0.0
2018-07-13,16.497478734561057,16.638081885882627,16.403742704391323,16.54434585571289,56000,0.0,0.0
2018-07-16,16.49747620162659,16.525595754853935,16.169401040336457,16.450607299804688,77900,0.0,0.0
2018-07-17,16.31000516188404,16.684947459930562,16.31000516188404,16.59121322631836,65500,0.0,0.0
2018-07-18,16.54434482496758,16.731816873627174,16.450608800637784,16.684947967529297,85200,0.0,0.0
2018-07-19,16.684945535439216,16.684945535439216,16.244388609532937,16.31000328063965,89600,0.0,0.0
2018-07-20,16.403740055450616,16.403740055450616,15.981928881735573,16.122533798217773,89000,0.0,0.0
2018-07-23,16.028798427246596,16.028798427246596,15.747590370848602,15.935062408447266,140900,0.0,0.0
2018-07-24,16.028800094077788,16.216270363305586,15.79446091664351,15.88819694519043,135100,0.0,0.0
2018-07-25,15.794459894734416,16.028799057006836,15.250793109777034,16.028799057006836,175600,0.0,0.0
2018-07-26,15.981930151832799,16.356874241761414,15.84132701204253,16.028799057006836,109600,0.0,0.0
2018-07-27,16.122533798217773,16.319377820707608,15.88819465456848,16.122533798217773,86400,0.0,0.0
2018-07-30,16.169399539570385,16.591210677488036,15.981927525414621,16.497474670410156,78300,0.0,0.0
2018-07-31,16.59121330551805,17.247361883265178,16.54434440062231,17.20049476623535,119500,0.0,0.0
2018-08-01,17.153625861339613,17.35984546714904,16.891167145387126,17.20049476623535,267400,0.0,0.0
2018-08-02,17.10675796879618,17.903511437244788,17.013021951120024,17.669172286987305,169200,0.0,0.0
2018-08-03,17.622303778290068,17.809775817834673,17.059891235387983,17.434833526611328,118100,0.0,0.0
2018-08-06,17.434832994356533,18.231586456298828,17.20049384601267,18.231586456298828,216300,0.0,0.0
2018-08-07,18.184717808680336,18.419056960307316,17.99724756009826,18.278453826904297,135900,0.0,0.0
2018-08-08,19.16894310397826,21.090523410695283,18.747131920618028,20.903051376342773,535300,0.0,0.0
2018-08-09,20.85618375501561,21.09052289833039,20.43437258190269,20.528108596801758,314300,0.0,0.0
2018-08-10,20.856184136734036,20.99678726772313,20.340638727152104,20.57497787475586,288000,0.0,0.0
2018-08-13,20.76244891984849,20.76244891984849,19.91882831355352,20.106300354003906,176100,0.0,0.0
2018-08-14,20.24690271053744,20.790569461463516,20.24690271053744,20.57497787475586,155300,0.0,0.0
2018-08-15,20.434372827553602,20.949920021763216,20.143792786952496,20.856184005737305,154000,0.0,0.0
2018-08-16,20.949919382342852,21.512333673466866,20.85618336917789,21.043655395507812,104300,0.0,0.0
2018-08-17,20.90305161534321,21.277995688335245,20.79056982373827,21.23112678527832,174400,0.0,0.0
2018-08-20,21.32486280352633,21.41859882177434,21.090523651839227,21.23112678527832,123600,0.0,0.0
2018-08-21,21.277997970581055,21.371732211017015,20.949922765457092,21.277997970581055,191100,0.0,0.0
2018-08-22,21.184257871272745,21.184257871272745,20.574976486195233,20.668710708618164,173700,0.0,0.0
2018-08-23,20.715579721516658,20.715579721516658,20.24690145536409,20.38750457763672,142700,0.0,0.0
2018-08-24,20.43437258190269,20.715580626599895,20.3406383548694,20.528108596801758,124700,0.0,0.0
2018-08-27,20.574977998024615,21.071775849686865,20.574977998024615,20.903051376342773,123800,0.0,0.0
2018-08-28,21.09052250815742,21.324861647136945,20.668711342847974,21.043655395507812,131500,0.0,0.0
2018-08-29,21.090523410695283,21.090523410695283,20.668712227335046,20.903051376342773,134100,0.0,0.0
2018-08-30,20.903052967621452,20.903052967621452,20.106301230633832,20.246904373168945,126500,0.0,0.0
2018-08-31,20.200034192848268,20.387506229646526,19.91882792551672,20.340639114379883,138700,0.0,0.0
2018-09-04,20.34063836258829,20.34063836258829,19.075206630635105,19.356412887573242,172700,0.0,0.0
2018-09-05,19.262677407621805,19.262677407621805,18.465925728213595,18.559659957885742,357100,0.0,0.0
2018-09-06,17.8566436445774,18.700266068242932,17.8566436445774,18.13785171508789,206300,0.0,0.0
2018-09-07,17.997247714680004,18.231586868319763,17.6223036385637,17.716039657592773,144500,0.0,0.0
2018-09-10,17.856642286306972,18.184717449681113,17.29422976379794,17.341096878051758,217800,0.0,0.0
2018-09-11,17.2942300041485,17.71603940189247,17.153625083701346,17.669172286987305,251700,0.0,0.0
2018-09-12,17.622304183101523,17.622304183101523,17.05989162727996,17.20049476623535,143200,0.0,0.0
2018-09-13,17.294230788160917,17.43483392711631,16.966155605354395,17.20049476623535,91700,0.0,0.0
2018-09-14,17.153626113537122,17.481701301167096,16.966155854795662,17.24736213684082,138300,0.0,0.0
2018-09-17,17.29423081621577,17.341097933321624,16.87241961079942,16.919286727905273,119900,0.0,0.0
2018-09-18,16.825553113272168,17.059892283162498,16.656828624892572,17.013023376464844,89900,0.0,0.0
2018-09-19,17.05989139863838,17.181746974002333,16.778683336630518,16.872419357299805,122600,0.0,0.0
2018-09-20,17.05989187809936,17.29423104242564,16.919286949210843,17.24736213684082,122700,0.0,0.0
2018-09-21,17.247362546355173,17.659799985964632,16.872420232103842,17.013023376464844,254200,0.0,0.0
2018-09-24,16.91928713442081,16.91928713442081,16.26313853984415,16.684947967529297,109300,0.0,0.0
2018-09-25,16.591213826203994,16.731816969571966,15.653857153262885,15.79446029663086,197100,0.0,0.0
2018-09-26,15.888195546622866,16.403740976450678,15.822579080909723,15.981929779052734,146900,0.0,0.0
2018-09-27,16.075665542713335,16.122534446045925,15.888195292980525,15.935062408447266,88300,0.0,0.0
2018-09-28,15.841326642542048,16.02879868313355,15.560120369520675,15.981929779052734,99800,0.0,0.0
2018-10-01,16.122532686454484,16.816176289280843,15.710095321469797,15.785083770751953,206200,0.0,0.0
2018-10-02,15.710097012766925,16.169401537550545,15.597613432801252,15.869447708129883,244400,0.0,0.0
2018-10-03,15.794460763408441,16.047547501669907,15.597614926583072,15.756965637207031,172300,0.0,0.0
2018-10-04,15.587333477801723,15.785237079888917,14.776866998801808,14.974771499633789,278300,0.09,0.0
2018-10-05,15.144402117707598,15.144402117707598,14.333936600025885,14.578961372375488,148500,0.0,0.0
2018-10-08,14.569537365167694,14.569537365167694,13.740223360183025,13.862735748291016,176600,0.0,0.0
2018-10-09,13.796767154070237,13.93812711045886,13.0051492413067,13.1370849609375,323400,0.0,0.0
2018-10-10,13.005150237488417,13.005150237488417,12.439708571132279,12.46798038482666,217300,0.0,0.0
2018-10-11,12.609341589550356,12.807246088217427,12.364316800963548,12.39258861541748,189900,0.0,0.0
2018-10-12,12.69415631115078,12.69415631115078,12.072171080096807,12.317194938659668,181100,0.0,0.0
2018-10-15,12.336045236868314,12.590493369607243,12.128716496260626,12.34546947479248,115600,0.0,0.0
2018-10-16,12.373740134094653,12.675308529542688,12.072171738646617,12.60934066772461,156500,0.0,0.0
2018-10-17,12.543373233618295,12.543373233618295,12.034476099574688,12.288924217224121,143600,0.0,0.0
2018-10-18,12.2512283503989,12.373740741752261,12.034476280212402,12.034476280212402,270200,0.0,0.0
2018-10-19,12.015627160369185,12.232379218923484,11.544426095256668,11.732906341552734,272800,0.0,0.0
2018-10-22,11.770602453323042,11.902539075803329,11.31824985981014,11.497305870056152,156100,0.0,0.0
2018-10-23,11.242857806510674,11.930810936622517,11.120345420584309,11.714058876037598,218800,0.0,0.0
2018-10-24,11.704635767072022,11.761179397568036,10.771657775184565,10.809353828430176,252200,0.0,0.0
2018-10-25,10.545480474989457,10.856474035279197,9.72559064921235,9.744439125061035,348700,0.0,0.0
2018-10-26,9.518262074831807,9.725589900742877,9.226117012873877,9.480566024780273,398800,0.0,0.0
2018-10-29,9.659622505430901,10.375848389825011,9.659622505430901,9.800982475280762,247700,0.0,0.0
2018-10-30,9.80098229828037,10.08370313161908,9.537109939911796,9.63135051727295,178300,0.0,0.0
2018-10-31,9.772711147506188,9.782135385630552,9.25438973434878,9.263813972473145,234400,0.0,0.0
2018-11-01,9.358054436773065,10.01773581839594,9.282662330230155,9.942343711853027,489800,0.0,0.0
2018-11-02,10.083702897605313,10.083702897605313,8.783187813424275,9.244965553283691,472100,0.0,0.0
2018-11-05,9.178996524891874,9.23554104810499,8.688947884938596,9.084756851196289,381700,0.0,0.0
2018-11-06,9.056484979797318,9.339205824583074,8.896276531043549,9.103605270385742,172400,0.0,0.0
2018-11-07,9.244965514217139,9.555958152734881,9.122453126506402,9.471141815185547,351000,0.0,0.0
2018-11-08,9.424020843757006,9.461716891182247,8.88685194326115,9.178996086120605,282200,0.0,0.0
2018-11-09,9.150725318353164,9.414597680409361,6.5119990015568945,6.87011194229126,1375800,0.0,0.0
2018-11-12,6.813567743780487,7.4449772729815535,6.653359302117843,6.681631565093994,773000,0.0,0.0
2018-11-13,7.0303198950339905,8.547586994156886,6.879535698691927,8.198898315429688,980300,0.0,0.0
2018-11-14,8.707795825915602,9.329781113660324,7.539217352047048,7.897330284118652,898200,0.0,0.0
2018-11-15,7.83136227508686,8.04811433855305,7.115136424186468,7.8219380378723145,701400,0.0,0.0
2018-11-16,7.90675413064068,7.925601705741809,7.350736734614516,7.6523051261901855,379800,0.0,0.0
2018-11-19,7.8973301380992265,8.293139113662878,7.5863374999770326,7.8219380378723145,509900,0.0,0.0
2018-11-20,7.652305530202212,7.935026361603313,7.3130410717677385,7.341312885284424,468600,0.0,0.0
2018-11-21,7.501521531823295,7.680577553990666,7.360161112252709,7.5109453201293945,283600,0.0,0.0
2018-11-23,7.492096920252882,7.652305357812876,7.3224646948570795,7.379008769989014,181400,0.0,0.0
2018-11-26,7.360160615197205,7.482673000509547,6.907807572743629,7.190528392791748,481500,0.0,0.0
2018-11-27,7.605184933174997,7.605184933174997,6.681631273326134,6.860687732696533,415400,0.0,0.0
2018-11-28,6.841840085305909,7.218800600166527,6.65335937850322,7.209376811981201,337800,0.0,0.0
2018-11-29,7.1339845594058175,7.218800448784634,6.82299146710892,7.020895957946777,251900,0.0,0.0
2018-11-30,6.954928004047103,7.143408255089423,6.738175490662251,6.936079978942871,264900,0.0,0.0
2018-12-03,7.143407945600798,7.171680206718431,6.8512633444562026,7.002047538757324,253200,0.0,0.0
2018-12-04,6.936080275691299,7.011472379333751,6.464879178553593,6.540271282196045,382900,0.0,0.0
2018-12-06,6.606239132643556,6.606239132643556,6.153886093251613,6.427182674407959,549800,0.0,0.0
2018-12-07,6.427182872698732,6.615663124355201,5.974829819350839,6.050221920013428,275400,0.0,0.0
2018-12-10,5.94655780340309,6.06907019674416,5.644988938880237,5.993678092956543,464700,0.0,0.0
2018-12-11,6.125613987841933,6.248126375448139,5.5790208115956155,5.6167168617248535,452400,0.0,0.0
2018-12-12,5.720380959743182,5.965405274252756,5.522476481030048,5.786348819732666,436600,0.0,0.0
2018-12-13,5.937133766444436,5.946557554336989,5.4188124005554075,5.607292652130127,332500,0.0,0.0
2018-12-14,5.607292897350393,5.833469658503671,5.249180403697314,5.333996295928955,465900,0.0,0.0
2018-12-17,5.2774517768462035,5.437660208985514,5.023003222675636,5.107819557189941,530900,0.0,0.0
2018-12-18,5.117243594083549,5.249180220729273,4.966459391485429,5.051275730133057,461500,0.0,0.0
2018-12-19,5.013579931669531,5.541325116681209,5.013579931669531,5.211484432220459,482000,0.0,0.0
2018-12-20,5.183211585995293,5.315147755087281,4.900490774282977,5.013579368591309,519900,0.0,0.0
2018-12-21,4.9853074318231885,5.098395584112337,4.65546676296032,4.825098991394043,1110600,0.0,0.0
2018-12-24,4.881643118529377,5.211484240209942,4.664890599691589,4.702586650848389,261700,0.0,0.0
2018-12-26,4.749706848362219,4.834523186524092,4.457562232815332,4.617770671844482,607000,0.0,0.0
2018-12-27,4.5235305593931985,4.580074635214068,4.278505781463731,4.391593933105469,550500,0.0,0.0
2018-12-28,4.391593757588849,4.485834329562867,4.278505610466849,4.325625896453857,1118300,0.0,0.0
2018-12-31,4.325625944000813,4.608346314913456,4.1088734349482765,4.532954216003418,661800,0.0,0.0
2019-01-02,4.438714478244909,4.975883903736214,4.353898134911441,4.768555164337158,331100,0.0,0.0
2019-01-03,4.797339287931685,4.797339287931685,4.451930731097824,4.653419017791748,400900,0.09,0.0
2019-01-04,4.749365487756947,4.902880648827671,4.643824357813836,4.883691310882568,215300,0.0,0.0
2019-01-07,4.902880419608625,5.229099149424016,4.806933734368804,5.1139631271362305,252600,0.0,0.0
2019-01-08,5.200315633236537,5.344235897064208,5.1043689431880575,5.344235897064209,242400,0.0,0.0
2019-01-09,5.382614380936833,5.651265103482371,5.373019483519547,5.612886428833008,282700,0.0,0.0
2019-01-10,5.536129138941665,5.660860061645508,5.3922088787072235,5.660860061645508,197000,0.0,0.0
2019-01-11,5.7088331154564145,5.747211790105777,5.545723976951569,5.612886428833008,178200,0.0,0.0
2019-01-14,5.526534453701402,5.68004914713426,5.344235526494945,5.449776649475098,271500,0.0,0.0
2019-01-15,5.468966621375052,5.468966621375052,5.0372062671912055,5.133152961730957,255200,0.0,0.0
2019-01-16,5.12355826243326,5.57450793276451,5.056395350890349,5.334640979766846,561900,0.0,0.0
2019-01-17,5.267477722268641,5.526534453701402,5.248288385589533,5.449776649475098,213800,0.0,0.0
2019-01-18,5.478561047547926,5.680049317476019,5.411398138401931,5.5936970710754395,445200,0.0,0.0
2019-01-22,5.564913387741192,5.564913387741192,5.181126178671128,5.248288631439209,214000,0.0,0.0
2019-01-23,5.257883893632664,5.373019927085733,5.0372062674259865,5.123558521270752,230000,0.0,0.0
2019-01-24,5.1619367599487305,5.190720537108321,5.056395176173824,5.1619367599487305,179000,0.0,0.0
2019-01-25,5.209909874384678,5.401803704658134,5.152341862555608,5.1619367599487305,205400,0.0,0.0
2019-01-28,5.104369106106995,5.161937121973512,5.008421955486212,5.0468010902404785,142600,0.0,0.0
2019-01-29,5.008421738143166,5.018016635792837,4.797339022459313,4.854907035827637,187900,0.0,0.0
2019-01-30,4.893285316444755,4.98923199764762,4.79733863524189,4.922069549560547,182400,0.0,0.0
2019-01-31,4.950853824488282,5.018016736858981,4.874096471784574,4.941259384155273,193000,0.0,0.0
2019-02-01,4.9412592846350725,4.960448622424513,4.816528360248754,4.854907035827637,158000,0.0,0.0
2019-02-04,4.864501953406129,5.018016656350575,4.826123277670018,4.874096393585205,251100,0.0,0.0
2019-02-05,4.893285751342773,4.989232441073042,4.7973390616125045,4.893285751342773,168400,0.0,0.0
2019-02-06,4.89328577087386,4.9892324609870915,4.845312654572198,4.902880668640137,121900,0.0,0.0
2019-02-07,4.835717965634344,4.845312863814971,4.4807149681297815,4.653419017791748,384200,0.0,0.0
2019-02-08,4.663013242655994,4.663013242655994,4.317604735697438,4.480714321136475,308600,0.0,0.0
2019-02-11,4.490308866762201,4.643824016551504,4.480714427249672,4.576661109924316,281700,0.0,0.0
2019-02-12,4.615039887077741,4.730175908883991,4.615039887077741,4.663013458251953,205600,0.0,0.0
2019-02-13,4.67260845004227,4.787744485451664,4.67260845004227,4.739771366119385,319600,0.0,0.0
2019-02-14,4.730176012204562,4.893285608747804,4.691797337430845,4.758960247039795,237300,0.0,0.0
2019-02-15,4.816528399558558,4.960448662908914,4.787744163884525,4.893285751342773,196700,0.0,0.0
2019-02-19,4.874096223882194,5.229099190835923,4.874096223882194,5.142747402191162,247300,0.0,0.0
2019-02-20,5.200315746103332,5.58410297213681,5.200315746103332,5.468966484069824,353000,0.0,0.0
2019-02-21,5.468966381032553,6.063836776056336,5.468966381032553,5.814374923706055,714100,0.0,0.0
2019-02-22,5.929510575078239,6.4380286877230954,5.89113190138918,6.332487106323242,763200,0.0,0.0
2019-02-25,6.47640746611516,6.860194666720258,6.342082106031836,6.418839454650879,634800,0.0,0.0
2019-02-26,6.351676948668401,7.0041153683267305,6.035052636780055,6.812221527099609,1899000,0.0,0.0
2019-02-27,6.8793840695293005,7.004114990980573,6.428433955823897,6.476407527923584,834300,0.0,0.0
2019-02-28,6.428433832170561,6.4380287294098935,5.8239694888989755,5.93910551071167,907400,0.0,0.0
2019-03-01,5.9487002901585635,6.255730156702777,5.756806909512123,5.814374923706055,527800,0.0,0.0
2019-03-04,5.852753668358946,5.919916581126492,5.315451738748313,5.420993328094482,641200,0.0,0.0
2019-03-05,5.4209932292491745,5.555318594825093,5.209910054405684,5.334640979766846,458200,0.0,0.0
2019-03-06,5.325046355552707,5.440182379210847,5.065990073566947,5.1619367599487305,776800,0.0,0.0
2019-03-07,5.919916384368328,6.30370359490867,5.161936860868354,5.267477989196777,1630400,0.0,0.0
2019-03-08,5.161936820714679,5.277072845728192,4.912474975675506,5.2195048332214355,614100,0.0,0.0
2019-03-11,5.171531503040895,5.2290995182452,4.922070103822238,4.9988274574279785,471700,0.0,0.0
2019-03-12,4.998827378963665,5.08517962916965,4.8740964525572235,4.93166446685791,415500,0.0,0.0
2019-03-13,4.912475148262638,4.989232500968319,4.806934017047284,4.9508538246154785,495900,0.0,0.0
2019-03-14,4.874096583184378,4.893285921798886,4.528688030613303,4.595850944519043,649600,0.0,0.0
2019-03-15,4.624634963257839,4.835717678070068,4.480714701676369,4.835717678070068,1419000,0.0,0.0
2019-03-18,4.816528399319758,4.9124750890452695,4.720581709594246,4.883691310882568,731900,0.0,0.0
2019-03-19,4.89328563860748,5.248288611185596,4.89328563860748,5.229099273681641,689800,0.0,0.0
2019-03-20,5.248288896981129,5.248288896981129,4.874096566522418,5.037206172943115,399900,0.0,0.0
2019-03-21,4.989232520535403,5.065990331052027,4.9220700654094856,4.960448741912842,318500,0.0,0.0
2019-03-22,4.941259028612202,4.941259028612202,4.605445405941638,4.624634742736816,437500,0.0,0.0
2019-03-25,4.60544553619406,4.615039976108063,4.288820783853932,4.317605018615723,456300,0.0,0.0
2019-03-26,4.346389212543519,4.480714572646818,4.116116709142264,4.288820743560791,516200,0.0,0.0
2019-03-27,4.298415780396269,4.4903091582001595,4.240847767055101,4.403957366943359,411400,0.0,0.0
2019-03-28,4.423146744505518,4.576661448129342,4.346389392693606,4.442336082458496,333400,0.0,0.0
2019-03-29,4.442335753258019,4.63422911856749,4.346389070603284,4.567066669464111,558400,0.0,0.0
2019-04-01,4.557472072574786,5.325046499380815,4.5190933969854745,5.286667823791504,985300,0.0,0.0
2019-04-02,5.229099524987641,5.50734516092218,5.21950508452951,5.468966484069824,559400,0.0,0.0
2019-04-03,5.517709441220221,5.849162109511067,5.517709441220221,5.62494421005249,525300,0.09,0.0
2019-04-04,5.5177093599547185,5.751676082611083,5.264245913997426,5.751676082611084,424800,0.0,0.0
2019-04-05,5.732178640706918,5.8296645771441895,5.615195516982192,5.683435440063477,235300,0.0,0.0
2019-04-08,5.654190000437135,5.732178751088744,5.527458048203459,5.6931843757629395,334000,0.0,0.0
2019-04-09,5.624944050634893,5.644441238520037,5.312988579622954,5.429972171783447,297000,0.0,0.0
2019-04-10,5.420223361214726,5.634692893426069,5.420223361214726,5.566452503204346,279100,0.0,0.0
2019-04-11,5.566452548513681,5.751676067894915,5.527458172312329,5.6151957511901855,290400,0.0,0.0
2019-04-12,5.673687043245034,5.9661448507218235,5.546955094246954,5.634692668914795,345500,0.0,0.0
2019-04-15,5.654190034327488,5.849161912125144,5.488463705774669,5.741927146911621,298100,0.0,0.0
2019-04-16,5.771173240304134,5.917402383086429,5.624944097521838,5.839413166046143,302700,0.0,0.0
2019-04-17,5.810167598394884,6.102625883053204,5.7711732224203915,5.927150726318359,406000,0.0,0.0
2019-04-18,5.907653316949242,6.073379641055262,5.771173006152947,5.995390892028809,400600,0.0,0.0
2019-04-22,5.995390821815513,6.1416199569523995,5.761424112626573,5.81016731262207,338900,0.0,0.0
2019-04-23,5.712681500600834,5.810167437843248,5.537206348714873,5.732178688049316,254200,0.0,0.0
2019-04-24,5.712681663849496,5.712681663849496,5.381229002903905,5.478714942932129,380700,0.0,0.0
2019-04-25,5.410475162689353,5.410475162689353,4.942542173133248,4.9522905349731445,385300,0.0,0.0
2019-04-26,4.942541903921376,5.049776202567582,4.767066751864644,4.971787452697754,410000,0.0,0.0
2019-04-29,4.9912844802755805,5.0985192403362705,4.971787293432692,5.001033306121826,251600,0.0,0.0
2019-04-30,5.001033332954493,5.098519267691992,4.806060998629893,4.825558185577393,378600,0.0,0.0
2019-05-01,4.854804174829631,4.952290109093358,4.650083480451003,4.689077854156494,338800,0.0,0.0
2019-05-02,4.6890780264987875,4.8060611519148555,4.562346074873237,4.65983247756958,263000,0.0,0.0
2019-05-03,4.689077817558626,4.893798510339426,4.601340244981255,4.8645524978637695,282000,0.0,0.0
2019-05-06,4.718323996935387,4.884050322177275,4.650083608644723,4.8353071212768555,181300,0.0,0.0
2019-05-07,4.786564208977453,4.835307412816795,4.591592323319374,4.728072643280029,197000,0.0,0.0
2019-05-08,4.728072436431085,4.845055562708025,4.650083685579792,4.708575248718262,285700,0.0,0.0
2019-05-09,4.5525979438717865,4.5818434942807995,4.221145273572024,4.367374420166016,559000,0.0,0.0
2019-05-10,4.3381282173249955,4.893798764414895,4.318631029612172,4.708575248718262,282500,0.0,0.0
2019-05-13,4.572094684480031,4.611089057771364,4.386871178921398,4.416117191314697,368700,0.0,0.0
2019-05-14,4.455111791466422,4.630586480212834,4.3868714023068955,4.572094917297363,228500,0.0,0.0
2019-05-15,4.523351644025635,4.952290230118096,4.523351644025635,4.923044681549072,274900,0.0,0.0
2019-05-16,4.9522905442116425,4.9522905442116425,4.659832715724523,4.728072643280029,226100,0.0,0.0
2019-05-17,4.659832624722316,4.708575362760114,4.464860278022223,4.494106292724609,294400,0.0,0.0
2019-05-20,4.425865997163709,4.523351940192716,4.347877242740503,4.503854751586914,270400,0.0,0.0
2019-05-21,4.513603453861855,4.552597829998272,4.3478771228572635,4.357625484466553,267100,0.0,0.0
2019-05-22,4.338128053775729,4.367374066667188,4.240642118886873,4.2893853187561035,372200,0.0,0.0
2019-05-23,4.240642213313928,4.250391039444694,3.7727092505782767,3.850698232650757,696700,0.0,0.0
2019-05-24,3.9384357733750623,4.182150860662379,3.8994413965970627,4.0944132804870605,389800,0.0,0.0
2019-05-28,4.1041619183427285,4.143156293327251,3.7532120786324095,3.76296067237854,562000,0.0,0.0
2019-05-29,3.7239662564502276,3.8214524252645137,3.6264803200607476,3.7142176628112793,362300,0.0,0.0
2019-05-30,3.7044691638218405,3.8019553351269066,3.6264804127176373,3.655726194381714,326800,0.0,0.0
2019-05-31,3.6069830810326518,3.6069830810326518,3.392513791628029,3.5972344875335693,437400,0.0,0.0
2019-06-03,3.587485924973537,3.704469047971411,3.5289941310497954,3.577737331390381,390600,0.0,0.0
2019-06-04,3.5972346225362077,3.7922067322598827,3.528994233056794,3.5874860286712646,587700,0.0,0.0
2019-06-05,3.626480346771813,3.694720502747076,3.44125683384272,3.4705026149749756,291000,0.0,0.0
2019-06-06,3.460754017084163,3.4997483918800714,3.168295973690044,3.2462847232818604,404500,0.0,0.0
2019-06-07,3.265782031137803,3.7337150107979706,3.2365362489621448,3.616731882095337,562100,0.0,0.0
2019-06-10,3.665474670943169,3.9969270849515306,3.655726077367182,3.957932710647583,574900,0.0,0.0
2019-06-11,4.006676039038867,4.152905179778171,3.8701954921871966,3.879944086074829,575300,0.0,0.0
2019-06-12,3.8604467951667485,3.889692576048338,3.6849718774524036,3.8701953887939453,449200,0.0,0.0
2019-06-13,3.889692558476183,3.889692558476183,3.5484915506409123,3.577737331390381,448800,0.0,0.0
2019-06-14,3.577737410645009,3.6557261610378777,3.3925138960371353,3.451005458831787,380100,0.0,0.0
2019-06-17,3.4802512721309458,3.509497053796354,3.382765333246252,3.4315083026885986,377900,0.0,0.0
2019-06-18,3.4899997290807003,3.684971831624691,3.402262387527066,3.4412567615509033,343000,0.0,0.0
2019-06-19,3.4607541164396673,3.538743100695293,3.4120111465454097,3.41201114654541,421600,0.0,0.0
2019-06-20,3.4802512633444382,3.6167318098632526,3.343770949250435,3.3632681369781494,525500,0.0,0.0
2019-06-21,3.343770980834961,3.382765356658723,3.265781996762624,3.343770980834961,695300,0.0,0.0
2019-06-24,3.363268200888187,3.489999923526535,3.2462848398741273,3.3242738246917725,655700,0.0,0.0
2019-06-25,3.304776443600827,3.38276519143926,3.217038869857788,3.217038869857788,590600,0.0,0.0
2019-06-26,3.256033371636431,3.3535195426874065,3.139050245285034,3.139050245285034,406400,0.0,0.0
2019-06-27,3.197541800460631,3.3535195342970554,3.1877932066224046,3.2950279712677,690900,0.0,0.0
2019-06-28,3.2950278480510153,3.558240104265173,3.2950278480510153,3.373016595840454,3265800,0.0,0.0
2019-07-01,3.480251198727385,3.528994167141672,3.31452510611881,3.4022624492645264,651000,0.0,0.0
2019-07-02,3.441256803001252,3.519245551988311,3.3730166476375754,3.489999771118164,594200,0.0,0.0
2019-07-03,3.4600000381469727,3.5799999237060547,3.369999885559082,3.559999942779541,196500,0.09,0.0
2019-07-05,3.5,3.690000057220459,3.4800000190734863,3.5899999141693115,341200,0.0,0.0
2019-07-08,3.559999942779541,3.6500000953674316,3.4000000953674316,3.440000057220459,320600,0.0,0.0
2019-07-09,3.430000066757202,3.440000057220459,3.309999942779541,3.359999895095825,194600,0.0,0.0
2019-07-10,3.4000000953674316,3.4000000953674316,3.25,3.309999942779541,284000,0.0,0.0
2019-07-11,3.2899999618530273,3.3299999237060547,2.869999885559082,2.940000057220459,678800,0.0,0.0
2019-07-12,2.9800000190734863,3.1500000953674316,2.9000000953674316,2.930000066757202,401800,0.0,0.0
2019-07-15,2.990000009536743,3.0,2.7699999809265137,2.8499999046325684,343700,0.0,0.0
2019-07-16,2.8399999141693115,2.9600000381469727,2.7699999809265137,2.880000114440918,347000,0.0,0.0
2019-07-17,2.880000114440918,2.880000114440918,2.559999942779541,2.569999933242798,552300,0.0,0.0
2019-07-18,2.569999933242798,2.690000057220459,2.509999990463257,2.5199999809265137,282200,0.0,0.0
2019-07-19,2.509999990463257,2.7699999809265137,2.509999990463257,2.640000104904175,441400,0.0,0.0
2019-07-22,2.700000047683716,2.7699999809265137,2.630000114440918,2.680000066757202,296000,0.0,0.0
2019-07-23,2.700000047683716,2.819999933242798,2.690000057220459,2.759999990463257,219700,0.0,0.0
2019-07-24,2.759999990463257,2.859999895095825,2.759999990463257,2.8299999237060547,165500,0.0,0.0
2019-07-25,2.8299999237060547,2.8399999141693115,2.7100000381469727,2.7300000190734863,332700,0.0,0.0
2019-07-26,2.7300000190734863,2.7799999713897705,2.640000104904175,2.7300000190734863,198000,0.0,0.0
2019-07-29,2.7200000286102295,2.75,2.549999952316284,2.5799999237060547,171700,0.0,0.0
2019-07-30,2.549999952316284,2.630000114440918,2.4200000762939453,2.5899999141693115,396300,0.0,0.0
2019-07-31,2.5999999046325684,2.630000114440918,2.5199999809265137,2.559999942779541,149600,0.0,0.0
2019-08-01,2.549999952316284,2.5999999046325684,2.4800000190734863,2.5199999809265137,226200,0.0,0.0
2019-08-02,2.5299999713897705,2.559999942779541,2.5,2.5399999618530273,229800,0.0,0.0
2019-08-05,2.5299999713897705,2.619999885559082,2.390000104904175,2.609999895095825,379500,0.0,0.0
2019-08-06,2.640000104904175,2.6700000762939453,2.4100000858306885,2.4700000286102295,292800,0.0,0.0
2019-08-07,2.490000009536743,2.5199999809265137,2.3499999046325684,2.4000000953674316,308200,0.0,0.0
2019-08-08,2.4800000190734863,2.9700000286102295,2.440000057220459,2.9000000953674316,640800,0.0,0.0
2019-08-09,2.880000114440918,2.940000057220459,2.609999895095825,2.75,307400,0.0,0.0
2019-08-12,2.7899999618530273,3.059999942779541,2.630000114440918,2.930000066757202,445500,0.0,0.0
2019-08-13,2.950000047683716,2.9600000381469727,2.6500000953674316,2.7300000190734863,285900,0.0,0.0
2019-08-14,2.700000047683716,2.700000047683716,2.5299999713897705,2.5799999237060547,271900,0.0,0.0
2019-08-15,2.5799999237060547,2.5899999141693115,2.3299999237060547,2.440000057220459,358200,0.0,0.0
2019-08-16,2.390000104904175,2.4700000286102295,2.309999942779541,2.319999933242798,472700,0.0,0.0
2019-08-19,2.3499999046325684,2.490000009536743,2.259999990463257,2.369999885559082,255700,0.0,0.0
2019-08-20,2.299999952316284,2.430000066757202,2.2799999713897705,2.4100000858306885,199200,0.0,0.0
2019-08-21,2.390000104904175,2.430000066757202,2.319999933242798,2.390000104904175,203100,0.0,0.0
2019-08-22,2.4000000953674316,2.5399999618530273,2.369999885559082,2.4800000190734863,191700,0.0,0.0
2019-08-23,2.390000104904175,2.450000047683716,2.2899999618530273,2.4100000858306885,314000,0.0,0.0
2019-08-26,2.4800000190734863,2.6700000762939453,2.4200000762939453,2.5399999618530273,279700,0.0,0.0
2019-08-27,2.549999952316284,2.5999999046325684,2.450000047683716,2.5899999141693115,192000,0.0,0.0
2019-08-28,2.569999933242798,2.7300000190734863,2.5399999618530273,2.6500000953674316,200000,0.0,0.0
2019-08-29,2.690000057220459,2.7899999618530273,2.6500000953674316,2.7899999618530273,235400,0.0,0.0
2019-08-30,2.799999952316284,2.940000057220459,2.7200000286102295,2.75,252500,0.0,0.0
2019-09-03,2.7300000190734863,2.75,2.5399999618530273,2.5999999046325684,265200,0.0,0.0
2019-09-04,2.4100000858306885,2.75,2.390000104904175,2.740000009536743,675200,0.0,0.0
2019-09-05,2.7799999713897705,2.950000047683716,2.6700000762939453,2.890000104904175,349100,0.0,0.0
2019-09-06,2.930000066757202,3.259999990463257,2.8299999237060547,3.1500000953674316,275100,0.0,0.0
2019-09-09,2.7799999713897705,3.140000104904175,2.5899999141693115,2.9000000953674316,837800,0.0,0.0
2019-09-10,2.9100000858306885,3.3499999046325684,2.809999942779541,3.1700000762939453,980400,0.0,0.0
2019-09-11,3.180000066757202,3.5299999713897705,3.0,3.390000104904175,1072500,0.0,0.0
2019-09-12,3.369999885559082,3.9200000762939453,3.140000104904175,3.630000114440918,1323400,0.0,0.0
2019-09-13,3.6700000762939453,3.930000066757202,3.4000000953674316,3.490000009536743,1000600,0.0,0.0
2019-09-16,3.4600000381469727,3.890000104904175,3.4600000381469727,3.740000009536743,935500,0.0,0.0
2019-09-17,3.6600000858306885,3.859999895095825,3.4000000953674316,3.5,925400,0.0,0.0
2019-09-18,3.5999999046325684,3.8499999046325684,3.5299999713897705,3.75,1341900,0.0,0.0
2019-09-19,3.819999933242798,3.819999933242798,3.5,3.759999990463257,575300,0.0,0.0
2019-09-20,3.7899999618530273,3.799999952316284,3.3499999046325684,3.390000104904175,4317400,0.0,0.0
2019-09-23,3.380000114440918,3.5899999141693115,3.380000114440918,3.4800000190734863,557900,0.0,0.0
2019-09-24,3.4700000286102295,3.5,3.059999942779541,3.130000114440918,653000,0.0,0.0
2019-09-25,3.130000114440918,3.309999942779541,3.119999885559082,3.2200000286102295,241600,0.0,0.0
2019-09-26,3.180000066757202,3.240000009536743,2.9000000953674316,2.940000057220459,394000,0.0,0.0
2019-09-27,2.9600000381469727,3.109999895095825,2.9600000381469727,3.0,189500,0.0,0.0
2019-09-30,3.0,3.059999942779541,2.880000114440918,2.890000104904175,337300,0.0,0.0
2019-10-01,2.9100000858306885,3.069999933242798,2.9000000953674316,2.9800000190734863,180200,0.0,0.0
2019-10-02,2.940000057220459,2.990000009536743,2.759999990463257,2.7699999809265137,323300,0.0,0.0
2019-10-03,2.75,2.809999942779541,2.6700000762939453,2.75,181400,0.0,0.0
2019-10-04,2.799999952316284,2.890000104904175,2.630000114440918,2.7899999618530273,273600,0.0,0.0
2019-10-07,2.700000047683716,2.859999895095825,2.700000047683716,2.759999990463257,168100,0.0,0.0
2019-10-08,2.740000009536743,2.7799999713897705,2.490000009536743,2.5199999809265137,366900,0.0,0.0
2019-10-09,2.5199999809265137,2.609999895095825,2.4200000762939453,2.509999990463257,463800,0.0,0.0
2019-10-10,2.509999990463257,2.7200000286102295,2.509999990463257,2.609999895095825,183500,0.0,0.0
2019-10-11,2.6700000762939453,2.7899999618530273,2.640000104904175,2.680000066757202,213300,0.0,0.0
2019-10-14,2.700000047683716,2.7300000190734863,2.5299999713897705,2.700000047683716,257000,0.0,0.0
2019-10-15,2.7100000381469727,2.859999895095825,2.5999999046325684,2.799999952316284,220500,0.0,0.0
2019-10-16,2.8499999046325684,2.9000000953674316,2.7899999618530273,2.869999885559082,235100,0.0,0.0
2019-10-17,2.9000000953674316,2.9000000953674316,2.7100000381469727,2.819999933242798,156100,0.0,0.0
2019-10-18,2.799999952316284,2.9200000762939453,2.759999990463257,2.8499999046325684,215700,0.0,0.0
2019-10-21,2.8399999141693115,3.180000066757202,2.8399999141693115,3.069999933242798,372400,0.0,0.0
2019-10-22,3.069999933242798,3.190000057220459,2.9600000381469727,3.1600000858306885,189800,0.0,0.0
2019-10-23,3.1500000953674316,3.2699999809265137,3.059999942779541,3.119999885559082,242000,0.0,0.0
2019-10-24,3.1600000858306885,3.1700000762939453,2.6700000762939453,2.6700000762939453,520500,0.0,0.0
2019-10-25,2.680000066757202,2.9000000953674316,2.6700000762939453,2.8499999046325684,195100,0.0,0.0
2019-10-28,2.950000047683716,3.0899999141693115,2.809999942779541,2.9700000286102295,317700,0.0,0.0
2019-10-29,2.9700000286102295,2.9700000286102295,2.819999933242798,2.8299999237060547,140100,0.0,0.0
2019-10-30,2.809999942779541,2.9000000953674316,2.640000104904175,2.6500000953674316,152700,0.0,0.0
2019-10-31,2.6700000762939453,2.7699999809265137,2.549999952316284,2.5999999046325684,195800,0.0,0.0
2019-11-01,2.609999895095825,2.7100000381469727,2.5899999141693115,2.6600000858306885,203000,0.0,0.0
2019-11-04,3.0,3.4000000953674316,2.9000000953674316,3.130000114440918,782600,0.0,0.0
2019-11-05,3.130000114440918,3.450000047683716,3.049999952316284,3.380000114440918,368900,0.0,0.0
2019-11-06,3.4200000762939453,3.559999942779541,3.2899999618530273,3.5399999618530273,209300,0.0,0.0
2019-11-07,3.5999999046325684,3.7300000190734863,3.2100000381469727,3.2699999809265137,335800,0.0,0.0
2019-11-08,3.25,3.490000009536743,3.2200000286102295,3.4600000381469727,138300,0.0,0.0
2019-11-11,3.4100000858306885,3.4600000381469727,3.180000066757202,3.2100000381469727,183200,0.0,0.0
2019-11-12,3.1500000953674316,3.1700000762939453,2.9000000953674316,2.9200000762939453,236600,0.0,0.0
2019-11-13,2.9200000762939453,2.9200000762939453,2.7799999713897705,2.8399999141693115,238600,0.0,0.0
2019-11-14,2.859999895095825,2.9000000953674316,2.759999990463257,2.799999952316284,113900,0.0,0.0
2019-11-15,2.8499999046325684,2.9100000858306885,2.7799999713897705,2.9000000953674316,146800,0.0,0.0
2019-11-18,2.890000104904175,3.0,2.8399999141693115,2.9600000381469727,148900,0.0,0.0
2019-11-19,2.990000009536743,2.990000009536743,2.890000104904175,2.950000047683716,150500,0.0,0.0
2019-11-20,2.890000104904175,2.930000066757202,2.7699999809265137,2.8299999237060547,193200,0.0,0.0
2019-11-21,2.8399999141693115,2.869999885559082,2.700000047683716,2.819999933242798,101600,0.0,0.0
2019-11-22,2.859999895095825,2.9100000858306885,2.7899999618530273,2.880000114440918,107400,0.0,0.0
2019-11-25,2.869999885559082,2.9700000286102295,2.8299999237060547,2.940000057220459,123000,0.0,0.0
2019-11-26,3.0,3.0,2.819999933242798,2.869999885559082,223200,0.0,0.0
2019-11-27,2.880000114440918,2.9100000858306885,2.759999990463257,2.859999895095825,118200,0.0,0.0
2019-11-29,2.819999933242798,2.859999895095825,2.759999990463257,2.799999952316284,49100,0.0,0.0
2019-12-02,2.75,2.8299999237060547,2.7100000381469727,2.809999942779541,393100,0.0,0.0
2019-12-03,2.9000000953674316,2.9100000858306885,2.700000047683716,2.740000009536743,329700,0.0,0.0
2019-12-04,2.7699999809265137,2.9100000858306885,2.7300000190734863,2.890000104904175,228800,0.0,0.0
2019-12-05,2.940000057220459,2.950000047683716,2.8399999141693115,2.859999895095825,98400,0.0,0.0
2019-12-06,2.950000047683716,3.0999999046325684,2.9000000953674316,2.9100000858306885,323600,0.0,0.0
2019-12-09,2.940000057220459,2.940000057220459,2.8499999046325684,2.9100000858306885,172300,0.0,0.0
2019-12-10,2.880000114440918,3.109999895095825,2.880000114440918,3.069999933242798,147400,0.0,0.0
2019-12-11,3.0999999046325684,3.2699999809265137,3.0999999046325684,3.180000066757202,208300,0.0,0.0
2019-12-12,3.2100000381469727,3.309999942779541,3.1500000953674316,3.2799999713897705,165100,0.0,0.0
2019-12-13,3.299999952316284,3.390000104904175,3.140000104904175,3.259999990463257,374500,0.0,0.0
2019-12-16,3.2899999618530273,3.440000057220459,3.259999990463257,3.319999933242798,206500,0.0,0.0
2019-12-17,3.369999885559082,3.509999990463257,3.3299999237060547,3.450000047683716,277100,0.0,0.0
2019-12-18,3.5799999237060547,3.799999952316284,3.549999952316284,3.6700000762939453,448500,0.0,0.0
2019-12-19,3.700000047683716,3.799999952316284,3.6500000953674316,3.7300000190734863,279800,0.0,0.0
2019-12-20,3.7300000190734863,3.809999942779541,3.3499999046325684,3.509999990463257,550700,0.0,0.0
2019-12-23,3.5799999237060547,3.890000104904175,3.5299999713897705,3.819999933242798,327600,0.0,0.0
2019-12-24,3.799999952316284,3.869999885559082,3.7899999618530273,3.8299999237060547,83100,0.0,0.0
2019-12-26,3.8499999046325684,3.869999885559082,3.630000114440918,3.7899999618530273,163600,0.0,0.0
2019-12-27,3.7699999809265137,3.890000104904175,3.759999990463257,3.8299999237060547,208800,0.0,0.0
2019-12-30,3.819999933242798,3.819999933242798,3.6600000858306885,3.7200000286102295,290400,0.0,0.0
2019-12-31,3.7100000381469727,3.7899999618530273,3.6700000762939453,3.690000057220459,86300,0.0,0.0
2020-01-02,3.680000066757202,3.7699999809265137,3.5299999713897705,3.759999990463257,135500,0.0,0.0
2020-01-03,3.759999990463257,3.7699999809265137,3.6500000953674316,3.740000009536743,302600,0.0,0.0
2020-01-06,3.740000009536743,3.740000009536743,3.440000057220459,3.509999990463257,307100,0.0,0.0
2020-01-07,3.549999952316284,3.619999885559082,3.5,3.5899999141693115,143800,0.0,0.0
2020-01-08,3.5899999141693115,3.5899999141693115,3.359999895095825,3.4100000858306885,189600,0.0,0.0
2020-01-09,3.359999895095825,3.450000047683716,3.299999952316284,3.369999885559082,195200,0.0,0.0
2020-01-10,3.3299999237060547,3.359999895095825,3.1500000953674316,3.200000047683716,157000,0.0,0.0
2020-01-13,3.200000047683716,3.2799999713897705,3.0899999141693115,3.2799999713897705,153300,0.0,0.0
2020-01-14,3.2799999713897705,3.5399999618530273,3.259999990463257,3.5199999809265137,173300,0.0,0.0
2020-01-15,3.5799999237060547,3.5799999237060547,3.4000000953674316,3.440000057220459,135800,0.0,0.0
2020-01-16,3.4600000381469727,3.619999885559082,3.4100000858306885,3.569999933242798,96200,0.0,0.0
2020-01-17,3.559999942779541,3.559999942779541,3.430000066757202,3.450000047683716,124400,0.0,0.0
2020-01-21,3.4000000953674316,3.4200000762939453,3.2799999713897705,3.3399999141693115,116100,0.0,0.0
2020-01-22,3.3299999237060547,4.449999809265137,3.2899999618530273,3.5799999237060547,4216400,0.0,0.0
2020-01-23,3.549999952316284,3.6500000953674316,3.4000000953674316,3.5899999141693115,224100,0.0,0.0
2020-01-24,3.5299999713897705,3.690000057220459,3.5,3.640000104904175,240100,0.0,0.0
2020-01-27,3.490000009536743,3.509999990463257,3.259999990463257,3.2799999713897705,245800,0.0,0.0
2020-01-28,3.369999885559082,3.380000114440918,3.109999895095825,3.130000114440918,207100,0.0,0.0
2020-01-29,3.119999885559082,3.2100000381469727,3.009999990463257,3.0199999809265137,317000,0.0,0.0
2020-01-30,3.0,3.2200000286102295,2.9800000190734863,3.1700000762939453,185200,0.0,0.0
2020-01-31,3.119999885559082,3.549999952316284,3.0999999046325684,3.200000047683716,1463600,0.0,0.0
2020-02-03,3.190000057220459,3.3299999237060547,3.140000104904175,3.1700000762939453,147800,0.0,0.0
2020-02-04,3.259999990463257,3.4000000953674316,3.140000104904175,3.2699999809265137,257300,0.0,0.0
2020-02-05,3.3299999237060547,3.390000104904175,3.069999933242798,3.200000047683716,261700,0.0,0.0
2020-02-06,3.2699999809265137,3.2699999809265137,3.119999885559082,3.1600000858306885,117900,0.0,0.0
2020-02-07,3.130000114440918,3.130000114440918,3.009999990463257,3.009999990463257,226900,0.0,0.0
2020-02-10,2.990000009536743,3.049999952316284,2.8499999046325684,2.859999895095825,218300,0.0,0.0
2020-02-11,2.859999895095825,3.059999942779541,2.859999895095825,2.9100000858306885,251800,0.0,0.0
2020-02-12,2.8499999046325684,3.0799999237060547,2.8499999046325684,3.049999952316284,85600,0.0,0.0
2020-02-13,3.0399999618530273,3.2699999809265137,2.950000047683716,3.0299999713897705,362000,0.0,0.0
2020-02-14,3.059999942779541,3.119999885559082,2.9700000286102295,3.049999952316284,86600,0.0,0.0
2020-02-18,3.0199999809265137,3.3499999046325684,3.0199999809265137,3.0999999046325684,155400,0.0,0.0
2020-02-19,3.119999885559082,3.200000047683716,3.049999952316284,3.190000057220459,53500,0.0,0.0
2020-02-20,3.190000057220459,3.259999990463257,3.140000104904175,3.180000066757202,73100,0.0,0.0
2020-02-21,3.140000104904175,3.1700000762939453,3.0799999237060547,3.0999999046325684,52100,0.0,0.0
2020-02-24,2.940000057220459,2.9600000381469727,2.809999942779541,2.8499999046325684,232800,0.0,0.0
2020-02-25,2.8499999046325684,2.890000104904175,2.6500000953674316,2.7200000286102295,146900,0.0,0.0
2020-02-26,2.6700000762939453,2.799999952316284,2.5399999618530273,2.569999933242798,176500,0.0,0.0
2020-02-27,2.619999885559082,2.630000114440918,2.3399999141693115,2.549999952316284,177300,0.0,0.0
2020-02-28,2.309999942779541,2.8499999046325684,2.2899999618530273,2.5999999046325684,195300,0.0,0.0
2020-03-02,2.700000047683716,2.759999990463257,2.509999990463257,2.5799999237060547,130400,0.0,0.0
2020-03-03,2.6600000858306885,2.6600000858306885,2.4000000953674316,2.430000066757202,477600,0.0,0.0
2020-03-04,2.5,2.5299999713897705,2.299999952316284,2.4000000953674316,280600,0.0,0.0
2020-03-05,2.3299999237060547,2.4100000858306885,2.2799999713897705,2.3299999237060547,152600,0.0,0.0
2020-03-06,2.259999990463257,2.309999942779541,2.009999990463257,2.049999952316284,384200,0.0,0.0
2020-03-09,2.0,2.0199999809265137,1.649999976158142,1.6799999475479126,331500,0.0,0.0
2020-03-10,1.8200000524520874,1.9700000286102295,1.6799999475479126,1.7599999904632568,321400,0.0,0.0
2020-03-11,1.6799999475479126,1.7599999904632568,1.5199999809265137,1.5299999713897705,326700,0.0,0.0
2020-03-12,1.5,1.6399999856948853,1.2100000381469727,1.4500000476837158,576100,0.0,0.0
2020-03-13,1.5800000429153442,1.7200000286102295,1.3200000524520874,1.659999966621399,295800,0.0,0.0
2020-03-16,1.600000023841858,1.6799999475479126,1.2699999809265137,1.3200000524520874,444400,0.0,0.0
2020-03-17,1.3300000429153442,1.340000033378601,1.2200000286102295,1.2400000095367432,422500,0.0,0.0
2020-03-18,1.2400000095367432,1.2400000095367432,0.8999999761581421,0.9300000071525574,335300,0.0,0.0
2020-03-19,0.949999988079071,1.149999976158142,0.8999999761581421,1.0399999618530273,598800,0.0,0.0
2020-03-20,1.0800000429153442,1.25,1.0499999523162842,1.0499999523162842,1374700,0.0,0.0
2020-03-23,1.0800000429153442,1.340000033378601,1.0,1.2599999904632568,340100,0.0,0.0
2020-03-24,1.340000033378601,1.600000023841858,1.2599999904632568,1.399999976158142,479900,0.0,0.0
2020-03-25,1.4199999570846558,1.7000000476837158,1.3799999952316284,1.649999976158142,174900,0.0,0.0
2020-03-26,1.600000023841858,1.7100000381469727,1.4800000190734863,1.5800000429153442,279600,0.0,0.0
2020-03-27,1.5299999713897705,1.6100000143051147,1.2699999809265137,1.340000033378601,399800,0.0,0.0
2020-03-30,1.3899999856948853,1.3899999856948853,1.2000000476837158,1.25,167700,0.0,0.0
2020-03-31,1.1799999475479126,1.2799999713897705,1.1799999475479126,1.2000000476837158,176100,0.0,0.0
2020-04-01,1.1699999570846558,1.2000000476837158,1.0700000524520874,1.1299999952316284,422400,0.0,0.0
2020-04-02,1.149999976158142,1.2999999523162842,1.0099999904632568,1.2699999809265137,286500,0.0,0.0
2020-04-03,1.2699999809265137,1.2999999523162842,1.1299999952316284,1.2799999713897705,212400,0.0,0.0
2020-04-06,1.2799999713897705,1.3799999952316284,1.25,1.350000023841858,159600,0.0,0.0
2020-04-07,1.3899999856948853,1.399999976158142,1.2300000190734863,1.2400000095367432,257900,0.0,0.0
2020-04-08,1.2300000190734863,1.3300000429153442,1.2300000190734863,1.2999999523162842,99400,0.0,0.0
2020-04-09,1.399999976158142,1.5,1.3300000429153442,1.3799999952316284,229900,0.0,0.0
2020-04-13,1.409999966621399,1.5,1.309999942779541,1.4600000381469727,203000,0.0,0.0
2020-04-14,1.5,1.5499999523162842,1.399999976158142,1.4500000476837158,186600,0.0,0.0
2020-04-15,1.399999976158142,1.399999976158142,1.25,1.2599999904632568,191000,0.0,0.0
2020-04-16,1.2699999809265137,1.309999942779541,1.1799999475479126,1.2300000190734863,202600,0.0,0.0
2020-04-17,1.2699999809265137,1.309999942779541,1.25,1.2899999618530273,147500,0.0,0.0
2020-04-20,1.309999942779541,1.309999942779541,1.1200000047683716,1.1399999856948853,257300,0.0,0.0
2020-04-21,1.1200000047683716,1.2000000476837158,1.1100000143051147,1.159999966621399,191900,0.0,0.0
2020-04-22,1.1399999856948853,1.2100000381469727,1.1299999952316284,1.190000057220459,128400,0.0,0.0
2020-04-23,1.190000057220459,1.2999999523162842,1.190000057220459,1.2899999618530273,181100,0.0,0.0
2020-04-24,1.3200000524520874,1.340000033378601,1.2000000476837158,1.2400000095367432,191100,0.0,0.0
2020-04-27,1.2699999809265137,1.2999999523162842,1.2200000286102295,1.2400000095367432,245400,0.0,0.0
2020-04-28,1.2699999809265137,1.5499999523162842,1.2599999904632568,1.5,325400,0.0,0.0
2020-04-29,1.5399999618530273,1.6399999856948853,1.4199999570846558,1.4900000095367432,278300,0.0,0.0
2020-04-30,1.5,1.5,1.350000023841858,1.409999966621399,109500,0.0,0.0
2020-05-01,1.3799999952316284,1.440000057220459,1.2599999904632568,1.2799999713897705,165000,0.0,0.0
2020-05-04,1.25,1.2899999618530273,1.2000000476837158,1.2699999809265137,144400,0.0,0.0
2020-05-05,1.2799999713897705,1.3700000047683716,1.25,1.2599999904632568,110300,0.0,0.0
2020-05-06,1.2599999904632568,1.2999999523162842,1.1799999475479126,1.2999999523162842,140000,0.0,0.0
2020-05-07,1.3200000524520874,1.3799999952316284,1.25,1.2799999713897705,78100,0.0,0.0
2020-05-08,1.1799999475479126,1.440000057220459,1.1799999475479126,1.4299999475479126,231600,0.0,0.0
2020-05-11,1.4600000381469727,1.4600000381469727,1.2799999713897705,1.2799999713897705,155400,0.0,0.0
2020-05-12,1.350000023841858,1.350000023841858,1.2300000190734863,1.25,112700,0.0,0.0
2020-05-13,1.2200000286102295,1.25,1.149999976158142,1.1799999475479126,181100,0.0,0.0
2020-05-14,1.159999966621399,1.2000000476837158,1.1100000143051147,1.149999976158142,125400,0.0,0.0
2020-05-15,1.1100000143051147,1.2300000190734863,1.100000023841858,1.190000057220459,397900,0.0,0.0
2020-05-18,1.2899999618530273,1.309999942779541,1.100000023841858,1.2300000190734863,136000,0.0,0.0
2020-05-19,1.2400000095367432,1.2599999904632568,1.1399999856948853,1.2100000381469727,138400,0.0,0.0
2020-05-20,1.2899999618530273,1.2899999618530273,1.190000057220459,1.2100000381469727,184600,0.0,0.0
2020-05-21,1.1699999570846558,1.2200000286102295,1.1699999570846558,1.2000000476837158,74500,0.0,0.0
2020-05-22,1.2100000381469727,1.2300000190734863,1.1799999475479126,1.2100000381469727,86000,0.0,0.0
2020-05-26,1.2699999809265137,1.3600000143051147,1.2300000190734863,1.3600000143051147,152300,0.0,0.0
2020-05-27,1.3899999856948853,1.3899999856948853,1.2799999713897705,1.3200000524520874,192600,0.0,0.0
2020-05-28,1.2899999618530273,1.3300000429153442,1.2799999713897705,1.2799999713897705,94000,0.0,0.0
2020-05-29,1.340000033378601,1.3899999856948853,1.2899999618530273,1.2899999618530273,225100,0.0,0.0
2020-06-01,1.350000023841858,1.4299999475479126,1.2999999523162842,1.3700000047683716,226800,0.0,0.0
2020-06-02,1.399999976158142,1.5,1.3799999952316284,1.4199999570846558,325500,0.0,0.0
2020-06-03,1.4800000190734863,1.5700000524520874,1.4600000381469727,1.4800000190734863,416800,0.0,0.0
2020-06-04,1.4800000190734863,1.5800000429153442,1.399999976158142,1.5099999904632568,339100,0.0,0.0
2020-06-05,1.5800000429153442,1.75,1.5700000524520874,1.7300000190734863,328700,0.0,0.0
2020-06-08,1.809999942779541,2.130000114440918,1.809999942779541,2.119999885559082,520000,0.0,0.0
2020-06-09,2.0,2.119999885559082,1.9500000476837158,1.9600000381469727,287700,0.0,0.0
2020-06-10,1.9500000476837158,2.0199999809265137,1.7599999904632568,1.8600000143051147,170500,0.0,0.0
2020-06-11,1.6799999475479126,1.7599999904632568,1.5700000524520874,1.6100000143051147,166200,0.0,0.0
2020-06-12,1.690000057220459,1.9800000190734863,1.690000057220459,1.7899999618530273,295900,0.0,0.0
2020-06-15,1.659999966621399,1.8300000429153442,1.600000023841858,1.7400000095367432,73300,0.0,0.0
2020-06-16,1.8300000429153442,1.8899999856948853,1.7999999523162842,1.8200000524520874,70200,0.0,0.0
2020-06-17,1.809999942779541,1.809999942779541,1.6699999570846558,1.7000000476837158,90200,0.0,0.0
2020-06-18,1.6699999570846558,1.7699999809265137,1.6100000143051147,1.6299999952316284,56800,0.0,0.0
2020-06-19,1.6699999570846558,1.7699999809265137,1.6200000047683716,1.7000000476837158,125400,0.0,0.0
2020-06-22,1.7200000286102295,1.7699999809265137,1.6699999570846558,1.7200000286102295,97000,0.0,0.0
2020-06-23,1.75,1.940000057220459,1.75,1.8799999952316284,163300,0.0,0.0
2020-06-24,1.909999966621399,1.909999966621399,1.649999976158142,1.7100000381469727,137900,0.0,0.0
2020-06-25,1.7000000476837158,1.7899999618530273,1.659999966621399,1.7899999618530273,61200,0.0,0.0
2020-06-26,1.7599999904632568,1.7899999618530273,1.6699999570846558,1.7400000095367432,96900,0.0,0.0
2020-06-29,1.7599999904632568,1.7999999523162842,1.7100000381469727,1.7400000095367432,99400,0.0,0.0
2020-06-30,1.7400000095367432,1.7899999618530273,1.6799999475479126,1.7000000476837158,71900,0.0,0.0
2020-07-01,1.6699999570846558,1.7300000190734863,1.5499999523162842,1.6100000143051147,154100,0.0,0.0
2020-07-02,1.649999976158142,1.7400000095367432,1.649999976158142,1.659999966621399,68000,0.0,0.0
2020-07-06,1.7000000476837158,1.9700000286102295,1.5,1.7000000476837158,2623000,0.0,0.0
2020-07-07,1.6699999570846558,1.6799999475479126,1.5199999809265137,1.5800000429153442,343700,0.0,0.0
2020-07-08,1.5099999904632568,1.840000033378601,1.5099999904632568,1.690000057220459,1352100,0.0,0.0
2020-07-09,1.6799999475479126,1.690000057220459,1.5800000429153442,1.659999966621399,364200,0.0,0.0
2020-07-10,1.5800000429153442,2.109999895095825,1.5800000429153442,2.0399999618530273,5154700,0.0,0.0
2020-07-13,1.7799999713897705,1.8799999952316284,1.6399999856948853,1.659999966621399,1201300,0.0,0.0
2020-07-14,1.5800000429153442,1.7100000381469727,1.5099999904632568,1.6299999952316284,706600,0.0,0.0
2020-07-15,1.6299999952316284,1.7300000190734863,1.559999942779541,1.6100000143051147,292800,0.0,0.0
2020-07-16,1.6200000047683716,1.6799999475479126,1.5800000429153442,1.649999976158142,167200,0.0,0.0
2020-07-17,1.649999976158142,1.659999966621399,1.600000023841858,1.649999976158142,158000,0.0,0.0
2020-07-20,1.649999976158142,1.649999976158142,1.559999942779541,1.590000033378601,268100,0.0,0.0
2020-07-21,1.649999976158142,1.649999976158142,1.5,1.5199999809265137,298500,0.0,0.0
2020-07-22,1.5199999809265137,1.559999942779541,1.5,1.5099999904632568,198000,0.0,0.0
2020-07-23,1.5399999618530273,1.5800000429153442,1.5099999904632568,1.5399999618530273,158200,0.0,0.0
2020-07-24,1.5399999618530273,1.559999942779541,1.5199999809265137,1.5399999618530273,76300,0.0,0.0
2020-07-27,1.5199999809265137,1.5399999618530273,1.4800000190734863,1.4900000095367432,140500,0.0,0.0
2020-07-28,1.4800000190734863,1.5,1.4299999475479126,1.4800000190734863,142100,0.0,0.0
2020-07-29,1.4800000190734863,1.600000023841858,1.4500000476837158,1.590000033378601,374700,0.0,0.0
2020-07-30,1.590000033378601,1.600000023841858,1.5199999809265137,1.5800000429153442,161400,0.0,0.0
2020-07-31,1.5800000429153442,1.5800000429153442,1.4700000286102295,1.5,105800,0.0,0.0
2020-08-03,1.5,1.590000033378601,1.5,1.5499999523162842,217500,0.0,0.0
2020-08-04,1.5499999523162842,1.6200000047683716,1.5199999809265137,1.600000023841858,456800,0.0,0.0
2020-08-05,1.5399999618530273,1.659999966621399,1.5,1.659999966621399,329100,0.0,0.0
2020-08-06,1.6699999570846558,1.6799999475479126,1.5800000429153442,1.6799999475479126,250800,0.0,0.0
2020-08-07,1.6699999570846558,1.6699999570846558,1.6399999856948853,1.6699999570846558,186800,0.0,0.0
2020-08-10,1.6699999570846558,1.6699999570846558,1.6100000143051147,1.659999966621399,278200,0.0,0.0
2020-08-11,1.6699999570846558,1.75,1.649999976158142,1.7400000095367432,324500,0.0,0.0
2020-08-12,1.75,1.7699999809265137,1.6799999475479126,1.7599999904632568,148000,0.0,0.0
2020-08-13,1.7599999904632568,1.7899999618530273,1.7000000476837158,1.7699999809265137,132300,0.0,0.0
2020-08-14,1.7799999713897705,1.899999976158142,1.7300000190734863,1.8700000047683716,261600,0.0,0.0
2020-08-17,1.909999966621399,1.909999966621399,1.7999999523162842,1.8700000047683716,208800,0.0,0.0
2020-08-18,1.8799999952316284,1.8799999952316284,1.75,1.8200000524520874,118000,0.0,0.0
2020-08-19,1.7599999904632568,1.8200000524520874,1.75,1.7799999713897705,78500,0.0,0.0
2020-08-20,1.7699999809265137,1.7999999523162842,1.75,1.7799999713897705,734700,0.0,0.0
2020-08-21,1.7400000095367432,1.7899999618530273,1.7200000286102295,1.7599999904632568,101000,0.0,0.0
2020-08-24,1.7599999904632568,1.7599999904632568,1.590000033378601,1.6100000143051147,177200,0.0,0.0
2020-08-25,1.600000023841858,1.6100000143051147,1.5099999904632568,1.6100000143051147,164800,0.0,0.0
2020-08-26,1.590000033378601,1.6100000143051147,1.4800000190734863,1.5499999523162842,255800,0.0,0.0
2020-08-27,1.5499999523162842,1.5800000429153442,1.5199999809265137,1.5499999523162842,57400,0.0,0.0
2020-08-28,1.5499999523162842,1.5800000429153442,1.5099999904632568,1.5800000429153442,81300,0.0,0.0
2020-08-31,1.5700000524520874,1.5700000524520874,1.5099999904632568,1.5399999618530273,107900,0.0,0.0
2020-09-01,1.5199999809265137,1.5399999618530273,1.4500000476837158,1.4800000190734863,184000,0.0,0.0
2020-09-02,1.4900000095367432,1.5099999904632568,1.409999966621399,1.4900000095367432,142400,0.0,0.0
2020-09-03,1.4800000190734863,1.559999942779541,1.4500000476837158,1.5499999523162842,165800,0.0,0.0
2020-09-04,1.5700000524520874,1.590000033378601,1.4600000381469727,1.5499999523162842,121000,0.0,0.0
2020-09-08,1.5199999809265137,1.5399999618530273,1.4700000286102295,1.4900000095367432,83100,0.0,0.0
2020-09-09,1.5,1.5099999904632568,1.4600000381469727,1.4900000095367432,86000,0.0,0.0
2020-09-10,1.4800000190734863,1.5,1.4600000381469727,1.4900000095367432,48800,0.0,0.0
2020-09-11,1.5099999904632568,1.5099999904632568,1.409999966621399,1.4600000381469727,68400,0.0,0.0
2020-09-14,1.4700000286102295,1.4800000190734863,1.409999966621399,1.4800000190734863,38600,0.0,0.0
2020-09-15,1.4700000286102295,1.5,1.4500000476837158,1.4800000190734863,49000,0.0,0.0
2020-09-16,1.5199999809265137,1.5499999523162842,1.4800000190734863,1.5399999618530273,109100,0.0,0.0
2020-09-17,1.5299999713897705,1.5299999713897705,1.440000057220459,1.5299999713897705,68100,0.0,0.0
2020-09-18,1.5199999809265137,1.5299999713897705,1.4500000476837158,1.4600000381469727,74300,0.0,0.0
2020-09-21,1.4500000476837158,1.5,1.399999976158142,1.4600000381469727,150800,0.0,0.0
2020-09-22,1.4700000286102295,1.4700000286102295,1.3799999952316284,1.399999976158142,111300,0.0,0.0
2020-09-23,1.4500000476837158,1.4500000476837158,1.2899999618530273,1.2999999523162842,239200,0.0,0.0
2020-09-24,1.2799999713897705,1.309999942779541,1.2100000381469727,1.2599999904632568,148900,0.0,0.0
2020-09-25,1.2599999904632568,1.2999999523162842,1.2200000286102295,1.2599999904632568,119900,0.0,0.0
2020-09-28,1.2599999904632568,1.2899999618530273,1.2400000095367432,1.2400000095367432,99900,0.0,0.0
2020-09-29,1.350000023841858,1.3600000143051147,1.2300000190734863,1.2699999809265137,147500,0.0,0.0
2020-09-30,1.2300000190734863,1.2899999618530273,1.2200000286102295,1.25,83900,0.0,0.0
2020-10-01,1.2699999809265137,1.2699999809265137,1.2300000190734863,1.2599999904632568,95400,0.0,0.0
2020-10-02,1.2300000190734863,1.2699999809265137,1.2300000190734863,1.2599999904632568,109500,0.0,0.0
2020-10-05,1.2699999809265137,1.2899999618530273,1.2300000190734863,1.2400000095367432,194300,0.0,0.0
2020-10-06,1.25,1.2599999904632568,1.2300000190734863,1.2300000190734863,142900,0.0,0.0
2020-10-07,1.2300000190734863,1.2799999713897705,1.2100000381469727,1.2100000381469727,200200,0.0,0.0
2020-10-08,1.2200000286102295,1.2799999713897705,1.2200000286102295,1.2599999904632568,166300,0.0,0.0
2020-10-09,1.2699999809265137,1.2699999809265137,1.2400000095367432,1.2400000095367432,95300,0.0,0.0
2020-10-12,1.2699999809265137,1.2699999809265137,1.2400000095367432,1.2400000095367432,98000,0.0,0.0
2020-10-13,1.25,1.2599999904632568,1.2400000095367432,1.25,87500,0.0,0.0
2020-10-14,1.2400000095367432,1.3600000143051147,1.2300000190734863,1.309999942779541,1477700,0.0,0.0
2020-10-15,1.309999942779541,1.4299999475479126,1.2899999618530273,1.399999976158142,563800,0.0,0.0
2020-10-16,1.4199999570846558,1.4199999570846558,1.3300000429153442,1.350000023841858,221000,0.0,0.0
2020-10-19,1.3799999952316284,1.4800000190734863,1.350000023841858,1.4500000476837158,263400,0.0,0.0
2020-10-20,1.4500000476837158,1.5399999618530273,1.440000057220459,1.5,268500,0.0,0.0
2020-10-21,1.5099999904632568,1.5299999713897705,1.4800000190734863,1.5199999809265137,115300,0.0,0.0
2020-10-22,1.5199999809265137,1.5700000524520874,1.440000057220459,1.4900000095367432,245300,0.0,0.0
2020-10-23,1.4800000190734863,1.4900000095367432,1.4600000381469727,1.4600000381469727,85100,0.0,0.0
2020-10-26,1.4299999475479126,1.4500000476837158,1.350000023841858,1.3700000047683716,100000,0.0,0.0
2020-10-27,1.3600000143051147,1.3799999952316284,1.2799999713897705,1.2899999618530273,126600,0.0,0.0
2020-10-28,1.25,1.309999942779541,1.2200000286102295,1.2400000095367432,177500,0.0,0.0
2020-10-29,1.2699999809265137,1.3200000524520874,1.2200000286102295,1.309999942779541,200400,0.0,0.0
2020-10-30,1.2699999809265137,1.2799999713897705,1.190000057220459,1.2300000190734863,264600,0.0,0.0
2020-11-02,1.559999942779541,2.0799999237060547,1.4199999570846558,1.9700000286102295,40053000,0.0,0.0
2020-11-03,1.7999999523162842,2.069999933242798,1.7999999523162842,1.9299999475479126,4375800,0.0,0.0
2020-11-04,2.0,2.0,1.7899999618530273,1.850000023841858,1534000,0.0,0.0
2020-11-05,1.850000023841858,1.9299999475479126,1.8200000524520874,1.8899999856948853,464800,0.0,0.0
2020-11-06,1.899999976158142,2.4100000858306885,1.8200000524520874,2.3399999141693115,3200000,0.0,0.0
2020-11-09,2.3499999046325684,2.680000066757202,2.1700000762939453,2.569999933242798,2097100,0.0,0.0
2020-11-10,2.640000104904175,2.940000057220459,2.569999933242798,2.740000009536743,1354500,0.0,0.0
2020-11-11,2.880000114440918,2.890000104904175,2.640000104904175,2.7699999809265137,645700,0.0,0.0
2020-11-12,2.7100000381469727,3.0,2.6700000762939453,2.8499999046325684,644800,0.0,0.0
2020-11-13,2.880000114440918,3.0999999046325684,2.8399999141693115,3.069999933242798,906200,0.0,0.0
2020-11-16,3.0899999141693115,3.5999999046325684,3.0799999237060547,3.5399999618530273,1377500,0.0,0.0
2020-11-17,3.5199999809265137,3.940000057220459,3.4200000762939453,3.869999885559082,1256200,0.0,0.0
2020-11-18,3.950000047683716,4.300000190734863,3.930000066757202,4.170000076293945,1676400,0.0,0.0
2020-11-19,4.21999979019165,4.480000019073486,4.139999866485596,4.360000133514404,1202600,0.0,0.0
2020-11-20,4.239999771118164,4.980000019073486,4.230000019073486,4.909999847412109,1497900,0.0,0.0
2020-11-23,5.070000171661377,5.260000228881836,4.050000190734863,4.260000228881836,2337100,0.0,0.0
2020-11-24,4.110000133514404,5.050000190734863,4.099999904632568,4.789999961853027,2711300,0.0,0.0
2020-11-25,4.590000152587891,4.739999771118164,4.329999923706055,4.630000114440918,980500,0.0,0.0
2020-11-27,4.639999866485596,5.0,4.630000114440918,4.980000019073486,546900,0.0,0.0
2020-11-30,4.809999942779541,5.289999961853027,4.599999904632568,4.989999771118164,1152800,0.0,0.0
2020-12-01,5.130000114440918,5.150000095367432,4.800000190734863,4.96999979019165,396600,0.0,0.0
2020-12-02,4.96999979019165,5.099999904632568,4.699999809265137,5.050000190734863,380100,0.0,0.0
2020-12-03,5.070000171661377,5.75,5.050000190734863,5.420000076293945,888600,0.0,0.0
2020-12-04,5.400000095367432,5.650000095367432,5.210000038146973,5.360000133514404,486600,0.0,0.0
2020-12-07,5.309999942779541,5.389999866485596,5.019999980926514,5.349999904632568,368300,0.0,0.0
2020-12-08,5.170000076293945,5.25,4.929999828338623,5.03000020980835,528300,0.0,0.0
2020-12-09,5.039999961853027,5.400000095367432,5.03000020980835,5.239999771118164,451500,0.0,0.0
2020-12-10,5.170000076293945,5.369999885559082,5.010000228881836,5.340000152587891,264200,0.0,0.0
2020-12-11,5.260000228881836,5.260000228881836,4.829999923706055,4.960000038146973,469200,0.0,0.0
2020-12-14,4.900000095367432,4.929999828338623,4.21999979019165,4.360000133514404,915700,0.0,0.0
2020-12-15,4.400000095367432,4.670000076293945,4.380000114440918,4.539999961853027,391100,0.0,0.0
2020-12-16,4.539999961853027,4.610000133514404,4.269999980926514,4.28000020980835,390600,0.0,0.0
2020-12-17,4.25,4.380000114440918,4.150000095367432,4.25,441700,0.0,0.0
2020-12-18,4.289999961853027,4.289999961853027,3.940000057220459,3.940000057220459,729300,0.0,0.0
2020-12-21,3.799999952316284,4.070000171661377,3.7799999713897705,4.050000190734863,352000,0.0,0.0
2020-12-22,4.079999923706055,4.320000171661377,4.050000190734863,4.21999979019165,415600,0.0,0.0
2020-12-23,4.25,4.46999979019165,4.210000038146973,4.440000057220459,287400,0.0,0.0
2020-12-24,4.369999885559082,4.409999847412109,4.25,4.369999885559082,131500,0.0,0.0
2020-12-28,4.369999885559082,4.739999771118164,4.239999771118164,4.380000114440918,429600,0.0,0.0
2020-12-29,4.409999847412109,4.409999847412109,4.039999961853027,4.110000133514404,311700,0.0,0.0
2020-12-30,4.039999961853027,4.179999828338623,3.880000114440918,4.010000228881836,549200,0.0,0.0
2020-12-31,4.019999980926514,4.139999866485596,3.930000066757202,4.090000152587891,170100,0.0,0.0
2021-01-04,4.070000171661377,4.179999828338623,3.940000057220459,4.150000095367432,210200,0.0,0.0
2021-01-05,4.150000095367432,4.380000114440918,4.03000020980835,4.380000114440918,305100,0.0,0.0
2021-01-06,4.440000057220459,4.809999942779541,4.409999847412109,4.800000190734863,407100,0.0,0.0
2021-01-07,4.909999847412109,5.480000019073486,4.909999847412109,5.309999942779541,691900,0.0,0.0
2021-01-08,5.380000114440918,5.409999847412109,4.909999847412109,4.960000038146973,517100,0.0,0.0
2021-01-11,4.800000190734863,5.150000095367432,4.75,4.800000190734863,192500,0.0,0.0
2021-01-12,4.849999904632568,5.579999923706055,4.800000190734863,5.46999979019165,541000,0.0,0.0
2021-01-13,5.519999980926514,5.840000152587891,5.239999771118164,5.710000038146973,673900,0.0,0.0
2021-01-14,5.579999923706055,6.230000019073486,5.519999980926514,5.670000076293945,682900,0.0,0.0
2021-01-15,5.539999961853027,5.539999961853027,5.179999828338623,5.179999828338623,367700,0.0,0.0
2021-01-19,5.329999923706055,5.599999904632568,5.269999980926514,5.369999885559082,255300,0.0,0.0
2021-01-20,5.449999809265137,5.5,5.179999828338623,5.179999828338623,246300,0.0,0.0
2021-01-21,5.239999771118164,5.260000228881836,5.03000020980835,5.139999866485596,164300,0.0,0.0
2021-01-22,5.050000190734863,5.139999866485596,4.860000133514404,4.949999809265137,191200,0.0,0.0
2021-01-25,4.869999885559082,4.929999828338623,4.400000095367432,4.710000038146973,281700,0.0,0.0
2021-01-26,4.710000038146973,4.710000038146973,4.300000190734863,4.320000171661377,343200,0.0,0.0
2021-01-27,4.190000057220459,4.53000020980835,4.039999961853027,4.420000076293945,393200,0.0,0.0
2021-01-28,4.420000076293945,4.650000095367432,4.269999980926514,4.539999961853027,595700,0.0,0.0
2021-01-29,4.539999961853027,4.840000152587891,4.510000228881836,4.619999885559082,202100,0.0,0.0
2021-02-01,4.71999979019165,4.929999828338623,4.679999828338623,4.900000095367432,212200,0.0,0.0
2021-02-02,4.929999828338623,5.230000019073486,4.929999828338623,5.210000038146973,298400,0.0,0.0
2021-02-03,5.25,5.400000095367432,5.210000038146973,5.349999904632568,207600,0.0,0.0
2021-02-04,5.400000095367432,5.539999961853027,5.260000228881836,5.480000019073486,221100,0.0,0.0
2021-02-05,5.550000190734863,5.550000190734863,5.119999885559082,5.159999847412109,304700,0.0,0.0
2021-02-08,5.159999847412109,5.5,5.059999942779541,5.380000114440918,342900,0.0,0.0
2021-02-09,5.349999904632568,5.449999809265137,5.25,5.360000133514404,149400,0.0,0.0
2021-02-10,5.400000095367432,5.639999866485596,5.309999942779541,5.329999923706055,334200,0.0,0.0
2021-02-11,5.340000152587891,5.480000019073486,5.289999961853027,5.449999809265137,336300,0.0,0.0
2021-02-12,5.449999809265137,7.099999904632568,5.360000133514404,7.050000190734863,2359500,0.0,0.0
2021-02-16,7.0,7.389999866485596,6.650000095367432,6.760000228881836,805900,0.0,0.0
2021-02-17,6.659999847412109,6.840000152587891,6.309999942779541,6.679999828338623,348500,0.0,0.0
2021-02-18,6.599999904632568,6.659999847412109,6.0,6.03000020980835,377100,0.0,0.0
2021-02-19,6.110000133514404,6.21999979019165,5.800000190734863,5.840000152587891,350600,0.0,0.0
2021-02-22,5.820000171661377,6.869999885559082,5.820000171661377,6.710000038146973,1020100,0.0,0.0
2021-02-23,6.309999942779541,6.480000019073486,5.929999828338623,6.150000095367432,458600,0.0,0.0
2021-02-24,6.25,6.920000076293945,6.079999923706055,6.480000019073486,530200,0.0,0.0
2021-02-25,6.480000019073486,6.480000019073486,5.78000020980835,5.800000190734863,340000,0.0,0.0
2021-02-26,5.880000114440918,5.989999771118164,5.409999847412109,5.710000038146973,211500,0.0,0.0
2021-03-01,5.909999847412109,6.190000057220459,5.849999904632568,5.980000019073486,211900,0.0,0.0
2021-03-02,6.039999961853027,6.230000019073486,5.909999847412109,6.119999885559082,230800,0.0,0.0
2021-03-03,6.230000019073486,6.329999923706055,5.920000076293945,6.039999961853027,233600,0.0,0.0
2021-03-04,5.960000038146973,6.139999866485596,5.429999828338623,5.739999771118164,384400,0.0,0.0
2021-03-05,6.199999809265137,6.619999885559082,5.5,6.559999942779541,1047900,0.0,0.0
2021-03-08,6.550000190734863,6.599999904632568,6.039999961853027,6.210000038146973,361100,0.0,0.0
2021-03-09,6.429999828338623,6.690000057220459,6.059999942779541,6.300000190734863,396000,0.0,0.0
2021-03-10,6.369999885559082,7.099999904632568,6.369999885559082,6.690000057220459,731800,0.0,0.0
2021-03-11,6.820000171661377,6.949999809265137,6.320000171661377,6.559999942779541,397600,0.0,0.0
2021-03-12,6.46999979019165,6.829999923706055,6.46999979019165,6.789999961853027,148300,0.0,0.0
2021-03-15,6.789999961853027,6.789999961853027,6.380000114440918,6.46999979019165,359300,0.0,0.0
2021-03-16,6.409999847412109,6.489999771118164,6.230000019073486,6.449999809265137,179600,0.0,0.0
2021-03-17,6.360000133514404,6.650000095367432,6.289999961853027,6.590000152587891,168500,0.0,0.0
2021-03-18,6.510000228881836,6.519999980926514,6.269999980926514,6.320000171661377,184600,0.0,0.0
2021-03-19,6.239999771118164,6.420000076293945,6.150000095367432,6.239999771118164,344500,0.0,0.0
2021-03-22,6.230000019073486,6.340000152587891,6.010000228881836,6.239999771118164,134700,0.0,0.0
2021-03-23,6.110000133514404,6.21999979019165,5.96999979019165,6.019999980926514,311700,0.0,0.0
2021-03-24,6.170000076293945,6.269999980926514,5.980000019073486,6.019999980926514,182800,0.0,0.0
2021-03-25,5.929999828338623,6.309999942779541,5.860000133514404,6.300000190734863,316400,0.0,0.0
2021-03-26,6.449999809265137,6.5,6.039999961853027,6.25,228600,0.0,0.0
2021-03-29,6.300000190734863,6.349999904632568,5.949999809265137,5.960000038146973,227200,0.0,0.0
2021-03-30,5.869999885559082,6.28000020980835,5.78000020980835,6.260000228881836,242300,0.0,0.0
2021-03-31,6.300000190734863,6.579999923706055,5.619999885559082,5.679999828338623,614700,0.0,0.0
2021-04-01,5.840000152587891,6.059999942779541,5.710000038146973,5.880000114440918,204600,0.0,0.0
2021-04-05,5.880000114440918,5.960000038146973,5.71999979019165,5.800000190734863,286700,0.0,0.0
2021-04-06,5.840000152587891,6.019999980926514,5.829999923706055,5.900000095367432,140400,0.0,0.0
2021-04-07,5.900000095367432,5.900000095367432,5.679999828338623,5.71999979019165,204100,0.0,0.0
2021-04-08,5.730000019073486,5.760000228881836,5.5,5.75,114200,0.0,0.0
2021-04-09,5.75,5.789999961853027,5.440000057220459,5.579999923706055,588900,0.0,0.0
2021-04-12,5.599999904632568,5.690000057220459,5.420000076293945,5.53000020980835,67900,0.0,0.0
2021-04-13,5.460000038146973,5.46999979019165,5.199999809265137,5.199999809265137,230700,0.0,0.0
2021-04-14,5.170000076293945,5.480000019073486,5.170000076293945,5.400000095367432,277200,0.0,0.0
2021-04-15,5.489999771118164,5.489999771118164,4.690000057220459,4.75,863100,0.0,0.0
2021-04-16,4.809999942779541,5.0,4.75,4.929999828338623,194900,0.0,0.0
2021-04-19,4.949999809265137,5.199999809265137,4.849999904632568,5.159999847412109,208000,0.0,0.0
2021-04-20,5.119999885559082,5.210000038146973,4.849999904632568,4.869999885559082,246200,0.0,0.0
2021-04-21,4.860000133514404,5.190000057220459,4.829999923706055,5.179999828338623,108300,0.0,0.0
2021-04-22,5.239999771118164,5.309999942779541,4.949999809265137,4.960000038146973,136900,0.0,0.0
2021-04-23,4.949999809265137,5.199999809265137,4.949999809265137,5.119999885559082,157900,0.0,0.0
2021-04-26,5.170000076293945,5.400000095367432,5.139999866485596,5.400000095367432,130600,0.0,0.0
2021-04-27,5.46999979019165,5.489999771118164,5.340000152587891,5.420000076293945,60500,0.0,0.0
2021-04-28,5.460000038146973,5.53000020980835,5.369999885559082,5.5,50800,0.0,0.0
2021-04-29,5.510000228881836,5.590000152587891,5.159999847412109,5.21999979019165,90900,0.0,0.0
2021-04-30,5.199999809265137,5.21999979019165,4.980000019073486,5.019999980926514,106800,0.0,0.0
2021-05-03,5.139999866485596,5.199999809265137,4.96999979019165,5.070000171661377,113200,0.0,0.0
2021-05-04,4.920000076293945,5.130000114440918,4.75,5.130000114440918,165800,0.0,0.0
2021-05-05,5.679999828338623,6.380000114440918,5.599999904632568,6.260000228881836,800600,0.0,0.0
2021-05-06,6.300000190734863,6.670000076293945,6.079999923706055,6.380000114440918,510800,0.0,0.0
2021-05-07,6.25,6.690000057220459,6.150000095367432,6.579999923706055,244300,0.0,0.0
2021-05-10,6.639999866485596,6.639999866485596,6.260000228881836,6.429999828338623,150800,0.0,0.0
2021-05-11,6.0,6.739999771118164,5.980000019073486,6.679999828338623,329900,0.0,0.0
2021-05-12,6.650000095367432,6.820000171661377,6.449999809265137,6.510000228881836,183200,0.0,0.0
2021-05-13,6.639999866485596,6.670000076293945,6.25,6.340000152587891,165500,0.0,0.0
2021-05-14,6.5,6.559999942779541,6.380000114440918,6.53000020980835,167500,0.0,0.0
2021-05-17,6.519999980926514,6.940000057220459,6.5,6.690000057220459,255400,0.0,0.0
2021-05-18,6.699999809265137,6.820000171661377,6.409999847412109,6.510000228881836,212800,0.0,0.0
2021-05-19,6.440000057220459,6.639999866485596,6.260000228881836,6.389999866485596,139300,0.0,0.0
2021-05-20,6.380000114440918,6.619999885559082,6.349999904632568,6.539999961853027,191500,0.0,0.0
2021-05-21,6.619999885559082,6.840000152587891,6.5,6.639999866485596,188100,0.0,0.0
2021-05-24,6.760000228881836,6.769999980926514,6.5,6.730000019073486,113500,0.0,0.0
2021-05-25,6.730000019073486,6.840000152587891,6.369999885559082,6.420000076293945,105900,0.0,0.0
2021-05-26,6.429999828338623,6.650000095367432,6.380000114440918,6.630000114440918,164000,0.0,0.0
2021-05-27,6.769999980926514,6.869999885559082,6.670000076293945,6.820000171661377,278800,0.0,0.0
2021-05-28,6.949999809265137,7.159999847412109,6.699999809265137,7.0,277900,0.0,0.0
2021-06-01,7.139999866485596,7.579999923706055,7.039999961853027,7.179999828338623,582400,0.0,0.0
2021-06-02,7.25,8.09000015258789,7.010000228881836,8.039999961853027,530400,0.0,0.0
2021-06-03,8.0600004196167,8.9399995803833,7.96999979019165,8.630000114440918,444100,0.0,0.0
2021-06-04,8.65999984741211,9.25,8.649999618530273,9.0600004196167,388200,0.0,0.0
2021-06-07,9.140000343322754,9.640000343322754,9.109999656677246,9.25,382400,0.0,0.0
2021-06-08,9.0600004196167,9.720000267028809,8.829999923706055,9.25,358100,0.0,0.0
2021-06-09,9.359999656677246,9.399999618530273,8.9399995803833,9.100000381469727,281500,0.0,0.0
2021-06-10,9.020000457763672,9.180000305175781,8.529999732971191,8.569999694824219,246900,0.0,0.0
2021-06-11,8.529999732971191,8.930000305175781,8.529999732971191,8.739999771118164,107900,0.0,0.0
2021-06-14,8.800000190734863,8.9399995803833,8.6899995803833,8.729999542236328,111400,0.0,0.0
2021-06-15,8.670000076293945,9.229999542236328,8.579999923706055,9.130000114440918,194300,0.0,0.0
2021-06-16,9.069999694824219,9.069999694824219,8.6899995803833,8.920000076293945,174700,0.0,0.0
2021-06-17,8.949999809265137,9.149999618530273,8.539999961853027,8.699999809265137,193900,0.0,0.0
2021-06-18,8.609999656677246,8.640000343322754,8.3100004196167,8.59000015258789,151400,0.0,0.0
2021-06-21,8.699999809265137,8.90999984741211,8.4399995803833,8.880000114440918,177700,0.0,0.0
2021-06-22,8.800000190734863,8.800000190734863,8.359999656677246,8.59000015258789,163400,0.0,0.0
2021-06-23,8.600000381469727,8.970000267028809,8.5600004196167,8.970000267028809,409200,0.0,0.0
2021-06-24,8.989999771118164,9.119999885559082,8.770000457763672,8.800000190734863,91200,0.0,0.0
2021-06-25,8.819999694824219,8.949999809265137,8.670000076293945,8.6899995803833,100100,0.0,0.0
2021-06-28,8.800000190734863,8.84000015258789,8.5,8.680000305175781,335900,0.0,0.0
2021-06-29,8.699999809265137,9.4399995803833,8.5600004196167,9.0,401200,0.0,0.0
2021-06-30,8.960000038146973,8.960000038146973,8.210000038146973,8.619999885559082,262100,0.0,0.0
2021-07-01,8.789999961853027,8.789999961853027,8.34000015258789,8.539999961853027,273600,0.0,0.0
2021-07-02,8.520000457763672,8.520000457763672,8.130000114440918,8.149999618530273,450600,0.0,0.0
2021-07-06,8.119999885559082,8.239999771118164,7.96999979019165,8.119999885559082,269400,0.0,0.0
2021-07-07,8.140000343322754,8.229999542236328,7.880000114440918,8.029999732971191,211900,0.0,0.0
2021-07-08,7.900000095367432,8.300000190734863,7.840000152587891,8.170000076293945,95200,0.0,0.0
2021-07-09,8.260000228881836,8.510000228881836,8.1899995803833,8.449999809265137,118300,0.0,0.0
2021-07-12,8.40999984741211,8.520000457763672,8.3100004196167,8.449999809265137,208900,0.0,0.0
2021-07-13,8.470000267028809,8.520000457763672,8.15999984741211,8.289999961853027,83600,0.0,0.0
2021-07-14,8.300000190734863,8.420000076293945,7.989999771118164,8.079999923706055,135700,0.0,0.0
2021-07-15,7.96999979019165,8.09000015258789,7.960000038146973,7.989999771118164,138300,0.0,0.0
2021-07-16,8.109999656677246,8.109999656677246,7.849999904632568,7.860000133514404,217700,0.0,0.0
2021-07-19,7.730000019073486,7.860000133514404,7.510000228881836,7.849999904632568,196000,0.0,0.0
2021-07-20,7.849999904632568,8.380000114440918,7.849999904632568,8.279999732971191,115200,0.0,0.0
2021-07-21,8.40999984741211,8.65999984741211,8.350000381469727,8.550000190734863,134900,0.0,0.0
2021-07-22,8.600000381469727,8.600000381469727,8.100000381469727,8.25,68500,0.0,0.0
2021-07-23,8.329999923706055,8.390000343322754,8.100000381469727,8.300000190734863,135600,0.0,0.0
2021-07-26,8.359999656677246,8.399999618530273,8.210000038146973,8.380000114440918,94900,0.0,0.0
2021-07-27,8.300000190734863,8.300000190734863,8.020000457763672,8.119999885559082,91600,0.0,0.0
2021-07-28,8.1899995803833,8.210000038146973,7.900000095367432,8.109999656677246,155200,0.0,0.0
2021-07-29,8.270000457763672,8.600000381469727,8.25,8.460000038146973,114800,0.0,0.0
2021-07-30,8.449999809265137,8.579999923706055,8.380000114440918,8.5,85200,0.0,0.0
2021-08-03,8.869999885559082,9.039999961853027,8.65999984741211,8.960000038146973,238100,0.0,0.0
2021-08-04,9.0,9.0,8.170000076293945,8.260000228881836,55940000,0.0,0.0
2021-08-05,8.140000343322754,8.430000305175781,7.989999771118164,8.050000190734863,28250000,0.0,0.0
2021-08-06,8.039999961853027,8.270000457763672,8.039999961853027,8.1899995803833,9580000,0.0,0.0
2021-08-09,8.180000305175781,8.199999809265137,7.869999885559082,7.96999979019165,15220000,0.0,0.0
2021-08-10,7.940000057220459,8.199999809265137,7.889999866485596,8.199999809265137,18200000,0.0,0.0
2021-08-11,8.25,8.680000305175781,8.1899995803833,8.59000015258789,17210000,0.0,0.0
2021-08-12,8.619999885559082,8.619999885559082,8.300000190734863,8.470000267028809,7460000,0.0,0.0
2021-08-13,8.529999732971191,8.609999656677246,8.3100004196167,8.319999694824219,5990000,0.0,0.0
2021-08-16,8.359999656677246,8.460000038146973,8.100000381469727,8.359999656677246,15040000,0.0,0.0
2021-08-17,8.210000038146973,8.210000038146973,7.760000228881836,8.010000228881836,13540000,0.0,0.0
2021-08-18,8.010000228881836,8.039999961853027,7.710000038146973,7.730000019073486,5120000,0.0,0.0
2021-08-19,7.550000190734863,7.610000133514404,7.059999942779541,7.210000038146973,18890000,0.0,0.0
2021-08-20,7.079999923706055,7.159999847412109,6.96999979019165,7.019999980926514,12660000,0.0,0.0
2021-08-23,7.079999923706055,7.28000020980835,7.03000020980835,7.199999809265137,6390000,0.0,0.0
2021-08-24,7.300000190734863,7.429999828338623,7.199999809265137,7.380000114440918,9250000,0.0,0.0
2021-08-25,7.460000038146973,7.53000020980835,7.320000171661377,7.409999847412109,8020000,0.0,0.0
2021-08-26,7.389999866485596,7.409999847412109,7.179999828338623,7.25,14000000,0.0,0.0
2021-08-27,7.239999771118164,7.590000152587891,7.239999771118164,7.5,6420000,0.0,0.0
2021-08-30,7.590000152587891,7.599999904632568,7.179999828338623,7.340000152587891,11510000,0.0,0.0
2021-08-31,7.300000190734863,7.460000038146973,7.260000228881836,7.380000114440918,9110000,0.0,0.0
2021-09-01,7.349999904632568,7.420000076293945,7.079999923706055,7.179999828338623,24340000,0.0,0.0
2021-09-02,7.179999828338623,7.389999866485596,7.159999847412109,7.239999771118164,15500000,0.0,0.0
2021-09-03,7.260000228881836,7.28000020980835,7.050000190734863,7.119999885559082,19290000,0.0,0.0
2021-09-17,7.199999809265137,7.650000095367432,7.199999809265137,7.650000095367432,240023,0.0,0.0
